INSERT INTO write_posts (title) VALUES ('Post Title 1');
INSERT INTO read_posts (title, comment_count) VALUES ('Post Title 1', 100);
INSERT INTO write_posts (title) VALUES ('Post Title 2');
INSERT INTO read_posts (title, comment_count) VALUES ('Post Title 2', 100);
INSERT INTO write_posts (title) VALUES ('Post Title 3');
INSERT INTO read_posts (title, comment_count) VALUES ('Post Title 3', 100);
INSERT INTO write_posts (title) VALUES ('Post Title 4');
INSERT INTO read_posts (title, comment_count) VALUES ('Post Title 4', 100);
INSERT INTO write_posts (title) VALUES ('Post Title 5');
INSERT INTO read_posts (title, comment_count) VALUES ('Post Title 5', 100);
INSERT INTO write_posts (title) VALUES ('Post Title 6');
INSERT INTO read_posts (title, comment_count) VALUES ('Post Title 6', 100);
INSERT INTO write_posts (title) VALUES ('Post Title 7');
INSERT INTO read_posts (title, comment_count) VALUES ('Post Title 7', 100);
INSERT INTO write_posts (title) VALUES ('Post Title 8');
INSERT INTO read_posts (title, comment_count) VALUES ('Post Title 8', 100);
INSERT INTO write_posts (title) VALUES ('Post Title 9');
INSERT INTO read_posts (title, comment_count) VALUES ('Post Title 9', 100);
INSERT INTO write_posts (title) VALUES ('Post Title 10');
INSERT INTO read_posts (title, comment_count) VALUES ('Post Title 10', 100);
INSERT INTO write_posts (title) VALUES ('Post Title 11');
INSERT INTO read_posts (title, comment_count) VALUES ('Post Title 11', 100);
INSERT INTO write_posts (title) VALUES ('Post Title 12');
INSERT INTO read_posts (title, comment_count) VALUES ('Post Title 12', 100);
INSERT INTO write_posts (title) VALUES ('Post Title 13');
INSERT INTO read_posts (title, comment_count) VALUES ('Post Title 13', 100);
INSERT INTO write_posts (title) VALUES ('Post Title 14');
INSERT INTO read_posts (title, comment_count) VALUES ('Post Title 14', 100);
INSERT INTO write_posts (title) VALUES ('Post Title 15');
INSERT INTO read_posts (title, comment_count) VALUES ('Post Title 15', 100);
INSERT INTO write_posts (title) VALUES ('Post Title 16');
INSERT INTO read_posts (title, comment_count) VALUES ('Post Title 16', 100);
INSERT INTO write_posts (title) VALUES ('Post Title 17');
INSERT INTO read_posts (title, comment_count) VALUES ('Post Title 17', 100);
INSERT INTO write_posts (title) VALUES ('Post Title 18');
INSERT INTO read_posts (title, comment_count) VALUES ('Post Title 18', 100);
INSERT INTO write_posts (title) VALUES ('Post Title 19');
INSERT INTO read_posts (title, comment_count) VALUES ('Post Title 19', 100);
INSERT INTO write_posts (title) VALUES ('Post Title 20');
INSERT INTO read_posts (title, comment_count) VALUES ('Post Title 20', 100);
INSERT INTO write_posts (title) VALUES ('Post Title 21');
INSERT INTO read_posts (title, comment_count) VALUES ('Post Title 21', 100);
INSERT INTO write_posts (title) VALUES ('Post Title 22');
INSERT INTO read_posts (title, comment_count) VALUES ('Post Title 22', 100);
INSERT INTO write_posts (title) VALUES ('Post Title 23');
INSERT INTO read_posts (title, comment_count) VALUES ('Post Title 23', 100);
INSERT INTO write_posts (title) VALUES ('Post Title 24');
INSERT INTO read_posts (title, comment_count) VALUES ('Post Title 24', 100);
INSERT INTO write_posts (title) VALUES ('Post Title 25');
INSERT INTO read_posts (title, comment_count) VALUES ('Post Title 25', 100);
INSERT INTO write_posts (title) VALUES ('Post Title 26');
INSERT INTO read_posts (title, comment_count) VALUES ('Post Title 26', 100);
INSERT INTO write_posts (title) VALUES ('Post Title 27');
INSERT INTO read_posts (title, comment_count) VALUES ('Post Title 27', 100);
INSERT INTO write_posts (title) VALUES ('Post Title 28');
INSERT INTO read_posts (title, comment_count) VALUES ('Post Title 28', 100);
INSERT INTO write_posts (title) VALUES ('Post Title 29');
INSERT INTO read_posts (title, comment_count) VALUES ('Post Title 29', 100);
INSERT INTO write_posts (title) VALUES ('Post Title 30');
INSERT INTO read_posts (title, comment_count) VALUES ('Post Title 30', 100);
INSERT INTO write_posts (title) VALUES ('Post Title 31');
INSERT INTO read_posts (title, comment_count) VALUES ('Post Title 31', 100);
INSERT INTO write_posts (title) VALUES ('Post Title 32');
INSERT INTO read_posts (title, comment_count) VALUES ('Post Title 32', 100);
INSERT INTO write_posts (title) VALUES ('Post Title 33');
INSERT INTO read_posts (title, comment_count) VALUES ('Post Title 33', 100);
INSERT INTO write_posts (title) VALUES ('Post Title 34');
INSERT INTO read_posts (title, comment_count) VALUES ('Post Title 34', 100);
INSERT INTO write_posts (title) VALUES ('Post Title 35');
INSERT INTO read_posts (title, comment_count) VALUES ('Post Title 35', 100);
INSERT INTO write_posts (title) VALUES ('Post Title 36');
INSERT INTO read_posts (title, comment_count) VALUES ('Post Title 36', 100);
INSERT INTO write_posts (title) VALUES ('Post Title 37');
INSERT INTO read_posts (title, comment_count) VALUES ('Post Title 37', 100);
INSERT INTO write_posts (title) VALUES ('Post Title 38');
INSERT INTO read_posts (title, comment_count) VALUES ('Post Title 38', 100);
INSERT INTO write_posts (title) VALUES ('Post Title 39');
INSERT INTO read_posts (title, comment_count) VALUES ('Post Title 39', 100);
INSERT INTO write_posts (title) VALUES ('Post Title 40');
INSERT INTO read_posts (title, comment_count) VALUES ('Post Title 40', 100);
INSERT INTO write_posts (title) VALUES ('Post Title 41');
INSERT INTO read_posts (title, comment_count) VALUES ('Post Title 41', 100);
INSERT INTO write_posts (title) VALUES ('Post Title 42');
INSERT INTO read_posts (title, comment_count) VALUES ('Post Title 42', 100);
INSERT INTO write_posts (title) VALUES ('Post Title 43');
INSERT INTO read_posts (title, comment_count) VALUES ('Post Title 43', 100);
INSERT INTO write_posts (title) VALUES ('Post Title 44');
INSERT INTO read_posts (title, comment_count) VALUES ('Post Title 44', 100);
INSERT INTO write_posts (title) VALUES ('Post Title 45');
INSERT INTO read_posts (title, comment_count) VALUES ('Post Title 45', 100);
INSERT INTO write_posts (title) VALUES ('Post Title 46');
INSERT INTO read_posts (title, comment_count) VALUES ('Post Title 46', 100);
INSERT INTO write_posts (title) VALUES ('Post Title 47');
INSERT INTO read_posts (title, comment_count) VALUES ('Post Title 47', 100);
INSERT INTO write_posts (title) VALUES ('Post Title 48');
INSERT INTO read_posts (title, comment_count) VALUES ('Post Title 48', 100);
INSERT INTO write_posts (title) VALUES ('Post Title 49');
INSERT INTO read_posts (title, comment_count) VALUES ('Post Title 49', 100);
INSERT INTO write_posts (title) VALUES ('Post Title 50');
INSERT INTO read_posts (title, comment_count) VALUES ('Post Title 50', 100);
INSERT INTO write_posts (title) VALUES ('Post Title 51');
INSERT INTO read_posts (title, comment_count) VALUES ('Post Title 51', 100);
INSERT INTO write_posts (title) VALUES ('Post Title 52');
INSERT INTO read_posts (title, comment_count) VALUES ('Post Title 52', 100);
INSERT INTO write_posts (title) VALUES ('Post Title 53');
INSERT INTO read_posts (title, comment_count) VALUES ('Post Title 53', 100);
INSERT INTO write_posts (title) VALUES ('Post Title 54');
INSERT INTO read_posts (title, comment_count) VALUES ('Post Title 54', 100);
INSERT INTO write_posts (title) VALUES ('Post Title 55');
INSERT INTO read_posts (title, comment_count) VALUES ('Post Title 55', 100);
INSERT INTO write_posts (title) VALUES ('Post Title 56');
INSERT INTO read_posts (title, comment_count) VALUES ('Post Title 56', 100);
INSERT INTO write_posts (title) VALUES ('Post Title 57');
INSERT INTO read_posts (title, comment_count) VALUES ('Post Title 57', 100);
INSERT INTO write_posts (title) VALUES ('Post Title 58');
INSERT INTO read_posts (title, comment_count) VALUES ('Post Title 58', 100);
INSERT INTO write_posts (title) VALUES ('Post Title 59');
INSERT INTO read_posts (title, comment_count) VALUES ('Post Title 59', 100);
INSERT INTO write_posts (title) VALUES ('Post Title 60');
INSERT INTO read_posts (title, comment_count) VALUES ('Post Title 60', 100);
INSERT INTO write_posts (title) VALUES ('Post Title 61');
INSERT INTO read_posts (title, comment_count) VALUES ('Post Title 61', 100);
INSERT INTO write_posts (title) VALUES ('Post Title 62');
INSERT INTO read_posts (title, comment_count) VALUES ('Post Title 62', 100);
INSERT INTO write_posts (title) VALUES ('Post Title 63');
INSERT INTO read_posts (title, comment_count) VALUES ('Post Title 63', 100);
INSERT INTO write_posts (title) VALUES ('Post Title 64');
INSERT INTO read_posts (title, comment_count) VALUES ('Post Title 64', 100);
INSERT INTO write_posts (title) VALUES ('Post Title 65');
INSERT INTO read_posts (title, comment_count) VALUES ('Post Title 65', 100);
INSERT INTO write_posts (title) VALUES ('Post Title 66');
INSERT INTO read_posts (title, comment_count) VALUES ('Post Title 66', 100);
INSERT INTO write_posts (title) VALUES ('Post Title 67');
INSERT INTO read_posts (title, comment_count) VALUES ('Post Title 67', 100);
INSERT INTO write_posts (title) VALUES ('Post Title 68');
INSERT INTO read_posts (title, comment_count) VALUES ('Post Title 68', 100);
INSERT INTO write_posts (title) VALUES ('Post Title 69');
INSERT INTO read_posts (title, comment_count) VALUES ('Post Title 69', 100);
INSERT INTO write_posts (title) VALUES ('Post Title 70');
INSERT INTO read_posts (title, comment_count) VALUES ('Post Title 70', 100);
INSERT INTO write_posts (title) VALUES ('Post Title 71');
INSERT INTO read_posts (title, comment_count) VALUES ('Post Title 71', 100);
INSERT INTO write_posts (title) VALUES ('Post Title 72');
INSERT INTO read_posts (title, comment_count) VALUES ('Post Title 72', 100);
INSERT INTO write_posts (title) VALUES ('Post Title 73');
INSERT INTO read_posts (title, comment_count) VALUES ('Post Title 73', 100);
INSERT INTO write_posts (title) VALUES ('Post Title 74');
INSERT INTO read_posts (title, comment_count) VALUES ('Post Title 74', 100);
INSERT INTO write_posts (title) VALUES ('Post Title 75');
INSERT INTO read_posts (title, comment_count) VALUES ('Post Title 75', 100);
INSERT INTO write_posts (title) VALUES ('Post Title 76');
INSERT INTO read_posts (title, comment_count) VALUES ('Post Title 76', 100);
INSERT INTO write_posts (title) VALUES ('Post Title 77');
INSERT INTO read_posts (title, comment_count) VALUES ('Post Title 77', 100);
INSERT INTO write_posts (title) VALUES ('Post Title 78');
INSERT INTO read_posts (title, comment_count) VALUES ('Post Title 78', 100);
INSERT INTO write_posts (title) VALUES ('Post Title 79');
INSERT INTO read_posts (title, comment_count) VALUES ('Post Title 79', 100);
INSERT INTO write_posts (title) VALUES ('Post Title 80');
INSERT INTO read_posts (title, comment_count) VALUES ('Post Title 80', 100);
INSERT INTO write_posts (title) VALUES ('Post Title 81');
INSERT INTO read_posts (title, comment_count) VALUES ('Post Title 81', 100);
INSERT INTO write_posts (title) VALUES ('Post Title 82');
INSERT INTO read_posts (title, comment_count) VALUES ('Post Title 82', 100);
INSERT INTO write_posts (title) VALUES ('Post Title 83');
INSERT INTO read_posts (title, comment_count) VALUES ('Post Title 83', 100);
INSERT INTO write_posts (title) VALUES ('Post Title 84');
INSERT INTO read_posts (title, comment_count) VALUES ('Post Title 84', 100);
INSERT INTO write_posts (title) VALUES ('Post Title 85');
INSERT INTO read_posts (title, comment_count) VALUES ('Post Title 85', 100);
INSERT INTO write_posts (title) VALUES ('Post Title 86');
INSERT INTO read_posts (title, comment_count) VALUES ('Post Title 86', 100);
INSERT INTO write_posts (title) VALUES ('Post Title 87');
INSERT INTO read_posts (title, comment_count) VALUES ('Post Title 87', 100);
INSERT INTO write_posts (title) VALUES ('Post Title 88');
INSERT INTO read_posts (title, comment_count) VALUES ('Post Title 88', 100);
INSERT INTO write_posts (title) VALUES ('Post Title 89');
INSERT INTO read_posts (title, comment_count) VALUES ('Post Title 89', 100);
INSERT INTO write_posts (title) VALUES ('Post Title 90');
INSERT INTO read_posts (title, comment_count) VALUES ('Post Title 90', 100);
INSERT INTO write_posts (title) VALUES ('Post Title 91');
INSERT INTO read_posts (title, comment_count) VALUES ('Post Title 91', 100);
INSERT INTO write_posts (title) VALUES ('Post Title 92');
INSERT INTO read_posts (title, comment_count) VALUES ('Post Title 92', 100);
INSERT INTO write_posts (title) VALUES ('Post Title 93');
INSERT INTO read_posts (title, comment_count) VALUES ('Post Title 93', 100);
INSERT INTO write_posts (title) VALUES ('Post Title 94');
INSERT INTO read_posts (title, comment_count) VALUES ('Post Title 94', 100);
INSERT INTO write_posts (title) VALUES ('Post Title 95');
INSERT INTO read_posts (title, comment_count) VALUES ('Post Title 95', 100);
INSERT INTO write_posts (title) VALUES ('Post Title 96');
INSERT INTO read_posts (title, comment_count) VALUES ('Post Title 96', 100);
INSERT INTO write_posts (title) VALUES ('Post Title 97');
INSERT INTO read_posts (title, comment_count) VALUES ('Post Title 97', 100);
INSERT INTO write_posts (title) VALUES ('Post Title 98');
INSERT INTO read_posts (title, comment_count) VALUES ('Post Title 98', 100);
INSERT INTO write_posts (title) VALUES ('Post Title 99');
INSERT INTO read_posts (title, comment_count) VALUES ('Post Title 99', 100);
INSERT INTO write_posts (title) VALUES ('Post Title 100');
INSERT INTO read_posts (title, comment_count) VALUES ('Post Title 100', 100);
INSERT INTO write_comments (comment, post_id) VALUES ('Comment 1 for post 1', 1);
INSERT INTO read_comments (comment, post_id) VALUES ('Comment 1 for post 1', 1);
INSERT INTO write_comments (comment, post_id) VALUES ('Comment 2 for post 1', 2);
INSERT INTO read_comments (comment, post_id) VALUES ('Comment 2 for post 1', 2);
INSERT INTO write_comments (comment, post_id) VALUES ('Comment 3 for post 1', 3);
INSERT INTO read_comments (comment, post_id) VALUES ('Comment 3 for post 1', 3);
INSERT INTO write_comments (comment, post_id) VALUES ('Comment 4 for post 1', 4);
INSERT INTO read_comments (comment, post_id) VALUES ('Comment 4 for post 1', 4);
INSERT INTO write_comments (comment, post_id) VALUES ('Comment 5 for post 1', 5);
INSERT INTO read_comments (comment, post_id) VALUES ('Comment 5 for post 1', 5);
INSERT INTO write_comments (comment, post_id) VALUES ('Comment 6 for post 1', 6);
INSERT INTO read_comments (comment, post_id) VALUES ('Comment 6 for post 1', 6);
INSERT INTO write_comments (comment, post_id) VALUES ('Comment 7 for post 1', 7);
INSERT INTO read_comments (comment, post_id) VALUES ('Comment 7 for post 1', 7);
INSERT INTO write_comments (comment, post_id) VALUES ('Comment 8 for post 1', 8);
INSERT INTO read_comments (comment, post_id) VALUES ('Comment 8 for post 1', 8);
INSERT INTO write_comments (comment, post_id) VALUES ('Comment 9 for post 1', 9);
INSERT INTO read_comments (comment, post_id) VALUES ('Comment 9 for post 1', 9);
INSERT INTO write_comments (comment, post_id) VALUES ('Comment 10 for post 1', 10);
INSERT INTO read_comments (comment, post_id) VALUES ('Comment 10 for post 1', 10);
INSERT INTO write_comments (comment, post_id) VALUES ('Comment 11 for post 1', 11);
INSERT INTO read_comments (comment, post_id) VALUES ('Comment 11 for post 1', 11);
INSERT INTO write_comments (comment, post_id) VALUES ('Comment 12 for post 1', 12);
INSERT INTO read_comments (comment, post_id) VALUES ('Comment 12 for post 1', 12);
INSERT INTO write_comments (comment, post_id) VALUES ('Comment 13 for post 1', 13);
INSERT INTO read_comments (comment, post_id) VALUES ('Comment 13 for post 1', 13);
INSERT INTO write_comments (comment, post_id) VALUES ('Comment 14 for post 1', 14);
INSERT INTO read_comments (comment, post_id) VALUES ('Comment 14 for post 1', 14);
INSERT INTO write_comments (comment, post_id) VALUES ('Comment 15 for post 1', 15);
INSERT INTO read_comments (comment, post_id) VALUES ('Comment 15 for post 1', 15);
INSERT INTO write_comments (comment, post_id) VALUES ('Comment 16 for post 1', 16);
INSERT INTO read_comments (comment, post_id) VALUES ('Comment 16 for post 1', 16);
INSERT INTO write_comments (comment, post_id) VALUES ('Comment 17 for post 1', 17);
INSERT INTO read_comments (comment, post_id) VALUES ('Comment 17 for post 1', 17);
INSERT INTO write_comments (comment, post_id) VALUES ('Comment 18 for post 1', 18);
INSERT INTO read_comments (comment, post_id) VALUES ('Comment 18 for post 1', 18);
INSERT INTO write_comments (comment, post_id) VALUES ('Comment 19 for post 1', 19);
INSERT INTO read_comments (comment, post_id) VALUES ('Comment 19 for post 1', 19);
INSERT INTO write_comments (comment, post_id) VALUES ('Comment 20 for post 1', 20);
INSERT INTO read_comments (comment, post_id) VALUES ('Comment 20 for post 1', 20);
INSERT INTO write_comments (comment, post_id) VALUES ('Comment 21 for post 1', 21);
INSERT INTO read_comments (comment, post_id) VALUES ('Comment 21 for post 1', 21);
INSERT INTO write_comments (comment, post_id) VALUES ('Comment 22 for post 1', 22);
INSERT INTO read_comments (comment, post_id) VALUES ('Comment 22 for post 1', 22);
INSERT INTO write_comments (comment, post_id) VALUES ('Comment 23 for post 1', 23);
INSERT INTO read_comments (comment, post_id) VALUES ('Comment 23 for post 1', 23);
INSERT INTO write_comments (comment, post_id) VALUES ('Comment 24 for post 1', 24);
INSERT INTO read_comments (comment, post_id) VALUES ('Comment 24 for post 1', 24);
INSERT INTO write_comments (comment, post_id) VALUES ('Comment 25 for post 1', 25);
INSERT INTO read_comments (comment, post_id) VALUES ('Comment 25 for post 1', 25);
INSERT INTO write_comments (comment, post_id) VALUES ('Comment 26 for post 1', 26);
INSERT INTO read_comments (comment, post_id) VALUES ('Comment 26 for post 1', 26);
INSERT INTO write_comments (comment, post_id) VALUES ('Comment 27 for post 1', 27);
INSERT INTO read_comments (comment, post_id) VALUES ('Comment 27 for post 1', 27);
INSERT INTO write_comments (comment, post_id) VALUES ('Comment 28 for post 1', 28);
INSERT INTO read_comments (comment, post_id) VALUES ('Comment 28 for post 1', 28);
INSERT INTO write_comments (comment, post_id) VALUES ('Comment 29 for post 1', 29);
INSERT INTO read_comments (comment, post_id) VALUES ('Comment 29 for post 1', 29);
INSERT INTO write_comments (comment, post_id) VALUES ('Comment 30 for post 1', 30);
INSERT INTO read_comments (comment, post_id) VALUES ('Comment 30 for post 1', 30);
INSERT INTO write_comments (comment, post_id) VALUES ('Comment 31 for post 1', 31);
INSERT INTO read_comments (comment, post_id) VALUES ('Comment 31 for post 1', 31);
INSERT INTO write_comments (comment, post_id) VALUES ('Comment 32 for post 1', 32);
INSERT INTO read_comments (comment, post_id) VALUES ('Comment 32 for post 1', 32);
INSERT INTO write_comments (comment, post_id) VALUES ('Comment 33 for post 1', 33);
INSERT INTO read_comments (comment, post_id) VALUES ('Comment 33 for post 1', 33);
INSERT INTO write_comments (comment, post_id) VALUES ('Comment 34 for post 1', 34);
INSERT INTO read_comments (comment, post_id) VALUES ('Comment 34 for post 1', 34);
INSERT INTO write_comments (comment, post_id) VALUES ('Comment 35 for post 1', 35);
INSERT INTO read_comments (comment, post_id) VALUES ('Comment 35 for post 1', 35);
INSERT INTO write_comments (comment, post_id) VALUES ('Comment 36 for post 1', 36);
INSERT INTO read_comments (comment, post_id) VALUES ('Comment 36 for post 1', 36);
INSERT INTO write_comments (comment, post_id) VALUES ('Comment 37 for post 1', 37);
INSERT INTO read_comments (comment, post_id) VALUES ('Comment 37 for post 1', 37);
INSERT INTO write_comments (comment, post_id) VALUES ('Comment 38 for post 1', 38);
INSERT INTO read_comments (comment, post_id) VALUES ('Comment 38 for post 1', 38);
INSERT INTO write_comments (comment, post_id) VALUES ('Comment 39 for post 1', 39);
INSERT INTO read_comments (comment, post_id) VALUES ('Comment 39 for post 1', 39);
INSERT INTO write_comments (comment, post_id) VALUES ('Comment 40 for post 1', 40);
INSERT INTO read_comments (comment, post_id) VALUES ('Comment 40 for post 1', 40);
INSERT INTO write_comments (comment, post_id) VALUES ('Comment 41 for post 1', 41);
INSERT INTO read_comments (comment, post_id) VALUES ('Comment 41 for post 1', 41);
INSERT INTO write_comments (comment, post_id) VALUES ('Comment 42 for post 1', 42);
INSERT INTO read_comments (comment, post_id) VALUES ('Comment 42 for post 1', 42);
INSERT INTO write_comments (comment, post_id) VALUES ('Comment 43 for post 1', 43);
INSERT INTO read_comments (comment, post_id) VALUES ('Comment 43 for post 1', 43);
INSERT INTO write_comments (comment, post_id) VALUES ('Comment 44 for post 1', 44);
INSERT INTO read_comments (comment, post_id) VALUES ('Comment 44 for post 1', 44);
INSERT INTO write_comments (comment, post_id) VALUES ('Comment 45 for post 1', 45);
INSERT INTO read_comments (comment, post_id) VALUES ('Comment 45 for post 1', 45);
INSERT INTO write_comments (comment, post_id) VALUES ('Comment 46 for post 1', 46);
INSERT INTO read_comments (comment, post_id) VALUES ('Comment 46 for post 1', 46);
INSERT INTO write_comments (comment, post_id) VALUES ('Comment 47 for post 1', 47);
INSERT INTO read_comments (comment, post_id) VALUES ('Comment 47 for post 1', 47);
INSERT INTO write_comments (comment, post_id) VALUES ('Comment 48 for post 1', 48);
INSERT INTO read_comments (comment, post_id) VALUES ('Comment 48 for post 1', 48);
INSERT INTO write_comments (comment, post_id) VALUES ('Comment 49 for post 1', 49);
INSERT INTO read_comments (comment, post_id) VALUES ('Comment 49 for post 1', 49);
INSERT INTO write_comments (comment, post_id) VALUES ('Comment 50 for post 1', 50);
INSERT INTO read_comments (comment, post_id) VALUES ('Comment 50 for post 1', 50);
INSERT INTO write_comments (comment, post_id) VALUES ('Comment 51 for post 1', 51);
INSERT INTO read_comments (comment, post_id) VALUES ('Comment 51 for post 1', 51);
INSERT INTO write_comments (comment, post_id) VALUES ('Comment 52 for post 1', 52);
INSERT INTO read_comments (comment, post_id) VALUES ('Comment 52 for post 1', 52);
INSERT INTO write_comments (comment, post_id) VALUES ('Comment 53 for post 1', 53);
INSERT INTO read_comments (comment, post_id) VALUES ('Comment 53 for post 1', 53);
INSERT INTO write_comments (comment, post_id) VALUES ('Comment 54 for post 1', 54);
INSERT INTO read_comments (comment, post_id) VALUES ('Comment 54 for post 1', 54);
INSERT INTO write_comments (comment, post_id) VALUES ('Comment 55 for post 1', 55);
INSERT INTO read_comments (comment, post_id) VALUES ('Comment 55 for post 1', 55);
INSERT INTO write_comments (comment, post_id) VALUES ('Comment 56 for post 1', 56);
INSERT INTO read_comments (comment, post_id) VALUES ('Comment 56 for post 1', 56);
INSERT INTO write_comments (comment, post_id) VALUES ('Comment 57 for post 1', 57);
INSERT INTO read_comments (comment, post_id) VALUES ('Comment 57 for post 1', 57);
INSERT INTO write_comments (comment, post_id) VALUES ('Comment 58 for post 1', 58);
INSERT INTO read_comments (comment, post_id) VALUES ('Comment 58 for post 1', 58);
INSERT INTO write_comments (comment, post_id) VALUES ('Comment 59 for post 1', 59);
INSERT INTO read_comments (comment, post_id) VALUES ('Comment 59 for post 1', 59);
INSERT INTO write_comments (comment, post_id) VALUES ('Comment 60 for post 1', 60);
INSERT INTO read_comments (comment, post_id) VALUES ('Comment 60 for post 1', 60);
INSERT INTO write_comments (comment, post_id) VALUES ('Comment 61 for post 1', 61);
INSERT INTO read_comments (comment, post_id) VALUES ('Comment 61 for post 1', 61);
INSERT INTO write_comments (comment, post_id) VALUES ('Comment 62 for post 1', 62);
INSERT INTO read_comments (comment, post_id) VALUES ('Comment 62 for post 1', 62);
INSERT INTO write_comments (comment, post_id) VALUES ('Comment 63 for post 1', 63);
INSERT INTO read_comments (comment, post_id) VALUES ('Comment 63 for post 1', 63);
INSERT INTO write_comments (comment, post_id) VALUES ('Comment 64 for post 1', 64);
INSERT INTO read_comments (comment, post_id) VALUES ('Comment 64 for post 1', 64);
INSERT INTO write_comments (comment, post_id) VALUES ('Comment 65 for post 1', 65);
INSERT INTO read_comments (comment, post_id) VALUES ('Comment 65 for post 1', 65);
INSERT INTO write_comments (comment, post_id) VALUES ('Comment 66 for post 1', 66);
INSERT INTO read_comments (comment, post_id) VALUES ('Comment 66 for post 1', 66);
INSERT INTO write_comments (comment, post_id) VALUES ('Comment 67 for post 1', 67);
INSERT INTO read_comments (comment, post_id) VALUES ('Comment 67 for post 1', 67);
INSERT INTO write_comments (comment, post_id) VALUES ('Comment 68 for post 1', 68);
INSERT INTO read_comments (comment, post_id) VALUES ('Comment 68 for post 1', 68);
INSERT INTO write_comments (comment, post_id) VALUES ('Comment 69 for post 1', 69);
INSERT INTO read_comments (comment, post_id) VALUES ('Comment 69 for post 1', 69);
INSERT INTO write_comments (comment, post_id) VALUES ('Comment 70 for post 1', 70);
INSERT INTO read_comments (comment, post_id) VALUES ('Comment 70 for post 1', 70);
INSERT INTO write_comments (comment, post_id) VALUES ('Comment 71 for post 1', 71);
INSERT INTO read_comments (comment, post_id) VALUES ('Comment 71 for post 1', 71);
INSERT INTO write_comments (comment, post_id) VALUES ('Comment 72 for post 1', 72);
INSERT INTO read_comments (comment, post_id) VALUES ('Comment 72 for post 1', 72);
INSERT INTO write_comments (comment, post_id) VALUES ('Comment 73 for post 1', 73);
INSERT INTO read_comments (comment, post_id) VALUES ('Comment 73 for post 1', 73);
INSERT INTO write_comments (comment, post_id) VALUES ('Comment 74 for post 1', 74);
INSERT INTO read_comments (comment, post_id) VALUES ('Comment 74 for post 1', 74);
INSERT INTO write_comments (comment, post_id) VALUES ('Comment 75 for post 1', 75);
INSERT INTO read_comments (comment, post_id) VALUES ('Comment 75 for post 1', 75);
INSERT INTO write_comments (comment, post_id) VALUES ('Comment 76 for post 1', 76);
INSERT INTO read_comments (comment, post_id) VALUES ('Comment 76 for post 1', 76);
INSERT INTO write_comments (comment, post_id) VALUES ('Comment 77 for post 1', 77);
INSERT INTO read_comments (comment, post_id) VALUES ('Comment 77 for post 1', 77);
INSERT INTO write_comments (comment, post_id) VALUES ('Comment 78 for post 1', 78);
INSERT INTO read_comments (comment, post_id) VALUES ('Comment 78 for post 1', 78);
INSERT INTO write_comments (comment, post_id) VALUES ('Comment 79 for post 1', 79);
INSERT INTO read_comments (comment, post_id) VALUES ('Comment 79 for post 1', 79);
INSERT INTO write_comments (comment, post_id) VALUES ('Comment 80 for post 1', 80);
INSERT INTO read_comments (comment, post_id) VALUES ('Comment 80 for post 1', 80);
INSERT INTO write_comments (comment, post_id) VALUES ('Comment 81 for post 1', 81);
INSERT INTO read_comments (comment, post_id) VALUES ('Comment 81 for post 1', 81);
INSERT INTO write_comments (comment, post_id) VALUES ('Comment 82 for post 1', 82);
INSERT INTO read_comments (comment, post_id) VALUES ('Comment 82 for post 1', 82);
INSERT INTO write_comments (comment, post_id) VALUES ('Comment 83 for post 1', 83);
INSERT INTO read_comments (comment, post_id) VALUES ('Comment 83 for post 1', 83);
INSERT INTO write_comments (comment, post_id) VALUES ('Comment 84 for post 1', 84);
INSERT INTO read_comments (comment, post_id) VALUES ('Comment 84 for post 1', 84);
INSERT INTO write_comments (comment, post_id) VALUES ('Comment 85 for post 1', 85);
INSERT INTO read_comments (comment, post_id) VALUES ('Comment 85 for post 1', 85);
INSERT INTO write_comments (comment, post_id) VALUES ('Comment 86 for post 1', 86);
INSERT INTO read_comments (comment, post_id) VALUES ('Comment 86 for post 1', 86);
INSERT INTO write_comments (comment, post_id) VALUES ('Comment 87 for post 1', 87);
INSERT INTO read_comments (comment, post_id) VALUES ('Comment 87 for post 1', 87);
INSERT INTO write_comments (comment, post_id) VALUES ('Comment 88 for post 1', 88);
INSERT INTO read_comments (comment, post_id) VALUES ('Comment 88 for post 1', 88);
INSERT INTO write_comments (comment, post_id) VALUES ('Comment 89 for post 1', 89);
INSERT INTO read_comments (comment, post_id) VALUES ('Comment 89 for post 1', 89);
INSERT INTO write_comments (comment, post_id) VALUES ('Comment 90 for post 1', 90);
INSERT INTO read_comments (comment, post_id) VALUES ('Comment 90 for post 1', 90);
INSERT INTO write_comments (comment, post_id) VALUES ('Comment 91 for post 1', 91);
INSERT INTO read_comments (comment, post_id) VALUES ('Comment 91 for post 1', 91);
INSERT INTO write_comments (comment, post_id) VALUES ('Comment 92 for post 1', 92);
INSERT INTO read_comments (comment, post_id) VALUES ('Comment 92 for post 1', 92);
INSERT INTO write_comments (comment, post_id) VALUES ('Comment 93 for post 1', 93);
INSERT INTO read_comments (comment, post_id) VALUES ('Comment 93 for post 1', 93);
INSERT INTO write_comments (comment, post_id) VALUES ('Comment 94 for post 1', 94);
INSERT INTO read_comments (comment, post_id) VALUES ('Comment 94 for post 1', 94);
INSERT INTO write_comments (comment, post_id) VALUES ('Comment 95 for post 1', 95);
INSERT INTO read_comments (comment, post_id) VALUES ('Comment 95 for post 1', 95);
INSERT INTO write_comments (comment, post_id) VALUES ('Comment 96 for post 1', 96);
INSERT INTO read_comments (comment, post_id) VALUES ('Comment 96 for post 1', 96);
INSERT INTO write_comments (comment, post_id) VALUES ('Comment 97 for post 1', 97);
INSERT INTO read_comments (comment, post_id) VALUES ('Comment 97 for post 1', 97);
INSERT INTO write_comments (comment, post_id) VALUES ('Comment 98 for post 1', 98);
INSERT INTO read_comments (comment, post_id) VALUES ('Comment 98 for post 1', 98);
INSERT INTO write_comments (comment, post_id) VALUES ('Comment 99 for post 1', 99);
INSERT INTO read_comments (comment, post_id) VALUES ('Comment 99 for post 1', 99);
INSERT INTO write_comments (comment, post_id) VALUES ('Comment 100 for post 1', 100);
INSERT INTO read_comments (comment, post_id) VALUES ('Comment 100 for post 1', 100);
INSERT INTO write_comments (comment, post_id) VALUES ('Comment 1 for post 2', 1);
INSERT INTO read_comments (comment, post_id) VALUES ('Comment 1 for post 2', 1);
INSERT INTO write_comments (comment, post_id) VALUES ('Comment 2 for post 2', 2);
INSERT INTO read_comments (comment, post_id) VALUES ('Comment 2 for post 2', 2);
INSERT INTO write_comments (comment, post_id) VALUES ('Comment 3 for post 2', 3);
INSERT INTO read_comments (comment, post_id) VALUES ('Comment 3 for post 2', 3);
INSERT INTO write_comments (comment, post_id) VALUES ('Comment 4 for post 2', 4);
INSERT INTO read_comments (comment, post_id) VALUES ('Comment 4 for post 2', 4);
INSERT INTO write_comments (comment, post_id) VALUES ('Comment 5 for post 2', 5);
INSERT INTO read_comments (comment, post_id) VALUES ('Comment 5 for post 2', 5);
INSERT INTO write_comments (comment, post_id) VALUES ('Comment 6 for post 2', 6);
INSERT INTO read_comments (comment, post_id) VALUES ('Comment 6 for post 2', 6);
INSERT INTO write_comments (comment, post_id) VALUES ('Comment 7 for post 2', 7);
INSERT INTO read_comments (comment, post_id) VALUES ('Comment 7 for post 2', 7);
INSERT INTO write_comments (comment, post_id) VALUES ('Comment 8 for post 2', 8);
INSERT INTO read_comments (comment, post_id) VALUES ('Comment 8 for post 2', 8);
INSERT INTO write_comments (comment, post_id) VALUES ('Comment 9 for post 2', 9);
INSERT INTO read_comments (comment, post_id) VALUES ('Comment 9 for post 2', 9);
INSERT INTO write_comments (comment, post_id) VALUES ('Comment 10 for post 2', 10);
INSERT INTO read_comments (comment, post_id) VALUES ('Comment 10 for post 2', 10);
INSERT INTO write_comments (comment, post_id) VALUES ('Comment 11 for post 2', 11);
INSERT INTO read_comments (comment, post_id) VALUES ('Comment 11 for post 2', 11);
INSERT INTO write_comments (comment, post_id) VALUES ('Comment 12 for post 2', 12);
INSERT INTO read_comments (comment, post_id) VALUES ('Comment 12 for post 2', 12);
INSERT INTO write_comments (comment, post_id) VALUES ('Comment 13 for post 2', 13);
INSERT INTO read_comments (comment, post_id) VALUES ('Comment 13 for post 2', 13);
INSERT INTO write_comments (comment, post_id) VALUES ('Comment 14 for post 2', 14);
INSERT INTO read_comments (comment, post_id) VALUES ('Comment 14 for post 2', 14);
INSERT INTO write_comments (comment, post_id) VALUES ('Comment 15 for post 2', 15);
INSERT INTO read_comments (comment, post_id) VALUES ('Comment 15 for post 2', 15);
INSERT INTO write_comments (comment, post_id) VALUES ('Comment 16 for post 2', 16);
INSERT INTO read_comments (comment, post_id) VALUES ('Comment 16 for post 2', 16);
INSERT INTO write_comments (comment, post_id) VALUES ('Comment 17 for post 2', 17);
INSERT INTO read_comments (comment, post_id) VALUES ('Comment 17 for post 2', 17);
INSERT INTO write_comments (comment, post_id) VALUES ('Comment 18 for post 2', 18);
INSERT INTO read_comments (comment, post_id) VALUES ('Comment 18 for post 2', 18);
INSERT INTO write_comments (comment, post_id) VALUES ('Comment 19 for post 2', 19);
INSERT INTO read_comments (comment, post_id) VALUES ('Comment 19 for post 2', 19);
INSERT INTO write_comments (comment, post_id) VALUES ('Comment 20 for post 2', 20);
INSERT INTO read_comments (comment, post_id) VALUES ('Comment 20 for post 2', 20);
INSERT INTO write_comments (comment, post_id) VALUES ('Comment 21 for post 2', 21);
INSERT INTO read_comments (comment, post_id) VALUES ('Comment 21 for post 2', 21);
INSERT INTO write_comments (comment, post_id) VALUES ('Comment 22 for post 2', 22);
INSERT INTO read_comments (comment, post_id) VALUES ('Comment 22 for post 2', 22);
INSERT INTO write_comments (comment, post_id) VALUES ('Comment 23 for post 2', 23);
INSERT INTO read_comments (comment, post_id) VALUES ('Comment 23 for post 2', 23);
INSERT INTO write_comments (comment, post_id) VALUES ('Comment 24 for post 2', 24);
INSERT INTO read_comments (comment, post_id) VALUES ('Comment 24 for post 2', 24);
INSERT INTO write_comments (comment, post_id) VALUES ('Comment 25 for post 2', 25);
INSERT INTO read_comments (comment, post_id) VALUES ('Comment 25 for post 2', 25);
INSERT INTO write_comments (comment, post_id) VALUES ('Comment 26 for post 2', 26);
INSERT INTO read_comments (comment, post_id) VALUES ('Comment 26 for post 2', 26);
INSERT INTO write_comments (comment, post_id) VALUES ('Comment 27 for post 2', 27);
INSERT INTO read_comments (comment, post_id) VALUES ('Comment 27 for post 2', 27);
INSERT INTO write_comments (comment, post_id) VALUES ('Comment 28 for post 2', 28);
INSERT INTO read_comments (comment, post_id) VALUES ('Comment 28 for post 2', 28);
INSERT INTO write_comments (comment, post_id) VALUES ('Comment 29 for post 2', 29);
INSERT INTO read_comments (comment, post_id) VALUES ('Comment 29 for post 2', 29);
INSERT INTO write_comments (comment, post_id) VALUES ('Comment 30 for post 2', 30);
INSERT INTO read_comments (comment, post_id) VALUES ('Comment 30 for post 2', 30);
INSERT INTO write_comments (comment, post_id) VALUES ('Comment 31 for post 2', 31);
INSERT INTO read_comments (comment, post_id) VALUES ('Comment 31 for post 2', 31);
INSERT INTO write_comments (comment, post_id) VALUES ('Comment 32 for post 2', 32);
INSERT INTO read_comments (comment, post_id) VALUES ('Comment 32 for post 2', 32);
INSERT INTO write_comments (comment, post_id) VALUES ('Comment 33 for post 2', 33);
INSERT INTO read_comments (comment, post_id) VALUES ('Comment 33 for post 2', 33);
INSERT INTO write_comments (comment, post_id) VALUES ('Comment 34 for post 2', 34);
INSERT INTO read_comments (comment, post_id) VALUES ('Comment 34 for post 2', 34);
INSERT INTO write_comments (comment, post_id) VALUES ('Comment 35 for post 2', 35);
INSERT INTO read_comments (comment, post_id) VALUES ('Comment 35 for post 2', 35);
INSERT INTO write_comments (comment, post_id) VALUES ('Comment 36 for post 2', 36);
INSERT INTO read_comments (comment, post_id) VALUES ('Comment 36 for post 2', 36);
INSERT INTO write_comments (comment, post_id) VALUES ('Comment 37 for post 2', 37);
INSERT INTO read_comments (comment, post_id) VALUES ('Comment 37 for post 2', 37);
INSERT INTO write_comments (comment, post_id) VALUES ('Comment 38 for post 2', 38);
INSERT INTO read_comments (comment, post_id) VALUES ('Comment 38 for post 2', 38);
INSERT INTO write_comments (comment, post_id) VALUES ('Comment 39 for post 2', 39);
INSERT INTO read_comments (comment, post_id) VALUES ('Comment 39 for post 2', 39);
INSERT INTO write_comments (comment, post_id) VALUES ('Comment 40 for post 2', 40);
INSERT INTO read_comments (comment, post_id) VALUES ('Comment 40 for post 2', 40);
INSERT INTO write_comments (comment, post_id) VALUES ('Comment 41 for post 2', 41);
INSERT INTO read_comments (comment, post_id) VALUES ('Comment 41 for post 2', 41);
INSERT INTO write_comments (comment, post_id) VALUES ('Comment 42 for post 2', 42);
INSERT INTO read_comments (comment, post_id) VALUES ('Comment 42 for post 2', 42);
INSERT INTO write_comments (comment, post_id) VALUES ('Comment 43 for post 2', 43);
INSERT INTO read_comments (comment, post_id) VALUES ('Comment 43 for post 2', 43);
INSERT INTO write_comments (comment, post_id) VALUES ('Comment 44 for post 2', 44);
INSERT INTO read_comments (comment, post_id) VALUES ('Comment 44 for post 2', 44);
INSERT INTO write_comments (comment, post_id) VALUES ('Comment 45 for post 2', 45);
INSERT INTO read_comments (comment, post_id) VALUES ('Comment 45 for post 2', 45);
INSERT INTO write_comments (comment, post_id) VALUES ('Comment 46 for post 2', 46);
INSERT INTO read_comments (comment, post_id) VALUES ('Comment 46 for post 2', 46);
INSERT INTO write_comments (comment, post_id) VALUES ('Comment 47 for post 2', 47);
INSERT INTO read_comments (comment, post_id) VALUES ('Comment 47 for post 2', 47);
INSERT INTO write_comments (comment, post_id) VALUES ('Comment 48 for post 2', 48);
INSERT INTO read_comments (comment, post_id) VALUES ('Comment 48 for post 2', 48);
INSERT INTO write_comments (comment, post_id) VALUES ('Comment 49 for post 2', 49);
INSERT INTO read_comments (comment, post_id) VALUES ('Comment 49 for post 2', 49);
INSERT INTO write_comments (comment, post_id) VALUES ('Comment 50 for post 2', 50);
INSERT INTO read_comments (comment, post_id) VALUES ('Comment 50 for post 2', 50);
INSERT INTO write_comments (comment, post_id) VALUES ('Comment 51 for post 2', 51);
INSERT INTO read_comments (comment, post_id) VALUES ('Comment 51 for post 2', 51);
INSERT INTO write_comments (comment, post_id) VALUES ('Comment 52 for post 2', 52);
INSERT INTO read_comments (comment, post_id) VALUES ('Comment 52 for post 2', 52);
INSERT INTO write_comments (comment, post_id) VALUES ('Comment 53 for post 2', 53);
INSERT INTO read_comments (comment, post_id) VALUES ('Comment 53 for post 2', 53);
INSERT INTO write_comments (comment, post_id) VALUES ('Comment 54 for post 2', 54);
INSERT INTO read_comments (comment, post_id) VALUES ('Comment 54 for post 2', 54);
INSERT INTO write_comments (comment, post_id) VALUES ('Comment 55 for post 2', 55);
INSERT INTO read_comments (comment, post_id) VALUES ('Comment 55 for post 2', 55);
INSERT INTO write_comments (comment, post_id) VALUES ('Comment 56 for post 2', 56);
INSERT INTO read_comments (comment, post_id) VALUES ('Comment 56 for post 2', 56);
INSERT INTO write_comments (comment, post_id) VALUES ('Comment 57 for post 2', 57);
INSERT INTO read_comments (comment, post_id) VALUES ('Comment 57 for post 2', 57);
INSERT INTO write_comments (comment, post_id) VALUES ('Comment 58 for post 2', 58);
INSERT INTO read_comments (comment, post_id) VALUES ('Comment 58 for post 2', 58);
INSERT INTO write_comments (comment, post_id) VALUES ('Comment 59 for post 2', 59);
INSERT INTO read_comments (comment, post_id) VALUES ('Comment 59 for post 2', 59);
INSERT INTO write_comments (comment, post_id) VALUES ('Comment 60 for post 2', 60);
INSERT INTO read_comments (comment, post_id) VALUES ('Comment 60 for post 2', 60);
INSERT INTO write_comments (comment, post_id) VALUES ('Comment 61 for post 2', 61);
INSERT INTO read_comments (comment, post_id) VALUES ('Comment 61 for post 2', 61);
INSERT INTO write_comments (comment, post_id) VALUES ('Comment 62 for post 2', 62);
INSERT INTO read_comments (comment, post_id) VALUES ('Comment 62 for post 2', 62);
INSERT INTO write_comments (comment, post_id) VALUES ('Comment 63 for post 2', 63);
INSERT INTO read_comments (comment, post_id) VALUES ('Comment 63 for post 2', 63);
INSERT INTO write_comments (comment, post_id) VALUES ('Comment 64 for post 2', 64);
INSERT INTO read_comments (comment, post_id) VALUES ('Comment 64 for post 2', 64);
INSERT INTO write_comments (comment, post_id) VALUES ('Comment 65 for post 2', 65);
INSERT INTO read_comments (comment, post_id) VALUES ('Comment 65 for post 2', 65);
INSERT INTO write_comments (comment, post_id) VALUES ('Comment 66 for post 2', 66);
INSERT INTO read_comments (comment, post_id) VALUES ('Comment 66 for post 2', 66);
INSERT INTO write_comments (comment, post_id) VALUES ('Comment 67 for post 2', 67);
INSERT INTO read_comments (comment, post_id) VALUES ('Comment 67 for post 2', 67);
INSERT INTO write_comments (comment, post_id) VALUES ('Comment 68 for post 2', 68);
INSERT INTO read_comments (comment, post_id) VALUES ('Comment 68 for post 2', 68);
INSERT INTO write_comments (comment, post_id) VALUES ('Comment 69 for post 2', 69);
INSERT INTO read_comments (comment, post_id) VALUES ('Comment 69 for post 2', 69);
INSERT INTO write_comments (comment, post_id) VALUES ('Comment 70 for post 2', 70);
INSERT INTO read_comments (comment, post_id) VALUES ('Comment 70 for post 2', 70);
INSERT INTO write_comments (comment, post_id) VALUES ('Comment 71 for post 2', 71);
INSERT INTO read_comments (comment, post_id) VALUES ('Comment 71 for post 2', 71);
INSERT INTO write_comments (comment, post_id) VALUES ('Comment 72 for post 2', 72);
INSERT INTO read_comments (comment, post_id) VALUES ('Comment 72 for post 2', 72);
INSERT INTO write_comments (comment, post_id) VALUES ('Comment 73 for post 2', 73);
INSERT INTO read_comments (comment, post_id) VALUES ('Comment 73 for post 2', 73);
INSERT INTO write_comments (comment, post_id) VALUES ('Comment 74 for post 2', 74);
INSERT INTO read_comments (comment, post_id) VALUES ('Comment 74 for post 2', 74);
INSERT INTO write_comments (comment, post_id) VALUES ('Comment 75 for post 2', 75);
INSERT INTO read_comments (comment, post_id) VALUES ('Comment 75 for post 2', 75);
INSERT INTO write_comments (comment, post_id) VALUES ('Comment 76 for post 2', 76);
INSERT INTO read_comments (comment, post_id) VALUES ('Comment 76 for post 2', 76);
INSERT INTO write_comments (comment, post_id) VALUES ('Comment 77 for post 2', 77);
INSERT INTO read_comments (comment, post_id) VALUES ('Comment 77 for post 2', 77);
INSERT INTO write_comments (comment, post_id) VALUES ('Comment 78 for post 2', 78);
INSERT INTO read_comments (comment, post_id) VALUES ('Comment 78 for post 2', 78);
INSERT INTO write_comments (comment, post_id) VALUES ('Comment 79 for post 2', 79);
INSERT INTO read_comments (comment, post_id) VALUES ('Comment 79 for post 2', 79);
INSERT INTO write_comments (comment, post_id) VALUES ('Comment 80 for post 2', 80);
INSERT INTO read_comments (comment, post_id) VALUES ('Comment 80 for post 2', 80);
INSERT INTO write_comments (comment, post_id) VALUES ('Comment 81 for post 2', 81);
INSERT INTO read_comments (comment, post_id) VALUES ('Comment 81 for post 2', 81);
INSERT INTO write_comments (comment, post_id) VALUES ('Comment 82 for post 2', 82);
INSERT INTO read_comments (comment, post_id) VALUES ('Comment 82 for post 2', 82);
INSERT INTO write_comments (comment, post_id) VALUES ('Comment 83 for post 2', 83);
INSERT INTO read_comments (comment, post_id) VALUES ('Comment 83 for post 2', 83);
INSERT INTO write_comments (comment, post_id) VALUES ('Comment 84 for post 2', 84);
INSERT INTO read_comments (comment, post_id) VALUES ('Comment 84 for post 2', 84);
INSERT INTO write_comments (comment, post_id) VALUES ('Comment 85 for post 2', 85);
INSERT INTO read_comments (comment, post_id) VALUES ('Comment 85 for post 2', 85);
INSERT INTO write_comments (comment, post_id) VALUES ('Comment 86 for post 2', 86);
INSERT INTO read_comments (comment, post_id) VALUES ('Comment 86 for post 2', 86);
INSERT INTO write_comments (comment, post_id) VALUES ('Comment 87 for post 2', 87);
INSERT INTO read_comments (comment, post_id) VALUES ('Comment 87 for post 2', 87);
INSERT INTO write_comments (comment, post_id) VALUES ('Comment 88 for post 2', 88);
INSERT INTO read_comments (comment, post_id) VALUES ('Comment 88 for post 2', 88);
INSERT INTO write_comments (comment, post_id) VALUES ('Comment 89 for post 2', 89);
INSERT INTO read_comments (comment, post_id) VALUES ('Comment 89 for post 2', 89);
INSERT INTO write_comments (comment, post_id) VALUES ('Comment 90 for post 2', 90);
INSERT INTO read_comments (comment, post_id) VALUES ('Comment 90 for post 2', 90);
INSERT INTO write_comments (comment, post_id) VALUES ('Comment 91 for post 2', 91);
INSERT INTO read_comments (comment, post_id) VALUES ('Comment 91 for post 2', 91);
INSERT INTO write_comments (comment, post_id) VALUES ('Comment 92 for post 2', 92);
INSERT INTO read_comments (comment, post_id) VALUES ('Comment 92 for post 2', 92);
INSERT INTO write_comments (comment, post_id) VALUES ('Comment 93 for post 2', 93);
INSERT INTO read_comments (comment, post_id) VALUES ('Comment 93 for post 2', 93);
INSERT INTO write_comments (comment, post_id) VALUES ('Comment 94 for post 2', 94);
INSERT INTO read_comments (comment, post_id) VALUES ('Comment 94 for post 2', 94);
INSERT INTO write_comments (comment, post_id) VALUES ('Comment 95 for post 2', 95);
INSERT INTO read_comments (comment, post_id) VALUES ('Comment 95 for post 2', 95);
INSERT INTO write_comments (comment, post_id) VALUES ('Comment 96 for post 2', 96);
INSERT INTO read_comments (comment, post_id) VALUES ('Comment 96 for post 2', 96);
INSERT INTO write_comments (comment, post_id) VALUES ('Comment 97 for post 2', 97);
INSERT INTO read_comments (comment, post_id) VALUES ('Comment 97 for post 2', 97);
INSERT INTO write_comments (comment, post_id) VALUES ('Comment 98 for post 2', 98);
INSERT INTO read_comments (comment, post_id) VALUES ('Comment 98 for post 2', 98);
INSERT INTO write_comments (comment, post_id) VALUES ('Comment 99 for post 2', 99);
INSERT INTO read_comments (comment, post_id) VALUES ('Comment 99 for post 2', 99);
INSERT INTO write_comments (comment, post_id) VALUES ('Comment 100 for post 2', 100);
INSERT INTO read_comments (comment, post_id) VALUES ('Comment 100 for post 2', 100);
INSERT INTO write_comments (comment, post_id) VALUES ('Comment 1 for post 3', 1);
INSERT INTO read_comments (comment, post_id) VALUES ('Comment 1 for post 3', 1);
INSERT INTO write_comments (comment, post_id) VALUES ('Comment 2 for post 3', 2);
INSERT INTO read_comments (comment, post_id) VALUES ('Comment 2 for post 3', 2);
INSERT INTO write_comments (comment, post_id) VALUES ('Comment 3 for post 3', 3);
INSERT INTO read_comments (comment, post_id) VALUES ('Comment 3 for post 3', 3);
INSERT INTO write_comments (comment, post_id) VALUES ('Comment 4 for post 3', 4);
INSERT INTO read_comments (comment, post_id) VALUES ('Comment 4 for post 3', 4);
INSERT INTO write_comments (comment, post_id) VALUES ('Comment 5 for post 3', 5);
INSERT INTO read_comments (comment, post_id) VALUES ('Comment 5 for post 3', 5);
INSERT INTO write_comments (comment, post_id) VALUES ('Comment 6 for post 3', 6);
INSERT INTO read_comments (comment, post_id) VALUES ('Comment 6 for post 3', 6);
INSERT INTO write_comments (comment, post_id) VALUES ('Comment 7 for post 3', 7);
INSERT INTO read_comments (comment, post_id) VALUES ('Comment 7 for post 3', 7);
INSERT INTO write_comments (comment, post_id) VALUES ('Comment 8 for post 3', 8);
INSERT INTO read_comments (comment, post_id) VALUES ('Comment 8 for post 3', 8);
INSERT INTO write_comments (comment, post_id) VALUES ('Comment 9 for post 3', 9);
INSERT INTO read_comments (comment, post_id) VALUES ('Comment 9 for post 3', 9);
INSERT INTO write_comments (comment, post_id) VALUES ('Comment 10 for post 3', 10);
INSERT INTO read_comments (comment, post_id) VALUES ('Comment 10 for post 3', 10);
INSERT INTO write_comments (comment, post_id) VALUES ('Comment 11 for post 3', 11);
INSERT INTO read_comments (comment, post_id) VALUES ('Comment 11 for post 3', 11);
INSERT INTO write_comments (comment, post_id) VALUES ('Comment 12 for post 3', 12);
INSERT INTO read_comments (comment, post_id) VALUES ('Comment 12 for post 3', 12);
INSERT INTO write_comments (comment, post_id) VALUES ('Comment 13 for post 3', 13);
INSERT INTO read_comments (comment, post_id) VALUES ('Comment 13 for post 3', 13);
INSERT INTO write_comments (comment, post_id) VALUES ('Comment 14 for post 3', 14);
INSERT INTO read_comments (comment, post_id) VALUES ('Comment 14 for post 3', 14);
INSERT INTO write_comments (comment, post_id) VALUES ('Comment 15 for post 3', 15);
INSERT INTO read_comments (comment, post_id) VALUES ('Comment 15 for post 3', 15);
INSERT INTO write_comments (comment, post_id) VALUES ('Comment 16 for post 3', 16);
INSERT INTO read_comments (comment, post_id) VALUES ('Comment 16 for post 3', 16);
INSERT INTO write_comments (comment, post_id) VALUES ('Comment 17 for post 3', 17);
INSERT INTO read_comments (comment, post_id) VALUES ('Comment 17 for post 3', 17);
INSERT INTO write_comments (comment, post_id) VALUES ('Comment 18 for post 3', 18);
INSERT INTO read_comments (comment, post_id) VALUES ('Comment 18 for post 3', 18);
INSERT INTO write_comments (comment, post_id) VALUES ('Comment 19 for post 3', 19);
INSERT INTO read_comments (comment, post_id) VALUES ('Comment 19 for post 3', 19);
INSERT INTO write_comments (comment, post_id) VALUES ('Comment 20 for post 3', 20);
INSERT INTO read_comments (comment, post_id) VALUES ('Comment 20 for post 3', 20);
INSERT INTO write_comments (comment, post_id) VALUES ('Comment 21 for post 3', 21);
INSERT INTO read_comments (comment, post_id) VALUES ('Comment 21 for post 3', 21);
INSERT INTO write_comments (comment, post_id) VALUES ('Comment 22 for post 3', 22);
INSERT INTO read_comments (comment, post_id) VALUES ('Comment 22 for post 3', 22);
INSERT INTO write_comments (comment, post_id) VALUES ('Comment 23 for post 3', 23);
INSERT INTO read_comments (comment, post_id) VALUES ('Comment 23 for post 3', 23);
INSERT INTO write_comments (comment, post_id) VALUES ('Comment 24 for post 3', 24);
INSERT INTO read_comments (comment, post_id) VALUES ('Comment 24 for post 3', 24);
INSERT INTO write_comments (comment, post_id) VALUES ('Comment 25 for post 3', 25);
INSERT INTO read_comments (comment, post_id) VALUES ('Comment 25 for post 3', 25);
INSERT INTO write_comments (comment, post_id) VALUES ('Comment 26 for post 3', 26);
INSERT INTO read_comments (comment, post_id) VALUES ('Comment 26 for post 3', 26);
INSERT INTO write_comments (comment, post_id) VALUES ('Comment 27 for post 3', 27);
INSERT INTO read_comments (comment, post_id) VALUES ('Comment 27 for post 3', 27);
INSERT INTO write_comments (comment, post_id) VALUES ('Comment 28 for post 3', 28);
INSERT INTO read_comments (comment, post_id) VALUES ('Comment 28 for post 3', 28);
INSERT INTO write_comments (comment, post_id) VALUES ('Comment 29 for post 3', 29);
INSERT INTO read_comments (comment, post_id) VALUES ('Comment 29 for post 3', 29);
INSERT INTO write_comments (comment, post_id) VALUES ('Comment 30 for post 3', 30);
INSERT INTO read_comments (comment, post_id) VALUES ('Comment 30 for post 3', 30);
INSERT INTO write_comments (comment, post_id) VALUES ('Comment 31 for post 3', 31);
INSERT INTO read_comments (comment, post_id) VALUES ('Comment 31 for post 3', 31);
INSERT INTO write_comments (comment, post_id) VALUES ('Comment 32 for post 3', 32);
INSERT INTO read_comments (comment, post_id) VALUES ('Comment 32 for post 3', 32);
INSERT INTO write_comments (comment, post_id) VALUES ('Comment 33 for post 3', 33);
INSERT INTO read_comments (comment, post_id) VALUES ('Comment 33 for post 3', 33);
INSERT INTO write_comments (comment, post_id) VALUES ('Comment 34 for post 3', 34);
INSERT INTO read_comments (comment, post_id) VALUES ('Comment 34 for post 3', 34);
INSERT INTO write_comments (comment, post_id) VALUES ('Comment 35 for post 3', 35);
INSERT INTO read_comments (comment, post_id) VALUES ('Comment 35 for post 3', 35);
INSERT INTO write_comments (comment, post_id) VALUES ('Comment 36 for post 3', 36);
INSERT INTO read_comments (comment, post_id) VALUES ('Comment 36 for post 3', 36);
INSERT INTO write_comments (comment, post_id) VALUES ('Comment 37 for post 3', 37);
INSERT INTO read_comments (comment, post_id) VALUES ('Comment 37 for post 3', 37);
INSERT INTO write_comments (comment, post_id) VALUES ('Comment 38 for post 3', 38);
INSERT INTO read_comments (comment, post_id) VALUES ('Comment 38 for post 3', 38);
INSERT INTO write_comments (comment, post_id) VALUES ('Comment 39 for post 3', 39);
INSERT INTO read_comments (comment, post_id) VALUES ('Comment 39 for post 3', 39);
INSERT INTO write_comments (comment, post_id) VALUES ('Comment 40 for post 3', 40);
INSERT INTO read_comments (comment, post_id) VALUES ('Comment 40 for post 3', 40);
INSERT INTO write_comments (comment, post_id) VALUES ('Comment 41 for post 3', 41);
INSERT INTO read_comments (comment, post_id) VALUES ('Comment 41 for post 3', 41);
INSERT INTO write_comments (comment, post_id) VALUES ('Comment 42 for post 3', 42);
INSERT INTO read_comments (comment, post_id) VALUES ('Comment 42 for post 3', 42);
INSERT INTO write_comments (comment, post_id) VALUES ('Comment 43 for post 3', 43);
INSERT INTO read_comments (comment, post_id) VALUES ('Comment 43 for post 3', 43);
INSERT INTO write_comments (comment, post_id) VALUES ('Comment 44 for post 3', 44);
INSERT INTO read_comments (comment, post_id) VALUES ('Comment 44 for post 3', 44);
INSERT INTO write_comments (comment, post_id) VALUES ('Comment 45 for post 3', 45);
INSERT INTO read_comments (comment, post_id) VALUES ('Comment 45 for post 3', 45);
INSERT INTO write_comments (comment, post_id) VALUES ('Comment 46 for post 3', 46);
INSERT INTO read_comments (comment, post_id) VALUES ('Comment 46 for post 3', 46);
INSERT INTO write_comments (comment, post_id) VALUES ('Comment 47 for post 3', 47);
INSERT INTO read_comments (comment, post_id) VALUES ('Comment 47 for post 3', 47);
INSERT INTO write_comments (comment, post_id) VALUES ('Comment 48 for post 3', 48);
INSERT INTO read_comments (comment, post_id) VALUES ('Comment 48 for post 3', 48);
INSERT INTO write_comments (comment, post_id) VALUES ('Comment 49 for post 3', 49);
INSERT INTO read_comments (comment, post_id) VALUES ('Comment 49 for post 3', 49);
INSERT INTO write_comments (comment, post_id) VALUES ('Comment 50 for post 3', 50);
INSERT INTO read_comments (comment, post_id) VALUES ('Comment 50 for post 3', 50);
INSERT INTO write_comments (comment, post_id) VALUES ('Comment 51 for post 3', 51);
INSERT INTO read_comments (comment, post_id) VALUES ('Comment 51 for post 3', 51);
INSERT INTO write_comments (comment, post_id) VALUES ('Comment 52 for post 3', 52);
INSERT INTO read_comments (comment, post_id) VALUES ('Comment 52 for post 3', 52);
INSERT INTO write_comments (comment, post_id) VALUES ('Comment 53 for post 3', 53);
INSERT INTO read_comments (comment, post_id) VALUES ('Comment 53 for post 3', 53);
INSERT INTO write_comments (comment, post_id) VALUES ('Comment 54 for post 3', 54);
INSERT INTO read_comments (comment, post_id) VALUES ('Comment 54 for post 3', 54);
INSERT INTO write_comments (comment, post_id) VALUES ('Comment 55 for post 3', 55);
INSERT INTO read_comments (comment, post_id) VALUES ('Comment 55 for post 3', 55);
INSERT INTO write_comments (comment, post_id) VALUES ('Comment 56 for post 3', 56);
INSERT INTO read_comments (comment, post_id) VALUES ('Comment 56 for post 3', 56);
INSERT INTO write_comments (comment, post_id) VALUES ('Comment 57 for post 3', 57);
INSERT INTO read_comments (comment, post_id) VALUES ('Comment 57 for post 3', 57);
INSERT INTO write_comments (comment, post_id) VALUES ('Comment 58 for post 3', 58);
INSERT INTO read_comments (comment, post_id) VALUES ('Comment 58 for post 3', 58);
INSERT INTO write_comments (comment, post_id) VALUES ('Comment 59 for post 3', 59);
INSERT INTO read_comments (comment, post_id) VALUES ('Comment 59 for post 3', 59);
INSERT INTO write_comments (comment, post_id) VALUES ('Comment 60 for post 3', 60);
INSERT INTO read_comments (comment, post_id) VALUES ('Comment 60 for post 3', 60);
INSERT INTO write_comments (comment, post_id) VALUES ('Comment 61 for post 3', 61);
INSERT INTO read_comments (comment, post_id) VALUES ('Comment 61 for post 3', 61);
INSERT INTO write_comments (comment, post_id) VALUES ('Comment 62 for post 3', 62);
INSERT INTO read_comments (comment, post_id) VALUES ('Comment 62 for post 3', 62);
INSERT INTO write_comments (comment, post_id) VALUES ('Comment 63 for post 3', 63);
INSERT INTO read_comments (comment, post_id) VALUES ('Comment 63 for post 3', 63);
INSERT INTO write_comments (comment, post_id) VALUES ('Comment 64 for post 3', 64);
INSERT INTO read_comments (comment, post_id) VALUES ('Comment 64 for post 3', 64);
INSERT INTO write_comments (comment, post_id) VALUES ('Comment 65 for post 3', 65);
INSERT INTO read_comments (comment, post_id) VALUES ('Comment 65 for post 3', 65);
INSERT INTO write_comments (comment, post_id) VALUES ('Comment 66 for post 3', 66);
INSERT INTO read_comments (comment, post_id) VALUES ('Comment 66 for post 3', 66);
INSERT INTO write_comments (comment, post_id) VALUES ('Comment 67 for post 3', 67);
INSERT INTO read_comments (comment, post_id) VALUES ('Comment 67 for post 3', 67);
INSERT INTO write_comments (comment, post_id) VALUES ('Comment 68 for post 3', 68);
INSERT INTO read_comments (comment, post_id) VALUES ('Comment 68 for post 3', 68);
INSERT INTO write_comments (comment, post_id) VALUES ('Comment 69 for post 3', 69);
INSERT INTO read_comments (comment, post_id) VALUES ('Comment 69 for post 3', 69);
INSERT INTO write_comments (comment, post_id) VALUES ('Comment 70 for post 3', 70);
INSERT INTO read_comments (comment, post_id) VALUES ('Comment 70 for post 3', 70);
INSERT INTO write_comments (comment, post_id) VALUES ('Comment 71 for post 3', 71);
INSERT INTO read_comments (comment, post_id) VALUES ('Comment 71 for post 3', 71);
INSERT INTO write_comments (comment, post_id) VALUES ('Comment 72 for post 3', 72);
INSERT INTO read_comments (comment, post_id) VALUES ('Comment 72 for post 3', 72);
INSERT INTO write_comments (comment, post_id) VALUES ('Comment 73 for post 3', 73);
INSERT INTO read_comments (comment, post_id) VALUES ('Comment 73 for post 3', 73);
INSERT INTO write_comments (comment, post_id) VALUES ('Comment 74 for post 3', 74);
INSERT INTO read_comments (comment, post_id) VALUES ('Comment 74 for post 3', 74);
INSERT INTO write_comments (comment, post_id) VALUES ('Comment 75 for post 3', 75);
INSERT INTO read_comments (comment, post_id) VALUES ('Comment 75 for post 3', 75);
INSERT INTO write_comments (comment, post_id) VALUES ('Comment 76 for post 3', 76);
INSERT INTO read_comments (comment, post_id) VALUES ('Comment 76 for post 3', 76);
INSERT INTO write_comments (comment, post_id) VALUES ('Comment 77 for post 3', 77);
INSERT INTO read_comments (comment, post_id) VALUES ('Comment 77 for post 3', 77);
INSERT INTO write_comments (comment, post_id) VALUES ('Comment 78 for post 3', 78);
INSERT INTO read_comments (comment, post_id) VALUES ('Comment 78 for post 3', 78);
INSERT INTO write_comments (comment, post_id) VALUES ('Comment 79 for post 3', 79);
INSERT INTO read_comments (comment, post_id) VALUES ('Comment 79 for post 3', 79);
INSERT INTO write_comments (comment, post_id) VALUES ('Comment 80 for post 3', 80);
INSERT INTO read_comments (comment, post_id) VALUES ('Comment 80 for post 3', 80);
INSERT INTO write_comments (comment, post_id) VALUES ('Comment 81 for post 3', 81);
INSERT INTO read_comments (comment, post_id) VALUES ('Comment 81 for post 3', 81);
INSERT INTO write_comments (comment, post_id) VALUES ('Comment 82 for post 3', 82);
INSERT INTO read_comments (comment, post_id) VALUES ('Comment 82 for post 3', 82);
INSERT INTO write_comments (comment, post_id) VALUES ('Comment 83 for post 3', 83);
INSERT INTO read_comments (comment, post_id) VALUES ('Comment 83 for post 3', 83);
INSERT INTO write_comments (comment, post_id) VALUES ('Comment 84 for post 3', 84);
INSERT INTO read_comments (comment, post_id) VALUES ('Comment 84 for post 3', 84);
INSERT INTO write_comments (comment, post_id) VALUES ('Comment 85 for post 3', 85);
INSERT INTO read_comments (comment, post_id) VALUES ('Comment 85 for post 3', 85);
INSERT INTO write_comments (comment, post_id) VALUES ('Comment 86 for post 3', 86);
INSERT INTO read_comments (comment, post_id) VALUES ('Comment 86 for post 3', 86);
INSERT INTO write_comments (comment, post_id) VALUES ('Comment 87 for post 3', 87);
INSERT INTO read_comments (comment, post_id) VALUES ('Comment 87 for post 3', 87);
INSERT INTO write_comments (comment, post_id) VALUES ('Comment 88 for post 3', 88);
INSERT INTO read_comments (comment, post_id) VALUES ('Comment 88 for post 3', 88);
INSERT INTO write_comments (comment, post_id) VALUES ('Comment 89 for post 3', 89);
INSERT INTO read_comments (comment, post_id) VALUES ('Comment 89 for post 3', 89);
INSERT INTO write_comments (comment, post_id) VALUES ('Comment 90 for post 3', 90);
INSERT INTO read_comments (comment, post_id) VALUES ('Comment 90 for post 3', 90);
INSERT INTO write_comments (comment, post_id) VALUES ('Comment 91 for post 3', 91);
INSERT INTO read_comments (comment, post_id) VALUES ('Comment 91 for post 3', 91);
INSERT INTO write_comments (comment, post_id) VALUES ('Comment 92 for post 3', 92);
INSERT INTO read_comments (comment, post_id) VALUES ('Comment 92 for post 3', 92);
INSERT INTO write_comments (comment, post_id) VALUES ('Comment 93 for post 3', 93);
INSERT INTO read_comments (comment, post_id) VALUES ('Comment 93 for post 3', 93);
INSERT INTO write_comments (comment, post_id) VALUES ('Comment 94 for post 3', 94);
INSERT INTO read_comments (comment, post_id) VALUES ('Comment 94 for post 3', 94);
INSERT INTO write_comments (comment, post_id) VALUES ('Comment 95 for post 3', 95);
INSERT INTO read_comments (comment, post_id) VALUES ('Comment 95 for post 3', 95);
INSERT INTO write_comments (comment, post_id) VALUES ('Comment 96 for post 3', 96);
INSERT INTO read_comments (comment, post_id) VALUES ('Comment 96 for post 3', 96);
INSERT INTO write_comments (comment, post_id) VALUES ('Comment 97 for post 3', 97);
INSERT INTO read_comments (comment, post_id) VALUES ('Comment 97 for post 3', 97);
INSERT INTO write_comments (comment, post_id) VALUES ('Comment 98 for post 3', 98);
INSERT INTO read_comments (comment, post_id) VALUES ('Comment 98 for post 3', 98);
INSERT INTO write_comments (comment, post_id) VALUES ('Comment 99 for post 3', 99);
INSERT INTO read_comments (comment, post_id) VALUES ('Comment 99 for post 3', 99);
INSERT INTO write_comments (comment, post_id) VALUES ('Comment 100 for post 3', 100);
INSERT INTO read_comments (comment, post_id) VALUES ('Comment 100 for post 3', 100);
INSERT INTO write_comments (comment, post_id) VALUES ('Comment 1 for post 4', 1);
INSERT INTO read_comments (comment, post_id) VALUES ('Comment 1 for post 4', 1);
INSERT INTO write_comments (comment, post_id) VALUES ('Comment 2 for post 4', 2);
INSERT INTO read_comments (comment, post_id) VALUES ('Comment 2 for post 4', 2);
INSERT INTO write_comments (comment, post_id) VALUES ('Comment 3 for post 4', 3);
INSERT INTO read_comments (comment, post_id) VALUES ('Comment 3 for post 4', 3);
INSERT INTO write_comments (comment, post_id) VALUES ('Comment 4 for post 4', 4);
INSERT INTO read_comments (comment, post_id) VALUES ('Comment 4 for post 4', 4);
INSERT INTO write_comments (comment, post_id) VALUES ('Comment 5 for post 4', 5);
INSERT INTO read_comments (comment, post_id) VALUES ('Comment 5 for post 4', 5);
INSERT INTO write_comments (comment, post_id) VALUES ('Comment 6 for post 4', 6);
INSERT INTO read_comments (comment, post_id) VALUES ('Comment 6 for post 4', 6);
INSERT INTO write_comments (comment, post_id) VALUES ('Comment 7 for post 4', 7);
INSERT INTO read_comments (comment, post_id) VALUES ('Comment 7 for post 4', 7);
INSERT INTO write_comments (comment, post_id) VALUES ('Comment 8 for post 4', 8);
INSERT INTO read_comments (comment, post_id) VALUES ('Comment 8 for post 4', 8);
INSERT INTO write_comments (comment, post_id) VALUES ('Comment 9 for post 4', 9);
INSERT INTO read_comments (comment, post_id) VALUES ('Comment 9 for post 4', 9);
INSERT INTO write_comments (comment, post_id) VALUES ('Comment 10 for post 4', 10);
INSERT INTO read_comments (comment, post_id) VALUES ('Comment 10 for post 4', 10);
INSERT INTO write_comments (comment, post_id) VALUES ('Comment 11 for post 4', 11);
INSERT INTO read_comments (comment, post_id) VALUES ('Comment 11 for post 4', 11);
INSERT INTO write_comments (comment, post_id) VALUES ('Comment 12 for post 4', 12);
INSERT INTO read_comments (comment, post_id) VALUES ('Comment 12 for post 4', 12);
INSERT INTO write_comments (comment, post_id) VALUES ('Comment 13 for post 4', 13);
INSERT INTO read_comments (comment, post_id) VALUES ('Comment 13 for post 4', 13);
INSERT INTO write_comments (comment, post_id) VALUES ('Comment 14 for post 4', 14);
INSERT INTO read_comments (comment, post_id) VALUES ('Comment 14 for post 4', 14);
INSERT INTO write_comments (comment, post_id) VALUES ('Comment 15 for post 4', 15);
INSERT INTO read_comments (comment, post_id) VALUES ('Comment 15 for post 4', 15);
INSERT INTO write_comments (comment, post_id) VALUES ('Comment 16 for post 4', 16);
INSERT INTO read_comments (comment, post_id) VALUES ('Comment 16 for post 4', 16);
INSERT INTO write_comments (comment, post_id) VALUES ('Comment 17 for post 4', 17);
INSERT INTO read_comments (comment, post_id) VALUES ('Comment 17 for post 4', 17);
INSERT INTO write_comments (comment, post_id) VALUES ('Comment 18 for post 4', 18);
INSERT INTO read_comments (comment, post_id) VALUES ('Comment 18 for post 4', 18);
INSERT INTO write_comments (comment, post_id) VALUES ('Comment 19 for post 4', 19);
INSERT INTO read_comments (comment, post_id) VALUES ('Comment 19 for post 4', 19);
INSERT INTO write_comments (comment, post_id) VALUES ('Comment 20 for post 4', 20);
INSERT INTO read_comments (comment, post_id) VALUES ('Comment 20 for post 4', 20);
INSERT INTO write_comments (comment, post_id) VALUES ('Comment 21 for post 4', 21);
INSERT INTO read_comments (comment, post_id) VALUES ('Comment 21 for post 4', 21);
INSERT INTO write_comments (comment, post_id) VALUES ('Comment 22 for post 4', 22);
INSERT INTO read_comments (comment, post_id) VALUES ('Comment 22 for post 4', 22);
INSERT INTO write_comments (comment, post_id) VALUES ('Comment 23 for post 4', 23);
INSERT INTO read_comments (comment, post_id) VALUES ('Comment 23 for post 4', 23);
INSERT INTO write_comments (comment, post_id) VALUES ('Comment 24 for post 4', 24);
INSERT INTO read_comments (comment, post_id) VALUES ('Comment 24 for post 4', 24);
INSERT INTO write_comments (comment, post_id) VALUES ('Comment 25 for post 4', 25);
INSERT INTO read_comments (comment, post_id) VALUES ('Comment 25 for post 4', 25);
INSERT INTO write_comments (comment, post_id) VALUES ('Comment 26 for post 4', 26);
INSERT INTO read_comments (comment, post_id) VALUES ('Comment 26 for post 4', 26);
INSERT INTO write_comments (comment, post_id) VALUES ('Comment 27 for post 4', 27);
INSERT INTO read_comments (comment, post_id) VALUES ('Comment 27 for post 4', 27);
INSERT INTO write_comments (comment, post_id) VALUES ('Comment 28 for post 4', 28);
INSERT INTO read_comments (comment, post_id) VALUES ('Comment 28 for post 4', 28);
INSERT INTO write_comments (comment, post_id) VALUES ('Comment 29 for post 4', 29);
INSERT INTO read_comments (comment, post_id) VALUES ('Comment 29 for post 4', 29);
INSERT INTO write_comments (comment, post_id) VALUES ('Comment 30 for post 4', 30);
INSERT INTO read_comments (comment, post_id) VALUES ('Comment 30 for post 4', 30);
INSERT INTO write_comments (comment, post_id) VALUES ('Comment 31 for post 4', 31);
INSERT INTO read_comments (comment, post_id) VALUES ('Comment 31 for post 4', 31);
INSERT INTO write_comments (comment, post_id) VALUES ('Comment 32 for post 4', 32);
INSERT INTO read_comments (comment, post_id) VALUES ('Comment 32 for post 4', 32);
INSERT INTO write_comments (comment, post_id) VALUES ('Comment 33 for post 4', 33);
INSERT INTO read_comments (comment, post_id) VALUES ('Comment 33 for post 4', 33);
INSERT INTO write_comments (comment, post_id) VALUES ('Comment 34 for post 4', 34);
INSERT INTO read_comments (comment, post_id) VALUES ('Comment 34 for post 4', 34);
INSERT INTO write_comments (comment, post_id) VALUES ('Comment 35 for post 4', 35);
INSERT INTO read_comments (comment, post_id) VALUES ('Comment 35 for post 4', 35);
INSERT INTO write_comments (comment, post_id) VALUES ('Comment 36 for post 4', 36);
INSERT INTO read_comments (comment, post_id) VALUES ('Comment 36 for post 4', 36);
INSERT INTO write_comments (comment, post_id) VALUES ('Comment 37 for post 4', 37);
INSERT INTO read_comments (comment, post_id) VALUES ('Comment 37 for post 4', 37);
INSERT INTO write_comments (comment, post_id) VALUES ('Comment 38 for post 4', 38);
INSERT INTO read_comments (comment, post_id) VALUES ('Comment 38 for post 4', 38);
INSERT INTO write_comments (comment, post_id) VALUES ('Comment 39 for post 4', 39);
INSERT INTO read_comments (comment, post_id) VALUES ('Comment 39 for post 4', 39);
INSERT INTO write_comments (comment, post_id) VALUES ('Comment 40 for post 4', 40);
INSERT INTO read_comments (comment, post_id) VALUES ('Comment 40 for post 4', 40);
INSERT INTO write_comments (comment, post_id) VALUES ('Comment 41 for post 4', 41);
INSERT INTO read_comments (comment, post_id) VALUES ('Comment 41 for post 4', 41);
INSERT INTO write_comments (comment, post_id) VALUES ('Comment 42 for post 4', 42);
INSERT INTO read_comments (comment, post_id) VALUES ('Comment 42 for post 4', 42);
INSERT INTO write_comments (comment, post_id) VALUES ('Comment 43 for post 4', 43);
INSERT INTO read_comments (comment, post_id) VALUES ('Comment 43 for post 4', 43);
INSERT INTO write_comments (comment, post_id) VALUES ('Comment 44 for post 4', 44);
INSERT INTO read_comments (comment, post_id) VALUES ('Comment 44 for post 4', 44);
INSERT INTO write_comments (comment, post_id) VALUES ('Comment 45 for post 4', 45);
INSERT INTO read_comments (comment, post_id) VALUES ('Comment 45 for post 4', 45);
INSERT INTO write_comments (comment, post_id) VALUES ('Comment 46 for post 4', 46);
INSERT INTO read_comments (comment, post_id) VALUES ('Comment 46 for post 4', 46);
INSERT INTO write_comments (comment, post_id) VALUES ('Comment 47 for post 4', 47);
INSERT INTO read_comments (comment, post_id) VALUES ('Comment 47 for post 4', 47);
INSERT INTO write_comments (comment, post_id) VALUES ('Comment 48 for post 4', 48);
INSERT INTO read_comments (comment, post_id) VALUES ('Comment 48 for post 4', 48);
INSERT INTO write_comments (comment, post_id) VALUES ('Comment 49 for post 4', 49);
INSERT INTO read_comments (comment, post_id) VALUES ('Comment 49 for post 4', 49);
INSERT INTO write_comments (comment, post_id) VALUES ('Comment 50 for post 4', 50);
INSERT INTO read_comments (comment, post_id) VALUES ('Comment 50 for post 4', 50);
INSERT INTO write_comments (comment, post_id) VALUES ('Comment 51 for post 4', 51);
INSERT INTO read_comments (comment, post_id) VALUES ('Comment 51 for post 4', 51);
INSERT INTO write_comments (comment, post_id) VALUES ('Comment 52 for post 4', 52);
INSERT INTO read_comments (comment, post_id) VALUES ('Comment 52 for post 4', 52);
INSERT INTO write_comments (comment, post_id) VALUES ('Comment 53 for post 4', 53);
INSERT INTO read_comments (comment, post_id) VALUES ('Comment 53 for post 4', 53);
INSERT INTO write_comments (comment, post_id) VALUES ('Comment 54 for post 4', 54);
INSERT INTO read_comments (comment, post_id) VALUES ('Comment 54 for post 4', 54);
INSERT INTO write_comments (comment, post_id) VALUES ('Comment 55 for post 4', 55);
INSERT INTO read_comments (comment, post_id) VALUES ('Comment 55 for post 4', 55);
INSERT INTO write_comments (comment, post_id) VALUES ('Comment 56 for post 4', 56);
INSERT INTO read_comments (comment, post_id) VALUES ('Comment 56 for post 4', 56);
INSERT INTO write_comments (comment, post_id) VALUES ('Comment 57 for post 4', 57);
INSERT INTO read_comments (comment, post_id) VALUES ('Comment 57 for post 4', 57);
INSERT INTO write_comments (comment, post_id) VALUES ('Comment 58 for post 4', 58);
INSERT INTO read_comments (comment, post_id) VALUES ('Comment 58 for post 4', 58);
INSERT INTO write_comments (comment, post_id) VALUES ('Comment 59 for post 4', 59);
INSERT INTO read_comments (comment, post_id) VALUES ('Comment 59 for post 4', 59);
INSERT INTO write_comments (comment, post_id) VALUES ('Comment 60 for post 4', 60);
INSERT INTO read_comments (comment, post_id) VALUES ('Comment 60 for post 4', 60);
INSERT INTO write_comments (comment, post_id) VALUES ('Comment 61 for post 4', 61);
INSERT INTO read_comments (comment, post_id) VALUES ('Comment 61 for post 4', 61);
INSERT INTO write_comments (comment, post_id) VALUES ('Comment 62 for post 4', 62);
INSERT INTO read_comments (comment, post_id) VALUES ('Comment 62 for post 4', 62);
INSERT INTO write_comments (comment, post_id) VALUES ('Comment 63 for post 4', 63);
INSERT INTO read_comments (comment, post_id) VALUES ('Comment 63 for post 4', 63);
INSERT INTO write_comments (comment, post_id) VALUES ('Comment 64 for post 4', 64);
INSERT INTO read_comments (comment, post_id) VALUES ('Comment 64 for post 4', 64);
INSERT INTO write_comments (comment, post_id) VALUES ('Comment 65 for post 4', 65);
INSERT INTO read_comments (comment, post_id) VALUES ('Comment 65 for post 4', 65);
INSERT INTO write_comments (comment, post_id) VALUES ('Comment 66 for post 4', 66);
INSERT INTO read_comments (comment, post_id) VALUES ('Comment 66 for post 4', 66);
INSERT INTO write_comments (comment, post_id) VALUES ('Comment 67 for post 4', 67);
INSERT INTO read_comments (comment, post_id) VALUES ('Comment 67 for post 4', 67);
INSERT INTO write_comments (comment, post_id) VALUES ('Comment 68 for post 4', 68);
INSERT INTO read_comments (comment, post_id) VALUES ('Comment 68 for post 4', 68);
INSERT INTO write_comments (comment, post_id) VALUES ('Comment 69 for post 4', 69);
INSERT INTO read_comments (comment, post_id) VALUES ('Comment 69 for post 4', 69);
INSERT INTO write_comments (comment, post_id) VALUES ('Comment 70 for post 4', 70);
INSERT INTO read_comments (comment, post_id) VALUES ('Comment 70 for post 4', 70);
INSERT INTO write_comments (comment, post_id) VALUES ('Comment 71 for post 4', 71);
INSERT INTO read_comments (comment, post_id) VALUES ('Comment 71 for post 4', 71);
INSERT INTO write_comments (comment, post_id) VALUES ('Comment 72 for post 4', 72);
INSERT INTO read_comments (comment, post_id) VALUES ('Comment 72 for post 4', 72);
INSERT INTO write_comments (comment, post_id) VALUES ('Comment 73 for post 4', 73);
INSERT INTO read_comments (comment, post_id) VALUES ('Comment 73 for post 4', 73);
INSERT INTO write_comments (comment, post_id) VALUES ('Comment 74 for post 4', 74);
INSERT INTO read_comments (comment, post_id) VALUES ('Comment 74 for post 4', 74);
INSERT INTO write_comments (comment, post_id) VALUES ('Comment 75 for post 4', 75);
INSERT INTO read_comments (comment, post_id) VALUES ('Comment 75 for post 4', 75);
INSERT INTO write_comments (comment, post_id) VALUES ('Comment 76 for post 4', 76);
INSERT INTO read_comments (comment, post_id) VALUES ('Comment 76 for post 4', 76);
INSERT INTO write_comments (comment, post_id) VALUES ('Comment 77 for post 4', 77);
INSERT INTO read_comments (comment, post_id) VALUES ('Comment 77 for post 4', 77);
INSERT INTO write_comments (comment, post_id) VALUES ('Comment 78 for post 4', 78);
INSERT INTO read_comments (comment, post_id) VALUES ('Comment 78 for post 4', 78);
INSERT INTO write_comments (comment, post_id) VALUES ('Comment 79 for post 4', 79);
INSERT INTO read_comments (comment, post_id) VALUES ('Comment 79 for post 4', 79);
INSERT INTO write_comments (comment, post_id) VALUES ('Comment 80 for post 4', 80);
INSERT INTO read_comments (comment, post_id) VALUES ('Comment 80 for post 4', 80);
INSERT INTO write_comments (comment, post_id) VALUES ('Comment 81 for post 4', 81);
INSERT INTO read_comments (comment, post_id) VALUES ('Comment 81 for post 4', 81);
INSERT INTO write_comments (comment, post_id) VALUES ('Comment 82 for post 4', 82);
INSERT INTO read_comments (comment, post_id) VALUES ('Comment 82 for post 4', 82);
INSERT INTO write_comments (comment, post_id) VALUES ('Comment 83 for post 4', 83);
INSERT INTO read_comments (comment, post_id) VALUES ('Comment 83 for post 4', 83);
INSERT INTO write_comments (comment, post_id) VALUES ('Comment 84 for post 4', 84);
INSERT INTO read_comments (comment, post_id) VALUES ('Comment 84 for post 4', 84);
INSERT INTO write_comments (comment, post_id) VALUES ('Comment 85 for post 4', 85);
INSERT INTO read_comments (comment, post_id) VALUES ('Comment 85 for post 4', 85);
INSERT INTO write_comments (comment, post_id) VALUES ('Comment 86 for post 4', 86);
INSERT INTO read_comments (comment, post_id) VALUES ('Comment 86 for post 4', 86);
INSERT INTO write_comments (comment, post_id) VALUES ('Comment 87 for post 4', 87);
INSERT INTO read_comments (comment, post_id) VALUES ('Comment 87 for post 4', 87);
INSERT INTO write_comments (comment, post_id) VALUES ('Comment 88 for post 4', 88);
INSERT INTO read_comments (comment, post_id) VALUES ('Comment 88 for post 4', 88);
INSERT INTO write_comments (comment, post_id) VALUES ('Comment 89 for post 4', 89);
INSERT INTO read_comments (comment, post_id) VALUES ('Comment 89 for post 4', 89);
INSERT INTO write_comments (comment, post_id) VALUES ('Comment 90 for post 4', 90);
INSERT INTO read_comments (comment, post_id) VALUES ('Comment 90 for post 4', 90);
INSERT INTO write_comments (comment, post_id) VALUES ('Comment 91 for post 4', 91);
INSERT INTO read_comments (comment, post_id) VALUES ('Comment 91 for post 4', 91);
INSERT INTO write_comments (comment, post_id) VALUES ('Comment 92 for post 4', 92);
INSERT INTO read_comments (comment, post_id) VALUES ('Comment 92 for post 4', 92);
INSERT INTO write_comments (comment, post_id) VALUES ('Comment 93 for post 4', 93);
INSERT INTO read_comments (comment, post_id) VALUES ('Comment 93 for post 4', 93);
INSERT INTO write_comments (comment, post_id) VALUES ('Comment 94 for post 4', 94);
INSERT INTO read_comments (comment, post_id) VALUES ('Comment 94 for post 4', 94);
INSERT INTO write_comments (comment, post_id) VALUES ('Comment 95 for post 4', 95);
INSERT INTO read_comments (comment, post_id) VALUES ('Comment 95 for post 4', 95);
INSERT INTO write_comments (comment, post_id) VALUES ('Comment 96 for post 4', 96);
INSERT INTO read_comments (comment, post_id) VALUES ('Comment 96 for post 4', 96);
INSERT INTO write_comments (comment, post_id) VALUES ('Comment 97 for post 4', 97);
INSERT INTO read_comments (comment, post_id) VALUES ('Comment 97 for post 4', 97);
INSERT INTO write_comments (comment, post_id) VALUES ('Comment 98 for post 4', 98);
INSERT INTO read_comments (comment, post_id) VALUES ('Comment 98 for post 4', 98);
INSERT INTO write_comments (comment, post_id) VALUES ('Comment 99 for post 4', 99);
INSERT INTO read_comments (comment, post_id) VALUES ('Comment 99 for post 4', 99);
INSERT INTO write_comments (comment, post_id) VALUES ('Comment 100 for post 4', 100);
INSERT INTO read_comments (comment, post_id) VALUES ('Comment 100 for post 4', 100);
INSERT INTO write_comments (comment, post_id) VALUES ('Comment 1 for post 5', 1);
INSERT INTO read_comments (comment, post_id) VALUES ('Comment 1 for post 5', 1);
INSERT INTO write_comments (comment, post_id) VALUES ('Comment 2 for post 5', 2);
INSERT INTO read_comments (comment, post_id) VALUES ('Comment 2 for post 5', 2);
INSERT INTO write_comments (comment, post_id) VALUES ('Comment 3 for post 5', 3);
INSERT INTO read_comments (comment, post_id) VALUES ('Comment 3 for post 5', 3);
INSERT INTO write_comments (comment, post_id) VALUES ('Comment 4 for post 5', 4);
INSERT INTO read_comments (comment, post_id) VALUES ('Comment 4 for post 5', 4);
INSERT INTO write_comments (comment, post_id) VALUES ('Comment 5 for post 5', 5);
INSERT INTO read_comments (comment, post_id) VALUES ('Comment 5 for post 5', 5);
INSERT INTO write_comments (comment, post_id) VALUES ('Comment 6 for post 5', 6);
INSERT INTO read_comments (comment, post_id) VALUES ('Comment 6 for post 5', 6);
INSERT INTO write_comments (comment, post_id) VALUES ('Comment 7 for post 5', 7);
INSERT INTO read_comments (comment, post_id) VALUES ('Comment 7 for post 5', 7);
INSERT INTO write_comments (comment, post_id) VALUES ('Comment 8 for post 5', 8);
INSERT INTO read_comments (comment, post_id) VALUES ('Comment 8 for post 5', 8);
INSERT INTO write_comments (comment, post_id) VALUES ('Comment 9 for post 5', 9);
INSERT INTO read_comments (comment, post_id) VALUES ('Comment 9 for post 5', 9);
INSERT INTO write_comments (comment, post_id) VALUES ('Comment 10 for post 5', 10);
INSERT INTO read_comments (comment, post_id) VALUES ('Comment 10 for post 5', 10);
INSERT INTO write_comments (comment, post_id) VALUES ('Comment 11 for post 5', 11);
INSERT INTO read_comments (comment, post_id) VALUES ('Comment 11 for post 5', 11);
INSERT INTO write_comments (comment, post_id) VALUES ('Comment 12 for post 5', 12);
INSERT INTO read_comments (comment, post_id) VALUES ('Comment 12 for post 5', 12);
INSERT INTO write_comments (comment, post_id) VALUES ('Comment 13 for post 5', 13);
INSERT INTO read_comments (comment, post_id) VALUES ('Comment 13 for post 5', 13);
INSERT INTO write_comments (comment, post_id) VALUES ('Comment 14 for post 5', 14);
INSERT INTO read_comments (comment, post_id) VALUES ('Comment 14 for post 5', 14);
INSERT INTO write_comments (comment, post_id) VALUES ('Comment 15 for post 5', 15);
INSERT INTO read_comments (comment, post_id) VALUES ('Comment 15 for post 5', 15);
INSERT INTO write_comments (comment, post_id) VALUES ('Comment 16 for post 5', 16);
INSERT INTO read_comments (comment, post_id) VALUES ('Comment 16 for post 5', 16);
INSERT INTO write_comments (comment, post_id) VALUES ('Comment 17 for post 5', 17);
INSERT INTO read_comments (comment, post_id) VALUES ('Comment 17 for post 5', 17);
INSERT INTO write_comments (comment, post_id) VALUES ('Comment 18 for post 5', 18);
INSERT INTO read_comments (comment, post_id) VALUES ('Comment 18 for post 5', 18);
INSERT INTO write_comments (comment, post_id) VALUES ('Comment 19 for post 5', 19);
INSERT INTO read_comments (comment, post_id) VALUES ('Comment 19 for post 5', 19);
INSERT INTO write_comments (comment, post_id) VALUES ('Comment 20 for post 5', 20);
INSERT INTO read_comments (comment, post_id) VALUES ('Comment 20 for post 5', 20);
INSERT INTO write_comments (comment, post_id) VALUES ('Comment 21 for post 5', 21);
INSERT INTO read_comments (comment, post_id) VALUES ('Comment 21 for post 5', 21);
INSERT INTO write_comments (comment, post_id) VALUES ('Comment 22 for post 5', 22);
INSERT INTO read_comments (comment, post_id) VALUES ('Comment 22 for post 5', 22);
INSERT INTO write_comments (comment, post_id) VALUES ('Comment 23 for post 5', 23);
INSERT INTO read_comments (comment, post_id) VALUES ('Comment 23 for post 5', 23);
INSERT INTO write_comments (comment, post_id) VALUES ('Comment 24 for post 5', 24);
INSERT INTO read_comments (comment, post_id) VALUES ('Comment 24 for post 5', 24);
INSERT INTO write_comments (comment, post_id) VALUES ('Comment 25 for post 5', 25);
INSERT INTO read_comments (comment, post_id) VALUES ('Comment 25 for post 5', 25);
INSERT INTO write_comments (comment, post_id) VALUES ('Comment 26 for post 5', 26);
INSERT INTO read_comments (comment, post_id) VALUES ('Comment 26 for post 5', 26);
INSERT INTO write_comments (comment, post_id) VALUES ('Comment 27 for post 5', 27);
INSERT INTO read_comments (comment, post_id) VALUES ('Comment 27 for post 5', 27);
INSERT INTO write_comments (comment, post_id) VALUES ('Comment 28 for post 5', 28);
INSERT INTO read_comments (comment, post_id) VALUES ('Comment 28 for post 5', 28);
INSERT INTO write_comments (comment, post_id) VALUES ('Comment 29 for post 5', 29);
INSERT INTO read_comments (comment, post_id) VALUES ('Comment 29 for post 5', 29);
INSERT INTO write_comments (comment, post_id) VALUES ('Comment 30 for post 5', 30);
INSERT INTO read_comments (comment, post_id) VALUES ('Comment 30 for post 5', 30);
INSERT INTO write_comments (comment, post_id) VALUES ('Comment 31 for post 5', 31);
INSERT INTO read_comments (comment, post_id) VALUES ('Comment 31 for post 5', 31);
INSERT INTO write_comments (comment, post_id) VALUES ('Comment 32 for post 5', 32);
INSERT INTO read_comments (comment, post_id) VALUES ('Comment 32 for post 5', 32);
INSERT INTO write_comments (comment, post_id) VALUES ('Comment 33 for post 5', 33);
INSERT INTO read_comments (comment, post_id) VALUES ('Comment 33 for post 5', 33);
INSERT INTO write_comments (comment, post_id) VALUES ('Comment 34 for post 5', 34);
INSERT INTO read_comments (comment, post_id) VALUES ('Comment 34 for post 5', 34);
INSERT INTO write_comments (comment, post_id) VALUES ('Comment 35 for post 5', 35);
INSERT INTO read_comments (comment, post_id) VALUES ('Comment 35 for post 5', 35);
INSERT INTO write_comments (comment, post_id) VALUES ('Comment 36 for post 5', 36);
INSERT INTO read_comments (comment, post_id) VALUES ('Comment 36 for post 5', 36);
INSERT INTO write_comments (comment, post_id) VALUES ('Comment 37 for post 5', 37);
INSERT INTO read_comments (comment, post_id) VALUES ('Comment 37 for post 5', 37);
INSERT INTO write_comments (comment, post_id) VALUES ('Comment 38 for post 5', 38);
INSERT INTO read_comments (comment, post_id) VALUES ('Comment 38 for post 5', 38);
INSERT INTO write_comments (comment, post_id) VALUES ('Comment 39 for post 5', 39);
INSERT INTO read_comments (comment, post_id) VALUES ('Comment 39 for post 5', 39);
INSERT INTO write_comments (comment, post_id) VALUES ('Comment 40 for post 5', 40);
INSERT INTO read_comments (comment, post_id) VALUES ('Comment 40 for post 5', 40);
INSERT INTO write_comments (comment, post_id) VALUES ('Comment 41 for post 5', 41);
INSERT INTO read_comments (comment, post_id) VALUES ('Comment 41 for post 5', 41);
INSERT INTO write_comments (comment, post_id) VALUES ('Comment 42 for post 5', 42);
INSERT INTO read_comments (comment, post_id) VALUES ('Comment 42 for post 5', 42);
INSERT INTO write_comments (comment, post_id) VALUES ('Comment 43 for post 5', 43);
INSERT INTO read_comments (comment, post_id) VALUES ('Comment 43 for post 5', 43);
INSERT INTO write_comments (comment, post_id) VALUES ('Comment 44 for post 5', 44);
INSERT INTO read_comments (comment, post_id) VALUES ('Comment 44 for post 5', 44);
INSERT INTO write_comments (comment, post_id) VALUES ('Comment 45 for post 5', 45);
INSERT INTO read_comments (comment, post_id) VALUES ('Comment 45 for post 5', 45);
INSERT INTO write_comments (comment, post_id) VALUES ('Comment 46 for post 5', 46);
INSERT INTO read_comments (comment, post_id) VALUES ('Comment 46 for post 5', 46);
INSERT INTO write_comments (comment, post_id) VALUES ('Comment 47 for post 5', 47);
INSERT INTO read_comments (comment, post_id) VALUES ('Comment 47 for post 5', 47);
INSERT INTO write_comments (comment, post_id) VALUES ('Comment 48 for post 5', 48);
INSERT INTO read_comments (comment, post_id) VALUES ('Comment 48 for post 5', 48);
INSERT INTO write_comments (comment, post_id) VALUES ('Comment 49 for post 5', 49);
INSERT INTO read_comments (comment, post_id) VALUES ('Comment 49 for post 5', 49);
INSERT INTO write_comments (comment, post_id) VALUES ('Comment 50 for post 5', 50);
INSERT INTO read_comments (comment, post_id) VALUES ('Comment 50 for post 5', 50);
INSERT INTO write_comments (comment, post_id) VALUES ('Comment 51 for post 5', 51);
INSERT INTO read_comments (comment, post_id) VALUES ('Comment 51 for post 5', 51);
INSERT INTO write_comments (comment, post_id) VALUES ('Comment 52 for post 5', 52);
INSERT INTO read_comments (comment, post_id) VALUES ('Comment 52 for post 5', 52);
INSERT INTO write_comments (comment, post_id) VALUES ('Comment 53 for post 5', 53);
INSERT INTO read_comments (comment, post_id) VALUES ('Comment 53 for post 5', 53);
INSERT INTO write_comments (comment, post_id) VALUES ('Comment 54 for post 5', 54);
INSERT INTO read_comments (comment, post_id) VALUES ('Comment 54 for post 5', 54);
INSERT INTO write_comments (comment, post_id) VALUES ('Comment 55 for post 5', 55);
INSERT INTO read_comments (comment, post_id) VALUES ('Comment 55 for post 5', 55);
INSERT INTO write_comments (comment, post_id) VALUES ('Comment 56 for post 5', 56);
INSERT INTO read_comments (comment, post_id) VALUES ('Comment 56 for post 5', 56);
INSERT INTO write_comments (comment, post_id) VALUES ('Comment 57 for post 5', 57);
INSERT INTO read_comments (comment, post_id) VALUES ('Comment 57 for post 5', 57);
INSERT INTO write_comments (comment, post_id) VALUES ('Comment 58 for post 5', 58);
INSERT INTO read_comments (comment, post_id) VALUES ('Comment 58 for post 5', 58);
INSERT INTO write_comments (comment, post_id) VALUES ('Comment 59 for post 5', 59);
INSERT INTO read_comments (comment, post_id) VALUES ('Comment 59 for post 5', 59);
INSERT INTO write_comments (comment, post_id) VALUES ('Comment 60 for post 5', 60);
INSERT INTO read_comments (comment, post_id) VALUES ('Comment 60 for post 5', 60);
INSERT INTO write_comments (comment, post_id) VALUES ('Comment 61 for post 5', 61);
INSERT INTO read_comments (comment, post_id) VALUES ('Comment 61 for post 5', 61);
INSERT INTO write_comments (comment, post_id) VALUES ('Comment 62 for post 5', 62);
INSERT INTO read_comments (comment, post_id) VALUES ('Comment 62 for post 5', 62);
INSERT INTO write_comments (comment, post_id) VALUES ('Comment 63 for post 5', 63);
INSERT INTO read_comments (comment, post_id) VALUES ('Comment 63 for post 5', 63);
INSERT INTO write_comments (comment, post_id) VALUES ('Comment 64 for post 5', 64);
INSERT INTO read_comments (comment, post_id) VALUES ('Comment 64 for post 5', 64);
INSERT INTO write_comments (comment, post_id) VALUES ('Comment 65 for post 5', 65);
INSERT INTO read_comments (comment, post_id) VALUES ('Comment 65 for post 5', 65);
INSERT INTO write_comments (comment, post_id) VALUES ('Comment 66 for post 5', 66);
INSERT INTO read_comments (comment, post_id) VALUES ('Comment 66 for post 5', 66);
INSERT INTO write_comments (comment, post_id) VALUES ('Comment 67 for post 5', 67);
INSERT INTO read_comments (comment, post_id) VALUES ('Comment 67 for post 5', 67);
INSERT INTO write_comments (comment, post_id) VALUES ('Comment 68 for post 5', 68);
INSERT INTO read_comments (comment, post_id) VALUES ('Comment 68 for post 5', 68);
INSERT INTO write_comments (comment, post_id) VALUES ('Comment 69 for post 5', 69);
INSERT INTO read_comments (comment, post_id) VALUES ('Comment 69 for post 5', 69);
INSERT INTO write_comments (comment, post_id) VALUES ('Comment 70 for post 5', 70);
INSERT INTO read_comments (comment, post_id) VALUES ('Comment 70 for post 5', 70);
INSERT INTO write_comments (comment, post_id) VALUES ('Comment 71 for post 5', 71);
INSERT INTO read_comments (comment, post_id) VALUES ('Comment 71 for post 5', 71);
INSERT INTO write_comments (comment, post_id) VALUES ('Comment 72 for post 5', 72);
INSERT INTO read_comments (comment, post_id) VALUES ('Comment 72 for post 5', 72);
INSERT INTO write_comments (comment, post_id) VALUES ('Comment 73 for post 5', 73);
INSERT INTO read_comments (comment, post_id) VALUES ('Comment 73 for post 5', 73);
INSERT INTO write_comments (comment, post_id) VALUES ('Comment 74 for post 5', 74);
INSERT INTO read_comments (comment, post_id) VALUES ('Comment 74 for post 5', 74);
INSERT INTO write_comments (comment, post_id) VALUES ('Comment 75 for post 5', 75);
INSERT INTO read_comments (comment, post_id) VALUES ('Comment 75 for post 5', 75);
INSERT INTO write_comments (comment, post_id) VALUES ('Comment 76 for post 5', 76);
INSERT INTO read_comments (comment, post_id) VALUES ('Comment 76 for post 5', 76);
INSERT INTO write_comments (comment, post_id) VALUES ('Comment 77 for post 5', 77);
INSERT INTO read_comments (comment, post_id) VALUES ('Comment 77 for post 5', 77);
INSERT INTO write_comments (comment, post_id) VALUES ('Comment 78 for post 5', 78);
INSERT INTO read_comments (comment, post_id) VALUES ('Comment 78 for post 5', 78);
INSERT INTO write_comments (comment, post_id) VALUES ('Comment 79 for post 5', 79);
INSERT INTO read_comments (comment, post_id) VALUES ('Comment 79 for post 5', 79);
INSERT INTO write_comments (comment, post_id) VALUES ('Comment 80 for post 5', 80);
INSERT INTO read_comments (comment, post_id) VALUES ('Comment 80 for post 5', 80);
INSERT INTO write_comments (comment, post_id) VALUES ('Comment 81 for post 5', 81);
INSERT INTO read_comments (comment, post_id) VALUES ('Comment 81 for post 5', 81);
INSERT INTO write_comments (comment, post_id) VALUES ('Comment 82 for post 5', 82);
INSERT INTO read_comments (comment, post_id) VALUES ('Comment 82 for post 5', 82);
INSERT INTO write_comments (comment, post_id) VALUES ('Comment 83 for post 5', 83);
INSERT INTO read_comments (comment, post_id) VALUES ('Comment 83 for post 5', 83);
INSERT INTO write_comments (comment, post_id) VALUES ('Comment 84 for post 5', 84);
INSERT INTO read_comments (comment, post_id) VALUES ('Comment 84 for post 5', 84);
INSERT INTO write_comments (comment, post_id) VALUES ('Comment 85 for post 5', 85);
INSERT INTO read_comments (comment, post_id) VALUES ('Comment 85 for post 5', 85);
INSERT INTO write_comments (comment, post_id) VALUES ('Comment 86 for post 5', 86);
INSERT INTO read_comments (comment, post_id) VALUES ('Comment 86 for post 5', 86);
INSERT INTO write_comments (comment, post_id) VALUES ('Comment 87 for post 5', 87);
INSERT INTO read_comments (comment, post_id) VALUES ('Comment 87 for post 5', 87);
INSERT INTO write_comments (comment, post_id) VALUES ('Comment 88 for post 5', 88);
INSERT INTO read_comments (comment, post_id) VALUES ('Comment 88 for post 5', 88);
INSERT INTO write_comments (comment, post_id) VALUES ('Comment 89 for post 5', 89);
INSERT INTO read_comments (comment, post_id) VALUES ('Comment 89 for post 5', 89);
INSERT INTO write_comments (comment, post_id) VALUES ('Comment 90 for post 5', 90);
INSERT INTO read_comments (comment, post_id) VALUES ('Comment 90 for post 5', 90);
INSERT INTO write_comments (comment, post_id) VALUES ('Comment 91 for post 5', 91);
INSERT INTO read_comments (comment, post_id) VALUES ('Comment 91 for post 5', 91);
INSERT INTO write_comments (comment, post_id) VALUES ('Comment 92 for post 5', 92);
INSERT INTO read_comments (comment, post_id) VALUES ('Comment 92 for post 5', 92);
INSERT INTO write_comments (comment, post_id) VALUES ('Comment 93 for post 5', 93);
INSERT INTO read_comments (comment, post_id) VALUES ('Comment 93 for post 5', 93);
INSERT INTO write_comments (comment, post_id) VALUES ('Comment 94 for post 5', 94);
INSERT INTO read_comments (comment, post_id) VALUES ('Comment 94 for post 5', 94);
INSERT INTO write_comments (comment, post_id) VALUES ('Comment 95 for post 5', 95);
INSERT INTO read_comments (comment, post_id) VALUES ('Comment 95 for post 5', 95);
INSERT INTO write_comments (comment, post_id) VALUES ('Comment 96 for post 5', 96);
INSERT INTO read_comments (comment, post_id) VALUES ('Comment 96 for post 5', 96);
INSERT INTO write_comments (comment, post_id) VALUES ('Comment 97 for post 5', 97);
INSERT INTO read_comments (comment, post_id) VALUES ('Comment 97 for post 5', 97);
INSERT INTO write_comments (comment, post_id) VALUES ('Comment 98 for post 5', 98);
INSERT INTO read_comments (comment, post_id) VALUES ('Comment 98 for post 5', 98);
INSERT INTO write_comments (comment, post_id) VALUES ('Comment 99 for post 5', 99);
INSERT INTO read_comments (comment, post_id) VALUES ('Comment 99 for post 5', 99);
INSERT INTO write_comments (comment, post_id) VALUES ('Comment 100 for post 5', 100);
INSERT INTO read_comments (comment, post_id) VALUES ('Comment 100 for post 5', 100);
INSERT INTO write_comments (comment, post_id) VALUES ('Comment 1 for post 6', 1);
INSERT INTO read_comments (comment, post_id) VALUES ('Comment 1 for post 6', 1);
INSERT INTO write_comments (comment, post_id) VALUES ('Comment 2 for post 6', 2);
INSERT INTO read_comments (comment, post_id) VALUES ('Comment 2 for post 6', 2);
INSERT INTO write_comments (comment, post_id) VALUES ('Comment 3 for post 6', 3);
INSERT INTO read_comments (comment, post_id) VALUES ('Comment 3 for post 6', 3);
INSERT INTO write_comments (comment, post_id) VALUES ('Comment 4 for post 6', 4);
INSERT INTO read_comments (comment, post_id) VALUES ('Comment 4 for post 6', 4);
INSERT INTO write_comments (comment, post_id) VALUES ('Comment 5 for post 6', 5);
INSERT INTO read_comments (comment, post_id) VALUES ('Comment 5 for post 6', 5);
INSERT INTO write_comments (comment, post_id) VALUES ('Comment 6 for post 6', 6);
INSERT INTO read_comments (comment, post_id) VALUES ('Comment 6 for post 6', 6);
INSERT INTO write_comments (comment, post_id) VALUES ('Comment 7 for post 6', 7);
INSERT INTO read_comments (comment, post_id) VALUES ('Comment 7 for post 6', 7);
INSERT INTO write_comments (comment, post_id) VALUES ('Comment 8 for post 6', 8);
INSERT INTO read_comments (comment, post_id) VALUES ('Comment 8 for post 6', 8);
INSERT INTO write_comments (comment, post_id) VALUES ('Comment 9 for post 6', 9);
INSERT INTO read_comments (comment, post_id) VALUES ('Comment 9 for post 6', 9);
INSERT INTO write_comments (comment, post_id) VALUES ('Comment 10 for post 6', 10);
INSERT INTO read_comments (comment, post_id) VALUES ('Comment 10 for post 6', 10);
INSERT INTO write_comments (comment, post_id) VALUES ('Comment 11 for post 6', 11);
INSERT INTO read_comments (comment, post_id) VALUES ('Comment 11 for post 6', 11);
INSERT INTO write_comments (comment, post_id) VALUES ('Comment 12 for post 6', 12);
INSERT INTO read_comments (comment, post_id) VALUES ('Comment 12 for post 6', 12);
INSERT INTO write_comments (comment, post_id) VALUES ('Comment 13 for post 6', 13);
INSERT INTO read_comments (comment, post_id) VALUES ('Comment 13 for post 6', 13);
INSERT INTO write_comments (comment, post_id) VALUES ('Comment 14 for post 6', 14);
INSERT INTO read_comments (comment, post_id) VALUES ('Comment 14 for post 6', 14);
INSERT INTO write_comments (comment, post_id) VALUES ('Comment 15 for post 6', 15);
INSERT INTO read_comments (comment, post_id) VALUES ('Comment 15 for post 6', 15);
INSERT INTO write_comments (comment, post_id) VALUES ('Comment 16 for post 6', 16);
INSERT INTO read_comments (comment, post_id) VALUES ('Comment 16 for post 6', 16);
INSERT INTO write_comments (comment, post_id) VALUES ('Comment 17 for post 6', 17);
INSERT INTO read_comments (comment, post_id) VALUES ('Comment 17 for post 6', 17);
INSERT INTO write_comments (comment, post_id) VALUES ('Comment 18 for post 6', 18);
INSERT INTO read_comments (comment, post_id) VALUES ('Comment 18 for post 6', 18);
INSERT INTO write_comments (comment, post_id) VALUES ('Comment 19 for post 6', 19);
INSERT INTO read_comments (comment, post_id) VALUES ('Comment 19 for post 6', 19);
INSERT INTO write_comments (comment, post_id) VALUES ('Comment 20 for post 6', 20);
INSERT INTO read_comments (comment, post_id) VALUES ('Comment 20 for post 6', 20);
INSERT INTO write_comments (comment, post_id) VALUES ('Comment 21 for post 6', 21);
INSERT INTO read_comments (comment, post_id) VALUES ('Comment 21 for post 6', 21);
INSERT INTO write_comments (comment, post_id) VALUES ('Comment 22 for post 6', 22);
INSERT INTO read_comments (comment, post_id) VALUES ('Comment 22 for post 6', 22);
INSERT INTO write_comments (comment, post_id) VALUES ('Comment 23 for post 6', 23);
INSERT INTO read_comments (comment, post_id) VALUES ('Comment 23 for post 6', 23);
INSERT INTO write_comments (comment, post_id) VALUES ('Comment 24 for post 6', 24);
INSERT INTO read_comments (comment, post_id) VALUES ('Comment 24 for post 6', 24);
INSERT INTO write_comments (comment, post_id) VALUES ('Comment 25 for post 6', 25);
INSERT INTO read_comments (comment, post_id) VALUES ('Comment 25 for post 6', 25);
INSERT INTO write_comments (comment, post_id) VALUES ('Comment 26 for post 6', 26);
INSERT INTO read_comments (comment, post_id) VALUES ('Comment 26 for post 6', 26);
INSERT INTO write_comments (comment, post_id) VALUES ('Comment 27 for post 6', 27);
INSERT INTO read_comments (comment, post_id) VALUES ('Comment 27 for post 6', 27);
INSERT INTO write_comments (comment, post_id) VALUES ('Comment 28 for post 6', 28);
INSERT INTO read_comments (comment, post_id) VALUES ('Comment 28 for post 6', 28);
INSERT INTO write_comments (comment, post_id) VALUES ('Comment 29 for post 6', 29);
INSERT INTO read_comments (comment, post_id) VALUES ('Comment 29 for post 6', 29);
INSERT INTO write_comments (comment, post_id) VALUES ('Comment 30 for post 6', 30);
INSERT INTO read_comments (comment, post_id) VALUES ('Comment 30 for post 6', 30);
INSERT INTO write_comments (comment, post_id) VALUES ('Comment 31 for post 6', 31);
INSERT INTO read_comments (comment, post_id) VALUES ('Comment 31 for post 6', 31);
INSERT INTO write_comments (comment, post_id) VALUES ('Comment 32 for post 6', 32);
INSERT INTO read_comments (comment, post_id) VALUES ('Comment 32 for post 6', 32);
INSERT INTO write_comments (comment, post_id) VALUES ('Comment 33 for post 6', 33);
INSERT INTO read_comments (comment, post_id) VALUES ('Comment 33 for post 6', 33);
INSERT INTO write_comments (comment, post_id) VALUES ('Comment 34 for post 6', 34);
INSERT INTO read_comments (comment, post_id) VALUES ('Comment 34 for post 6', 34);
INSERT INTO write_comments (comment, post_id) VALUES ('Comment 35 for post 6', 35);
INSERT INTO read_comments (comment, post_id) VALUES ('Comment 35 for post 6', 35);
INSERT INTO write_comments (comment, post_id) VALUES ('Comment 36 for post 6', 36);
INSERT INTO read_comments (comment, post_id) VALUES ('Comment 36 for post 6', 36);
INSERT INTO write_comments (comment, post_id) VALUES ('Comment 37 for post 6', 37);
INSERT INTO read_comments (comment, post_id) VALUES ('Comment 37 for post 6', 37);
INSERT INTO write_comments (comment, post_id) VALUES ('Comment 38 for post 6', 38);
INSERT INTO read_comments (comment, post_id) VALUES ('Comment 38 for post 6', 38);
INSERT INTO write_comments (comment, post_id) VALUES ('Comment 39 for post 6', 39);
INSERT INTO read_comments (comment, post_id) VALUES ('Comment 39 for post 6', 39);
INSERT INTO write_comments (comment, post_id) VALUES ('Comment 40 for post 6', 40);
INSERT INTO read_comments (comment, post_id) VALUES ('Comment 40 for post 6', 40);
INSERT INTO write_comments (comment, post_id) VALUES ('Comment 41 for post 6', 41);
INSERT INTO read_comments (comment, post_id) VALUES ('Comment 41 for post 6', 41);
INSERT INTO write_comments (comment, post_id) VALUES ('Comment 42 for post 6', 42);
INSERT INTO read_comments (comment, post_id) VALUES ('Comment 42 for post 6', 42);
INSERT INTO write_comments (comment, post_id) VALUES ('Comment 43 for post 6', 43);
INSERT INTO read_comments (comment, post_id) VALUES ('Comment 43 for post 6', 43);
INSERT INTO write_comments (comment, post_id) VALUES ('Comment 44 for post 6', 44);
INSERT INTO read_comments (comment, post_id) VALUES ('Comment 44 for post 6', 44);
INSERT INTO write_comments (comment, post_id) VALUES ('Comment 45 for post 6', 45);
INSERT INTO read_comments (comment, post_id) VALUES ('Comment 45 for post 6', 45);
INSERT INTO write_comments (comment, post_id) VALUES ('Comment 46 for post 6', 46);
INSERT INTO read_comments (comment, post_id) VALUES ('Comment 46 for post 6', 46);
INSERT INTO write_comments (comment, post_id) VALUES ('Comment 47 for post 6', 47);
INSERT INTO read_comments (comment, post_id) VALUES ('Comment 47 for post 6', 47);
INSERT INTO write_comments (comment, post_id) VALUES ('Comment 48 for post 6', 48);
INSERT INTO read_comments (comment, post_id) VALUES ('Comment 48 for post 6', 48);
INSERT INTO write_comments (comment, post_id) VALUES ('Comment 49 for post 6', 49);
INSERT INTO read_comments (comment, post_id) VALUES ('Comment 49 for post 6', 49);
INSERT INTO write_comments (comment, post_id) VALUES ('Comment 50 for post 6', 50);
INSERT INTO read_comments (comment, post_id) VALUES ('Comment 50 for post 6', 50);
INSERT INTO write_comments (comment, post_id) VALUES ('Comment 51 for post 6', 51);
INSERT INTO read_comments (comment, post_id) VALUES ('Comment 51 for post 6', 51);
INSERT INTO write_comments (comment, post_id) VALUES ('Comment 52 for post 6', 52);
INSERT INTO read_comments (comment, post_id) VALUES ('Comment 52 for post 6', 52);
INSERT INTO write_comments (comment, post_id) VALUES ('Comment 53 for post 6', 53);
INSERT INTO read_comments (comment, post_id) VALUES ('Comment 53 for post 6', 53);
INSERT INTO write_comments (comment, post_id) VALUES ('Comment 54 for post 6', 54);
INSERT INTO read_comments (comment, post_id) VALUES ('Comment 54 for post 6', 54);
INSERT INTO write_comments (comment, post_id) VALUES ('Comment 55 for post 6', 55);
INSERT INTO read_comments (comment, post_id) VALUES ('Comment 55 for post 6', 55);
INSERT INTO write_comments (comment, post_id) VALUES ('Comment 56 for post 6', 56);
INSERT INTO read_comments (comment, post_id) VALUES ('Comment 56 for post 6', 56);
INSERT INTO write_comments (comment, post_id) VALUES ('Comment 57 for post 6', 57);
INSERT INTO read_comments (comment, post_id) VALUES ('Comment 57 for post 6', 57);
INSERT INTO write_comments (comment, post_id) VALUES ('Comment 58 for post 6', 58);
INSERT INTO read_comments (comment, post_id) VALUES ('Comment 58 for post 6', 58);
INSERT INTO write_comments (comment, post_id) VALUES ('Comment 59 for post 6', 59);
INSERT INTO read_comments (comment, post_id) VALUES ('Comment 59 for post 6', 59);
INSERT INTO write_comments (comment, post_id) VALUES ('Comment 60 for post 6', 60);
INSERT INTO read_comments (comment, post_id) VALUES ('Comment 60 for post 6', 60);
INSERT INTO write_comments (comment, post_id) VALUES ('Comment 61 for post 6', 61);
INSERT INTO read_comments (comment, post_id) VALUES ('Comment 61 for post 6', 61);
INSERT INTO write_comments (comment, post_id) VALUES ('Comment 62 for post 6', 62);
INSERT INTO read_comments (comment, post_id) VALUES ('Comment 62 for post 6', 62);
INSERT INTO write_comments (comment, post_id) VALUES ('Comment 63 for post 6', 63);
INSERT INTO read_comments (comment, post_id) VALUES ('Comment 63 for post 6', 63);
INSERT INTO write_comments (comment, post_id) VALUES ('Comment 64 for post 6', 64);
INSERT INTO read_comments (comment, post_id) VALUES ('Comment 64 for post 6', 64);
INSERT INTO write_comments (comment, post_id) VALUES ('Comment 65 for post 6', 65);
INSERT INTO read_comments (comment, post_id) VALUES ('Comment 65 for post 6', 65);
INSERT INTO write_comments (comment, post_id) VALUES ('Comment 66 for post 6', 66);
INSERT INTO read_comments (comment, post_id) VALUES ('Comment 66 for post 6', 66);
INSERT INTO write_comments (comment, post_id) VALUES ('Comment 67 for post 6', 67);
INSERT INTO read_comments (comment, post_id) VALUES ('Comment 67 for post 6', 67);
INSERT INTO write_comments (comment, post_id) VALUES ('Comment 68 for post 6', 68);
INSERT INTO read_comments (comment, post_id) VALUES ('Comment 68 for post 6', 68);
INSERT INTO write_comments (comment, post_id) VALUES ('Comment 69 for post 6', 69);
INSERT INTO read_comments (comment, post_id) VALUES ('Comment 69 for post 6', 69);
INSERT INTO write_comments (comment, post_id) VALUES ('Comment 70 for post 6', 70);
INSERT INTO read_comments (comment, post_id) VALUES ('Comment 70 for post 6', 70);
INSERT INTO write_comments (comment, post_id) VALUES ('Comment 71 for post 6', 71);
INSERT INTO read_comments (comment, post_id) VALUES ('Comment 71 for post 6', 71);
INSERT INTO write_comments (comment, post_id) VALUES ('Comment 72 for post 6', 72);
INSERT INTO read_comments (comment, post_id) VALUES ('Comment 72 for post 6', 72);
INSERT INTO write_comments (comment, post_id) VALUES ('Comment 73 for post 6', 73);
INSERT INTO read_comments (comment, post_id) VALUES ('Comment 73 for post 6', 73);
INSERT INTO write_comments (comment, post_id) VALUES ('Comment 74 for post 6', 74);
INSERT INTO read_comments (comment, post_id) VALUES ('Comment 74 for post 6', 74);
INSERT INTO write_comments (comment, post_id) VALUES ('Comment 75 for post 6', 75);
INSERT INTO read_comments (comment, post_id) VALUES ('Comment 75 for post 6', 75);
INSERT INTO write_comments (comment, post_id) VALUES ('Comment 76 for post 6', 76);
INSERT INTO read_comments (comment, post_id) VALUES ('Comment 76 for post 6', 76);
INSERT INTO write_comments (comment, post_id) VALUES ('Comment 77 for post 6', 77);
INSERT INTO read_comments (comment, post_id) VALUES ('Comment 77 for post 6', 77);
INSERT INTO write_comments (comment, post_id) VALUES ('Comment 78 for post 6', 78);
INSERT INTO read_comments (comment, post_id) VALUES ('Comment 78 for post 6', 78);
INSERT INTO write_comments (comment, post_id) VALUES ('Comment 79 for post 6', 79);
INSERT INTO read_comments (comment, post_id) VALUES ('Comment 79 for post 6', 79);
INSERT INTO write_comments (comment, post_id) VALUES ('Comment 80 for post 6', 80);
INSERT INTO read_comments (comment, post_id) VALUES ('Comment 80 for post 6', 80);
INSERT INTO write_comments (comment, post_id) VALUES ('Comment 81 for post 6', 81);
INSERT INTO read_comments (comment, post_id) VALUES ('Comment 81 for post 6', 81);
INSERT INTO write_comments (comment, post_id) VALUES ('Comment 82 for post 6', 82);
INSERT INTO read_comments (comment, post_id) VALUES ('Comment 82 for post 6', 82);
INSERT INTO write_comments (comment, post_id) VALUES ('Comment 83 for post 6', 83);
INSERT INTO read_comments (comment, post_id) VALUES ('Comment 83 for post 6', 83);
INSERT INTO write_comments (comment, post_id) VALUES ('Comment 84 for post 6', 84);
INSERT INTO read_comments (comment, post_id) VALUES ('Comment 84 for post 6', 84);
INSERT INTO write_comments (comment, post_id) VALUES ('Comment 85 for post 6', 85);
INSERT INTO read_comments (comment, post_id) VALUES ('Comment 85 for post 6', 85);
INSERT INTO write_comments (comment, post_id) VALUES ('Comment 86 for post 6', 86);
INSERT INTO read_comments (comment, post_id) VALUES ('Comment 86 for post 6', 86);
INSERT INTO write_comments (comment, post_id) VALUES ('Comment 87 for post 6', 87);
INSERT INTO read_comments (comment, post_id) VALUES ('Comment 87 for post 6', 87);
INSERT INTO write_comments (comment, post_id) VALUES ('Comment 88 for post 6', 88);
INSERT INTO read_comments (comment, post_id) VALUES ('Comment 88 for post 6', 88);
INSERT INTO write_comments (comment, post_id) VALUES ('Comment 89 for post 6', 89);
INSERT INTO read_comments (comment, post_id) VALUES ('Comment 89 for post 6', 89);
INSERT INTO write_comments (comment, post_id) VALUES ('Comment 90 for post 6', 90);
INSERT INTO read_comments (comment, post_id) VALUES ('Comment 90 for post 6', 90);
INSERT INTO write_comments (comment, post_id) VALUES ('Comment 91 for post 6', 91);
INSERT INTO read_comments (comment, post_id) VALUES ('Comment 91 for post 6', 91);
INSERT INTO write_comments (comment, post_id) VALUES ('Comment 92 for post 6', 92);
INSERT INTO read_comments (comment, post_id) VALUES ('Comment 92 for post 6', 92);
INSERT INTO write_comments (comment, post_id) VALUES ('Comment 93 for post 6', 93);
INSERT INTO read_comments (comment, post_id) VALUES ('Comment 93 for post 6', 93);
INSERT INTO write_comments (comment, post_id) VALUES ('Comment 94 for post 6', 94);
INSERT INTO read_comments (comment, post_id) VALUES ('Comment 94 for post 6', 94);
INSERT INTO write_comments (comment, post_id) VALUES ('Comment 95 for post 6', 95);
INSERT INTO read_comments (comment, post_id) VALUES ('Comment 95 for post 6', 95);
INSERT INTO write_comments (comment, post_id) VALUES ('Comment 96 for post 6', 96);
INSERT INTO read_comments (comment, post_id) VALUES ('Comment 96 for post 6', 96);
INSERT INTO write_comments (comment, post_id) VALUES ('Comment 97 for post 6', 97);
INSERT INTO read_comments (comment, post_id) VALUES ('Comment 97 for post 6', 97);
INSERT INTO write_comments (comment, post_id) VALUES ('Comment 98 for post 6', 98);
INSERT INTO read_comments (comment, post_id) VALUES ('Comment 98 for post 6', 98);
INSERT INTO write_comments (comment, post_id) VALUES ('Comment 99 for post 6', 99);
INSERT INTO read_comments (comment, post_id) VALUES ('Comment 99 for post 6', 99);
INSERT INTO write_comments (comment, post_id) VALUES ('Comment 100 for post 6', 100);
INSERT INTO read_comments (comment, post_id) VALUES ('Comment 100 for post 6', 100);
INSERT INTO write_comments (comment, post_id) VALUES ('Comment 1 for post 7', 1);
INSERT INTO read_comments (comment, post_id) VALUES ('Comment 1 for post 7', 1);
INSERT INTO write_comments (comment, post_id) VALUES ('Comment 2 for post 7', 2);
INSERT INTO read_comments (comment, post_id) VALUES ('Comment 2 for post 7', 2);
INSERT INTO write_comments (comment, post_id) VALUES ('Comment 3 for post 7', 3);
INSERT INTO read_comments (comment, post_id) VALUES ('Comment 3 for post 7', 3);
INSERT INTO write_comments (comment, post_id) VALUES ('Comment 4 for post 7', 4);
INSERT INTO read_comments (comment, post_id) VALUES ('Comment 4 for post 7', 4);
INSERT INTO write_comments (comment, post_id) VALUES ('Comment 5 for post 7', 5);
INSERT INTO read_comments (comment, post_id) VALUES ('Comment 5 for post 7', 5);
INSERT INTO write_comments (comment, post_id) VALUES ('Comment 6 for post 7', 6);
INSERT INTO read_comments (comment, post_id) VALUES ('Comment 6 for post 7', 6);
INSERT INTO write_comments (comment, post_id) VALUES ('Comment 7 for post 7', 7);
INSERT INTO read_comments (comment, post_id) VALUES ('Comment 7 for post 7', 7);
INSERT INTO write_comments (comment, post_id) VALUES ('Comment 8 for post 7', 8);
INSERT INTO read_comments (comment, post_id) VALUES ('Comment 8 for post 7', 8);
INSERT INTO write_comments (comment, post_id) VALUES ('Comment 9 for post 7', 9);
INSERT INTO read_comments (comment, post_id) VALUES ('Comment 9 for post 7', 9);
INSERT INTO write_comments (comment, post_id) VALUES ('Comment 10 for post 7', 10);
INSERT INTO read_comments (comment, post_id) VALUES ('Comment 10 for post 7', 10);
INSERT INTO write_comments (comment, post_id) VALUES ('Comment 11 for post 7', 11);
INSERT INTO read_comments (comment, post_id) VALUES ('Comment 11 for post 7', 11);
INSERT INTO write_comments (comment, post_id) VALUES ('Comment 12 for post 7', 12);
INSERT INTO read_comments (comment, post_id) VALUES ('Comment 12 for post 7', 12);
INSERT INTO write_comments (comment, post_id) VALUES ('Comment 13 for post 7', 13);
INSERT INTO read_comments (comment, post_id) VALUES ('Comment 13 for post 7', 13);
INSERT INTO write_comments (comment, post_id) VALUES ('Comment 14 for post 7', 14);
INSERT INTO read_comments (comment, post_id) VALUES ('Comment 14 for post 7', 14);
INSERT INTO write_comments (comment, post_id) VALUES ('Comment 15 for post 7', 15);
INSERT INTO read_comments (comment, post_id) VALUES ('Comment 15 for post 7', 15);
INSERT INTO write_comments (comment, post_id) VALUES ('Comment 16 for post 7', 16);
INSERT INTO read_comments (comment, post_id) VALUES ('Comment 16 for post 7', 16);
INSERT INTO write_comments (comment, post_id) VALUES ('Comment 17 for post 7', 17);
INSERT INTO read_comments (comment, post_id) VALUES ('Comment 17 for post 7', 17);
INSERT INTO write_comments (comment, post_id) VALUES ('Comment 18 for post 7', 18);
INSERT INTO read_comments (comment, post_id) VALUES ('Comment 18 for post 7', 18);
INSERT INTO write_comments (comment, post_id) VALUES ('Comment 19 for post 7', 19);
INSERT INTO read_comments (comment, post_id) VALUES ('Comment 19 for post 7', 19);
INSERT INTO write_comments (comment, post_id) VALUES ('Comment 20 for post 7', 20);
INSERT INTO read_comments (comment, post_id) VALUES ('Comment 20 for post 7', 20);
INSERT INTO write_comments (comment, post_id) VALUES ('Comment 21 for post 7', 21);
INSERT INTO read_comments (comment, post_id) VALUES ('Comment 21 for post 7', 21);
INSERT INTO write_comments (comment, post_id) VALUES ('Comment 22 for post 7', 22);
INSERT INTO read_comments (comment, post_id) VALUES ('Comment 22 for post 7', 22);
INSERT INTO write_comments (comment, post_id) VALUES ('Comment 23 for post 7', 23);
INSERT INTO read_comments (comment, post_id) VALUES ('Comment 23 for post 7', 23);
INSERT INTO write_comments (comment, post_id) VALUES ('Comment 24 for post 7', 24);
INSERT INTO read_comments (comment, post_id) VALUES ('Comment 24 for post 7', 24);
INSERT INTO write_comments (comment, post_id) VALUES ('Comment 25 for post 7', 25);
INSERT INTO read_comments (comment, post_id) VALUES ('Comment 25 for post 7', 25);
INSERT INTO write_comments (comment, post_id) VALUES ('Comment 26 for post 7', 26);
INSERT INTO read_comments (comment, post_id) VALUES ('Comment 26 for post 7', 26);
INSERT INTO write_comments (comment, post_id) VALUES ('Comment 27 for post 7', 27);
INSERT INTO read_comments (comment, post_id) VALUES ('Comment 27 for post 7', 27);
INSERT INTO write_comments (comment, post_id) VALUES ('Comment 28 for post 7', 28);
INSERT INTO read_comments (comment, post_id) VALUES ('Comment 28 for post 7', 28);
INSERT INTO write_comments (comment, post_id) VALUES ('Comment 29 for post 7', 29);
INSERT INTO read_comments (comment, post_id) VALUES ('Comment 29 for post 7', 29);
INSERT INTO write_comments (comment, post_id) VALUES ('Comment 30 for post 7', 30);
INSERT INTO read_comments (comment, post_id) VALUES ('Comment 30 for post 7', 30);
INSERT INTO write_comments (comment, post_id) VALUES ('Comment 31 for post 7', 31);
INSERT INTO read_comments (comment, post_id) VALUES ('Comment 31 for post 7', 31);
INSERT INTO write_comments (comment, post_id) VALUES ('Comment 32 for post 7', 32);
INSERT INTO read_comments (comment, post_id) VALUES ('Comment 32 for post 7', 32);
INSERT INTO write_comments (comment, post_id) VALUES ('Comment 33 for post 7', 33);
INSERT INTO read_comments (comment, post_id) VALUES ('Comment 33 for post 7', 33);
INSERT INTO write_comments (comment, post_id) VALUES ('Comment 34 for post 7', 34);
INSERT INTO read_comments (comment, post_id) VALUES ('Comment 34 for post 7', 34);
INSERT INTO write_comments (comment, post_id) VALUES ('Comment 35 for post 7', 35);
INSERT INTO read_comments (comment, post_id) VALUES ('Comment 35 for post 7', 35);
INSERT INTO write_comments (comment, post_id) VALUES ('Comment 36 for post 7', 36);
INSERT INTO read_comments (comment, post_id) VALUES ('Comment 36 for post 7', 36);
INSERT INTO write_comments (comment, post_id) VALUES ('Comment 37 for post 7', 37);
INSERT INTO read_comments (comment, post_id) VALUES ('Comment 37 for post 7', 37);
INSERT INTO write_comments (comment, post_id) VALUES ('Comment 38 for post 7', 38);
INSERT INTO read_comments (comment, post_id) VALUES ('Comment 38 for post 7', 38);
INSERT INTO write_comments (comment, post_id) VALUES ('Comment 39 for post 7', 39);
INSERT INTO read_comments (comment, post_id) VALUES ('Comment 39 for post 7', 39);
INSERT INTO write_comments (comment, post_id) VALUES ('Comment 40 for post 7', 40);
INSERT INTO read_comments (comment, post_id) VALUES ('Comment 40 for post 7', 40);
INSERT INTO write_comments (comment, post_id) VALUES ('Comment 41 for post 7', 41);
INSERT INTO read_comments (comment, post_id) VALUES ('Comment 41 for post 7', 41);
INSERT INTO write_comments (comment, post_id) VALUES ('Comment 42 for post 7', 42);
INSERT INTO read_comments (comment, post_id) VALUES ('Comment 42 for post 7', 42);
INSERT INTO write_comments (comment, post_id) VALUES ('Comment 43 for post 7', 43);
INSERT INTO read_comments (comment, post_id) VALUES ('Comment 43 for post 7', 43);
INSERT INTO write_comments (comment, post_id) VALUES ('Comment 44 for post 7', 44);
INSERT INTO read_comments (comment, post_id) VALUES ('Comment 44 for post 7', 44);
INSERT INTO write_comments (comment, post_id) VALUES ('Comment 45 for post 7', 45);
INSERT INTO read_comments (comment, post_id) VALUES ('Comment 45 for post 7', 45);
INSERT INTO write_comments (comment, post_id) VALUES ('Comment 46 for post 7', 46);
INSERT INTO read_comments (comment, post_id) VALUES ('Comment 46 for post 7', 46);
INSERT INTO write_comments (comment, post_id) VALUES ('Comment 47 for post 7', 47);
INSERT INTO read_comments (comment, post_id) VALUES ('Comment 47 for post 7', 47);
INSERT INTO write_comments (comment, post_id) VALUES ('Comment 48 for post 7', 48);
INSERT INTO read_comments (comment, post_id) VALUES ('Comment 48 for post 7', 48);
INSERT INTO write_comments (comment, post_id) VALUES ('Comment 49 for post 7', 49);
INSERT INTO read_comments (comment, post_id) VALUES ('Comment 49 for post 7', 49);
INSERT INTO write_comments (comment, post_id) VALUES ('Comment 50 for post 7', 50);
INSERT INTO read_comments (comment, post_id) VALUES ('Comment 50 for post 7', 50);
INSERT INTO write_comments (comment, post_id) VALUES ('Comment 51 for post 7', 51);
INSERT INTO read_comments (comment, post_id) VALUES ('Comment 51 for post 7', 51);
INSERT INTO write_comments (comment, post_id) VALUES ('Comment 52 for post 7', 52);
INSERT INTO read_comments (comment, post_id) VALUES ('Comment 52 for post 7', 52);
INSERT INTO write_comments (comment, post_id) VALUES ('Comment 53 for post 7', 53);
INSERT INTO read_comments (comment, post_id) VALUES ('Comment 53 for post 7', 53);
INSERT INTO write_comments (comment, post_id) VALUES ('Comment 54 for post 7', 54);
INSERT INTO read_comments (comment, post_id) VALUES ('Comment 54 for post 7', 54);
INSERT INTO write_comments (comment, post_id) VALUES ('Comment 55 for post 7', 55);
INSERT INTO read_comments (comment, post_id) VALUES ('Comment 55 for post 7', 55);
INSERT INTO write_comments (comment, post_id) VALUES ('Comment 56 for post 7', 56);
INSERT INTO read_comments (comment, post_id) VALUES ('Comment 56 for post 7', 56);
INSERT INTO write_comments (comment, post_id) VALUES ('Comment 57 for post 7', 57);
INSERT INTO read_comments (comment, post_id) VALUES ('Comment 57 for post 7', 57);
INSERT INTO write_comments (comment, post_id) VALUES ('Comment 58 for post 7', 58);
INSERT INTO read_comments (comment, post_id) VALUES ('Comment 58 for post 7', 58);
INSERT INTO write_comments (comment, post_id) VALUES ('Comment 59 for post 7', 59);
INSERT INTO read_comments (comment, post_id) VALUES ('Comment 59 for post 7', 59);
INSERT INTO write_comments (comment, post_id) VALUES ('Comment 60 for post 7', 60);
INSERT INTO read_comments (comment, post_id) VALUES ('Comment 60 for post 7', 60);
INSERT INTO write_comments (comment, post_id) VALUES ('Comment 61 for post 7', 61);
INSERT INTO read_comments (comment, post_id) VALUES ('Comment 61 for post 7', 61);
INSERT INTO write_comments (comment, post_id) VALUES ('Comment 62 for post 7', 62);
INSERT INTO read_comments (comment, post_id) VALUES ('Comment 62 for post 7', 62);
INSERT INTO write_comments (comment, post_id) VALUES ('Comment 63 for post 7', 63);
INSERT INTO read_comments (comment, post_id) VALUES ('Comment 63 for post 7', 63);
INSERT INTO write_comments (comment, post_id) VALUES ('Comment 64 for post 7', 64);
INSERT INTO read_comments (comment, post_id) VALUES ('Comment 64 for post 7', 64);
INSERT INTO write_comments (comment, post_id) VALUES ('Comment 65 for post 7', 65);
INSERT INTO read_comments (comment, post_id) VALUES ('Comment 65 for post 7', 65);
INSERT INTO write_comments (comment, post_id) VALUES ('Comment 66 for post 7', 66);
INSERT INTO read_comments (comment, post_id) VALUES ('Comment 66 for post 7', 66);
INSERT INTO write_comments (comment, post_id) VALUES ('Comment 67 for post 7', 67);
INSERT INTO read_comments (comment, post_id) VALUES ('Comment 67 for post 7', 67);
INSERT INTO write_comments (comment, post_id) VALUES ('Comment 68 for post 7', 68);
INSERT INTO read_comments (comment, post_id) VALUES ('Comment 68 for post 7', 68);
INSERT INTO write_comments (comment, post_id) VALUES ('Comment 69 for post 7', 69);
INSERT INTO read_comments (comment, post_id) VALUES ('Comment 69 for post 7', 69);
INSERT INTO write_comments (comment, post_id) VALUES ('Comment 70 for post 7', 70);
INSERT INTO read_comments (comment, post_id) VALUES ('Comment 70 for post 7', 70);
INSERT INTO write_comments (comment, post_id) VALUES ('Comment 71 for post 7', 71);
INSERT INTO read_comments (comment, post_id) VALUES ('Comment 71 for post 7', 71);
INSERT INTO write_comments (comment, post_id) VALUES ('Comment 72 for post 7', 72);
INSERT INTO read_comments (comment, post_id) VALUES ('Comment 72 for post 7', 72);
INSERT INTO write_comments (comment, post_id) VALUES ('Comment 73 for post 7', 73);
INSERT INTO read_comments (comment, post_id) VALUES ('Comment 73 for post 7', 73);
INSERT INTO write_comments (comment, post_id) VALUES ('Comment 74 for post 7', 74);
INSERT INTO read_comments (comment, post_id) VALUES ('Comment 74 for post 7', 74);
INSERT INTO write_comments (comment, post_id) VALUES ('Comment 75 for post 7', 75);
INSERT INTO read_comments (comment, post_id) VALUES ('Comment 75 for post 7', 75);
INSERT INTO write_comments (comment, post_id) VALUES ('Comment 76 for post 7', 76);
INSERT INTO read_comments (comment, post_id) VALUES ('Comment 76 for post 7', 76);
INSERT INTO write_comments (comment, post_id) VALUES ('Comment 77 for post 7', 77);
INSERT INTO read_comments (comment, post_id) VALUES ('Comment 77 for post 7', 77);
INSERT INTO write_comments (comment, post_id) VALUES ('Comment 78 for post 7', 78);
INSERT INTO read_comments (comment, post_id) VALUES ('Comment 78 for post 7', 78);
INSERT INTO write_comments (comment, post_id) VALUES ('Comment 79 for post 7', 79);
INSERT INTO read_comments (comment, post_id) VALUES ('Comment 79 for post 7', 79);
INSERT INTO write_comments (comment, post_id) VALUES ('Comment 80 for post 7', 80);
INSERT INTO read_comments (comment, post_id) VALUES ('Comment 80 for post 7', 80);
INSERT INTO write_comments (comment, post_id) VALUES ('Comment 81 for post 7', 81);
INSERT INTO read_comments (comment, post_id) VALUES ('Comment 81 for post 7', 81);
INSERT INTO write_comments (comment, post_id) VALUES ('Comment 82 for post 7', 82);
INSERT INTO read_comments (comment, post_id) VALUES ('Comment 82 for post 7', 82);
INSERT INTO write_comments (comment, post_id) VALUES ('Comment 83 for post 7', 83);
INSERT INTO read_comments (comment, post_id) VALUES ('Comment 83 for post 7', 83);
INSERT INTO write_comments (comment, post_id) VALUES ('Comment 84 for post 7', 84);
INSERT INTO read_comments (comment, post_id) VALUES ('Comment 84 for post 7', 84);
INSERT INTO write_comments (comment, post_id) VALUES ('Comment 85 for post 7', 85);
INSERT INTO read_comments (comment, post_id) VALUES ('Comment 85 for post 7', 85);
INSERT INTO write_comments (comment, post_id) VALUES ('Comment 86 for post 7', 86);
INSERT INTO read_comments (comment, post_id) VALUES ('Comment 86 for post 7', 86);
INSERT INTO write_comments (comment, post_id) VALUES ('Comment 87 for post 7', 87);
INSERT INTO read_comments (comment, post_id) VALUES ('Comment 87 for post 7', 87);
INSERT INTO write_comments (comment, post_id) VALUES ('Comment 88 for post 7', 88);
INSERT INTO read_comments (comment, post_id) VALUES ('Comment 88 for post 7', 88);
INSERT INTO write_comments (comment, post_id) VALUES ('Comment 89 for post 7', 89);
INSERT INTO read_comments (comment, post_id) VALUES ('Comment 89 for post 7', 89);
INSERT INTO write_comments (comment, post_id) VALUES ('Comment 90 for post 7', 90);
INSERT INTO read_comments (comment, post_id) VALUES ('Comment 90 for post 7', 90);
INSERT INTO write_comments (comment, post_id) VALUES ('Comment 91 for post 7', 91);
INSERT INTO read_comments (comment, post_id) VALUES ('Comment 91 for post 7', 91);
INSERT INTO write_comments (comment, post_id) VALUES ('Comment 92 for post 7', 92);
INSERT INTO read_comments (comment, post_id) VALUES ('Comment 92 for post 7', 92);
INSERT INTO write_comments (comment, post_id) VALUES ('Comment 93 for post 7', 93);
INSERT INTO read_comments (comment, post_id) VALUES ('Comment 93 for post 7', 93);
INSERT INTO write_comments (comment, post_id) VALUES ('Comment 94 for post 7', 94);
INSERT INTO read_comments (comment, post_id) VALUES ('Comment 94 for post 7', 94);
INSERT INTO write_comments (comment, post_id) VALUES ('Comment 95 for post 7', 95);
INSERT INTO read_comments (comment, post_id) VALUES ('Comment 95 for post 7', 95);
INSERT INTO write_comments (comment, post_id) VALUES ('Comment 96 for post 7', 96);
INSERT INTO read_comments (comment, post_id) VALUES ('Comment 96 for post 7', 96);
INSERT INTO write_comments (comment, post_id) VALUES ('Comment 97 for post 7', 97);
INSERT INTO read_comments (comment, post_id) VALUES ('Comment 97 for post 7', 97);
INSERT INTO write_comments (comment, post_id) VALUES ('Comment 98 for post 7', 98);
INSERT INTO read_comments (comment, post_id) VALUES ('Comment 98 for post 7', 98);
INSERT INTO write_comments (comment, post_id) VALUES ('Comment 99 for post 7', 99);
INSERT INTO read_comments (comment, post_id) VALUES ('Comment 99 for post 7', 99);
INSERT INTO write_comments (comment, post_id) VALUES ('Comment 100 for post 7', 100);
INSERT INTO read_comments (comment, post_id) VALUES ('Comment 100 for post 7', 100);
INSERT INTO write_comments (comment, post_id) VALUES ('Comment 1 for post 8', 1);
INSERT INTO read_comments (comment, post_id) VALUES ('Comment 1 for post 8', 1);
INSERT INTO write_comments (comment, post_id) VALUES ('Comment 2 for post 8', 2);
INSERT INTO read_comments (comment, post_id) VALUES ('Comment 2 for post 8', 2);
INSERT INTO write_comments (comment, post_id) VALUES ('Comment 3 for post 8', 3);
INSERT INTO read_comments (comment, post_id) VALUES ('Comment 3 for post 8', 3);
INSERT INTO write_comments (comment, post_id) VALUES ('Comment 4 for post 8', 4);
INSERT INTO read_comments (comment, post_id) VALUES ('Comment 4 for post 8', 4);
INSERT INTO write_comments (comment, post_id) VALUES ('Comment 5 for post 8', 5);
INSERT INTO read_comments (comment, post_id) VALUES ('Comment 5 for post 8', 5);
INSERT INTO write_comments (comment, post_id) VALUES ('Comment 6 for post 8', 6);
INSERT INTO read_comments (comment, post_id) VALUES ('Comment 6 for post 8', 6);
INSERT INTO write_comments (comment, post_id) VALUES ('Comment 7 for post 8', 7);
INSERT INTO read_comments (comment, post_id) VALUES ('Comment 7 for post 8', 7);
INSERT INTO write_comments (comment, post_id) VALUES ('Comment 8 for post 8', 8);
INSERT INTO read_comments (comment, post_id) VALUES ('Comment 8 for post 8', 8);
INSERT INTO write_comments (comment, post_id) VALUES ('Comment 9 for post 8', 9);
INSERT INTO read_comments (comment, post_id) VALUES ('Comment 9 for post 8', 9);
INSERT INTO write_comments (comment, post_id) VALUES ('Comment 10 for post 8', 10);
INSERT INTO read_comments (comment, post_id) VALUES ('Comment 10 for post 8', 10);
INSERT INTO write_comments (comment, post_id) VALUES ('Comment 11 for post 8', 11);
INSERT INTO read_comments (comment, post_id) VALUES ('Comment 11 for post 8', 11);
INSERT INTO write_comments (comment, post_id) VALUES ('Comment 12 for post 8', 12);
INSERT INTO read_comments (comment, post_id) VALUES ('Comment 12 for post 8', 12);
INSERT INTO write_comments (comment, post_id) VALUES ('Comment 13 for post 8', 13);
INSERT INTO read_comments (comment, post_id) VALUES ('Comment 13 for post 8', 13);
INSERT INTO write_comments (comment, post_id) VALUES ('Comment 14 for post 8', 14);
INSERT INTO read_comments (comment, post_id) VALUES ('Comment 14 for post 8', 14);
INSERT INTO write_comments (comment, post_id) VALUES ('Comment 15 for post 8', 15);
INSERT INTO read_comments (comment, post_id) VALUES ('Comment 15 for post 8', 15);
INSERT INTO write_comments (comment, post_id) VALUES ('Comment 16 for post 8', 16);
INSERT INTO read_comments (comment, post_id) VALUES ('Comment 16 for post 8', 16);
INSERT INTO write_comments (comment, post_id) VALUES ('Comment 17 for post 8', 17);
INSERT INTO read_comments (comment, post_id) VALUES ('Comment 17 for post 8', 17);
INSERT INTO write_comments (comment, post_id) VALUES ('Comment 18 for post 8', 18);
INSERT INTO read_comments (comment, post_id) VALUES ('Comment 18 for post 8', 18);
INSERT INTO write_comments (comment, post_id) VALUES ('Comment 19 for post 8', 19);
INSERT INTO read_comments (comment, post_id) VALUES ('Comment 19 for post 8', 19);
INSERT INTO write_comments (comment, post_id) VALUES ('Comment 20 for post 8', 20);
INSERT INTO read_comments (comment, post_id) VALUES ('Comment 20 for post 8', 20);
INSERT INTO write_comments (comment, post_id) VALUES ('Comment 21 for post 8', 21);
INSERT INTO read_comments (comment, post_id) VALUES ('Comment 21 for post 8', 21);
INSERT INTO write_comments (comment, post_id) VALUES ('Comment 22 for post 8', 22);
INSERT INTO read_comments (comment, post_id) VALUES ('Comment 22 for post 8', 22);
INSERT INTO write_comments (comment, post_id) VALUES ('Comment 23 for post 8', 23);
INSERT INTO read_comments (comment, post_id) VALUES ('Comment 23 for post 8', 23);
INSERT INTO write_comments (comment, post_id) VALUES ('Comment 24 for post 8', 24);
INSERT INTO read_comments (comment, post_id) VALUES ('Comment 24 for post 8', 24);
INSERT INTO write_comments (comment, post_id) VALUES ('Comment 25 for post 8', 25);
INSERT INTO read_comments (comment, post_id) VALUES ('Comment 25 for post 8', 25);
INSERT INTO write_comments (comment, post_id) VALUES ('Comment 26 for post 8', 26);
INSERT INTO read_comments (comment, post_id) VALUES ('Comment 26 for post 8', 26);
INSERT INTO write_comments (comment, post_id) VALUES ('Comment 27 for post 8', 27);
INSERT INTO read_comments (comment, post_id) VALUES ('Comment 27 for post 8', 27);
INSERT INTO write_comments (comment, post_id) VALUES ('Comment 28 for post 8', 28);
INSERT INTO read_comments (comment, post_id) VALUES ('Comment 28 for post 8', 28);
INSERT INTO write_comments (comment, post_id) VALUES ('Comment 29 for post 8', 29);
INSERT INTO read_comments (comment, post_id) VALUES ('Comment 29 for post 8', 29);
INSERT INTO write_comments (comment, post_id) VALUES ('Comment 30 for post 8', 30);
INSERT INTO read_comments (comment, post_id) VALUES ('Comment 30 for post 8', 30);
INSERT INTO write_comments (comment, post_id) VALUES ('Comment 31 for post 8', 31);
INSERT INTO read_comments (comment, post_id) VALUES ('Comment 31 for post 8', 31);
INSERT INTO write_comments (comment, post_id) VALUES ('Comment 32 for post 8', 32);
INSERT INTO read_comments (comment, post_id) VALUES ('Comment 32 for post 8', 32);
INSERT INTO write_comments (comment, post_id) VALUES ('Comment 33 for post 8', 33);
INSERT INTO read_comments (comment, post_id) VALUES ('Comment 33 for post 8', 33);
INSERT INTO write_comments (comment, post_id) VALUES ('Comment 34 for post 8', 34);
INSERT INTO read_comments (comment, post_id) VALUES ('Comment 34 for post 8', 34);
INSERT INTO write_comments (comment, post_id) VALUES ('Comment 35 for post 8', 35);
INSERT INTO read_comments (comment, post_id) VALUES ('Comment 35 for post 8', 35);
INSERT INTO write_comments (comment, post_id) VALUES ('Comment 36 for post 8', 36);
INSERT INTO read_comments (comment, post_id) VALUES ('Comment 36 for post 8', 36);
INSERT INTO write_comments (comment, post_id) VALUES ('Comment 37 for post 8', 37);
INSERT INTO read_comments (comment, post_id) VALUES ('Comment 37 for post 8', 37);
INSERT INTO write_comments (comment, post_id) VALUES ('Comment 38 for post 8', 38);
INSERT INTO read_comments (comment, post_id) VALUES ('Comment 38 for post 8', 38);
INSERT INTO write_comments (comment, post_id) VALUES ('Comment 39 for post 8', 39);
INSERT INTO read_comments (comment, post_id) VALUES ('Comment 39 for post 8', 39);
INSERT INTO write_comments (comment, post_id) VALUES ('Comment 40 for post 8', 40);
INSERT INTO read_comments (comment, post_id) VALUES ('Comment 40 for post 8', 40);
INSERT INTO write_comments (comment, post_id) VALUES ('Comment 41 for post 8', 41);
INSERT INTO read_comments (comment, post_id) VALUES ('Comment 41 for post 8', 41);
INSERT INTO write_comments (comment, post_id) VALUES ('Comment 42 for post 8', 42);
INSERT INTO read_comments (comment, post_id) VALUES ('Comment 42 for post 8', 42);
INSERT INTO write_comments (comment, post_id) VALUES ('Comment 43 for post 8', 43);
INSERT INTO read_comments (comment, post_id) VALUES ('Comment 43 for post 8', 43);
INSERT INTO write_comments (comment, post_id) VALUES ('Comment 44 for post 8', 44);
INSERT INTO read_comments (comment, post_id) VALUES ('Comment 44 for post 8', 44);
INSERT INTO write_comments (comment, post_id) VALUES ('Comment 45 for post 8', 45);
INSERT INTO read_comments (comment, post_id) VALUES ('Comment 45 for post 8', 45);
INSERT INTO write_comments (comment, post_id) VALUES ('Comment 46 for post 8', 46);
INSERT INTO read_comments (comment, post_id) VALUES ('Comment 46 for post 8', 46);
INSERT INTO write_comments (comment, post_id) VALUES ('Comment 47 for post 8', 47);
INSERT INTO read_comments (comment, post_id) VALUES ('Comment 47 for post 8', 47);
INSERT INTO write_comments (comment, post_id) VALUES ('Comment 48 for post 8', 48);
INSERT INTO read_comments (comment, post_id) VALUES ('Comment 48 for post 8', 48);
INSERT INTO write_comments (comment, post_id) VALUES ('Comment 49 for post 8', 49);
INSERT INTO read_comments (comment, post_id) VALUES ('Comment 49 for post 8', 49);
INSERT INTO write_comments (comment, post_id) VALUES ('Comment 50 for post 8', 50);
INSERT INTO read_comments (comment, post_id) VALUES ('Comment 50 for post 8', 50);
INSERT INTO write_comments (comment, post_id) VALUES ('Comment 51 for post 8', 51);
INSERT INTO read_comments (comment, post_id) VALUES ('Comment 51 for post 8', 51);
INSERT INTO write_comments (comment, post_id) VALUES ('Comment 52 for post 8', 52);
INSERT INTO read_comments (comment, post_id) VALUES ('Comment 52 for post 8', 52);
INSERT INTO write_comments (comment, post_id) VALUES ('Comment 53 for post 8', 53);
INSERT INTO read_comments (comment, post_id) VALUES ('Comment 53 for post 8', 53);
INSERT INTO write_comments (comment, post_id) VALUES ('Comment 54 for post 8', 54);
INSERT INTO read_comments (comment, post_id) VALUES ('Comment 54 for post 8', 54);
INSERT INTO write_comments (comment, post_id) VALUES ('Comment 55 for post 8', 55);
INSERT INTO read_comments (comment, post_id) VALUES ('Comment 55 for post 8', 55);
INSERT INTO write_comments (comment, post_id) VALUES ('Comment 56 for post 8', 56);
INSERT INTO read_comments (comment, post_id) VALUES ('Comment 56 for post 8', 56);
INSERT INTO write_comments (comment, post_id) VALUES ('Comment 57 for post 8', 57);
INSERT INTO read_comments (comment, post_id) VALUES ('Comment 57 for post 8', 57);
INSERT INTO write_comments (comment, post_id) VALUES ('Comment 58 for post 8', 58);
INSERT INTO read_comments (comment, post_id) VALUES ('Comment 58 for post 8', 58);
INSERT INTO write_comments (comment, post_id) VALUES ('Comment 59 for post 8', 59);
INSERT INTO read_comments (comment, post_id) VALUES ('Comment 59 for post 8', 59);
INSERT INTO write_comments (comment, post_id) VALUES ('Comment 60 for post 8', 60);
INSERT INTO read_comments (comment, post_id) VALUES ('Comment 60 for post 8', 60);
INSERT INTO write_comments (comment, post_id) VALUES ('Comment 61 for post 8', 61);
INSERT INTO read_comments (comment, post_id) VALUES ('Comment 61 for post 8', 61);
INSERT INTO write_comments (comment, post_id) VALUES ('Comment 62 for post 8', 62);
INSERT INTO read_comments (comment, post_id) VALUES ('Comment 62 for post 8', 62);
INSERT INTO write_comments (comment, post_id) VALUES ('Comment 63 for post 8', 63);
INSERT INTO read_comments (comment, post_id) VALUES ('Comment 63 for post 8', 63);
INSERT INTO write_comments (comment, post_id) VALUES ('Comment 64 for post 8', 64);
INSERT INTO read_comments (comment, post_id) VALUES ('Comment 64 for post 8', 64);
INSERT INTO write_comments (comment, post_id) VALUES ('Comment 65 for post 8', 65);
INSERT INTO read_comments (comment, post_id) VALUES ('Comment 65 for post 8', 65);
INSERT INTO write_comments (comment, post_id) VALUES ('Comment 66 for post 8', 66);
INSERT INTO read_comments (comment, post_id) VALUES ('Comment 66 for post 8', 66);
INSERT INTO write_comments (comment, post_id) VALUES ('Comment 67 for post 8', 67);
INSERT INTO read_comments (comment, post_id) VALUES ('Comment 67 for post 8', 67);
INSERT INTO write_comments (comment, post_id) VALUES ('Comment 68 for post 8', 68);
INSERT INTO read_comments (comment, post_id) VALUES ('Comment 68 for post 8', 68);
INSERT INTO write_comments (comment, post_id) VALUES ('Comment 69 for post 8', 69);
INSERT INTO read_comments (comment, post_id) VALUES ('Comment 69 for post 8', 69);
INSERT INTO write_comments (comment, post_id) VALUES ('Comment 70 for post 8', 70);
INSERT INTO read_comments (comment, post_id) VALUES ('Comment 70 for post 8', 70);
INSERT INTO write_comments (comment, post_id) VALUES ('Comment 71 for post 8', 71);
INSERT INTO read_comments (comment, post_id) VALUES ('Comment 71 for post 8', 71);
INSERT INTO write_comments (comment, post_id) VALUES ('Comment 72 for post 8', 72);
INSERT INTO read_comments (comment, post_id) VALUES ('Comment 72 for post 8', 72);
INSERT INTO write_comments (comment, post_id) VALUES ('Comment 73 for post 8', 73);
INSERT INTO read_comments (comment, post_id) VALUES ('Comment 73 for post 8', 73);
INSERT INTO write_comments (comment, post_id) VALUES ('Comment 74 for post 8', 74);
INSERT INTO read_comments (comment, post_id) VALUES ('Comment 74 for post 8', 74);
INSERT INTO write_comments (comment, post_id) VALUES ('Comment 75 for post 8', 75);
INSERT INTO read_comments (comment, post_id) VALUES ('Comment 75 for post 8', 75);
INSERT INTO write_comments (comment, post_id) VALUES ('Comment 76 for post 8', 76);
INSERT INTO read_comments (comment, post_id) VALUES ('Comment 76 for post 8', 76);
INSERT INTO write_comments (comment, post_id) VALUES ('Comment 77 for post 8', 77);
INSERT INTO read_comments (comment, post_id) VALUES ('Comment 77 for post 8', 77);
INSERT INTO write_comments (comment, post_id) VALUES ('Comment 78 for post 8', 78);
INSERT INTO read_comments (comment, post_id) VALUES ('Comment 78 for post 8', 78);
INSERT INTO write_comments (comment, post_id) VALUES ('Comment 79 for post 8', 79);
INSERT INTO read_comments (comment, post_id) VALUES ('Comment 79 for post 8', 79);
INSERT INTO write_comments (comment, post_id) VALUES ('Comment 80 for post 8', 80);
INSERT INTO read_comments (comment, post_id) VALUES ('Comment 80 for post 8', 80);
INSERT INTO write_comments (comment, post_id) VALUES ('Comment 81 for post 8', 81);
INSERT INTO read_comments (comment, post_id) VALUES ('Comment 81 for post 8', 81);
INSERT INTO write_comments (comment, post_id) VALUES ('Comment 82 for post 8', 82);
INSERT INTO read_comments (comment, post_id) VALUES ('Comment 82 for post 8', 82);
INSERT INTO write_comments (comment, post_id) VALUES ('Comment 83 for post 8', 83);
INSERT INTO read_comments (comment, post_id) VALUES ('Comment 83 for post 8', 83);
INSERT INTO write_comments (comment, post_id) VALUES ('Comment 84 for post 8', 84);
INSERT INTO read_comments (comment, post_id) VALUES ('Comment 84 for post 8', 84);
INSERT INTO write_comments (comment, post_id) VALUES ('Comment 85 for post 8', 85);
INSERT INTO read_comments (comment, post_id) VALUES ('Comment 85 for post 8', 85);
INSERT INTO write_comments (comment, post_id) VALUES ('Comment 86 for post 8', 86);
INSERT INTO read_comments (comment, post_id) VALUES ('Comment 86 for post 8', 86);
INSERT INTO write_comments (comment, post_id) VALUES ('Comment 87 for post 8', 87);
INSERT INTO read_comments (comment, post_id) VALUES ('Comment 87 for post 8', 87);
INSERT INTO write_comments (comment, post_id) VALUES ('Comment 88 for post 8', 88);
INSERT INTO read_comments (comment, post_id) VALUES ('Comment 88 for post 8', 88);
INSERT INTO write_comments (comment, post_id) VALUES ('Comment 89 for post 8', 89);
INSERT INTO read_comments (comment, post_id) VALUES ('Comment 89 for post 8', 89);
INSERT INTO write_comments (comment, post_id) VALUES ('Comment 90 for post 8', 90);
INSERT INTO read_comments (comment, post_id) VALUES ('Comment 90 for post 8', 90);
INSERT INTO write_comments (comment, post_id) VALUES ('Comment 91 for post 8', 91);
INSERT INTO read_comments (comment, post_id) VALUES ('Comment 91 for post 8', 91);
INSERT INTO write_comments (comment, post_id) VALUES ('Comment 92 for post 8', 92);
INSERT INTO read_comments (comment, post_id) VALUES ('Comment 92 for post 8', 92);
INSERT INTO write_comments (comment, post_id) VALUES ('Comment 93 for post 8', 93);
INSERT INTO read_comments (comment, post_id) VALUES ('Comment 93 for post 8', 93);
INSERT INTO write_comments (comment, post_id) VALUES ('Comment 94 for post 8', 94);
INSERT INTO read_comments (comment, post_id) VALUES ('Comment 94 for post 8', 94);
INSERT INTO write_comments (comment, post_id) VALUES ('Comment 95 for post 8', 95);
INSERT INTO read_comments (comment, post_id) VALUES ('Comment 95 for post 8', 95);
INSERT INTO write_comments (comment, post_id) VALUES ('Comment 96 for post 8', 96);
INSERT INTO read_comments (comment, post_id) VALUES ('Comment 96 for post 8', 96);
INSERT INTO write_comments (comment, post_id) VALUES ('Comment 97 for post 8', 97);
INSERT INTO read_comments (comment, post_id) VALUES ('Comment 97 for post 8', 97);
INSERT INTO write_comments (comment, post_id) VALUES ('Comment 98 for post 8', 98);
INSERT INTO read_comments (comment, post_id) VALUES ('Comment 98 for post 8', 98);
INSERT INTO write_comments (comment, post_id) VALUES ('Comment 99 for post 8', 99);
INSERT INTO read_comments (comment, post_id) VALUES ('Comment 99 for post 8', 99);
INSERT INTO write_comments (comment, post_id) VALUES ('Comment 100 for post 8', 100);
INSERT INTO read_comments (comment, post_id) VALUES ('Comment 100 for post 8', 100);
INSERT INTO write_comments (comment, post_id) VALUES ('Comment 1 for post 9', 1);
INSERT INTO read_comments (comment, post_id) VALUES ('Comment 1 for post 9', 1);
INSERT INTO write_comments (comment, post_id) VALUES ('Comment 2 for post 9', 2);
INSERT INTO read_comments (comment, post_id) VALUES ('Comment 2 for post 9', 2);
INSERT INTO write_comments (comment, post_id) VALUES ('Comment 3 for post 9', 3);
INSERT INTO read_comments (comment, post_id) VALUES ('Comment 3 for post 9', 3);
INSERT INTO write_comments (comment, post_id) VALUES ('Comment 4 for post 9', 4);
INSERT INTO read_comments (comment, post_id) VALUES ('Comment 4 for post 9', 4);
INSERT INTO write_comments (comment, post_id) VALUES ('Comment 5 for post 9', 5);
INSERT INTO read_comments (comment, post_id) VALUES ('Comment 5 for post 9', 5);
INSERT INTO write_comments (comment, post_id) VALUES ('Comment 6 for post 9', 6);
INSERT INTO read_comments (comment, post_id) VALUES ('Comment 6 for post 9', 6);
INSERT INTO write_comments (comment, post_id) VALUES ('Comment 7 for post 9', 7);
INSERT INTO read_comments (comment, post_id) VALUES ('Comment 7 for post 9', 7);
INSERT INTO write_comments (comment, post_id) VALUES ('Comment 8 for post 9', 8);
INSERT INTO read_comments (comment, post_id) VALUES ('Comment 8 for post 9', 8);
INSERT INTO write_comments (comment, post_id) VALUES ('Comment 9 for post 9', 9);
INSERT INTO read_comments (comment, post_id) VALUES ('Comment 9 for post 9', 9);
INSERT INTO write_comments (comment, post_id) VALUES ('Comment 10 for post 9', 10);
INSERT INTO read_comments (comment, post_id) VALUES ('Comment 10 for post 9', 10);
INSERT INTO write_comments (comment, post_id) VALUES ('Comment 11 for post 9', 11);
INSERT INTO read_comments (comment, post_id) VALUES ('Comment 11 for post 9', 11);
INSERT INTO write_comments (comment, post_id) VALUES ('Comment 12 for post 9', 12);
INSERT INTO read_comments (comment, post_id) VALUES ('Comment 12 for post 9', 12);
INSERT INTO write_comments (comment, post_id) VALUES ('Comment 13 for post 9', 13);
INSERT INTO read_comments (comment, post_id) VALUES ('Comment 13 for post 9', 13);
INSERT INTO write_comments (comment, post_id) VALUES ('Comment 14 for post 9', 14);
INSERT INTO read_comments (comment, post_id) VALUES ('Comment 14 for post 9', 14);
INSERT INTO write_comments (comment, post_id) VALUES ('Comment 15 for post 9', 15);
INSERT INTO read_comments (comment, post_id) VALUES ('Comment 15 for post 9', 15);
INSERT INTO write_comments (comment, post_id) VALUES ('Comment 16 for post 9', 16);
INSERT INTO read_comments (comment, post_id) VALUES ('Comment 16 for post 9', 16);
INSERT INTO write_comments (comment, post_id) VALUES ('Comment 17 for post 9', 17);
INSERT INTO read_comments (comment, post_id) VALUES ('Comment 17 for post 9', 17);
INSERT INTO write_comments (comment, post_id) VALUES ('Comment 18 for post 9', 18);
INSERT INTO read_comments (comment, post_id) VALUES ('Comment 18 for post 9', 18);
INSERT INTO write_comments (comment, post_id) VALUES ('Comment 19 for post 9', 19);
INSERT INTO read_comments (comment, post_id) VALUES ('Comment 19 for post 9', 19);
INSERT INTO write_comments (comment, post_id) VALUES ('Comment 20 for post 9', 20);
INSERT INTO read_comments (comment, post_id) VALUES ('Comment 20 for post 9', 20);
INSERT INTO write_comments (comment, post_id) VALUES ('Comment 21 for post 9', 21);
INSERT INTO read_comments (comment, post_id) VALUES ('Comment 21 for post 9', 21);
INSERT INTO write_comments (comment, post_id) VALUES ('Comment 22 for post 9', 22);
INSERT INTO read_comments (comment, post_id) VALUES ('Comment 22 for post 9', 22);
INSERT INTO write_comments (comment, post_id) VALUES ('Comment 23 for post 9', 23);
INSERT INTO read_comments (comment, post_id) VALUES ('Comment 23 for post 9', 23);
INSERT INTO write_comments (comment, post_id) VALUES ('Comment 24 for post 9', 24);
INSERT INTO read_comments (comment, post_id) VALUES ('Comment 24 for post 9', 24);
INSERT INTO write_comments (comment, post_id) VALUES ('Comment 25 for post 9', 25);
INSERT INTO read_comments (comment, post_id) VALUES ('Comment 25 for post 9', 25);
INSERT INTO write_comments (comment, post_id) VALUES ('Comment 26 for post 9', 26);
INSERT INTO read_comments (comment, post_id) VALUES ('Comment 26 for post 9', 26);
INSERT INTO write_comments (comment, post_id) VALUES ('Comment 27 for post 9', 27);
INSERT INTO read_comments (comment, post_id) VALUES ('Comment 27 for post 9', 27);
INSERT INTO write_comments (comment, post_id) VALUES ('Comment 28 for post 9', 28);
INSERT INTO read_comments (comment, post_id) VALUES ('Comment 28 for post 9', 28);
INSERT INTO write_comments (comment, post_id) VALUES ('Comment 29 for post 9', 29);
INSERT INTO read_comments (comment, post_id) VALUES ('Comment 29 for post 9', 29);
INSERT INTO write_comments (comment, post_id) VALUES ('Comment 30 for post 9', 30);
INSERT INTO read_comments (comment, post_id) VALUES ('Comment 30 for post 9', 30);
INSERT INTO write_comments (comment, post_id) VALUES ('Comment 31 for post 9', 31);
INSERT INTO read_comments (comment, post_id) VALUES ('Comment 31 for post 9', 31);
INSERT INTO write_comments (comment, post_id) VALUES ('Comment 32 for post 9', 32);
INSERT INTO read_comments (comment, post_id) VALUES ('Comment 32 for post 9', 32);
INSERT INTO write_comments (comment, post_id) VALUES ('Comment 33 for post 9', 33);
INSERT INTO read_comments (comment, post_id) VALUES ('Comment 33 for post 9', 33);
INSERT INTO write_comments (comment, post_id) VALUES ('Comment 34 for post 9', 34);
INSERT INTO read_comments (comment, post_id) VALUES ('Comment 34 for post 9', 34);
INSERT INTO write_comments (comment, post_id) VALUES ('Comment 35 for post 9', 35);
INSERT INTO read_comments (comment, post_id) VALUES ('Comment 35 for post 9', 35);
INSERT INTO write_comments (comment, post_id) VALUES ('Comment 36 for post 9', 36);
INSERT INTO read_comments (comment, post_id) VALUES ('Comment 36 for post 9', 36);
INSERT INTO write_comments (comment, post_id) VALUES ('Comment 37 for post 9', 37);
INSERT INTO read_comments (comment, post_id) VALUES ('Comment 37 for post 9', 37);
INSERT INTO write_comments (comment, post_id) VALUES ('Comment 38 for post 9', 38);
INSERT INTO read_comments (comment, post_id) VALUES ('Comment 38 for post 9', 38);
INSERT INTO write_comments (comment, post_id) VALUES ('Comment 39 for post 9', 39);
INSERT INTO read_comments (comment, post_id) VALUES ('Comment 39 for post 9', 39);
INSERT INTO write_comments (comment, post_id) VALUES ('Comment 40 for post 9', 40);
INSERT INTO read_comments (comment, post_id) VALUES ('Comment 40 for post 9', 40);
INSERT INTO write_comments (comment, post_id) VALUES ('Comment 41 for post 9', 41);
INSERT INTO read_comments (comment, post_id) VALUES ('Comment 41 for post 9', 41);
INSERT INTO write_comments (comment, post_id) VALUES ('Comment 42 for post 9', 42);
INSERT INTO read_comments (comment, post_id) VALUES ('Comment 42 for post 9', 42);
INSERT INTO write_comments (comment, post_id) VALUES ('Comment 43 for post 9', 43);
INSERT INTO read_comments (comment, post_id) VALUES ('Comment 43 for post 9', 43);
INSERT INTO write_comments (comment, post_id) VALUES ('Comment 44 for post 9', 44);
INSERT INTO read_comments (comment, post_id) VALUES ('Comment 44 for post 9', 44);
INSERT INTO write_comments (comment, post_id) VALUES ('Comment 45 for post 9', 45);
INSERT INTO read_comments (comment, post_id) VALUES ('Comment 45 for post 9', 45);
INSERT INTO write_comments (comment, post_id) VALUES ('Comment 46 for post 9', 46);
INSERT INTO read_comments (comment, post_id) VALUES ('Comment 46 for post 9', 46);
INSERT INTO write_comments (comment, post_id) VALUES ('Comment 47 for post 9', 47);
INSERT INTO read_comments (comment, post_id) VALUES ('Comment 47 for post 9', 47);
INSERT INTO write_comments (comment, post_id) VALUES ('Comment 48 for post 9', 48);
INSERT INTO read_comments (comment, post_id) VALUES ('Comment 48 for post 9', 48);
INSERT INTO write_comments (comment, post_id) VALUES ('Comment 49 for post 9', 49);
INSERT INTO read_comments (comment, post_id) VALUES ('Comment 49 for post 9', 49);
INSERT INTO write_comments (comment, post_id) VALUES ('Comment 50 for post 9', 50);
INSERT INTO read_comments (comment, post_id) VALUES ('Comment 50 for post 9', 50);
INSERT INTO write_comments (comment, post_id) VALUES ('Comment 51 for post 9', 51);
INSERT INTO read_comments (comment, post_id) VALUES ('Comment 51 for post 9', 51);
INSERT INTO write_comments (comment, post_id) VALUES ('Comment 52 for post 9', 52);
INSERT INTO read_comments (comment, post_id) VALUES ('Comment 52 for post 9', 52);
INSERT INTO write_comments (comment, post_id) VALUES ('Comment 53 for post 9', 53);
INSERT INTO read_comments (comment, post_id) VALUES ('Comment 53 for post 9', 53);
INSERT INTO write_comments (comment, post_id) VALUES ('Comment 54 for post 9', 54);
INSERT INTO read_comments (comment, post_id) VALUES ('Comment 54 for post 9', 54);
INSERT INTO write_comments (comment, post_id) VALUES ('Comment 55 for post 9', 55);
INSERT INTO read_comments (comment, post_id) VALUES ('Comment 55 for post 9', 55);
INSERT INTO write_comments (comment, post_id) VALUES ('Comment 56 for post 9', 56);
INSERT INTO read_comments (comment, post_id) VALUES ('Comment 56 for post 9', 56);
INSERT INTO write_comments (comment, post_id) VALUES ('Comment 57 for post 9', 57);
INSERT INTO read_comments (comment, post_id) VALUES ('Comment 57 for post 9', 57);
INSERT INTO write_comments (comment, post_id) VALUES ('Comment 58 for post 9', 58);
INSERT INTO read_comments (comment, post_id) VALUES ('Comment 58 for post 9', 58);
INSERT INTO write_comments (comment, post_id) VALUES ('Comment 59 for post 9', 59);
INSERT INTO read_comments (comment, post_id) VALUES ('Comment 59 for post 9', 59);
INSERT INTO write_comments (comment, post_id) VALUES ('Comment 60 for post 9', 60);
INSERT INTO read_comments (comment, post_id) VALUES ('Comment 60 for post 9', 60);
INSERT INTO write_comments (comment, post_id) VALUES ('Comment 61 for post 9', 61);
INSERT INTO read_comments (comment, post_id) VALUES ('Comment 61 for post 9', 61);
INSERT INTO write_comments (comment, post_id) VALUES ('Comment 62 for post 9', 62);
INSERT INTO read_comments (comment, post_id) VALUES ('Comment 62 for post 9', 62);
INSERT INTO write_comments (comment, post_id) VALUES ('Comment 63 for post 9', 63);
INSERT INTO read_comments (comment, post_id) VALUES ('Comment 63 for post 9', 63);
INSERT INTO write_comments (comment, post_id) VALUES ('Comment 64 for post 9', 64);
INSERT INTO read_comments (comment, post_id) VALUES ('Comment 64 for post 9', 64);
INSERT INTO write_comments (comment, post_id) VALUES ('Comment 65 for post 9', 65);
INSERT INTO read_comments (comment, post_id) VALUES ('Comment 65 for post 9', 65);
INSERT INTO write_comments (comment, post_id) VALUES ('Comment 66 for post 9', 66);
INSERT INTO read_comments (comment, post_id) VALUES ('Comment 66 for post 9', 66);
INSERT INTO write_comments (comment, post_id) VALUES ('Comment 67 for post 9', 67);
INSERT INTO read_comments (comment, post_id) VALUES ('Comment 67 for post 9', 67);
INSERT INTO write_comments (comment, post_id) VALUES ('Comment 68 for post 9', 68);
INSERT INTO read_comments (comment, post_id) VALUES ('Comment 68 for post 9', 68);
INSERT INTO write_comments (comment, post_id) VALUES ('Comment 69 for post 9', 69);
INSERT INTO read_comments (comment, post_id) VALUES ('Comment 69 for post 9', 69);
INSERT INTO write_comments (comment, post_id) VALUES ('Comment 70 for post 9', 70);
INSERT INTO read_comments (comment, post_id) VALUES ('Comment 70 for post 9', 70);
INSERT INTO write_comments (comment, post_id) VALUES ('Comment 71 for post 9', 71);
INSERT INTO read_comments (comment, post_id) VALUES ('Comment 71 for post 9', 71);
INSERT INTO write_comments (comment, post_id) VALUES ('Comment 72 for post 9', 72);
INSERT INTO read_comments (comment, post_id) VALUES ('Comment 72 for post 9', 72);
INSERT INTO write_comments (comment, post_id) VALUES ('Comment 73 for post 9', 73);
INSERT INTO read_comments (comment, post_id) VALUES ('Comment 73 for post 9', 73);
INSERT INTO write_comments (comment, post_id) VALUES ('Comment 74 for post 9', 74);
INSERT INTO read_comments (comment, post_id) VALUES ('Comment 74 for post 9', 74);
INSERT INTO write_comments (comment, post_id) VALUES ('Comment 75 for post 9', 75);
INSERT INTO read_comments (comment, post_id) VALUES ('Comment 75 for post 9', 75);
INSERT INTO write_comments (comment, post_id) VALUES ('Comment 76 for post 9', 76);
INSERT INTO read_comments (comment, post_id) VALUES ('Comment 76 for post 9', 76);
INSERT INTO write_comments (comment, post_id) VALUES ('Comment 77 for post 9', 77);
INSERT INTO read_comments (comment, post_id) VALUES ('Comment 77 for post 9', 77);
INSERT INTO write_comments (comment, post_id) VALUES ('Comment 78 for post 9', 78);
INSERT INTO read_comments (comment, post_id) VALUES ('Comment 78 for post 9', 78);
INSERT INTO write_comments (comment, post_id) VALUES ('Comment 79 for post 9', 79);
INSERT INTO read_comments (comment, post_id) VALUES ('Comment 79 for post 9', 79);
INSERT INTO write_comments (comment, post_id) VALUES ('Comment 80 for post 9', 80);
INSERT INTO read_comments (comment, post_id) VALUES ('Comment 80 for post 9', 80);
INSERT INTO write_comments (comment, post_id) VALUES ('Comment 81 for post 9', 81);
INSERT INTO read_comments (comment, post_id) VALUES ('Comment 81 for post 9', 81);
INSERT INTO write_comments (comment, post_id) VALUES ('Comment 82 for post 9', 82);
INSERT INTO read_comments (comment, post_id) VALUES ('Comment 82 for post 9', 82);
INSERT INTO write_comments (comment, post_id) VALUES ('Comment 83 for post 9', 83);
INSERT INTO read_comments (comment, post_id) VALUES ('Comment 83 for post 9', 83);
INSERT INTO write_comments (comment, post_id) VALUES ('Comment 84 for post 9', 84);
INSERT INTO read_comments (comment, post_id) VALUES ('Comment 84 for post 9', 84);
INSERT INTO write_comments (comment, post_id) VALUES ('Comment 85 for post 9', 85);
INSERT INTO read_comments (comment, post_id) VALUES ('Comment 85 for post 9', 85);
INSERT INTO write_comments (comment, post_id) VALUES ('Comment 86 for post 9', 86);
INSERT INTO read_comments (comment, post_id) VALUES ('Comment 86 for post 9', 86);
INSERT INTO write_comments (comment, post_id) VALUES ('Comment 87 for post 9', 87);
INSERT INTO read_comments (comment, post_id) VALUES ('Comment 87 for post 9', 87);
INSERT INTO write_comments (comment, post_id) VALUES ('Comment 88 for post 9', 88);
INSERT INTO read_comments (comment, post_id) VALUES ('Comment 88 for post 9', 88);
INSERT INTO write_comments (comment, post_id) VALUES ('Comment 89 for post 9', 89);
INSERT INTO read_comments (comment, post_id) VALUES ('Comment 89 for post 9', 89);
INSERT INTO write_comments (comment, post_id) VALUES ('Comment 90 for post 9', 90);
INSERT INTO read_comments (comment, post_id) VALUES ('Comment 90 for post 9', 90);
INSERT INTO write_comments (comment, post_id) VALUES ('Comment 91 for post 9', 91);
INSERT INTO read_comments (comment, post_id) VALUES ('Comment 91 for post 9', 91);
INSERT INTO write_comments (comment, post_id) VALUES ('Comment 92 for post 9', 92);
INSERT INTO read_comments (comment, post_id) VALUES ('Comment 92 for post 9', 92);
INSERT INTO write_comments (comment, post_id) VALUES ('Comment 93 for post 9', 93);
INSERT INTO read_comments (comment, post_id) VALUES ('Comment 93 for post 9', 93);
INSERT INTO write_comments (comment, post_id) VALUES ('Comment 94 for post 9', 94);
INSERT INTO read_comments (comment, post_id) VALUES ('Comment 94 for post 9', 94);
INSERT INTO write_comments (comment, post_id) VALUES ('Comment 95 for post 9', 95);
INSERT INTO read_comments (comment, post_id) VALUES ('Comment 95 for post 9', 95);
INSERT INTO write_comments (comment, post_id) VALUES ('Comment 96 for post 9', 96);
INSERT INTO read_comments (comment, post_id) VALUES ('Comment 96 for post 9', 96);
INSERT INTO write_comments (comment, post_id) VALUES ('Comment 97 for post 9', 97);
INSERT INTO read_comments (comment, post_id) VALUES ('Comment 97 for post 9', 97);
INSERT INTO write_comments (comment, post_id) VALUES ('Comment 98 for post 9', 98);
INSERT INTO read_comments (comment, post_id) VALUES ('Comment 98 for post 9', 98);
INSERT INTO write_comments (comment, post_id) VALUES ('Comment 99 for post 9', 99);
INSERT INTO read_comments (comment, post_id) VALUES ('Comment 99 for post 9', 99);
INSERT INTO write_comments (comment, post_id) VALUES ('Comment 100 for post 9', 100);
INSERT INTO read_comments (comment, post_id) VALUES ('Comment 100 for post 9', 100);
INSERT INTO write_comments (comment, post_id) VALUES ('Comment 1 for post 10', 1);
INSERT INTO read_comments (comment, post_id) VALUES ('Comment 1 for post 10', 1);
INSERT INTO write_comments (comment, post_id) VALUES ('Comment 2 for post 10', 2);
INSERT INTO read_comments (comment, post_id) VALUES ('Comment 2 for post 10', 2);
INSERT INTO write_comments (comment, post_id) VALUES ('Comment 3 for post 10', 3);
INSERT INTO read_comments (comment, post_id) VALUES ('Comment 3 for post 10', 3);
INSERT INTO write_comments (comment, post_id) VALUES ('Comment 4 for post 10', 4);
INSERT INTO read_comments (comment, post_id) VALUES ('Comment 4 for post 10', 4);
INSERT INTO write_comments (comment, post_id) VALUES ('Comment 5 for post 10', 5);
INSERT INTO read_comments (comment, post_id) VALUES ('Comment 5 for post 10', 5);
INSERT INTO write_comments (comment, post_id) VALUES ('Comment 6 for post 10', 6);
INSERT INTO read_comments (comment, post_id) VALUES ('Comment 6 for post 10', 6);
INSERT INTO write_comments (comment, post_id) VALUES ('Comment 7 for post 10', 7);
INSERT INTO read_comments (comment, post_id) VALUES ('Comment 7 for post 10', 7);
INSERT INTO write_comments (comment, post_id) VALUES ('Comment 8 for post 10', 8);
INSERT INTO read_comments (comment, post_id) VALUES ('Comment 8 for post 10', 8);
INSERT INTO write_comments (comment, post_id) VALUES ('Comment 9 for post 10', 9);
INSERT INTO read_comments (comment, post_id) VALUES ('Comment 9 for post 10', 9);
INSERT INTO write_comments (comment, post_id) VALUES ('Comment 10 for post 10', 10);
INSERT INTO read_comments (comment, post_id) VALUES ('Comment 10 for post 10', 10);
INSERT INTO write_comments (comment, post_id) VALUES ('Comment 11 for post 10', 11);
INSERT INTO read_comments (comment, post_id) VALUES ('Comment 11 for post 10', 11);
INSERT INTO write_comments (comment, post_id) VALUES ('Comment 12 for post 10', 12);
INSERT INTO read_comments (comment, post_id) VALUES ('Comment 12 for post 10', 12);
INSERT INTO write_comments (comment, post_id) VALUES ('Comment 13 for post 10', 13);
INSERT INTO read_comments (comment, post_id) VALUES ('Comment 13 for post 10', 13);
INSERT INTO write_comments (comment, post_id) VALUES ('Comment 14 for post 10', 14);
INSERT INTO read_comments (comment, post_id) VALUES ('Comment 14 for post 10', 14);
INSERT INTO write_comments (comment, post_id) VALUES ('Comment 15 for post 10', 15);
INSERT INTO read_comments (comment, post_id) VALUES ('Comment 15 for post 10', 15);
INSERT INTO write_comments (comment, post_id) VALUES ('Comment 16 for post 10', 16);
INSERT INTO read_comments (comment, post_id) VALUES ('Comment 16 for post 10', 16);
INSERT INTO write_comments (comment, post_id) VALUES ('Comment 17 for post 10', 17);
INSERT INTO read_comments (comment, post_id) VALUES ('Comment 17 for post 10', 17);
INSERT INTO write_comments (comment, post_id) VALUES ('Comment 18 for post 10', 18);
INSERT INTO read_comments (comment, post_id) VALUES ('Comment 18 for post 10', 18);
INSERT INTO write_comments (comment, post_id) VALUES ('Comment 19 for post 10', 19);
INSERT INTO read_comments (comment, post_id) VALUES ('Comment 19 for post 10', 19);
INSERT INTO write_comments (comment, post_id) VALUES ('Comment 20 for post 10', 20);
INSERT INTO read_comments (comment, post_id) VALUES ('Comment 20 for post 10', 20);
INSERT INTO write_comments (comment, post_id) VALUES ('Comment 21 for post 10', 21);
INSERT INTO read_comments (comment, post_id) VALUES ('Comment 21 for post 10', 21);
INSERT INTO write_comments (comment, post_id) VALUES ('Comment 22 for post 10', 22);
INSERT INTO read_comments (comment, post_id) VALUES ('Comment 22 for post 10', 22);
INSERT INTO write_comments (comment, post_id) VALUES ('Comment 23 for post 10', 23);
INSERT INTO read_comments (comment, post_id) VALUES ('Comment 23 for post 10', 23);
INSERT INTO write_comments (comment, post_id) VALUES ('Comment 24 for post 10', 24);
INSERT INTO read_comments (comment, post_id) VALUES ('Comment 24 for post 10', 24);
INSERT INTO write_comments (comment, post_id) VALUES ('Comment 25 for post 10', 25);
INSERT INTO read_comments (comment, post_id) VALUES ('Comment 25 for post 10', 25);
INSERT INTO write_comments (comment, post_id) VALUES ('Comment 26 for post 10', 26);
INSERT INTO read_comments (comment, post_id) VALUES ('Comment 26 for post 10', 26);
INSERT INTO write_comments (comment, post_id) VALUES ('Comment 27 for post 10', 27);
INSERT INTO read_comments (comment, post_id) VALUES ('Comment 27 for post 10', 27);
INSERT INTO write_comments (comment, post_id) VALUES ('Comment 28 for post 10', 28);
INSERT INTO read_comments (comment, post_id) VALUES ('Comment 28 for post 10', 28);
INSERT INTO write_comments (comment, post_id) VALUES ('Comment 29 for post 10', 29);
INSERT INTO read_comments (comment, post_id) VALUES ('Comment 29 for post 10', 29);
INSERT INTO write_comments (comment, post_id) VALUES ('Comment 30 for post 10', 30);
INSERT INTO read_comments (comment, post_id) VALUES ('Comment 30 for post 10', 30);
INSERT INTO write_comments (comment, post_id) VALUES ('Comment 31 for post 10', 31);
INSERT INTO read_comments (comment, post_id) VALUES ('Comment 31 for post 10', 31);
INSERT INTO write_comments (comment, post_id) VALUES ('Comment 32 for post 10', 32);
INSERT INTO read_comments (comment, post_id) VALUES ('Comment 32 for post 10', 32);
INSERT INTO write_comments (comment, post_id) VALUES ('Comment 33 for post 10', 33);
INSERT INTO read_comments (comment, post_id) VALUES ('Comment 33 for post 10', 33);
INSERT INTO write_comments (comment, post_id) VALUES ('Comment 34 for post 10', 34);
INSERT INTO read_comments (comment, post_id) VALUES ('Comment 34 for post 10', 34);
INSERT INTO write_comments (comment, post_id) VALUES ('Comment 35 for post 10', 35);
INSERT INTO read_comments (comment, post_id) VALUES ('Comment 35 for post 10', 35);
INSERT INTO write_comments (comment, post_id) VALUES ('Comment 36 for post 10', 36);
INSERT INTO read_comments (comment, post_id) VALUES ('Comment 36 for post 10', 36);
INSERT INTO write_comments (comment, post_id) VALUES ('Comment 37 for post 10', 37);
INSERT INTO read_comments (comment, post_id) VALUES ('Comment 37 for post 10', 37);
INSERT INTO write_comments (comment, post_id) VALUES ('Comment 38 for post 10', 38);
INSERT INTO read_comments (comment, post_id) VALUES ('Comment 38 for post 10', 38);
INSERT INTO write_comments (comment, post_id) VALUES ('Comment 39 for post 10', 39);
INSERT INTO read_comments (comment, post_id) VALUES ('Comment 39 for post 10', 39);
INSERT INTO write_comments (comment, post_id) VALUES ('Comment 40 for post 10', 40);
INSERT INTO read_comments (comment, post_id) VALUES ('Comment 40 for post 10', 40);
INSERT INTO write_comments (comment, post_id) VALUES ('Comment 41 for post 10', 41);
INSERT INTO read_comments (comment, post_id) VALUES ('Comment 41 for post 10', 41);
INSERT INTO write_comments (comment, post_id) VALUES ('Comment 42 for post 10', 42);
INSERT INTO read_comments (comment, post_id) VALUES ('Comment 42 for post 10', 42);
INSERT INTO write_comments (comment, post_id) VALUES ('Comment 43 for post 10', 43);
INSERT INTO read_comments (comment, post_id) VALUES ('Comment 43 for post 10', 43);
INSERT INTO write_comments (comment, post_id) VALUES ('Comment 44 for post 10', 44);
INSERT INTO read_comments (comment, post_id) VALUES ('Comment 44 for post 10', 44);
INSERT INTO write_comments (comment, post_id) VALUES ('Comment 45 for post 10', 45);
INSERT INTO read_comments (comment, post_id) VALUES ('Comment 45 for post 10', 45);
INSERT INTO write_comments (comment, post_id) VALUES ('Comment 46 for post 10', 46);
INSERT INTO read_comments (comment, post_id) VALUES ('Comment 46 for post 10', 46);
INSERT INTO write_comments (comment, post_id) VALUES ('Comment 47 for post 10', 47);
INSERT INTO read_comments (comment, post_id) VALUES ('Comment 47 for post 10', 47);
INSERT INTO write_comments (comment, post_id) VALUES ('Comment 48 for post 10', 48);
INSERT INTO read_comments (comment, post_id) VALUES ('Comment 48 for post 10', 48);
INSERT INTO write_comments (comment, post_id) VALUES ('Comment 49 for post 10', 49);
INSERT INTO read_comments (comment, post_id) VALUES ('Comment 49 for post 10', 49);
INSERT INTO write_comments (comment, post_id) VALUES ('Comment 50 for post 10', 50);
INSERT INTO read_comments (comment, post_id) VALUES ('Comment 50 for post 10', 50);
INSERT INTO write_comments (comment, post_id) VALUES ('Comment 51 for post 10', 51);
INSERT INTO read_comments (comment, post_id) VALUES ('Comment 51 for post 10', 51);
INSERT INTO write_comments (comment, post_id) VALUES ('Comment 52 for post 10', 52);
INSERT INTO read_comments (comment, post_id) VALUES ('Comment 52 for post 10', 52);
INSERT INTO write_comments (comment, post_id) VALUES ('Comment 53 for post 10', 53);
INSERT INTO read_comments (comment, post_id) VALUES ('Comment 53 for post 10', 53);
INSERT INTO write_comments (comment, post_id) VALUES ('Comment 54 for post 10', 54);
INSERT INTO read_comments (comment, post_id) VALUES ('Comment 54 for post 10', 54);
INSERT INTO write_comments (comment, post_id) VALUES ('Comment 55 for post 10', 55);
INSERT INTO read_comments (comment, post_id) VALUES ('Comment 55 for post 10', 55);
INSERT INTO write_comments (comment, post_id) VALUES ('Comment 56 for post 10', 56);
INSERT INTO read_comments (comment, post_id) VALUES ('Comment 56 for post 10', 56);
INSERT INTO write_comments (comment, post_id) VALUES ('Comment 57 for post 10', 57);
INSERT INTO read_comments (comment, post_id) VALUES ('Comment 57 for post 10', 57);
INSERT INTO write_comments (comment, post_id) VALUES ('Comment 58 for post 10', 58);
INSERT INTO read_comments (comment, post_id) VALUES ('Comment 58 for post 10', 58);
INSERT INTO write_comments (comment, post_id) VALUES ('Comment 59 for post 10', 59);
INSERT INTO read_comments (comment, post_id) VALUES ('Comment 59 for post 10', 59);
INSERT INTO write_comments (comment, post_id) VALUES ('Comment 60 for post 10', 60);
INSERT INTO read_comments (comment, post_id) VALUES ('Comment 60 for post 10', 60);
INSERT INTO write_comments (comment, post_id) VALUES ('Comment 61 for post 10', 61);
INSERT INTO read_comments (comment, post_id) VALUES ('Comment 61 for post 10', 61);
INSERT INTO write_comments (comment, post_id) VALUES ('Comment 62 for post 10', 62);
INSERT INTO read_comments (comment, post_id) VALUES ('Comment 62 for post 10', 62);
INSERT INTO write_comments (comment, post_id) VALUES ('Comment 63 for post 10', 63);
INSERT INTO read_comments (comment, post_id) VALUES ('Comment 63 for post 10', 63);
INSERT INTO write_comments (comment, post_id) VALUES ('Comment 64 for post 10', 64);
INSERT INTO read_comments (comment, post_id) VALUES ('Comment 64 for post 10', 64);
INSERT INTO write_comments (comment, post_id) VALUES ('Comment 65 for post 10', 65);
INSERT INTO read_comments (comment, post_id) VALUES ('Comment 65 for post 10', 65);
INSERT INTO write_comments (comment, post_id) VALUES ('Comment 66 for post 10', 66);
INSERT INTO read_comments (comment, post_id) VALUES ('Comment 66 for post 10', 66);
INSERT INTO write_comments (comment, post_id) VALUES ('Comment 67 for post 10', 67);
INSERT INTO read_comments (comment, post_id) VALUES ('Comment 67 for post 10', 67);
INSERT INTO write_comments (comment, post_id) VALUES ('Comment 68 for post 10', 68);
INSERT INTO read_comments (comment, post_id) VALUES ('Comment 68 for post 10', 68);
INSERT INTO write_comments (comment, post_id) VALUES ('Comment 69 for post 10', 69);
INSERT INTO read_comments (comment, post_id) VALUES ('Comment 69 for post 10', 69);
INSERT INTO write_comments (comment, post_id) VALUES ('Comment 70 for post 10', 70);
INSERT INTO read_comments (comment, post_id) VALUES ('Comment 70 for post 10', 70);
INSERT INTO write_comments (comment, post_id) VALUES ('Comment 71 for post 10', 71);
INSERT INTO read_comments (comment, post_id) VALUES ('Comment 71 for post 10', 71);
INSERT INTO write_comments (comment, post_id) VALUES ('Comment 72 for post 10', 72);
INSERT INTO read_comments (comment, post_id) VALUES ('Comment 72 for post 10', 72);
INSERT INTO write_comments (comment, post_id) VALUES ('Comment 73 for post 10', 73);
INSERT INTO read_comments (comment, post_id) VALUES ('Comment 73 for post 10', 73);
INSERT INTO write_comments (comment, post_id) VALUES ('Comment 74 for post 10', 74);
INSERT INTO read_comments (comment, post_id) VALUES ('Comment 74 for post 10', 74);
INSERT INTO write_comments (comment, post_id) VALUES ('Comment 75 for post 10', 75);
INSERT INTO read_comments (comment, post_id) VALUES ('Comment 75 for post 10', 75);
INSERT INTO write_comments (comment, post_id) VALUES ('Comment 76 for post 10', 76);
INSERT INTO read_comments (comment, post_id) VALUES ('Comment 76 for post 10', 76);
INSERT INTO write_comments (comment, post_id) VALUES ('Comment 77 for post 10', 77);
INSERT INTO read_comments (comment, post_id) VALUES ('Comment 77 for post 10', 77);
INSERT INTO write_comments (comment, post_id) VALUES ('Comment 78 for post 10', 78);
INSERT INTO read_comments (comment, post_id) VALUES ('Comment 78 for post 10', 78);
INSERT INTO write_comments (comment, post_id) VALUES ('Comment 79 for post 10', 79);
INSERT INTO read_comments (comment, post_id) VALUES ('Comment 79 for post 10', 79);
INSERT INTO write_comments (comment, post_id) VALUES ('Comment 80 for post 10', 80);
INSERT INTO read_comments (comment, post_id) VALUES ('Comment 80 for post 10', 80);
INSERT INTO write_comments (comment, post_id) VALUES ('Comment 81 for post 10', 81);
INSERT INTO read_comments (comment, post_id) VALUES ('Comment 81 for post 10', 81);
INSERT INTO write_comments (comment, post_id) VALUES ('Comment 82 for post 10', 82);
INSERT INTO read_comments (comment, post_id) VALUES ('Comment 82 for post 10', 82);
INSERT INTO write_comments (comment, post_id) VALUES ('Comment 83 for post 10', 83);
INSERT INTO read_comments (comment, post_id) VALUES ('Comment 83 for post 10', 83);
INSERT INTO write_comments (comment, post_id) VALUES ('Comment 84 for post 10', 84);
INSERT INTO read_comments (comment, post_id) VALUES ('Comment 84 for post 10', 84);
INSERT INTO write_comments (comment, post_id) VALUES ('Comment 85 for post 10', 85);
INSERT INTO read_comments (comment, post_id) VALUES ('Comment 85 for post 10', 85);
INSERT INTO write_comments (comment, post_id) VALUES ('Comment 86 for post 10', 86);
INSERT INTO read_comments (comment, post_id) VALUES ('Comment 86 for post 10', 86);
INSERT INTO write_comments (comment, post_id) VALUES ('Comment 87 for post 10', 87);
INSERT INTO read_comments (comment, post_id) VALUES ('Comment 87 for post 10', 87);
INSERT INTO write_comments (comment, post_id) VALUES ('Comment 88 for post 10', 88);
INSERT INTO read_comments (comment, post_id) VALUES ('Comment 88 for post 10', 88);
INSERT INTO write_comments (comment, post_id) VALUES ('Comment 89 for post 10', 89);
INSERT INTO read_comments (comment, post_id) VALUES ('Comment 89 for post 10', 89);
INSERT INTO write_comments (comment, post_id) VALUES ('Comment 90 for post 10', 90);
INSERT INTO read_comments (comment, post_id) VALUES ('Comment 90 for post 10', 90);
INSERT INTO write_comments (comment, post_id) VALUES ('Comment 91 for post 10', 91);
INSERT INTO read_comments (comment, post_id) VALUES ('Comment 91 for post 10', 91);
INSERT INTO write_comments (comment, post_id) VALUES ('Comment 92 for post 10', 92);
INSERT INTO read_comments (comment, post_id) VALUES ('Comment 92 for post 10', 92);
INSERT INTO write_comments (comment, post_id) VALUES ('Comment 93 for post 10', 93);
INSERT INTO read_comments (comment, post_id) VALUES ('Comment 93 for post 10', 93);
INSERT INTO write_comments (comment, post_id) VALUES ('Comment 94 for post 10', 94);
INSERT INTO read_comments (comment, post_id) VALUES ('Comment 94 for post 10', 94);
INSERT INTO write_comments (comment, post_id) VALUES ('Comment 95 for post 10', 95);
INSERT INTO read_comments (comment, post_id) VALUES ('Comment 95 for post 10', 95);
INSERT INTO write_comments (comment, post_id) VALUES ('Comment 96 for post 10', 96);
INSERT INTO read_comments (comment, post_id) VALUES ('Comment 96 for post 10', 96);
INSERT INTO write_comments (comment, post_id) VALUES ('Comment 97 for post 10', 97);
INSERT INTO read_comments (comment, post_id) VALUES ('Comment 97 for post 10', 97);
INSERT INTO write_comments (comment, post_id) VALUES ('Comment 98 for post 10', 98);
INSERT INTO read_comments (comment, post_id) VALUES ('Comment 98 for post 10', 98);
INSERT INTO write_comments (comment, post_id) VALUES ('Comment 99 for post 10', 99);
INSERT INTO read_comments (comment, post_id) VALUES ('Comment 99 for post 10', 99);
INSERT INTO write_comments (comment, post_id) VALUES ('Comment 100 for post 10', 100);
INSERT INTO read_comments (comment, post_id) VALUES ('Comment 100 for post 10', 100);
INSERT INTO write_comments (comment, post_id) VALUES ('Comment 1 for post 11', 1);
INSERT INTO read_comments (comment, post_id) VALUES ('Comment 1 for post 11', 1);
INSERT INTO write_comments (comment, post_id) VALUES ('Comment 2 for post 11', 2);
INSERT INTO read_comments (comment, post_id) VALUES ('Comment 2 for post 11', 2);
INSERT INTO write_comments (comment, post_id) VALUES ('Comment 3 for post 11', 3);
INSERT INTO read_comments (comment, post_id) VALUES ('Comment 3 for post 11', 3);
INSERT INTO write_comments (comment, post_id) VALUES ('Comment 4 for post 11', 4);
INSERT INTO read_comments (comment, post_id) VALUES ('Comment 4 for post 11', 4);
INSERT INTO write_comments (comment, post_id) VALUES ('Comment 5 for post 11', 5);
INSERT INTO read_comments (comment, post_id) VALUES ('Comment 5 for post 11', 5);
INSERT INTO write_comments (comment, post_id) VALUES ('Comment 6 for post 11', 6);
INSERT INTO read_comments (comment, post_id) VALUES ('Comment 6 for post 11', 6);
INSERT INTO write_comments (comment, post_id) VALUES ('Comment 7 for post 11', 7);
INSERT INTO read_comments (comment, post_id) VALUES ('Comment 7 for post 11', 7);
INSERT INTO write_comments (comment, post_id) VALUES ('Comment 8 for post 11', 8);
INSERT INTO read_comments (comment, post_id) VALUES ('Comment 8 for post 11', 8);
INSERT INTO write_comments (comment, post_id) VALUES ('Comment 9 for post 11', 9);
INSERT INTO read_comments (comment, post_id) VALUES ('Comment 9 for post 11', 9);
INSERT INTO write_comments (comment, post_id) VALUES ('Comment 10 for post 11', 10);
INSERT INTO read_comments (comment, post_id) VALUES ('Comment 10 for post 11', 10);
INSERT INTO write_comments (comment, post_id) VALUES ('Comment 11 for post 11', 11);
INSERT INTO read_comments (comment, post_id) VALUES ('Comment 11 for post 11', 11);
INSERT INTO write_comments (comment, post_id) VALUES ('Comment 12 for post 11', 12);
INSERT INTO read_comments (comment, post_id) VALUES ('Comment 12 for post 11', 12);
INSERT INTO write_comments (comment, post_id) VALUES ('Comment 13 for post 11', 13);
INSERT INTO read_comments (comment, post_id) VALUES ('Comment 13 for post 11', 13);
INSERT INTO write_comments (comment, post_id) VALUES ('Comment 14 for post 11', 14);
INSERT INTO read_comments (comment, post_id) VALUES ('Comment 14 for post 11', 14);
INSERT INTO write_comments (comment, post_id) VALUES ('Comment 15 for post 11', 15);
INSERT INTO read_comments (comment, post_id) VALUES ('Comment 15 for post 11', 15);
INSERT INTO write_comments (comment, post_id) VALUES ('Comment 16 for post 11', 16);
INSERT INTO read_comments (comment, post_id) VALUES ('Comment 16 for post 11', 16);
INSERT INTO write_comments (comment, post_id) VALUES ('Comment 17 for post 11', 17);
INSERT INTO read_comments (comment, post_id) VALUES ('Comment 17 for post 11', 17);
INSERT INTO write_comments (comment, post_id) VALUES ('Comment 18 for post 11', 18);
INSERT INTO read_comments (comment, post_id) VALUES ('Comment 18 for post 11', 18);
INSERT INTO write_comments (comment, post_id) VALUES ('Comment 19 for post 11', 19);
INSERT INTO read_comments (comment, post_id) VALUES ('Comment 19 for post 11', 19);
INSERT INTO write_comments (comment, post_id) VALUES ('Comment 20 for post 11', 20);
INSERT INTO read_comments (comment, post_id) VALUES ('Comment 20 for post 11', 20);
INSERT INTO write_comments (comment, post_id) VALUES ('Comment 21 for post 11', 21);
INSERT INTO read_comments (comment, post_id) VALUES ('Comment 21 for post 11', 21);
INSERT INTO write_comments (comment, post_id) VALUES ('Comment 22 for post 11', 22);
INSERT INTO read_comments (comment, post_id) VALUES ('Comment 22 for post 11', 22);
INSERT INTO write_comments (comment, post_id) VALUES ('Comment 23 for post 11', 23);
INSERT INTO read_comments (comment, post_id) VALUES ('Comment 23 for post 11', 23);
INSERT INTO write_comments (comment, post_id) VALUES ('Comment 24 for post 11', 24);
INSERT INTO read_comments (comment, post_id) VALUES ('Comment 24 for post 11', 24);
INSERT INTO write_comments (comment, post_id) VALUES ('Comment 25 for post 11', 25);
INSERT INTO read_comments (comment, post_id) VALUES ('Comment 25 for post 11', 25);
INSERT INTO write_comments (comment, post_id) VALUES ('Comment 26 for post 11', 26);
INSERT INTO read_comments (comment, post_id) VALUES ('Comment 26 for post 11', 26);
INSERT INTO write_comments (comment, post_id) VALUES ('Comment 27 for post 11', 27);
INSERT INTO read_comments (comment, post_id) VALUES ('Comment 27 for post 11', 27);
INSERT INTO write_comments (comment, post_id) VALUES ('Comment 28 for post 11', 28);
INSERT INTO read_comments (comment, post_id) VALUES ('Comment 28 for post 11', 28);
INSERT INTO write_comments (comment, post_id) VALUES ('Comment 29 for post 11', 29);
INSERT INTO read_comments (comment, post_id) VALUES ('Comment 29 for post 11', 29);
INSERT INTO write_comments (comment, post_id) VALUES ('Comment 30 for post 11', 30);
INSERT INTO read_comments (comment, post_id) VALUES ('Comment 30 for post 11', 30);
INSERT INTO write_comments (comment, post_id) VALUES ('Comment 31 for post 11', 31);
INSERT INTO read_comments (comment, post_id) VALUES ('Comment 31 for post 11', 31);
INSERT INTO write_comments (comment, post_id) VALUES ('Comment 32 for post 11', 32);
INSERT INTO read_comments (comment, post_id) VALUES ('Comment 32 for post 11', 32);
INSERT INTO write_comments (comment, post_id) VALUES ('Comment 33 for post 11', 33);
INSERT INTO read_comments (comment, post_id) VALUES ('Comment 33 for post 11', 33);
INSERT INTO write_comments (comment, post_id) VALUES ('Comment 34 for post 11', 34);
INSERT INTO read_comments (comment, post_id) VALUES ('Comment 34 for post 11', 34);
INSERT INTO write_comments (comment, post_id) VALUES ('Comment 35 for post 11', 35);
INSERT INTO read_comments (comment, post_id) VALUES ('Comment 35 for post 11', 35);
INSERT INTO write_comments (comment, post_id) VALUES ('Comment 36 for post 11', 36);
INSERT INTO read_comments (comment, post_id) VALUES ('Comment 36 for post 11', 36);
INSERT INTO write_comments (comment, post_id) VALUES ('Comment 37 for post 11', 37);
INSERT INTO read_comments (comment, post_id) VALUES ('Comment 37 for post 11', 37);
INSERT INTO write_comments (comment, post_id) VALUES ('Comment 38 for post 11', 38);
INSERT INTO read_comments (comment, post_id) VALUES ('Comment 38 for post 11', 38);
INSERT INTO write_comments (comment, post_id) VALUES ('Comment 39 for post 11', 39);
INSERT INTO read_comments (comment, post_id) VALUES ('Comment 39 for post 11', 39);
INSERT INTO write_comments (comment, post_id) VALUES ('Comment 40 for post 11', 40);
INSERT INTO read_comments (comment, post_id) VALUES ('Comment 40 for post 11', 40);
INSERT INTO write_comments (comment, post_id) VALUES ('Comment 41 for post 11', 41);
INSERT INTO read_comments (comment, post_id) VALUES ('Comment 41 for post 11', 41);
INSERT INTO write_comments (comment, post_id) VALUES ('Comment 42 for post 11', 42);
INSERT INTO read_comments (comment, post_id) VALUES ('Comment 42 for post 11', 42);
INSERT INTO write_comments (comment, post_id) VALUES ('Comment 43 for post 11', 43);
INSERT INTO read_comments (comment, post_id) VALUES ('Comment 43 for post 11', 43);
INSERT INTO write_comments (comment, post_id) VALUES ('Comment 44 for post 11', 44);
INSERT INTO read_comments (comment, post_id) VALUES ('Comment 44 for post 11', 44);
INSERT INTO write_comments (comment, post_id) VALUES ('Comment 45 for post 11', 45);
INSERT INTO read_comments (comment, post_id) VALUES ('Comment 45 for post 11', 45);
INSERT INTO write_comments (comment, post_id) VALUES ('Comment 46 for post 11', 46);
INSERT INTO read_comments (comment, post_id) VALUES ('Comment 46 for post 11', 46);
INSERT INTO write_comments (comment, post_id) VALUES ('Comment 47 for post 11', 47);
INSERT INTO read_comments (comment, post_id) VALUES ('Comment 47 for post 11', 47);
INSERT INTO write_comments (comment, post_id) VALUES ('Comment 48 for post 11', 48);
INSERT INTO read_comments (comment, post_id) VALUES ('Comment 48 for post 11', 48);
INSERT INTO write_comments (comment, post_id) VALUES ('Comment 49 for post 11', 49);
INSERT INTO read_comments (comment, post_id) VALUES ('Comment 49 for post 11', 49);
INSERT INTO write_comments (comment, post_id) VALUES ('Comment 50 for post 11', 50);
INSERT INTO read_comments (comment, post_id) VALUES ('Comment 50 for post 11', 50);
INSERT INTO write_comments (comment, post_id) VALUES ('Comment 51 for post 11', 51);
INSERT INTO read_comments (comment, post_id) VALUES ('Comment 51 for post 11', 51);
INSERT INTO write_comments (comment, post_id) VALUES ('Comment 52 for post 11', 52);
INSERT INTO read_comments (comment, post_id) VALUES ('Comment 52 for post 11', 52);
INSERT INTO write_comments (comment, post_id) VALUES ('Comment 53 for post 11', 53);
INSERT INTO read_comments (comment, post_id) VALUES ('Comment 53 for post 11', 53);
INSERT INTO write_comments (comment, post_id) VALUES ('Comment 54 for post 11', 54);
INSERT INTO read_comments (comment, post_id) VALUES ('Comment 54 for post 11', 54);
INSERT INTO write_comments (comment, post_id) VALUES ('Comment 55 for post 11', 55);
INSERT INTO read_comments (comment, post_id) VALUES ('Comment 55 for post 11', 55);
INSERT INTO write_comments (comment, post_id) VALUES ('Comment 56 for post 11', 56);
INSERT INTO read_comments (comment, post_id) VALUES ('Comment 56 for post 11', 56);
INSERT INTO write_comments (comment, post_id) VALUES ('Comment 57 for post 11', 57);
INSERT INTO read_comments (comment, post_id) VALUES ('Comment 57 for post 11', 57);
INSERT INTO write_comments (comment, post_id) VALUES ('Comment 58 for post 11', 58);
INSERT INTO read_comments (comment, post_id) VALUES ('Comment 58 for post 11', 58);
INSERT INTO write_comments (comment, post_id) VALUES ('Comment 59 for post 11', 59);
INSERT INTO read_comments (comment, post_id) VALUES ('Comment 59 for post 11', 59);
INSERT INTO write_comments (comment, post_id) VALUES ('Comment 60 for post 11', 60);
INSERT INTO read_comments (comment, post_id) VALUES ('Comment 60 for post 11', 60);
INSERT INTO write_comments (comment, post_id) VALUES ('Comment 61 for post 11', 61);
INSERT INTO read_comments (comment, post_id) VALUES ('Comment 61 for post 11', 61);
INSERT INTO write_comments (comment, post_id) VALUES ('Comment 62 for post 11', 62);
INSERT INTO read_comments (comment, post_id) VALUES ('Comment 62 for post 11', 62);
INSERT INTO write_comments (comment, post_id) VALUES ('Comment 63 for post 11', 63);
INSERT INTO read_comments (comment, post_id) VALUES ('Comment 63 for post 11', 63);
INSERT INTO write_comments (comment, post_id) VALUES ('Comment 64 for post 11', 64);
INSERT INTO read_comments (comment, post_id) VALUES ('Comment 64 for post 11', 64);
INSERT INTO write_comments (comment, post_id) VALUES ('Comment 65 for post 11', 65);
INSERT INTO read_comments (comment, post_id) VALUES ('Comment 65 for post 11', 65);
INSERT INTO write_comments (comment, post_id) VALUES ('Comment 66 for post 11', 66);
INSERT INTO read_comments (comment, post_id) VALUES ('Comment 66 for post 11', 66);
INSERT INTO write_comments (comment, post_id) VALUES ('Comment 67 for post 11', 67);
INSERT INTO read_comments (comment, post_id) VALUES ('Comment 67 for post 11', 67);
INSERT INTO write_comments (comment, post_id) VALUES ('Comment 68 for post 11', 68);
INSERT INTO read_comments (comment, post_id) VALUES ('Comment 68 for post 11', 68);
INSERT INTO write_comments (comment, post_id) VALUES ('Comment 69 for post 11', 69);
INSERT INTO read_comments (comment, post_id) VALUES ('Comment 69 for post 11', 69);
INSERT INTO write_comments (comment, post_id) VALUES ('Comment 70 for post 11', 70);
INSERT INTO read_comments (comment, post_id) VALUES ('Comment 70 for post 11', 70);
INSERT INTO write_comments (comment, post_id) VALUES ('Comment 71 for post 11', 71);
INSERT INTO read_comments (comment, post_id) VALUES ('Comment 71 for post 11', 71);
INSERT INTO write_comments (comment, post_id) VALUES ('Comment 72 for post 11', 72);
INSERT INTO read_comments (comment, post_id) VALUES ('Comment 72 for post 11', 72);
INSERT INTO write_comments (comment, post_id) VALUES ('Comment 73 for post 11', 73);
INSERT INTO read_comments (comment, post_id) VALUES ('Comment 73 for post 11', 73);
INSERT INTO write_comments (comment, post_id) VALUES ('Comment 74 for post 11', 74);
INSERT INTO read_comments (comment, post_id) VALUES ('Comment 74 for post 11', 74);
INSERT INTO write_comments (comment, post_id) VALUES ('Comment 75 for post 11', 75);
INSERT INTO read_comments (comment, post_id) VALUES ('Comment 75 for post 11', 75);
INSERT INTO write_comments (comment, post_id) VALUES ('Comment 76 for post 11', 76);
INSERT INTO read_comments (comment, post_id) VALUES ('Comment 76 for post 11', 76);
INSERT INTO write_comments (comment, post_id) VALUES ('Comment 77 for post 11', 77);
INSERT INTO read_comments (comment, post_id) VALUES ('Comment 77 for post 11', 77);
INSERT INTO write_comments (comment, post_id) VALUES ('Comment 78 for post 11', 78);
INSERT INTO read_comments (comment, post_id) VALUES ('Comment 78 for post 11', 78);
INSERT INTO write_comments (comment, post_id) VALUES ('Comment 79 for post 11', 79);
INSERT INTO read_comments (comment, post_id) VALUES ('Comment 79 for post 11', 79);
INSERT INTO write_comments (comment, post_id) VALUES ('Comment 80 for post 11', 80);
INSERT INTO read_comments (comment, post_id) VALUES ('Comment 80 for post 11', 80);
INSERT INTO write_comments (comment, post_id) VALUES ('Comment 81 for post 11', 81);
INSERT INTO read_comments (comment, post_id) VALUES ('Comment 81 for post 11', 81);
INSERT INTO write_comments (comment, post_id) VALUES ('Comment 82 for post 11', 82);
INSERT INTO read_comments (comment, post_id) VALUES ('Comment 82 for post 11', 82);
INSERT INTO write_comments (comment, post_id) VALUES ('Comment 83 for post 11', 83);
INSERT INTO read_comments (comment, post_id) VALUES ('Comment 83 for post 11', 83);
INSERT INTO write_comments (comment, post_id) VALUES ('Comment 84 for post 11', 84);
INSERT INTO read_comments (comment, post_id) VALUES ('Comment 84 for post 11', 84);
INSERT INTO write_comments (comment, post_id) VALUES ('Comment 85 for post 11', 85);
INSERT INTO read_comments (comment, post_id) VALUES ('Comment 85 for post 11', 85);
INSERT INTO write_comments (comment, post_id) VALUES ('Comment 86 for post 11', 86);
INSERT INTO read_comments (comment, post_id) VALUES ('Comment 86 for post 11', 86);
INSERT INTO write_comments (comment, post_id) VALUES ('Comment 87 for post 11', 87);
INSERT INTO read_comments (comment, post_id) VALUES ('Comment 87 for post 11', 87);
INSERT INTO write_comments (comment, post_id) VALUES ('Comment 88 for post 11', 88);
INSERT INTO read_comments (comment, post_id) VALUES ('Comment 88 for post 11', 88);
INSERT INTO write_comments (comment, post_id) VALUES ('Comment 89 for post 11', 89);
INSERT INTO read_comments (comment, post_id) VALUES ('Comment 89 for post 11', 89);
INSERT INTO write_comments (comment, post_id) VALUES ('Comment 90 for post 11', 90);
INSERT INTO read_comments (comment, post_id) VALUES ('Comment 90 for post 11', 90);
INSERT INTO write_comments (comment, post_id) VALUES ('Comment 91 for post 11', 91);
INSERT INTO read_comments (comment, post_id) VALUES ('Comment 91 for post 11', 91);
INSERT INTO write_comments (comment, post_id) VALUES ('Comment 92 for post 11', 92);
INSERT INTO read_comments (comment, post_id) VALUES ('Comment 92 for post 11', 92);
INSERT INTO write_comments (comment, post_id) VALUES ('Comment 93 for post 11', 93);
INSERT INTO read_comments (comment, post_id) VALUES ('Comment 93 for post 11', 93);
INSERT INTO write_comments (comment, post_id) VALUES ('Comment 94 for post 11', 94);
INSERT INTO read_comments (comment, post_id) VALUES ('Comment 94 for post 11', 94);
INSERT INTO write_comments (comment, post_id) VALUES ('Comment 95 for post 11', 95);
INSERT INTO read_comments (comment, post_id) VALUES ('Comment 95 for post 11', 95);
INSERT INTO write_comments (comment, post_id) VALUES ('Comment 96 for post 11', 96);
INSERT INTO read_comments (comment, post_id) VALUES ('Comment 96 for post 11', 96);
INSERT INTO write_comments (comment, post_id) VALUES ('Comment 97 for post 11', 97);
INSERT INTO read_comments (comment, post_id) VALUES ('Comment 97 for post 11', 97);
INSERT INTO write_comments (comment, post_id) VALUES ('Comment 98 for post 11', 98);
INSERT INTO read_comments (comment, post_id) VALUES ('Comment 98 for post 11', 98);
INSERT INTO write_comments (comment, post_id) VALUES ('Comment 99 for post 11', 99);
INSERT INTO read_comments (comment, post_id) VALUES ('Comment 99 for post 11', 99);
INSERT INTO write_comments (comment, post_id) VALUES ('Comment 100 for post 11', 100);
INSERT INTO read_comments (comment, post_id) VALUES ('Comment 100 for post 11', 100);
INSERT INTO write_comments (comment, post_id) VALUES ('Comment 1 for post 12', 1);
INSERT INTO read_comments (comment, post_id) VALUES ('Comment 1 for post 12', 1);
INSERT INTO write_comments (comment, post_id) VALUES ('Comment 2 for post 12', 2);
INSERT INTO read_comments (comment, post_id) VALUES ('Comment 2 for post 12', 2);
INSERT INTO write_comments (comment, post_id) VALUES ('Comment 3 for post 12', 3);
INSERT INTO read_comments (comment, post_id) VALUES ('Comment 3 for post 12', 3);
INSERT INTO write_comments (comment, post_id) VALUES ('Comment 4 for post 12', 4);
INSERT INTO read_comments (comment, post_id) VALUES ('Comment 4 for post 12', 4);
INSERT INTO write_comments (comment, post_id) VALUES ('Comment 5 for post 12', 5);
INSERT INTO read_comments (comment, post_id) VALUES ('Comment 5 for post 12', 5);
INSERT INTO write_comments (comment, post_id) VALUES ('Comment 6 for post 12', 6);
INSERT INTO read_comments (comment, post_id) VALUES ('Comment 6 for post 12', 6);
INSERT INTO write_comments (comment, post_id) VALUES ('Comment 7 for post 12', 7);
INSERT INTO read_comments (comment, post_id) VALUES ('Comment 7 for post 12', 7);
INSERT INTO write_comments (comment, post_id) VALUES ('Comment 8 for post 12', 8);
INSERT INTO read_comments (comment, post_id) VALUES ('Comment 8 for post 12', 8);
INSERT INTO write_comments (comment, post_id) VALUES ('Comment 9 for post 12', 9);
INSERT INTO read_comments (comment, post_id) VALUES ('Comment 9 for post 12', 9);
INSERT INTO write_comments (comment, post_id) VALUES ('Comment 10 for post 12', 10);
INSERT INTO read_comments (comment, post_id) VALUES ('Comment 10 for post 12', 10);
INSERT INTO write_comments (comment, post_id) VALUES ('Comment 11 for post 12', 11);
INSERT INTO read_comments (comment, post_id) VALUES ('Comment 11 for post 12', 11);
INSERT INTO write_comments (comment, post_id) VALUES ('Comment 12 for post 12', 12);
INSERT INTO read_comments (comment, post_id) VALUES ('Comment 12 for post 12', 12);
INSERT INTO write_comments (comment, post_id) VALUES ('Comment 13 for post 12', 13);
INSERT INTO read_comments (comment, post_id) VALUES ('Comment 13 for post 12', 13);
INSERT INTO write_comments (comment, post_id) VALUES ('Comment 14 for post 12', 14);
INSERT INTO read_comments (comment, post_id) VALUES ('Comment 14 for post 12', 14);
INSERT INTO write_comments (comment, post_id) VALUES ('Comment 15 for post 12', 15);
INSERT INTO read_comments (comment, post_id) VALUES ('Comment 15 for post 12', 15);
INSERT INTO write_comments (comment, post_id) VALUES ('Comment 16 for post 12', 16);
INSERT INTO read_comments (comment, post_id) VALUES ('Comment 16 for post 12', 16);
INSERT INTO write_comments (comment, post_id) VALUES ('Comment 17 for post 12', 17);
INSERT INTO read_comments (comment, post_id) VALUES ('Comment 17 for post 12', 17);
INSERT INTO write_comments (comment, post_id) VALUES ('Comment 18 for post 12', 18);
INSERT INTO read_comments (comment, post_id) VALUES ('Comment 18 for post 12', 18);
INSERT INTO write_comments (comment, post_id) VALUES ('Comment 19 for post 12', 19);
INSERT INTO read_comments (comment, post_id) VALUES ('Comment 19 for post 12', 19);
INSERT INTO write_comments (comment, post_id) VALUES ('Comment 20 for post 12', 20);
INSERT INTO read_comments (comment, post_id) VALUES ('Comment 20 for post 12', 20);
INSERT INTO write_comments (comment, post_id) VALUES ('Comment 21 for post 12', 21);
INSERT INTO read_comments (comment, post_id) VALUES ('Comment 21 for post 12', 21);
INSERT INTO write_comments (comment, post_id) VALUES ('Comment 22 for post 12', 22);
INSERT INTO read_comments (comment, post_id) VALUES ('Comment 22 for post 12', 22);
INSERT INTO write_comments (comment, post_id) VALUES ('Comment 23 for post 12', 23);
INSERT INTO read_comments (comment, post_id) VALUES ('Comment 23 for post 12', 23);
INSERT INTO write_comments (comment, post_id) VALUES ('Comment 24 for post 12', 24);
INSERT INTO read_comments (comment, post_id) VALUES ('Comment 24 for post 12', 24);
INSERT INTO write_comments (comment, post_id) VALUES ('Comment 25 for post 12', 25);
INSERT INTO read_comments (comment, post_id) VALUES ('Comment 25 for post 12', 25);
INSERT INTO write_comments (comment, post_id) VALUES ('Comment 26 for post 12', 26);
INSERT INTO read_comments (comment, post_id) VALUES ('Comment 26 for post 12', 26);
INSERT INTO write_comments (comment, post_id) VALUES ('Comment 27 for post 12', 27);
INSERT INTO read_comments (comment, post_id) VALUES ('Comment 27 for post 12', 27);
INSERT INTO write_comments (comment, post_id) VALUES ('Comment 28 for post 12', 28);
INSERT INTO read_comments (comment, post_id) VALUES ('Comment 28 for post 12', 28);
INSERT INTO write_comments (comment, post_id) VALUES ('Comment 29 for post 12', 29);
INSERT INTO read_comments (comment, post_id) VALUES ('Comment 29 for post 12', 29);
INSERT INTO write_comments (comment, post_id) VALUES ('Comment 30 for post 12', 30);
INSERT INTO read_comments (comment, post_id) VALUES ('Comment 30 for post 12', 30);
INSERT INTO write_comments (comment, post_id) VALUES ('Comment 31 for post 12', 31);
INSERT INTO read_comments (comment, post_id) VALUES ('Comment 31 for post 12', 31);
INSERT INTO write_comments (comment, post_id) VALUES ('Comment 32 for post 12', 32);
INSERT INTO read_comments (comment, post_id) VALUES ('Comment 32 for post 12', 32);
INSERT INTO write_comments (comment, post_id) VALUES ('Comment 33 for post 12', 33);
INSERT INTO read_comments (comment, post_id) VALUES ('Comment 33 for post 12', 33);
INSERT INTO write_comments (comment, post_id) VALUES ('Comment 34 for post 12', 34);
INSERT INTO read_comments (comment, post_id) VALUES ('Comment 34 for post 12', 34);
INSERT INTO write_comments (comment, post_id) VALUES ('Comment 35 for post 12', 35);
INSERT INTO read_comments (comment, post_id) VALUES ('Comment 35 for post 12', 35);
INSERT INTO write_comments (comment, post_id) VALUES ('Comment 36 for post 12', 36);
INSERT INTO read_comments (comment, post_id) VALUES ('Comment 36 for post 12', 36);
INSERT INTO write_comments (comment, post_id) VALUES ('Comment 37 for post 12', 37);
INSERT INTO read_comments (comment, post_id) VALUES ('Comment 37 for post 12', 37);
INSERT INTO write_comments (comment, post_id) VALUES ('Comment 38 for post 12', 38);
INSERT INTO read_comments (comment, post_id) VALUES ('Comment 38 for post 12', 38);
INSERT INTO write_comments (comment, post_id) VALUES ('Comment 39 for post 12', 39);
INSERT INTO read_comments (comment, post_id) VALUES ('Comment 39 for post 12', 39);
INSERT INTO write_comments (comment, post_id) VALUES ('Comment 40 for post 12', 40);
INSERT INTO read_comments (comment, post_id) VALUES ('Comment 40 for post 12', 40);
INSERT INTO write_comments (comment, post_id) VALUES ('Comment 41 for post 12', 41);
INSERT INTO read_comments (comment, post_id) VALUES ('Comment 41 for post 12', 41);
INSERT INTO write_comments (comment, post_id) VALUES ('Comment 42 for post 12', 42);
INSERT INTO read_comments (comment, post_id) VALUES ('Comment 42 for post 12', 42);
INSERT INTO write_comments (comment, post_id) VALUES ('Comment 43 for post 12', 43);
INSERT INTO read_comments (comment, post_id) VALUES ('Comment 43 for post 12', 43);
INSERT INTO write_comments (comment, post_id) VALUES ('Comment 44 for post 12', 44);
INSERT INTO read_comments (comment, post_id) VALUES ('Comment 44 for post 12', 44);
INSERT INTO write_comments (comment, post_id) VALUES ('Comment 45 for post 12', 45);
INSERT INTO read_comments (comment, post_id) VALUES ('Comment 45 for post 12', 45);
INSERT INTO write_comments (comment, post_id) VALUES ('Comment 46 for post 12', 46);
INSERT INTO read_comments (comment, post_id) VALUES ('Comment 46 for post 12', 46);
INSERT INTO write_comments (comment, post_id) VALUES ('Comment 47 for post 12', 47);
INSERT INTO read_comments (comment, post_id) VALUES ('Comment 47 for post 12', 47);
INSERT INTO write_comments (comment, post_id) VALUES ('Comment 48 for post 12', 48);
INSERT INTO read_comments (comment, post_id) VALUES ('Comment 48 for post 12', 48);
INSERT INTO write_comments (comment, post_id) VALUES ('Comment 49 for post 12', 49);
INSERT INTO read_comments (comment, post_id) VALUES ('Comment 49 for post 12', 49);
INSERT INTO write_comments (comment, post_id) VALUES ('Comment 50 for post 12', 50);
INSERT INTO read_comments (comment, post_id) VALUES ('Comment 50 for post 12', 50);
INSERT INTO write_comments (comment, post_id) VALUES ('Comment 51 for post 12', 51);
INSERT INTO read_comments (comment, post_id) VALUES ('Comment 51 for post 12', 51);
INSERT INTO write_comments (comment, post_id) VALUES ('Comment 52 for post 12', 52);
INSERT INTO read_comments (comment, post_id) VALUES ('Comment 52 for post 12', 52);
INSERT INTO write_comments (comment, post_id) VALUES ('Comment 53 for post 12', 53);
INSERT INTO read_comments (comment, post_id) VALUES ('Comment 53 for post 12', 53);
INSERT INTO write_comments (comment, post_id) VALUES ('Comment 54 for post 12', 54);
INSERT INTO read_comments (comment, post_id) VALUES ('Comment 54 for post 12', 54);
INSERT INTO write_comments (comment, post_id) VALUES ('Comment 55 for post 12', 55);
INSERT INTO read_comments (comment, post_id) VALUES ('Comment 55 for post 12', 55);
INSERT INTO write_comments (comment, post_id) VALUES ('Comment 56 for post 12', 56);
INSERT INTO read_comments (comment, post_id) VALUES ('Comment 56 for post 12', 56);
INSERT INTO write_comments (comment, post_id) VALUES ('Comment 57 for post 12', 57);
INSERT INTO read_comments (comment, post_id) VALUES ('Comment 57 for post 12', 57);
INSERT INTO write_comments (comment, post_id) VALUES ('Comment 58 for post 12', 58);
INSERT INTO read_comments (comment, post_id) VALUES ('Comment 58 for post 12', 58);
INSERT INTO write_comments (comment, post_id) VALUES ('Comment 59 for post 12', 59);
INSERT INTO read_comments (comment, post_id) VALUES ('Comment 59 for post 12', 59);
INSERT INTO write_comments (comment, post_id) VALUES ('Comment 60 for post 12', 60);
INSERT INTO read_comments (comment, post_id) VALUES ('Comment 60 for post 12', 60);
INSERT INTO write_comments (comment, post_id) VALUES ('Comment 61 for post 12', 61);
INSERT INTO read_comments (comment, post_id) VALUES ('Comment 61 for post 12', 61);
INSERT INTO write_comments (comment, post_id) VALUES ('Comment 62 for post 12', 62);
INSERT INTO read_comments (comment, post_id) VALUES ('Comment 62 for post 12', 62);
INSERT INTO write_comments (comment, post_id) VALUES ('Comment 63 for post 12', 63);
INSERT INTO read_comments (comment, post_id) VALUES ('Comment 63 for post 12', 63);
INSERT INTO write_comments (comment, post_id) VALUES ('Comment 64 for post 12', 64);
INSERT INTO read_comments (comment, post_id) VALUES ('Comment 64 for post 12', 64);
INSERT INTO write_comments (comment, post_id) VALUES ('Comment 65 for post 12', 65);
INSERT INTO read_comments (comment, post_id) VALUES ('Comment 65 for post 12', 65);
INSERT INTO write_comments (comment, post_id) VALUES ('Comment 66 for post 12', 66);
INSERT INTO read_comments (comment, post_id) VALUES ('Comment 66 for post 12', 66);
INSERT INTO write_comments (comment, post_id) VALUES ('Comment 67 for post 12', 67);
INSERT INTO read_comments (comment, post_id) VALUES ('Comment 67 for post 12', 67);
INSERT INTO write_comments (comment, post_id) VALUES ('Comment 68 for post 12', 68);
INSERT INTO read_comments (comment, post_id) VALUES ('Comment 68 for post 12', 68);
INSERT INTO write_comments (comment, post_id) VALUES ('Comment 69 for post 12', 69);
INSERT INTO read_comments (comment, post_id) VALUES ('Comment 69 for post 12', 69);
INSERT INTO write_comments (comment, post_id) VALUES ('Comment 70 for post 12', 70);
INSERT INTO read_comments (comment, post_id) VALUES ('Comment 70 for post 12', 70);
INSERT INTO write_comments (comment, post_id) VALUES ('Comment 71 for post 12', 71);
INSERT INTO read_comments (comment, post_id) VALUES ('Comment 71 for post 12', 71);
INSERT INTO write_comments (comment, post_id) VALUES ('Comment 72 for post 12', 72);
INSERT INTO read_comments (comment, post_id) VALUES ('Comment 72 for post 12', 72);
INSERT INTO write_comments (comment, post_id) VALUES ('Comment 73 for post 12', 73);
INSERT INTO read_comments (comment, post_id) VALUES ('Comment 73 for post 12', 73);
INSERT INTO write_comments (comment, post_id) VALUES ('Comment 74 for post 12', 74);
INSERT INTO read_comments (comment, post_id) VALUES ('Comment 74 for post 12', 74);
INSERT INTO write_comments (comment, post_id) VALUES ('Comment 75 for post 12', 75);
INSERT INTO read_comments (comment, post_id) VALUES ('Comment 75 for post 12', 75);
INSERT INTO write_comments (comment, post_id) VALUES ('Comment 76 for post 12', 76);
INSERT INTO read_comments (comment, post_id) VALUES ('Comment 76 for post 12', 76);
INSERT INTO write_comments (comment, post_id) VALUES ('Comment 77 for post 12', 77);
INSERT INTO read_comments (comment, post_id) VALUES ('Comment 77 for post 12', 77);
INSERT INTO write_comments (comment, post_id) VALUES ('Comment 78 for post 12', 78);
INSERT INTO read_comments (comment, post_id) VALUES ('Comment 78 for post 12', 78);
INSERT INTO write_comments (comment, post_id) VALUES ('Comment 79 for post 12', 79);
INSERT INTO read_comments (comment, post_id) VALUES ('Comment 79 for post 12', 79);
INSERT INTO write_comments (comment, post_id) VALUES ('Comment 80 for post 12', 80);
INSERT INTO read_comments (comment, post_id) VALUES ('Comment 80 for post 12', 80);
INSERT INTO write_comments (comment, post_id) VALUES ('Comment 81 for post 12', 81);
INSERT INTO read_comments (comment, post_id) VALUES ('Comment 81 for post 12', 81);
INSERT INTO write_comments (comment, post_id) VALUES ('Comment 82 for post 12', 82);
INSERT INTO read_comments (comment, post_id) VALUES ('Comment 82 for post 12', 82);
INSERT INTO write_comments (comment, post_id) VALUES ('Comment 83 for post 12', 83);
INSERT INTO read_comments (comment, post_id) VALUES ('Comment 83 for post 12', 83);
INSERT INTO write_comments (comment, post_id) VALUES ('Comment 84 for post 12', 84);
INSERT INTO read_comments (comment, post_id) VALUES ('Comment 84 for post 12', 84);
INSERT INTO write_comments (comment, post_id) VALUES ('Comment 85 for post 12', 85);
INSERT INTO read_comments (comment, post_id) VALUES ('Comment 85 for post 12', 85);
INSERT INTO write_comments (comment, post_id) VALUES ('Comment 86 for post 12', 86);
INSERT INTO read_comments (comment, post_id) VALUES ('Comment 86 for post 12', 86);
INSERT INTO write_comments (comment, post_id) VALUES ('Comment 87 for post 12', 87);
INSERT INTO read_comments (comment, post_id) VALUES ('Comment 87 for post 12', 87);
INSERT INTO write_comments (comment, post_id) VALUES ('Comment 88 for post 12', 88);
INSERT INTO read_comments (comment, post_id) VALUES ('Comment 88 for post 12', 88);
INSERT INTO write_comments (comment, post_id) VALUES ('Comment 89 for post 12', 89);
INSERT INTO read_comments (comment, post_id) VALUES ('Comment 89 for post 12', 89);
INSERT INTO write_comments (comment, post_id) VALUES ('Comment 90 for post 12', 90);
INSERT INTO read_comments (comment, post_id) VALUES ('Comment 90 for post 12', 90);
INSERT INTO write_comments (comment, post_id) VALUES ('Comment 91 for post 12', 91);
INSERT INTO read_comments (comment, post_id) VALUES ('Comment 91 for post 12', 91);
INSERT INTO write_comments (comment, post_id) VALUES ('Comment 92 for post 12', 92);
INSERT INTO read_comments (comment, post_id) VALUES ('Comment 92 for post 12', 92);
INSERT INTO write_comments (comment, post_id) VALUES ('Comment 93 for post 12', 93);
INSERT INTO read_comments (comment, post_id) VALUES ('Comment 93 for post 12', 93);
INSERT INTO write_comments (comment, post_id) VALUES ('Comment 94 for post 12', 94);
INSERT INTO read_comments (comment, post_id) VALUES ('Comment 94 for post 12', 94);
INSERT INTO write_comments (comment, post_id) VALUES ('Comment 95 for post 12', 95);
INSERT INTO read_comments (comment, post_id) VALUES ('Comment 95 for post 12', 95);
INSERT INTO write_comments (comment, post_id) VALUES ('Comment 96 for post 12', 96);
INSERT INTO read_comments (comment, post_id) VALUES ('Comment 96 for post 12', 96);
INSERT INTO write_comments (comment, post_id) VALUES ('Comment 97 for post 12', 97);
INSERT INTO read_comments (comment, post_id) VALUES ('Comment 97 for post 12', 97);
INSERT INTO write_comments (comment, post_id) VALUES ('Comment 98 for post 12', 98);
INSERT INTO read_comments (comment, post_id) VALUES ('Comment 98 for post 12', 98);
INSERT INTO write_comments (comment, post_id) VALUES ('Comment 99 for post 12', 99);
INSERT INTO read_comments (comment, post_id) VALUES ('Comment 99 for post 12', 99);
INSERT INTO write_comments (comment, post_id) VALUES ('Comment 100 for post 12', 100);
INSERT INTO read_comments (comment, post_id) VALUES ('Comment 100 for post 12', 100);
INSERT INTO write_comments (comment, post_id) VALUES ('Comment 1 for post 13', 1);
INSERT INTO read_comments (comment, post_id) VALUES ('Comment 1 for post 13', 1);
INSERT INTO write_comments (comment, post_id) VALUES ('Comment 2 for post 13', 2);
INSERT INTO read_comments (comment, post_id) VALUES ('Comment 2 for post 13', 2);
INSERT INTO write_comments (comment, post_id) VALUES ('Comment 3 for post 13', 3);
INSERT INTO read_comments (comment, post_id) VALUES ('Comment 3 for post 13', 3);
INSERT INTO write_comments (comment, post_id) VALUES ('Comment 4 for post 13', 4);
INSERT INTO read_comments (comment, post_id) VALUES ('Comment 4 for post 13', 4);
INSERT INTO write_comments (comment, post_id) VALUES ('Comment 5 for post 13', 5);
INSERT INTO read_comments (comment, post_id) VALUES ('Comment 5 for post 13', 5);
INSERT INTO write_comments (comment, post_id) VALUES ('Comment 6 for post 13', 6);
INSERT INTO read_comments (comment, post_id) VALUES ('Comment 6 for post 13', 6);
INSERT INTO write_comments (comment, post_id) VALUES ('Comment 7 for post 13', 7);
INSERT INTO read_comments (comment, post_id) VALUES ('Comment 7 for post 13', 7);
INSERT INTO write_comments (comment, post_id) VALUES ('Comment 8 for post 13', 8);
INSERT INTO read_comments (comment, post_id) VALUES ('Comment 8 for post 13', 8);
INSERT INTO write_comments (comment, post_id) VALUES ('Comment 9 for post 13', 9);
INSERT INTO read_comments (comment, post_id) VALUES ('Comment 9 for post 13', 9);
INSERT INTO write_comments (comment, post_id) VALUES ('Comment 10 for post 13', 10);
INSERT INTO read_comments (comment, post_id) VALUES ('Comment 10 for post 13', 10);
INSERT INTO write_comments (comment, post_id) VALUES ('Comment 11 for post 13', 11);
INSERT INTO read_comments (comment, post_id) VALUES ('Comment 11 for post 13', 11);
INSERT INTO write_comments (comment, post_id) VALUES ('Comment 12 for post 13', 12);
INSERT INTO read_comments (comment, post_id) VALUES ('Comment 12 for post 13', 12);
INSERT INTO write_comments (comment, post_id) VALUES ('Comment 13 for post 13', 13);
INSERT INTO read_comments (comment, post_id) VALUES ('Comment 13 for post 13', 13);
INSERT INTO write_comments (comment, post_id) VALUES ('Comment 14 for post 13', 14);
INSERT INTO read_comments (comment, post_id) VALUES ('Comment 14 for post 13', 14);
INSERT INTO write_comments (comment, post_id) VALUES ('Comment 15 for post 13', 15);
INSERT INTO read_comments (comment, post_id) VALUES ('Comment 15 for post 13', 15);
INSERT INTO write_comments (comment, post_id) VALUES ('Comment 16 for post 13', 16);
INSERT INTO read_comments (comment, post_id) VALUES ('Comment 16 for post 13', 16);
INSERT INTO write_comments (comment, post_id) VALUES ('Comment 17 for post 13', 17);
INSERT INTO read_comments (comment, post_id) VALUES ('Comment 17 for post 13', 17);
INSERT INTO write_comments (comment, post_id) VALUES ('Comment 18 for post 13', 18);
INSERT INTO read_comments (comment, post_id) VALUES ('Comment 18 for post 13', 18);
INSERT INTO write_comments (comment, post_id) VALUES ('Comment 19 for post 13', 19);
INSERT INTO read_comments (comment, post_id) VALUES ('Comment 19 for post 13', 19);
INSERT INTO write_comments (comment, post_id) VALUES ('Comment 20 for post 13', 20);
INSERT INTO read_comments (comment, post_id) VALUES ('Comment 20 for post 13', 20);
INSERT INTO write_comments (comment, post_id) VALUES ('Comment 21 for post 13', 21);
INSERT INTO read_comments (comment, post_id) VALUES ('Comment 21 for post 13', 21);
INSERT INTO write_comments (comment, post_id) VALUES ('Comment 22 for post 13', 22);
INSERT INTO read_comments (comment, post_id) VALUES ('Comment 22 for post 13', 22);
INSERT INTO write_comments (comment, post_id) VALUES ('Comment 23 for post 13', 23);
INSERT INTO read_comments (comment, post_id) VALUES ('Comment 23 for post 13', 23);
INSERT INTO write_comments (comment, post_id) VALUES ('Comment 24 for post 13', 24);
INSERT INTO read_comments (comment, post_id) VALUES ('Comment 24 for post 13', 24);
INSERT INTO write_comments (comment, post_id) VALUES ('Comment 25 for post 13', 25);
INSERT INTO read_comments (comment, post_id) VALUES ('Comment 25 for post 13', 25);
INSERT INTO write_comments (comment, post_id) VALUES ('Comment 26 for post 13', 26);
INSERT INTO read_comments (comment, post_id) VALUES ('Comment 26 for post 13', 26);
INSERT INTO write_comments (comment, post_id) VALUES ('Comment 27 for post 13', 27);
INSERT INTO read_comments (comment, post_id) VALUES ('Comment 27 for post 13', 27);
INSERT INTO write_comments (comment, post_id) VALUES ('Comment 28 for post 13', 28);
INSERT INTO read_comments (comment, post_id) VALUES ('Comment 28 for post 13', 28);
INSERT INTO write_comments (comment, post_id) VALUES ('Comment 29 for post 13', 29);
INSERT INTO read_comments (comment, post_id) VALUES ('Comment 29 for post 13', 29);
INSERT INTO write_comments (comment, post_id) VALUES ('Comment 30 for post 13', 30);
INSERT INTO read_comments (comment, post_id) VALUES ('Comment 30 for post 13', 30);
INSERT INTO write_comments (comment, post_id) VALUES ('Comment 31 for post 13', 31);
INSERT INTO read_comments (comment, post_id) VALUES ('Comment 31 for post 13', 31);
INSERT INTO write_comments (comment, post_id) VALUES ('Comment 32 for post 13', 32);
INSERT INTO read_comments (comment, post_id) VALUES ('Comment 32 for post 13', 32);
INSERT INTO write_comments (comment, post_id) VALUES ('Comment 33 for post 13', 33);
INSERT INTO read_comments (comment, post_id) VALUES ('Comment 33 for post 13', 33);
INSERT INTO write_comments (comment, post_id) VALUES ('Comment 34 for post 13', 34);
INSERT INTO read_comments (comment, post_id) VALUES ('Comment 34 for post 13', 34);
INSERT INTO write_comments (comment, post_id) VALUES ('Comment 35 for post 13', 35);
INSERT INTO read_comments (comment, post_id) VALUES ('Comment 35 for post 13', 35);
INSERT INTO write_comments (comment, post_id) VALUES ('Comment 36 for post 13', 36);
INSERT INTO read_comments (comment, post_id) VALUES ('Comment 36 for post 13', 36);
INSERT INTO write_comments (comment, post_id) VALUES ('Comment 37 for post 13', 37);
INSERT INTO read_comments (comment, post_id) VALUES ('Comment 37 for post 13', 37);
INSERT INTO write_comments (comment, post_id) VALUES ('Comment 38 for post 13', 38);
INSERT INTO read_comments (comment, post_id) VALUES ('Comment 38 for post 13', 38);
INSERT INTO write_comments (comment, post_id) VALUES ('Comment 39 for post 13', 39);
INSERT INTO read_comments (comment, post_id) VALUES ('Comment 39 for post 13', 39);
INSERT INTO write_comments (comment, post_id) VALUES ('Comment 40 for post 13', 40);
INSERT INTO read_comments (comment, post_id) VALUES ('Comment 40 for post 13', 40);
INSERT INTO write_comments (comment, post_id) VALUES ('Comment 41 for post 13', 41);
INSERT INTO read_comments (comment, post_id) VALUES ('Comment 41 for post 13', 41);
INSERT INTO write_comments (comment, post_id) VALUES ('Comment 42 for post 13', 42);
INSERT INTO read_comments (comment, post_id) VALUES ('Comment 42 for post 13', 42);
INSERT INTO write_comments (comment, post_id) VALUES ('Comment 43 for post 13', 43);
INSERT INTO read_comments (comment, post_id) VALUES ('Comment 43 for post 13', 43);
INSERT INTO write_comments (comment, post_id) VALUES ('Comment 44 for post 13', 44);
INSERT INTO read_comments (comment, post_id) VALUES ('Comment 44 for post 13', 44);
INSERT INTO write_comments (comment, post_id) VALUES ('Comment 45 for post 13', 45);
INSERT INTO read_comments (comment, post_id) VALUES ('Comment 45 for post 13', 45);
INSERT INTO write_comments (comment, post_id) VALUES ('Comment 46 for post 13', 46);
INSERT INTO read_comments (comment, post_id) VALUES ('Comment 46 for post 13', 46);
INSERT INTO write_comments (comment, post_id) VALUES ('Comment 47 for post 13', 47);
INSERT INTO read_comments (comment, post_id) VALUES ('Comment 47 for post 13', 47);
INSERT INTO write_comments (comment, post_id) VALUES ('Comment 48 for post 13', 48);
INSERT INTO read_comments (comment, post_id) VALUES ('Comment 48 for post 13', 48);
INSERT INTO write_comments (comment, post_id) VALUES ('Comment 49 for post 13', 49);
INSERT INTO read_comments (comment, post_id) VALUES ('Comment 49 for post 13', 49);
INSERT INTO write_comments (comment, post_id) VALUES ('Comment 50 for post 13', 50);
INSERT INTO read_comments (comment, post_id) VALUES ('Comment 50 for post 13', 50);
INSERT INTO write_comments (comment, post_id) VALUES ('Comment 51 for post 13', 51);
INSERT INTO read_comments (comment, post_id) VALUES ('Comment 51 for post 13', 51);
INSERT INTO write_comments (comment, post_id) VALUES ('Comment 52 for post 13', 52);
INSERT INTO read_comments (comment, post_id) VALUES ('Comment 52 for post 13', 52);
INSERT INTO write_comments (comment, post_id) VALUES ('Comment 53 for post 13', 53);
INSERT INTO read_comments (comment, post_id) VALUES ('Comment 53 for post 13', 53);
INSERT INTO write_comments (comment, post_id) VALUES ('Comment 54 for post 13', 54);
INSERT INTO read_comments (comment, post_id) VALUES ('Comment 54 for post 13', 54);
INSERT INTO write_comments (comment, post_id) VALUES ('Comment 55 for post 13', 55);
INSERT INTO read_comments (comment, post_id) VALUES ('Comment 55 for post 13', 55);
INSERT INTO write_comments (comment, post_id) VALUES ('Comment 56 for post 13', 56);
INSERT INTO read_comments (comment, post_id) VALUES ('Comment 56 for post 13', 56);
INSERT INTO write_comments (comment, post_id) VALUES ('Comment 57 for post 13', 57);
INSERT INTO read_comments (comment, post_id) VALUES ('Comment 57 for post 13', 57);
INSERT INTO write_comments (comment, post_id) VALUES ('Comment 58 for post 13', 58);
INSERT INTO read_comments (comment, post_id) VALUES ('Comment 58 for post 13', 58);
INSERT INTO write_comments (comment, post_id) VALUES ('Comment 59 for post 13', 59);
INSERT INTO read_comments (comment, post_id) VALUES ('Comment 59 for post 13', 59);
INSERT INTO write_comments (comment, post_id) VALUES ('Comment 60 for post 13', 60);
INSERT INTO read_comments (comment, post_id) VALUES ('Comment 60 for post 13', 60);
INSERT INTO write_comments (comment, post_id) VALUES ('Comment 61 for post 13', 61);
INSERT INTO read_comments (comment, post_id) VALUES ('Comment 61 for post 13', 61);
INSERT INTO write_comments (comment, post_id) VALUES ('Comment 62 for post 13', 62);
INSERT INTO read_comments (comment, post_id) VALUES ('Comment 62 for post 13', 62);
INSERT INTO write_comments (comment, post_id) VALUES ('Comment 63 for post 13', 63);
INSERT INTO read_comments (comment, post_id) VALUES ('Comment 63 for post 13', 63);
INSERT INTO write_comments (comment, post_id) VALUES ('Comment 64 for post 13', 64);
INSERT INTO read_comments (comment, post_id) VALUES ('Comment 64 for post 13', 64);
INSERT INTO write_comments (comment, post_id) VALUES ('Comment 65 for post 13', 65);
INSERT INTO read_comments (comment, post_id) VALUES ('Comment 65 for post 13', 65);
INSERT INTO write_comments (comment, post_id) VALUES ('Comment 66 for post 13', 66);
INSERT INTO read_comments (comment, post_id) VALUES ('Comment 66 for post 13', 66);
INSERT INTO write_comments (comment, post_id) VALUES ('Comment 67 for post 13', 67);
INSERT INTO read_comments (comment, post_id) VALUES ('Comment 67 for post 13', 67);
INSERT INTO write_comments (comment, post_id) VALUES ('Comment 68 for post 13', 68);
INSERT INTO read_comments (comment, post_id) VALUES ('Comment 68 for post 13', 68);
INSERT INTO write_comments (comment, post_id) VALUES ('Comment 69 for post 13', 69);
INSERT INTO read_comments (comment, post_id) VALUES ('Comment 69 for post 13', 69);
INSERT INTO write_comments (comment, post_id) VALUES ('Comment 70 for post 13', 70);
INSERT INTO read_comments (comment, post_id) VALUES ('Comment 70 for post 13', 70);
INSERT INTO write_comments (comment, post_id) VALUES ('Comment 71 for post 13', 71);
INSERT INTO read_comments (comment, post_id) VALUES ('Comment 71 for post 13', 71);
INSERT INTO write_comments (comment, post_id) VALUES ('Comment 72 for post 13', 72);
INSERT INTO read_comments (comment, post_id) VALUES ('Comment 72 for post 13', 72);
INSERT INTO write_comments (comment, post_id) VALUES ('Comment 73 for post 13', 73);
INSERT INTO read_comments (comment, post_id) VALUES ('Comment 73 for post 13', 73);
INSERT INTO write_comments (comment, post_id) VALUES ('Comment 74 for post 13', 74);
INSERT INTO read_comments (comment, post_id) VALUES ('Comment 74 for post 13', 74);
INSERT INTO write_comments (comment, post_id) VALUES ('Comment 75 for post 13', 75);
INSERT INTO read_comments (comment, post_id) VALUES ('Comment 75 for post 13', 75);
INSERT INTO write_comments (comment, post_id) VALUES ('Comment 76 for post 13', 76);
INSERT INTO read_comments (comment, post_id) VALUES ('Comment 76 for post 13', 76);
INSERT INTO write_comments (comment, post_id) VALUES ('Comment 77 for post 13', 77);
INSERT INTO read_comments (comment, post_id) VALUES ('Comment 77 for post 13', 77);
INSERT INTO write_comments (comment, post_id) VALUES ('Comment 78 for post 13', 78);
INSERT INTO read_comments (comment, post_id) VALUES ('Comment 78 for post 13', 78);
INSERT INTO write_comments (comment, post_id) VALUES ('Comment 79 for post 13', 79);
INSERT INTO read_comments (comment, post_id) VALUES ('Comment 79 for post 13', 79);
INSERT INTO write_comments (comment, post_id) VALUES ('Comment 80 for post 13', 80);
INSERT INTO read_comments (comment, post_id) VALUES ('Comment 80 for post 13', 80);
INSERT INTO write_comments (comment, post_id) VALUES ('Comment 81 for post 13', 81);
INSERT INTO read_comments (comment, post_id) VALUES ('Comment 81 for post 13', 81);
INSERT INTO write_comments (comment, post_id) VALUES ('Comment 82 for post 13', 82);
INSERT INTO read_comments (comment, post_id) VALUES ('Comment 82 for post 13', 82);
INSERT INTO write_comments (comment, post_id) VALUES ('Comment 83 for post 13', 83);
INSERT INTO read_comments (comment, post_id) VALUES ('Comment 83 for post 13', 83);
INSERT INTO write_comments (comment, post_id) VALUES ('Comment 84 for post 13', 84);
INSERT INTO read_comments (comment, post_id) VALUES ('Comment 84 for post 13', 84);
INSERT INTO write_comments (comment, post_id) VALUES ('Comment 85 for post 13', 85);
INSERT INTO read_comments (comment, post_id) VALUES ('Comment 85 for post 13', 85);
INSERT INTO write_comments (comment, post_id) VALUES ('Comment 86 for post 13', 86);
INSERT INTO read_comments (comment, post_id) VALUES ('Comment 86 for post 13', 86);
INSERT INTO write_comments (comment, post_id) VALUES ('Comment 87 for post 13', 87);
INSERT INTO read_comments (comment, post_id) VALUES ('Comment 87 for post 13', 87);
INSERT INTO write_comments (comment, post_id) VALUES ('Comment 88 for post 13', 88);
INSERT INTO read_comments (comment, post_id) VALUES ('Comment 88 for post 13', 88);
INSERT INTO write_comments (comment, post_id) VALUES ('Comment 89 for post 13', 89);
INSERT INTO read_comments (comment, post_id) VALUES ('Comment 89 for post 13', 89);
INSERT INTO write_comments (comment, post_id) VALUES ('Comment 90 for post 13', 90);
INSERT INTO read_comments (comment, post_id) VALUES ('Comment 90 for post 13', 90);
INSERT INTO write_comments (comment, post_id) VALUES ('Comment 91 for post 13', 91);
INSERT INTO read_comments (comment, post_id) VALUES ('Comment 91 for post 13', 91);
INSERT INTO write_comments (comment, post_id) VALUES ('Comment 92 for post 13', 92);
INSERT INTO read_comments (comment, post_id) VALUES ('Comment 92 for post 13', 92);
INSERT INTO write_comments (comment, post_id) VALUES ('Comment 93 for post 13', 93);
INSERT INTO read_comments (comment, post_id) VALUES ('Comment 93 for post 13', 93);
INSERT INTO write_comments (comment, post_id) VALUES ('Comment 94 for post 13', 94);
INSERT INTO read_comments (comment, post_id) VALUES ('Comment 94 for post 13', 94);
INSERT INTO write_comments (comment, post_id) VALUES ('Comment 95 for post 13', 95);
INSERT INTO read_comments (comment, post_id) VALUES ('Comment 95 for post 13', 95);
INSERT INTO write_comments (comment, post_id) VALUES ('Comment 96 for post 13', 96);
INSERT INTO read_comments (comment, post_id) VALUES ('Comment 96 for post 13', 96);
INSERT INTO write_comments (comment, post_id) VALUES ('Comment 97 for post 13', 97);
INSERT INTO read_comments (comment, post_id) VALUES ('Comment 97 for post 13', 97);
INSERT INTO write_comments (comment, post_id) VALUES ('Comment 98 for post 13', 98);
INSERT INTO read_comments (comment, post_id) VALUES ('Comment 98 for post 13', 98);
INSERT INTO write_comments (comment, post_id) VALUES ('Comment 99 for post 13', 99);
INSERT INTO read_comments (comment, post_id) VALUES ('Comment 99 for post 13', 99);
INSERT INTO write_comments (comment, post_id) VALUES ('Comment 100 for post 13', 100);
INSERT INTO read_comments (comment, post_id) VALUES ('Comment 100 for post 13', 100);
INSERT INTO write_comments (comment, post_id) VALUES ('Comment 1 for post 14', 1);
INSERT INTO read_comments (comment, post_id) VALUES ('Comment 1 for post 14', 1);
INSERT INTO write_comments (comment, post_id) VALUES ('Comment 2 for post 14', 2);
INSERT INTO read_comments (comment, post_id) VALUES ('Comment 2 for post 14', 2);
INSERT INTO write_comments (comment, post_id) VALUES ('Comment 3 for post 14', 3);
INSERT INTO read_comments (comment, post_id) VALUES ('Comment 3 for post 14', 3);
INSERT INTO write_comments (comment, post_id) VALUES ('Comment 4 for post 14', 4);
INSERT INTO read_comments (comment, post_id) VALUES ('Comment 4 for post 14', 4);
INSERT INTO write_comments (comment, post_id) VALUES ('Comment 5 for post 14', 5);
INSERT INTO read_comments (comment, post_id) VALUES ('Comment 5 for post 14', 5);
INSERT INTO write_comments (comment, post_id) VALUES ('Comment 6 for post 14', 6);
INSERT INTO read_comments (comment, post_id) VALUES ('Comment 6 for post 14', 6);
INSERT INTO write_comments (comment, post_id) VALUES ('Comment 7 for post 14', 7);
INSERT INTO read_comments (comment, post_id) VALUES ('Comment 7 for post 14', 7);
INSERT INTO write_comments (comment, post_id) VALUES ('Comment 8 for post 14', 8);
INSERT INTO read_comments (comment, post_id) VALUES ('Comment 8 for post 14', 8);
INSERT INTO write_comments (comment, post_id) VALUES ('Comment 9 for post 14', 9);
INSERT INTO read_comments (comment, post_id) VALUES ('Comment 9 for post 14', 9);
INSERT INTO write_comments (comment, post_id) VALUES ('Comment 10 for post 14', 10);
INSERT INTO read_comments (comment, post_id) VALUES ('Comment 10 for post 14', 10);
INSERT INTO write_comments (comment, post_id) VALUES ('Comment 11 for post 14', 11);
INSERT INTO read_comments (comment, post_id) VALUES ('Comment 11 for post 14', 11);
INSERT INTO write_comments (comment, post_id) VALUES ('Comment 12 for post 14', 12);
INSERT INTO read_comments (comment, post_id) VALUES ('Comment 12 for post 14', 12);
INSERT INTO write_comments (comment, post_id) VALUES ('Comment 13 for post 14', 13);
INSERT INTO read_comments (comment, post_id) VALUES ('Comment 13 for post 14', 13);
INSERT INTO write_comments (comment, post_id) VALUES ('Comment 14 for post 14', 14);
INSERT INTO read_comments (comment, post_id) VALUES ('Comment 14 for post 14', 14);
INSERT INTO write_comments (comment, post_id) VALUES ('Comment 15 for post 14', 15);
INSERT INTO read_comments (comment, post_id) VALUES ('Comment 15 for post 14', 15);
INSERT INTO write_comments (comment, post_id) VALUES ('Comment 16 for post 14', 16);
INSERT INTO read_comments (comment, post_id) VALUES ('Comment 16 for post 14', 16);
INSERT INTO write_comments (comment, post_id) VALUES ('Comment 17 for post 14', 17);
INSERT INTO read_comments (comment, post_id) VALUES ('Comment 17 for post 14', 17);
INSERT INTO write_comments (comment, post_id) VALUES ('Comment 18 for post 14', 18);
INSERT INTO read_comments (comment, post_id) VALUES ('Comment 18 for post 14', 18);
INSERT INTO write_comments (comment, post_id) VALUES ('Comment 19 for post 14', 19);
INSERT INTO read_comments (comment, post_id) VALUES ('Comment 19 for post 14', 19);
INSERT INTO write_comments (comment, post_id) VALUES ('Comment 20 for post 14', 20);
INSERT INTO read_comments (comment, post_id) VALUES ('Comment 20 for post 14', 20);
INSERT INTO write_comments (comment, post_id) VALUES ('Comment 21 for post 14', 21);
INSERT INTO read_comments (comment, post_id) VALUES ('Comment 21 for post 14', 21);
INSERT INTO write_comments (comment, post_id) VALUES ('Comment 22 for post 14', 22);
INSERT INTO read_comments (comment, post_id) VALUES ('Comment 22 for post 14', 22);
INSERT INTO write_comments (comment, post_id) VALUES ('Comment 23 for post 14', 23);
INSERT INTO read_comments (comment, post_id) VALUES ('Comment 23 for post 14', 23);
INSERT INTO write_comments (comment, post_id) VALUES ('Comment 24 for post 14', 24);
INSERT INTO read_comments (comment, post_id) VALUES ('Comment 24 for post 14', 24);
INSERT INTO write_comments (comment, post_id) VALUES ('Comment 25 for post 14', 25);
INSERT INTO read_comments (comment, post_id) VALUES ('Comment 25 for post 14', 25);
INSERT INTO write_comments (comment, post_id) VALUES ('Comment 26 for post 14', 26);
INSERT INTO read_comments (comment, post_id) VALUES ('Comment 26 for post 14', 26);
INSERT INTO write_comments (comment, post_id) VALUES ('Comment 27 for post 14', 27);
INSERT INTO read_comments (comment, post_id) VALUES ('Comment 27 for post 14', 27);
INSERT INTO write_comments (comment, post_id) VALUES ('Comment 28 for post 14', 28);
INSERT INTO read_comments (comment, post_id) VALUES ('Comment 28 for post 14', 28);
INSERT INTO write_comments (comment, post_id) VALUES ('Comment 29 for post 14', 29);
INSERT INTO read_comments (comment, post_id) VALUES ('Comment 29 for post 14', 29);
INSERT INTO write_comments (comment, post_id) VALUES ('Comment 30 for post 14', 30);
INSERT INTO read_comments (comment, post_id) VALUES ('Comment 30 for post 14', 30);
INSERT INTO write_comments (comment, post_id) VALUES ('Comment 31 for post 14', 31);
INSERT INTO read_comments (comment, post_id) VALUES ('Comment 31 for post 14', 31);
INSERT INTO write_comments (comment, post_id) VALUES ('Comment 32 for post 14', 32);
INSERT INTO read_comments (comment, post_id) VALUES ('Comment 32 for post 14', 32);
INSERT INTO write_comments (comment, post_id) VALUES ('Comment 33 for post 14', 33);
INSERT INTO read_comments (comment, post_id) VALUES ('Comment 33 for post 14', 33);
INSERT INTO write_comments (comment, post_id) VALUES ('Comment 34 for post 14', 34);
INSERT INTO read_comments (comment, post_id) VALUES ('Comment 34 for post 14', 34);
INSERT INTO write_comments (comment, post_id) VALUES ('Comment 35 for post 14', 35);
INSERT INTO read_comments (comment, post_id) VALUES ('Comment 35 for post 14', 35);
INSERT INTO write_comments (comment, post_id) VALUES ('Comment 36 for post 14', 36);
INSERT INTO read_comments (comment, post_id) VALUES ('Comment 36 for post 14', 36);
INSERT INTO write_comments (comment, post_id) VALUES ('Comment 37 for post 14', 37);
INSERT INTO read_comments (comment, post_id) VALUES ('Comment 37 for post 14', 37);
INSERT INTO write_comments (comment, post_id) VALUES ('Comment 38 for post 14', 38);
INSERT INTO read_comments (comment, post_id) VALUES ('Comment 38 for post 14', 38);
INSERT INTO write_comments (comment, post_id) VALUES ('Comment 39 for post 14', 39);
INSERT INTO read_comments (comment, post_id) VALUES ('Comment 39 for post 14', 39);
INSERT INTO write_comments (comment, post_id) VALUES ('Comment 40 for post 14', 40);
INSERT INTO read_comments (comment, post_id) VALUES ('Comment 40 for post 14', 40);
INSERT INTO write_comments (comment, post_id) VALUES ('Comment 41 for post 14', 41);
INSERT INTO read_comments (comment, post_id) VALUES ('Comment 41 for post 14', 41);
INSERT INTO write_comments (comment, post_id) VALUES ('Comment 42 for post 14', 42);
INSERT INTO read_comments (comment, post_id) VALUES ('Comment 42 for post 14', 42);
INSERT INTO write_comments (comment, post_id) VALUES ('Comment 43 for post 14', 43);
INSERT INTO read_comments (comment, post_id) VALUES ('Comment 43 for post 14', 43);
INSERT INTO write_comments (comment, post_id) VALUES ('Comment 44 for post 14', 44);
INSERT INTO read_comments (comment, post_id) VALUES ('Comment 44 for post 14', 44);
INSERT INTO write_comments (comment, post_id) VALUES ('Comment 45 for post 14', 45);
INSERT INTO read_comments (comment, post_id) VALUES ('Comment 45 for post 14', 45);
INSERT INTO write_comments (comment, post_id) VALUES ('Comment 46 for post 14', 46);
INSERT INTO read_comments (comment, post_id) VALUES ('Comment 46 for post 14', 46);
INSERT INTO write_comments (comment, post_id) VALUES ('Comment 47 for post 14', 47);
INSERT INTO read_comments (comment, post_id) VALUES ('Comment 47 for post 14', 47);
INSERT INTO write_comments (comment, post_id) VALUES ('Comment 48 for post 14', 48);
INSERT INTO read_comments (comment, post_id) VALUES ('Comment 48 for post 14', 48);
INSERT INTO write_comments (comment, post_id) VALUES ('Comment 49 for post 14', 49);
INSERT INTO read_comments (comment, post_id) VALUES ('Comment 49 for post 14', 49);
INSERT INTO write_comments (comment, post_id) VALUES ('Comment 50 for post 14', 50);
INSERT INTO read_comments (comment, post_id) VALUES ('Comment 50 for post 14', 50);
INSERT INTO write_comments (comment, post_id) VALUES ('Comment 51 for post 14', 51);
INSERT INTO read_comments (comment, post_id) VALUES ('Comment 51 for post 14', 51);
INSERT INTO write_comments (comment, post_id) VALUES ('Comment 52 for post 14', 52);
INSERT INTO read_comments (comment, post_id) VALUES ('Comment 52 for post 14', 52);
INSERT INTO write_comments (comment, post_id) VALUES ('Comment 53 for post 14', 53);
INSERT INTO read_comments (comment, post_id) VALUES ('Comment 53 for post 14', 53);
INSERT INTO write_comments (comment, post_id) VALUES ('Comment 54 for post 14', 54);
INSERT INTO read_comments (comment, post_id) VALUES ('Comment 54 for post 14', 54);
INSERT INTO write_comments (comment, post_id) VALUES ('Comment 55 for post 14', 55);
INSERT INTO read_comments (comment, post_id) VALUES ('Comment 55 for post 14', 55);
INSERT INTO write_comments (comment, post_id) VALUES ('Comment 56 for post 14', 56);
INSERT INTO read_comments (comment, post_id) VALUES ('Comment 56 for post 14', 56);
INSERT INTO write_comments (comment, post_id) VALUES ('Comment 57 for post 14', 57);
INSERT INTO read_comments (comment, post_id) VALUES ('Comment 57 for post 14', 57);
INSERT INTO write_comments (comment, post_id) VALUES ('Comment 58 for post 14', 58);
INSERT INTO read_comments (comment, post_id) VALUES ('Comment 58 for post 14', 58);
INSERT INTO write_comments (comment, post_id) VALUES ('Comment 59 for post 14', 59);
INSERT INTO read_comments (comment, post_id) VALUES ('Comment 59 for post 14', 59);
INSERT INTO write_comments (comment, post_id) VALUES ('Comment 60 for post 14', 60);
INSERT INTO read_comments (comment, post_id) VALUES ('Comment 60 for post 14', 60);
INSERT INTO write_comments (comment, post_id) VALUES ('Comment 61 for post 14', 61);
INSERT INTO read_comments (comment, post_id) VALUES ('Comment 61 for post 14', 61);
INSERT INTO write_comments (comment, post_id) VALUES ('Comment 62 for post 14', 62);
INSERT INTO read_comments (comment, post_id) VALUES ('Comment 62 for post 14', 62);
INSERT INTO write_comments (comment, post_id) VALUES ('Comment 63 for post 14', 63);
INSERT INTO read_comments (comment, post_id) VALUES ('Comment 63 for post 14', 63);
INSERT INTO write_comments (comment, post_id) VALUES ('Comment 64 for post 14', 64);
INSERT INTO read_comments (comment, post_id) VALUES ('Comment 64 for post 14', 64);
INSERT INTO write_comments (comment, post_id) VALUES ('Comment 65 for post 14', 65);
INSERT INTO read_comments (comment, post_id) VALUES ('Comment 65 for post 14', 65);
INSERT INTO write_comments (comment, post_id) VALUES ('Comment 66 for post 14', 66);
INSERT INTO read_comments (comment, post_id) VALUES ('Comment 66 for post 14', 66);
INSERT INTO write_comments (comment, post_id) VALUES ('Comment 67 for post 14', 67);
INSERT INTO read_comments (comment, post_id) VALUES ('Comment 67 for post 14', 67);
INSERT INTO write_comments (comment, post_id) VALUES ('Comment 68 for post 14', 68);
INSERT INTO read_comments (comment, post_id) VALUES ('Comment 68 for post 14', 68);
INSERT INTO write_comments (comment, post_id) VALUES ('Comment 69 for post 14', 69);
INSERT INTO read_comments (comment, post_id) VALUES ('Comment 69 for post 14', 69);
INSERT INTO write_comments (comment, post_id) VALUES ('Comment 70 for post 14', 70);
INSERT INTO read_comments (comment, post_id) VALUES ('Comment 70 for post 14', 70);
INSERT INTO write_comments (comment, post_id) VALUES ('Comment 71 for post 14', 71);
INSERT INTO read_comments (comment, post_id) VALUES ('Comment 71 for post 14', 71);
INSERT INTO write_comments (comment, post_id) VALUES ('Comment 72 for post 14', 72);
INSERT INTO read_comments (comment, post_id) VALUES ('Comment 72 for post 14', 72);
INSERT INTO write_comments (comment, post_id) VALUES ('Comment 73 for post 14', 73);
INSERT INTO read_comments (comment, post_id) VALUES ('Comment 73 for post 14', 73);
INSERT INTO write_comments (comment, post_id) VALUES ('Comment 74 for post 14', 74);
INSERT INTO read_comments (comment, post_id) VALUES ('Comment 74 for post 14', 74);
INSERT INTO write_comments (comment, post_id) VALUES ('Comment 75 for post 14', 75);
INSERT INTO read_comments (comment, post_id) VALUES ('Comment 75 for post 14', 75);
INSERT INTO write_comments (comment, post_id) VALUES ('Comment 76 for post 14', 76);
INSERT INTO read_comments (comment, post_id) VALUES ('Comment 76 for post 14', 76);
INSERT INTO write_comments (comment, post_id) VALUES ('Comment 77 for post 14', 77);
INSERT INTO read_comments (comment, post_id) VALUES ('Comment 77 for post 14', 77);
INSERT INTO write_comments (comment, post_id) VALUES ('Comment 78 for post 14', 78);
INSERT INTO read_comments (comment, post_id) VALUES ('Comment 78 for post 14', 78);
INSERT INTO write_comments (comment, post_id) VALUES ('Comment 79 for post 14', 79);
INSERT INTO read_comments (comment, post_id) VALUES ('Comment 79 for post 14', 79);
INSERT INTO write_comments (comment, post_id) VALUES ('Comment 80 for post 14', 80);
INSERT INTO read_comments (comment, post_id) VALUES ('Comment 80 for post 14', 80);
INSERT INTO write_comments (comment, post_id) VALUES ('Comment 81 for post 14', 81);
INSERT INTO read_comments (comment, post_id) VALUES ('Comment 81 for post 14', 81);
INSERT INTO write_comments (comment, post_id) VALUES ('Comment 82 for post 14', 82);
INSERT INTO read_comments (comment, post_id) VALUES ('Comment 82 for post 14', 82);
INSERT INTO write_comments (comment, post_id) VALUES ('Comment 83 for post 14', 83);
INSERT INTO read_comments (comment, post_id) VALUES ('Comment 83 for post 14', 83);
INSERT INTO write_comments (comment, post_id) VALUES ('Comment 84 for post 14', 84);
INSERT INTO read_comments (comment, post_id) VALUES ('Comment 84 for post 14', 84);
INSERT INTO write_comments (comment, post_id) VALUES ('Comment 85 for post 14', 85);
INSERT INTO read_comments (comment, post_id) VALUES ('Comment 85 for post 14', 85);
INSERT INTO write_comments (comment, post_id) VALUES ('Comment 86 for post 14', 86);
INSERT INTO read_comments (comment, post_id) VALUES ('Comment 86 for post 14', 86);
INSERT INTO write_comments (comment, post_id) VALUES ('Comment 87 for post 14', 87);
INSERT INTO read_comments (comment, post_id) VALUES ('Comment 87 for post 14', 87);
INSERT INTO write_comments (comment, post_id) VALUES ('Comment 88 for post 14', 88);
INSERT INTO read_comments (comment, post_id) VALUES ('Comment 88 for post 14', 88);
INSERT INTO write_comments (comment, post_id) VALUES ('Comment 89 for post 14', 89);
INSERT INTO read_comments (comment, post_id) VALUES ('Comment 89 for post 14', 89);
INSERT INTO write_comments (comment, post_id) VALUES ('Comment 90 for post 14', 90);
INSERT INTO read_comments (comment, post_id) VALUES ('Comment 90 for post 14', 90);
INSERT INTO write_comments (comment, post_id) VALUES ('Comment 91 for post 14', 91);
INSERT INTO read_comments (comment, post_id) VALUES ('Comment 91 for post 14', 91);
INSERT INTO write_comments (comment, post_id) VALUES ('Comment 92 for post 14', 92);
INSERT INTO read_comments (comment, post_id) VALUES ('Comment 92 for post 14', 92);
INSERT INTO write_comments (comment, post_id) VALUES ('Comment 93 for post 14', 93);
INSERT INTO read_comments (comment, post_id) VALUES ('Comment 93 for post 14', 93);
INSERT INTO write_comments (comment, post_id) VALUES ('Comment 94 for post 14', 94);
INSERT INTO read_comments (comment, post_id) VALUES ('Comment 94 for post 14', 94);
INSERT INTO write_comments (comment, post_id) VALUES ('Comment 95 for post 14', 95);
INSERT INTO read_comments (comment, post_id) VALUES ('Comment 95 for post 14', 95);
INSERT INTO write_comments (comment, post_id) VALUES ('Comment 96 for post 14', 96);
INSERT INTO read_comments (comment, post_id) VALUES ('Comment 96 for post 14', 96);
INSERT INTO write_comments (comment, post_id) VALUES ('Comment 97 for post 14', 97);
INSERT INTO read_comments (comment, post_id) VALUES ('Comment 97 for post 14', 97);
INSERT INTO write_comments (comment, post_id) VALUES ('Comment 98 for post 14', 98);
INSERT INTO read_comments (comment, post_id) VALUES ('Comment 98 for post 14', 98);
INSERT INTO write_comments (comment, post_id) VALUES ('Comment 99 for post 14', 99);
INSERT INTO read_comments (comment, post_id) VALUES ('Comment 99 for post 14', 99);
INSERT INTO write_comments (comment, post_id) VALUES ('Comment 100 for post 14', 100);
INSERT INTO read_comments (comment, post_id) VALUES ('Comment 100 for post 14', 100);
INSERT INTO write_comments (comment, post_id) VALUES ('Comment 1 for post 15', 1);
INSERT INTO read_comments (comment, post_id) VALUES ('Comment 1 for post 15', 1);
INSERT INTO write_comments (comment, post_id) VALUES ('Comment 2 for post 15', 2);
INSERT INTO read_comments (comment, post_id) VALUES ('Comment 2 for post 15', 2);
INSERT INTO write_comments (comment, post_id) VALUES ('Comment 3 for post 15', 3);
INSERT INTO read_comments (comment, post_id) VALUES ('Comment 3 for post 15', 3);
INSERT INTO write_comments (comment, post_id) VALUES ('Comment 4 for post 15', 4);
INSERT INTO read_comments (comment, post_id) VALUES ('Comment 4 for post 15', 4);
INSERT INTO write_comments (comment, post_id) VALUES ('Comment 5 for post 15', 5);
INSERT INTO read_comments (comment, post_id) VALUES ('Comment 5 for post 15', 5);
INSERT INTO write_comments (comment, post_id) VALUES ('Comment 6 for post 15', 6);
INSERT INTO read_comments (comment, post_id) VALUES ('Comment 6 for post 15', 6);
INSERT INTO write_comments (comment, post_id) VALUES ('Comment 7 for post 15', 7);
INSERT INTO read_comments (comment, post_id) VALUES ('Comment 7 for post 15', 7);
INSERT INTO write_comments (comment, post_id) VALUES ('Comment 8 for post 15', 8);
INSERT INTO read_comments (comment, post_id) VALUES ('Comment 8 for post 15', 8);
INSERT INTO write_comments (comment, post_id) VALUES ('Comment 9 for post 15', 9);
INSERT INTO read_comments (comment, post_id) VALUES ('Comment 9 for post 15', 9);
INSERT INTO write_comments (comment, post_id) VALUES ('Comment 10 for post 15', 10);
INSERT INTO read_comments (comment, post_id) VALUES ('Comment 10 for post 15', 10);
INSERT INTO write_comments (comment, post_id) VALUES ('Comment 11 for post 15', 11);
INSERT INTO read_comments (comment, post_id) VALUES ('Comment 11 for post 15', 11);
INSERT INTO write_comments (comment, post_id) VALUES ('Comment 12 for post 15', 12);
INSERT INTO read_comments (comment, post_id) VALUES ('Comment 12 for post 15', 12);
INSERT INTO write_comments (comment, post_id) VALUES ('Comment 13 for post 15', 13);
INSERT INTO read_comments (comment, post_id) VALUES ('Comment 13 for post 15', 13);
INSERT INTO write_comments (comment, post_id) VALUES ('Comment 14 for post 15', 14);
INSERT INTO read_comments (comment, post_id) VALUES ('Comment 14 for post 15', 14);
INSERT INTO write_comments (comment, post_id) VALUES ('Comment 15 for post 15', 15);
INSERT INTO read_comments (comment, post_id) VALUES ('Comment 15 for post 15', 15);
INSERT INTO write_comments (comment, post_id) VALUES ('Comment 16 for post 15', 16);
INSERT INTO read_comments (comment, post_id) VALUES ('Comment 16 for post 15', 16);
INSERT INTO write_comments (comment, post_id) VALUES ('Comment 17 for post 15', 17);
INSERT INTO read_comments (comment, post_id) VALUES ('Comment 17 for post 15', 17);
INSERT INTO write_comments (comment, post_id) VALUES ('Comment 18 for post 15', 18);
INSERT INTO read_comments (comment, post_id) VALUES ('Comment 18 for post 15', 18);
INSERT INTO write_comments (comment, post_id) VALUES ('Comment 19 for post 15', 19);
INSERT INTO read_comments (comment, post_id) VALUES ('Comment 19 for post 15', 19);
INSERT INTO write_comments (comment, post_id) VALUES ('Comment 20 for post 15', 20);
INSERT INTO read_comments (comment, post_id) VALUES ('Comment 20 for post 15', 20);
INSERT INTO write_comments (comment, post_id) VALUES ('Comment 21 for post 15', 21);
INSERT INTO read_comments (comment, post_id) VALUES ('Comment 21 for post 15', 21);
INSERT INTO write_comments (comment, post_id) VALUES ('Comment 22 for post 15', 22);
INSERT INTO read_comments (comment, post_id) VALUES ('Comment 22 for post 15', 22);
INSERT INTO write_comments (comment, post_id) VALUES ('Comment 23 for post 15', 23);
INSERT INTO read_comments (comment, post_id) VALUES ('Comment 23 for post 15', 23);
INSERT INTO write_comments (comment, post_id) VALUES ('Comment 24 for post 15', 24);
INSERT INTO read_comments (comment, post_id) VALUES ('Comment 24 for post 15', 24);
INSERT INTO write_comments (comment, post_id) VALUES ('Comment 25 for post 15', 25);
INSERT INTO read_comments (comment, post_id) VALUES ('Comment 25 for post 15', 25);
INSERT INTO write_comments (comment, post_id) VALUES ('Comment 26 for post 15', 26);
INSERT INTO read_comments (comment, post_id) VALUES ('Comment 26 for post 15', 26);
INSERT INTO write_comments (comment, post_id) VALUES ('Comment 27 for post 15', 27);
INSERT INTO read_comments (comment, post_id) VALUES ('Comment 27 for post 15', 27);
INSERT INTO write_comments (comment, post_id) VALUES ('Comment 28 for post 15', 28);
INSERT INTO read_comments (comment, post_id) VALUES ('Comment 28 for post 15', 28);
INSERT INTO write_comments (comment, post_id) VALUES ('Comment 29 for post 15', 29);
INSERT INTO read_comments (comment, post_id) VALUES ('Comment 29 for post 15', 29);
INSERT INTO write_comments (comment, post_id) VALUES ('Comment 30 for post 15', 30);
INSERT INTO read_comments (comment, post_id) VALUES ('Comment 30 for post 15', 30);
INSERT INTO write_comments (comment, post_id) VALUES ('Comment 31 for post 15', 31);
INSERT INTO read_comments (comment, post_id) VALUES ('Comment 31 for post 15', 31);
INSERT INTO write_comments (comment, post_id) VALUES ('Comment 32 for post 15', 32);
INSERT INTO read_comments (comment, post_id) VALUES ('Comment 32 for post 15', 32);
INSERT INTO write_comments (comment, post_id) VALUES ('Comment 33 for post 15', 33);
INSERT INTO read_comments (comment, post_id) VALUES ('Comment 33 for post 15', 33);
INSERT INTO write_comments (comment, post_id) VALUES ('Comment 34 for post 15', 34);
INSERT INTO read_comments (comment, post_id) VALUES ('Comment 34 for post 15', 34);
INSERT INTO write_comments (comment, post_id) VALUES ('Comment 35 for post 15', 35);
INSERT INTO read_comments (comment, post_id) VALUES ('Comment 35 for post 15', 35);
INSERT INTO write_comments (comment, post_id) VALUES ('Comment 36 for post 15', 36);
INSERT INTO read_comments (comment, post_id) VALUES ('Comment 36 for post 15', 36);
INSERT INTO write_comments (comment, post_id) VALUES ('Comment 37 for post 15', 37);
INSERT INTO read_comments (comment, post_id) VALUES ('Comment 37 for post 15', 37);
INSERT INTO write_comments (comment, post_id) VALUES ('Comment 38 for post 15', 38);
INSERT INTO read_comments (comment, post_id) VALUES ('Comment 38 for post 15', 38);
INSERT INTO write_comments (comment, post_id) VALUES ('Comment 39 for post 15', 39);
INSERT INTO read_comments (comment, post_id) VALUES ('Comment 39 for post 15', 39);
INSERT INTO write_comments (comment, post_id) VALUES ('Comment 40 for post 15', 40);
INSERT INTO read_comments (comment, post_id) VALUES ('Comment 40 for post 15', 40);
INSERT INTO write_comments (comment, post_id) VALUES ('Comment 41 for post 15', 41);
INSERT INTO read_comments (comment, post_id) VALUES ('Comment 41 for post 15', 41);
INSERT INTO write_comments (comment, post_id) VALUES ('Comment 42 for post 15', 42);
INSERT INTO read_comments (comment, post_id) VALUES ('Comment 42 for post 15', 42);
INSERT INTO write_comments (comment, post_id) VALUES ('Comment 43 for post 15', 43);
INSERT INTO read_comments (comment, post_id) VALUES ('Comment 43 for post 15', 43);
INSERT INTO write_comments (comment, post_id) VALUES ('Comment 44 for post 15', 44);
INSERT INTO read_comments (comment, post_id) VALUES ('Comment 44 for post 15', 44);
INSERT INTO write_comments (comment, post_id) VALUES ('Comment 45 for post 15', 45);
INSERT INTO read_comments (comment, post_id) VALUES ('Comment 45 for post 15', 45);
INSERT INTO write_comments (comment, post_id) VALUES ('Comment 46 for post 15', 46);
INSERT INTO read_comments (comment, post_id) VALUES ('Comment 46 for post 15', 46);
INSERT INTO write_comments (comment, post_id) VALUES ('Comment 47 for post 15', 47);
INSERT INTO read_comments (comment, post_id) VALUES ('Comment 47 for post 15', 47);
INSERT INTO write_comments (comment, post_id) VALUES ('Comment 48 for post 15', 48);
INSERT INTO read_comments (comment, post_id) VALUES ('Comment 48 for post 15', 48);
INSERT INTO write_comments (comment, post_id) VALUES ('Comment 49 for post 15', 49);
INSERT INTO read_comments (comment, post_id) VALUES ('Comment 49 for post 15', 49);
INSERT INTO write_comments (comment, post_id) VALUES ('Comment 50 for post 15', 50);
INSERT INTO read_comments (comment, post_id) VALUES ('Comment 50 for post 15', 50);
INSERT INTO write_comments (comment, post_id) VALUES ('Comment 51 for post 15', 51);
INSERT INTO read_comments (comment, post_id) VALUES ('Comment 51 for post 15', 51);
INSERT INTO write_comments (comment, post_id) VALUES ('Comment 52 for post 15', 52);
INSERT INTO read_comments (comment, post_id) VALUES ('Comment 52 for post 15', 52);
INSERT INTO write_comments (comment, post_id) VALUES ('Comment 53 for post 15', 53);
INSERT INTO read_comments (comment, post_id) VALUES ('Comment 53 for post 15', 53);
INSERT INTO write_comments (comment, post_id) VALUES ('Comment 54 for post 15', 54);
INSERT INTO read_comments (comment, post_id) VALUES ('Comment 54 for post 15', 54);
INSERT INTO write_comments (comment, post_id) VALUES ('Comment 55 for post 15', 55);
INSERT INTO read_comments (comment, post_id) VALUES ('Comment 55 for post 15', 55);
INSERT INTO write_comments (comment, post_id) VALUES ('Comment 56 for post 15', 56);
INSERT INTO read_comments (comment, post_id) VALUES ('Comment 56 for post 15', 56);
INSERT INTO write_comments (comment, post_id) VALUES ('Comment 57 for post 15', 57);
INSERT INTO read_comments (comment, post_id) VALUES ('Comment 57 for post 15', 57);
INSERT INTO write_comments (comment, post_id) VALUES ('Comment 58 for post 15', 58);
INSERT INTO read_comments (comment, post_id) VALUES ('Comment 58 for post 15', 58);
INSERT INTO write_comments (comment, post_id) VALUES ('Comment 59 for post 15', 59);
INSERT INTO read_comments (comment, post_id) VALUES ('Comment 59 for post 15', 59);
INSERT INTO write_comments (comment, post_id) VALUES ('Comment 60 for post 15', 60);
INSERT INTO read_comments (comment, post_id) VALUES ('Comment 60 for post 15', 60);
INSERT INTO write_comments (comment, post_id) VALUES ('Comment 61 for post 15', 61);
INSERT INTO read_comments (comment, post_id) VALUES ('Comment 61 for post 15', 61);
INSERT INTO write_comments (comment, post_id) VALUES ('Comment 62 for post 15', 62);
INSERT INTO read_comments (comment, post_id) VALUES ('Comment 62 for post 15', 62);
INSERT INTO write_comments (comment, post_id) VALUES ('Comment 63 for post 15', 63);
INSERT INTO read_comments (comment, post_id) VALUES ('Comment 63 for post 15', 63);
INSERT INTO write_comments (comment, post_id) VALUES ('Comment 64 for post 15', 64);
INSERT INTO read_comments (comment, post_id) VALUES ('Comment 64 for post 15', 64);
INSERT INTO write_comments (comment, post_id) VALUES ('Comment 65 for post 15', 65);
INSERT INTO read_comments (comment, post_id) VALUES ('Comment 65 for post 15', 65);
INSERT INTO write_comments (comment, post_id) VALUES ('Comment 66 for post 15', 66);
INSERT INTO read_comments (comment, post_id) VALUES ('Comment 66 for post 15', 66);
INSERT INTO write_comments (comment, post_id) VALUES ('Comment 67 for post 15', 67);
INSERT INTO read_comments (comment, post_id) VALUES ('Comment 67 for post 15', 67);
INSERT INTO write_comments (comment, post_id) VALUES ('Comment 68 for post 15', 68);
INSERT INTO read_comments (comment, post_id) VALUES ('Comment 68 for post 15', 68);
INSERT INTO write_comments (comment, post_id) VALUES ('Comment 69 for post 15', 69);
INSERT INTO read_comments (comment, post_id) VALUES ('Comment 69 for post 15', 69);
INSERT INTO write_comments (comment, post_id) VALUES ('Comment 70 for post 15', 70);
INSERT INTO read_comments (comment, post_id) VALUES ('Comment 70 for post 15', 70);
INSERT INTO write_comments (comment, post_id) VALUES ('Comment 71 for post 15', 71);
INSERT INTO read_comments (comment, post_id) VALUES ('Comment 71 for post 15', 71);
INSERT INTO write_comments (comment, post_id) VALUES ('Comment 72 for post 15', 72);
INSERT INTO read_comments (comment, post_id) VALUES ('Comment 72 for post 15', 72);
INSERT INTO write_comments (comment, post_id) VALUES ('Comment 73 for post 15', 73);
INSERT INTO read_comments (comment, post_id) VALUES ('Comment 73 for post 15', 73);
INSERT INTO write_comments (comment, post_id) VALUES ('Comment 74 for post 15', 74);
INSERT INTO read_comments (comment, post_id) VALUES ('Comment 74 for post 15', 74);
INSERT INTO write_comments (comment, post_id) VALUES ('Comment 75 for post 15', 75);
INSERT INTO read_comments (comment, post_id) VALUES ('Comment 75 for post 15', 75);
INSERT INTO write_comments (comment, post_id) VALUES ('Comment 76 for post 15', 76);
INSERT INTO read_comments (comment, post_id) VALUES ('Comment 76 for post 15', 76);
INSERT INTO write_comments (comment, post_id) VALUES ('Comment 77 for post 15', 77);
INSERT INTO read_comments (comment, post_id) VALUES ('Comment 77 for post 15', 77);
INSERT INTO write_comments (comment, post_id) VALUES ('Comment 78 for post 15', 78);
INSERT INTO read_comments (comment, post_id) VALUES ('Comment 78 for post 15', 78);
INSERT INTO write_comments (comment, post_id) VALUES ('Comment 79 for post 15', 79);
INSERT INTO read_comments (comment, post_id) VALUES ('Comment 79 for post 15', 79);
INSERT INTO write_comments (comment, post_id) VALUES ('Comment 80 for post 15', 80);
INSERT INTO read_comments (comment, post_id) VALUES ('Comment 80 for post 15', 80);
INSERT INTO write_comments (comment, post_id) VALUES ('Comment 81 for post 15', 81);
INSERT INTO read_comments (comment, post_id) VALUES ('Comment 81 for post 15', 81);
INSERT INTO write_comments (comment, post_id) VALUES ('Comment 82 for post 15', 82);
INSERT INTO read_comments (comment, post_id) VALUES ('Comment 82 for post 15', 82);
INSERT INTO write_comments (comment, post_id) VALUES ('Comment 83 for post 15', 83);
INSERT INTO read_comments (comment, post_id) VALUES ('Comment 83 for post 15', 83);
INSERT INTO write_comments (comment, post_id) VALUES ('Comment 84 for post 15', 84);
INSERT INTO read_comments (comment, post_id) VALUES ('Comment 84 for post 15', 84);
INSERT INTO write_comments (comment, post_id) VALUES ('Comment 85 for post 15', 85);
INSERT INTO read_comments (comment, post_id) VALUES ('Comment 85 for post 15', 85);
INSERT INTO write_comments (comment, post_id) VALUES ('Comment 86 for post 15', 86);
INSERT INTO read_comments (comment, post_id) VALUES ('Comment 86 for post 15', 86);
INSERT INTO write_comments (comment, post_id) VALUES ('Comment 87 for post 15', 87);
INSERT INTO read_comments (comment, post_id) VALUES ('Comment 87 for post 15', 87);
INSERT INTO write_comments (comment, post_id) VALUES ('Comment 88 for post 15', 88);
INSERT INTO read_comments (comment, post_id) VALUES ('Comment 88 for post 15', 88);
INSERT INTO write_comments (comment, post_id) VALUES ('Comment 89 for post 15', 89);
INSERT INTO read_comments (comment, post_id) VALUES ('Comment 89 for post 15', 89);
INSERT INTO write_comments (comment, post_id) VALUES ('Comment 90 for post 15', 90);
INSERT INTO read_comments (comment, post_id) VALUES ('Comment 90 for post 15', 90);
INSERT INTO write_comments (comment, post_id) VALUES ('Comment 91 for post 15', 91);
INSERT INTO read_comments (comment, post_id) VALUES ('Comment 91 for post 15', 91);
INSERT INTO write_comments (comment, post_id) VALUES ('Comment 92 for post 15', 92);
INSERT INTO read_comments (comment, post_id) VALUES ('Comment 92 for post 15', 92);
INSERT INTO write_comments (comment, post_id) VALUES ('Comment 93 for post 15', 93);
INSERT INTO read_comments (comment, post_id) VALUES ('Comment 93 for post 15', 93);
INSERT INTO write_comments (comment, post_id) VALUES ('Comment 94 for post 15', 94);
INSERT INTO read_comments (comment, post_id) VALUES ('Comment 94 for post 15', 94);
INSERT INTO write_comments (comment, post_id) VALUES ('Comment 95 for post 15', 95);
INSERT INTO read_comments (comment, post_id) VALUES ('Comment 95 for post 15', 95);
INSERT INTO write_comments (comment, post_id) VALUES ('Comment 96 for post 15', 96);
INSERT INTO read_comments (comment, post_id) VALUES ('Comment 96 for post 15', 96);
INSERT INTO write_comments (comment, post_id) VALUES ('Comment 97 for post 15', 97);
INSERT INTO read_comments (comment, post_id) VALUES ('Comment 97 for post 15', 97);
INSERT INTO write_comments (comment, post_id) VALUES ('Comment 98 for post 15', 98);
INSERT INTO read_comments (comment, post_id) VALUES ('Comment 98 for post 15', 98);
INSERT INTO write_comments (comment, post_id) VALUES ('Comment 99 for post 15', 99);
INSERT INTO read_comments (comment, post_id) VALUES ('Comment 99 for post 15', 99);
INSERT INTO write_comments (comment, post_id) VALUES ('Comment 100 for post 15', 100);
INSERT INTO read_comments (comment, post_id) VALUES ('Comment 100 for post 15', 100);
INSERT INTO write_comments (comment, post_id) VALUES ('Comment 1 for post 16', 1);
INSERT INTO read_comments (comment, post_id) VALUES ('Comment 1 for post 16', 1);
INSERT INTO write_comments (comment, post_id) VALUES ('Comment 2 for post 16', 2);
INSERT INTO read_comments (comment, post_id) VALUES ('Comment 2 for post 16', 2);
INSERT INTO write_comments (comment, post_id) VALUES ('Comment 3 for post 16', 3);
INSERT INTO read_comments (comment, post_id) VALUES ('Comment 3 for post 16', 3);
INSERT INTO write_comments (comment, post_id) VALUES ('Comment 4 for post 16', 4);
INSERT INTO read_comments (comment, post_id) VALUES ('Comment 4 for post 16', 4);
INSERT INTO write_comments (comment, post_id) VALUES ('Comment 5 for post 16', 5);
INSERT INTO read_comments (comment, post_id) VALUES ('Comment 5 for post 16', 5);
INSERT INTO write_comments (comment, post_id) VALUES ('Comment 6 for post 16', 6);
INSERT INTO read_comments (comment, post_id) VALUES ('Comment 6 for post 16', 6);
INSERT INTO write_comments (comment, post_id) VALUES ('Comment 7 for post 16', 7);
INSERT INTO read_comments (comment, post_id) VALUES ('Comment 7 for post 16', 7);
INSERT INTO write_comments (comment, post_id) VALUES ('Comment 8 for post 16', 8);
INSERT INTO read_comments (comment, post_id) VALUES ('Comment 8 for post 16', 8);
INSERT INTO write_comments (comment, post_id) VALUES ('Comment 9 for post 16', 9);
INSERT INTO read_comments (comment, post_id) VALUES ('Comment 9 for post 16', 9);
INSERT INTO write_comments (comment, post_id) VALUES ('Comment 10 for post 16', 10);
INSERT INTO read_comments (comment, post_id) VALUES ('Comment 10 for post 16', 10);
INSERT INTO write_comments (comment, post_id) VALUES ('Comment 11 for post 16', 11);
INSERT INTO read_comments (comment, post_id) VALUES ('Comment 11 for post 16', 11);
INSERT INTO write_comments (comment, post_id) VALUES ('Comment 12 for post 16', 12);
INSERT INTO read_comments (comment, post_id) VALUES ('Comment 12 for post 16', 12);
INSERT INTO write_comments (comment, post_id) VALUES ('Comment 13 for post 16', 13);
INSERT INTO read_comments (comment, post_id) VALUES ('Comment 13 for post 16', 13);
INSERT INTO write_comments (comment, post_id) VALUES ('Comment 14 for post 16', 14);
INSERT INTO read_comments (comment, post_id) VALUES ('Comment 14 for post 16', 14);
INSERT INTO write_comments (comment, post_id) VALUES ('Comment 15 for post 16', 15);
INSERT INTO read_comments (comment, post_id) VALUES ('Comment 15 for post 16', 15);
INSERT INTO write_comments (comment, post_id) VALUES ('Comment 16 for post 16', 16);
INSERT INTO read_comments (comment, post_id) VALUES ('Comment 16 for post 16', 16);
INSERT INTO write_comments (comment, post_id) VALUES ('Comment 17 for post 16', 17);
INSERT INTO read_comments (comment, post_id) VALUES ('Comment 17 for post 16', 17);
INSERT INTO write_comments (comment, post_id) VALUES ('Comment 18 for post 16', 18);
INSERT INTO read_comments (comment, post_id) VALUES ('Comment 18 for post 16', 18);
INSERT INTO write_comments (comment, post_id) VALUES ('Comment 19 for post 16', 19);
INSERT INTO read_comments (comment, post_id) VALUES ('Comment 19 for post 16', 19);
INSERT INTO write_comments (comment, post_id) VALUES ('Comment 20 for post 16', 20);
INSERT INTO read_comments (comment, post_id) VALUES ('Comment 20 for post 16', 20);
INSERT INTO write_comments (comment, post_id) VALUES ('Comment 21 for post 16', 21);
INSERT INTO read_comments (comment, post_id) VALUES ('Comment 21 for post 16', 21);
INSERT INTO write_comments (comment, post_id) VALUES ('Comment 22 for post 16', 22);
INSERT INTO read_comments (comment, post_id) VALUES ('Comment 22 for post 16', 22);
INSERT INTO write_comments (comment, post_id) VALUES ('Comment 23 for post 16', 23);
INSERT INTO read_comments (comment, post_id) VALUES ('Comment 23 for post 16', 23);
INSERT INTO write_comments (comment, post_id) VALUES ('Comment 24 for post 16', 24);
INSERT INTO read_comments (comment, post_id) VALUES ('Comment 24 for post 16', 24);
INSERT INTO write_comments (comment, post_id) VALUES ('Comment 25 for post 16', 25);
INSERT INTO read_comments (comment, post_id) VALUES ('Comment 25 for post 16', 25);
INSERT INTO write_comments (comment, post_id) VALUES ('Comment 26 for post 16', 26);
INSERT INTO read_comments (comment, post_id) VALUES ('Comment 26 for post 16', 26);
INSERT INTO write_comments (comment, post_id) VALUES ('Comment 27 for post 16', 27);
INSERT INTO read_comments (comment, post_id) VALUES ('Comment 27 for post 16', 27);
INSERT INTO write_comments (comment, post_id) VALUES ('Comment 28 for post 16', 28);
INSERT INTO read_comments (comment, post_id) VALUES ('Comment 28 for post 16', 28);
INSERT INTO write_comments (comment, post_id) VALUES ('Comment 29 for post 16', 29);
INSERT INTO read_comments (comment, post_id) VALUES ('Comment 29 for post 16', 29);
INSERT INTO write_comments (comment, post_id) VALUES ('Comment 30 for post 16', 30);
INSERT INTO read_comments (comment, post_id) VALUES ('Comment 30 for post 16', 30);
INSERT INTO write_comments (comment, post_id) VALUES ('Comment 31 for post 16', 31);
INSERT INTO read_comments (comment, post_id) VALUES ('Comment 31 for post 16', 31);
INSERT INTO write_comments (comment, post_id) VALUES ('Comment 32 for post 16', 32);
INSERT INTO read_comments (comment, post_id) VALUES ('Comment 32 for post 16', 32);
INSERT INTO write_comments (comment, post_id) VALUES ('Comment 33 for post 16', 33);
INSERT INTO read_comments (comment, post_id) VALUES ('Comment 33 for post 16', 33);
INSERT INTO write_comments (comment, post_id) VALUES ('Comment 34 for post 16', 34);
INSERT INTO read_comments (comment, post_id) VALUES ('Comment 34 for post 16', 34);
INSERT INTO write_comments (comment, post_id) VALUES ('Comment 35 for post 16', 35);
INSERT INTO read_comments (comment, post_id) VALUES ('Comment 35 for post 16', 35);
INSERT INTO write_comments (comment, post_id) VALUES ('Comment 36 for post 16', 36);
INSERT INTO read_comments (comment, post_id) VALUES ('Comment 36 for post 16', 36);
INSERT INTO write_comments (comment, post_id) VALUES ('Comment 37 for post 16', 37);
INSERT INTO read_comments (comment, post_id) VALUES ('Comment 37 for post 16', 37);
INSERT INTO write_comments (comment, post_id) VALUES ('Comment 38 for post 16', 38);
INSERT INTO read_comments (comment, post_id) VALUES ('Comment 38 for post 16', 38);
INSERT INTO write_comments (comment, post_id) VALUES ('Comment 39 for post 16', 39);
INSERT INTO read_comments (comment, post_id) VALUES ('Comment 39 for post 16', 39);
INSERT INTO write_comments (comment, post_id) VALUES ('Comment 40 for post 16', 40);
INSERT INTO read_comments (comment, post_id) VALUES ('Comment 40 for post 16', 40);
INSERT INTO write_comments (comment, post_id) VALUES ('Comment 41 for post 16', 41);
INSERT INTO read_comments (comment, post_id) VALUES ('Comment 41 for post 16', 41);
INSERT INTO write_comments (comment, post_id) VALUES ('Comment 42 for post 16', 42);
INSERT INTO read_comments (comment, post_id) VALUES ('Comment 42 for post 16', 42);
INSERT INTO write_comments (comment, post_id) VALUES ('Comment 43 for post 16', 43);
INSERT INTO read_comments (comment, post_id) VALUES ('Comment 43 for post 16', 43);
INSERT INTO write_comments (comment, post_id) VALUES ('Comment 44 for post 16', 44);
INSERT INTO read_comments (comment, post_id) VALUES ('Comment 44 for post 16', 44);
INSERT INTO write_comments (comment, post_id) VALUES ('Comment 45 for post 16', 45);
INSERT INTO read_comments (comment, post_id) VALUES ('Comment 45 for post 16', 45);
INSERT INTO write_comments (comment, post_id) VALUES ('Comment 46 for post 16', 46);
INSERT INTO read_comments (comment, post_id) VALUES ('Comment 46 for post 16', 46);
INSERT INTO write_comments (comment, post_id) VALUES ('Comment 47 for post 16', 47);
INSERT INTO read_comments (comment, post_id) VALUES ('Comment 47 for post 16', 47);
INSERT INTO write_comments (comment, post_id) VALUES ('Comment 48 for post 16', 48);
INSERT INTO read_comments (comment, post_id) VALUES ('Comment 48 for post 16', 48);
INSERT INTO write_comments (comment, post_id) VALUES ('Comment 49 for post 16', 49);
INSERT INTO read_comments (comment, post_id) VALUES ('Comment 49 for post 16', 49);
INSERT INTO write_comments (comment, post_id) VALUES ('Comment 50 for post 16', 50);
INSERT INTO read_comments (comment, post_id) VALUES ('Comment 50 for post 16', 50);
INSERT INTO write_comments (comment, post_id) VALUES ('Comment 51 for post 16', 51);
INSERT INTO read_comments (comment, post_id) VALUES ('Comment 51 for post 16', 51);
INSERT INTO write_comments (comment, post_id) VALUES ('Comment 52 for post 16', 52);
INSERT INTO read_comments (comment, post_id) VALUES ('Comment 52 for post 16', 52);
INSERT INTO write_comments (comment, post_id) VALUES ('Comment 53 for post 16', 53);
INSERT INTO read_comments (comment, post_id) VALUES ('Comment 53 for post 16', 53);
INSERT INTO write_comments (comment, post_id) VALUES ('Comment 54 for post 16', 54);
INSERT INTO read_comments (comment, post_id) VALUES ('Comment 54 for post 16', 54);
INSERT INTO write_comments (comment, post_id) VALUES ('Comment 55 for post 16', 55);
INSERT INTO read_comments (comment, post_id) VALUES ('Comment 55 for post 16', 55);
INSERT INTO write_comments (comment, post_id) VALUES ('Comment 56 for post 16', 56);
INSERT INTO read_comments (comment, post_id) VALUES ('Comment 56 for post 16', 56);
INSERT INTO write_comments (comment, post_id) VALUES ('Comment 57 for post 16', 57);
INSERT INTO read_comments (comment, post_id) VALUES ('Comment 57 for post 16', 57);
INSERT INTO write_comments (comment, post_id) VALUES ('Comment 58 for post 16', 58);
INSERT INTO read_comments (comment, post_id) VALUES ('Comment 58 for post 16', 58);
INSERT INTO write_comments (comment, post_id) VALUES ('Comment 59 for post 16', 59);
INSERT INTO read_comments (comment, post_id) VALUES ('Comment 59 for post 16', 59);
INSERT INTO write_comments (comment, post_id) VALUES ('Comment 60 for post 16', 60);
INSERT INTO read_comments (comment, post_id) VALUES ('Comment 60 for post 16', 60);
INSERT INTO write_comments (comment, post_id) VALUES ('Comment 61 for post 16', 61);
INSERT INTO read_comments (comment, post_id) VALUES ('Comment 61 for post 16', 61);
INSERT INTO write_comments (comment, post_id) VALUES ('Comment 62 for post 16', 62);
INSERT INTO read_comments (comment, post_id) VALUES ('Comment 62 for post 16', 62);
INSERT INTO write_comments (comment, post_id) VALUES ('Comment 63 for post 16', 63);
INSERT INTO read_comments (comment, post_id) VALUES ('Comment 63 for post 16', 63);
INSERT INTO write_comments (comment, post_id) VALUES ('Comment 64 for post 16', 64);
INSERT INTO read_comments (comment, post_id) VALUES ('Comment 64 for post 16', 64);
INSERT INTO write_comments (comment, post_id) VALUES ('Comment 65 for post 16', 65);
INSERT INTO read_comments (comment, post_id) VALUES ('Comment 65 for post 16', 65);
INSERT INTO write_comments (comment, post_id) VALUES ('Comment 66 for post 16', 66);
INSERT INTO read_comments (comment, post_id) VALUES ('Comment 66 for post 16', 66);
INSERT INTO write_comments (comment, post_id) VALUES ('Comment 67 for post 16', 67);
INSERT INTO read_comments (comment, post_id) VALUES ('Comment 67 for post 16', 67);
INSERT INTO write_comments (comment, post_id) VALUES ('Comment 68 for post 16', 68);
INSERT INTO read_comments (comment, post_id) VALUES ('Comment 68 for post 16', 68);
INSERT INTO write_comments (comment, post_id) VALUES ('Comment 69 for post 16', 69);
INSERT INTO read_comments (comment, post_id) VALUES ('Comment 69 for post 16', 69);
INSERT INTO write_comments (comment, post_id) VALUES ('Comment 70 for post 16', 70);
INSERT INTO read_comments (comment, post_id) VALUES ('Comment 70 for post 16', 70);
INSERT INTO write_comments (comment, post_id) VALUES ('Comment 71 for post 16', 71);
INSERT INTO read_comments (comment, post_id) VALUES ('Comment 71 for post 16', 71);
INSERT INTO write_comments (comment, post_id) VALUES ('Comment 72 for post 16', 72);
INSERT INTO read_comments (comment, post_id) VALUES ('Comment 72 for post 16', 72);
INSERT INTO write_comments (comment, post_id) VALUES ('Comment 73 for post 16', 73);
INSERT INTO read_comments (comment, post_id) VALUES ('Comment 73 for post 16', 73);
INSERT INTO write_comments (comment, post_id) VALUES ('Comment 74 for post 16', 74);
INSERT INTO read_comments (comment, post_id) VALUES ('Comment 74 for post 16', 74);
INSERT INTO write_comments (comment, post_id) VALUES ('Comment 75 for post 16', 75);
INSERT INTO read_comments (comment, post_id) VALUES ('Comment 75 for post 16', 75);
INSERT INTO write_comments (comment, post_id) VALUES ('Comment 76 for post 16', 76);
INSERT INTO read_comments (comment, post_id) VALUES ('Comment 76 for post 16', 76);
INSERT INTO write_comments (comment, post_id) VALUES ('Comment 77 for post 16', 77);
INSERT INTO read_comments (comment, post_id) VALUES ('Comment 77 for post 16', 77);
INSERT INTO write_comments (comment, post_id) VALUES ('Comment 78 for post 16', 78);
INSERT INTO read_comments (comment, post_id) VALUES ('Comment 78 for post 16', 78);
INSERT INTO write_comments (comment, post_id) VALUES ('Comment 79 for post 16', 79);
INSERT INTO read_comments (comment, post_id) VALUES ('Comment 79 for post 16', 79);
INSERT INTO write_comments (comment, post_id) VALUES ('Comment 80 for post 16', 80);
INSERT INTO read_comments (comment, post_id) VALUES ('Comment 80 for post 16', 80);
INSERT INTO write_comments (comment, post_id) VALUES ('Comment 81 for post 16', 81);
INSERT INTO read_comments (comment, post_id) VALUES ('Comment 81 for post 16', 81);
INSERT INTO write_comments (comment, post_id) VALUES ('Comment 82 for post 16', 82);
INSERT INTO read_comments (comment, post_id) VALUES ('Comment 82 for post 16', 82);
INSERT INTO write_comments (comment, post_id) VALUES ('Comment 83 for post 16', 83);
INSERT INTO read_comments (comment, post_id) VALUES ('Comment 83 for post 16', 83);
INSERT INTO write_comments (comment, post_id) VALUES ('Comment 84 for post 16', 84);
INSERT INTO read_comments (comment, post_id) VALUES ('Comment 84 for post 16', 84);
INSERT INTO write_comments (comment, post_id) VALUES ('Comment 85 for post 16', 85);
INSERT INTO read_comments (comment, post_id) VALUES ('Comment 85 for post 16', 85);
INSERT INTO write_comments (comment, post_id) VALUES ('Comment 86 for post 16', 86);
INSERT INTO read_comments (comment, post_id) VALUES ('Comment 86 for post 16', 86);
INSERT INTO write_comments (comment, post_id) VALUES ('Comment 87 for post 16', 87);
INSERT INTO read_comments (comment, post_id) VALUES ('Comment 87 for post 16', 87);
INSERT INTO write_comments (comment, post_id) VALUES ('Comment 88 for post 16', 88);
INSERT INTO read_comments (comment, post_id) VALUES ('Comment 88 for post 16', 88);
INSERT INTO write_comments (comment, post_id) VALUES ('Comment 89 for post 16', 89);
INSERT INTO read_comments (comment, post_id) VALUES ('Comment 89 for post 16', 89);
INSERT INTO write_comments (comment, post_id) VALUES ('Comment 90 for post 16', 90);
INSERT INTO read_comments (comment, post_id) VALUES ('Comment 90 for post 16', 90);
INSERT INTO write_comments (comment, post_id) VALUES ('Comment 91 for post 16', 91);
INSERT INTO read_comments (comment, post_id) VALUES ('Comment 91 for post 16', 91);
INSERT INTO write_comments (comment, post_id) VALUES ('Comment 92 for post 16', 92);
INSERT INTO read_comments (comment, post_id) VALUES ('Comment 92 for post 16', 92);
INSERT INTO write_comments (comment, post_id) VALUES ('Comment 93 for post 16', 93);
INSERT INTO read_comments (comment, post_id) VALUES ('Comment 93 for post 16', 93);
INSERT INTO write_comments (comment, post_id) VALUES ('Comment 94 for post 16', 94);
INSERT INTO read_comments (comment, post_id) VALUES ('Comment 94 for post 16', 94);
INSERT INTO write_comments (comment, post_id) VALUES ('Comment 95 for post 16', 95);
INSERT INTO read_comments (comment, post_id) VALUES ('Comment 95 for post 16', 95);
INSERT INTO write_comments (comment, post_id) VALUES ('Comment 96 for post 16', 96);
INSERT INTO read_comments (comment, post_id) VALUES ('Comment 96 for post 16', 96);
INSERT INTO write_comments (comment, post_id) VALUES ('Comment 97 for post 16', 97);
INSERT INTO read_comments (comment, post_id) VALUES ('Comment 97 for post 16', 97);
INSERT INTO write_comments (comment, post_id) VALUES ('Comment 98 for post 16', 98);
INSERT INTO read_comments (comment, post_id) VALUES ('Comment 98 for post 16', 98);
INSERT INTO write_comments (comment, post_id) VALUES ('Comment 99 for post 16', 99);
INSERT INTO read_comments (comment, post_id) VALUES ('Comment 99 for post 16', 99);
INSERT INTO write_comments (comment, post_id) VALUES ('Comment 100 for post 16', 100);
INSERT INTO read_comments (comment, post_id) VALUES ('Comment 100 for post 16', 100);
INSERT INTO write_comments (comment, post_id) VALUES ('Comment 1 for post 17', 1);
INSERT INTO read_comments (comment, post_id) VALUES ('Comment 1 for post 17', 1);
INSERT INTO write_comments (comment, post_id) VALUES ('Comment 2 for post 17', 2);
INSERT INTO read_comments (comment, post_id) VALUES ('Comment 2 for post 17', 2);
INSERT INTO write_comments (comment, post_id) VALUES ('Comment 3 for post 17', 3);
INSERT INTO read_comments (comment, post_id) VALUES ('Comment 3 for post 17', 3);
INSERT INTO write_comments (comment, post_id) VALUES ('Comment 4 for post 17', 4);
INSERT INTO read_comments (comment, post_id) VALUES ('Comment 4 for post 17', 4);
INSERT INTO write_comments (comment, post_id) VALUES ('Comment 5 for post 17', 5);
INSERT INTO read_comments (comment, post_id) VALUES ('Comment 5 for post 17', 5);
INSERT INTO write_comments (comment, post_id) VALUES ('Comment 6 for post 17', 6);
INSERT INTO read_comments (comment, post_id) VALUES ('Comment 6 for post 17', 6);
INSERT INTO write_comments (comment, post_id) VALUES ('Comment 7 for post 17', 7);
INSERT INTO read_comments (comment, post_id) VALUES ('Comment 7 for post 17', 7);
INSERT INTO write_comments (comment, post_id) VALUES ('Comment 8 for post 17', 8);
INSERT INTO read_comments (comment, post_id) VALUES ('Comment 8 for post 17', 8);
INSERT INTO write_comments (comment, post_id) VALUES ('Comment 9 for post 17', 9);
INSERT INTO read_comments (comment, post_id) VALUES ('Comment 9 for post 17', 9);
INSERT INTO write_comments (comment, post_id) VALUES ('Comment 10 for post 17', 10);
INSERT INTO read_comments (comment, post_id) VALUES ('Comment 10 for post 17', 10);
INSERT INTO write_comments (comment, post_id) VALUES ('Comment 11 for post 17', 11);
INSERT INTO read_comments (comment, post_id) VALUES ('Comment 11 for post 17', 11);
INSERT INTO write_comments (comment, post_id) VALUES ('Comment 12 for post 17', 12);
INSERT INTO read_comments (comment, post_id) VALUES ('Comment 12 for post 17', 12);
INSERT INTO write_comments (comment, post_id) VALUES ('Comment 13 for post 17', 13);
INSERT INTO read_comments (comment, post_id) VALUES ('Comment 13 for post 17', 13);
INSERT INTO write_comments (comment, post_id) VALUES ('Comment 14 for post 17', 14);
INSERT INTO read_comments (comment, post_id) VALUES ('Comment 14 for post 17', 14);
INSERT INTO write_comments (comment, post_id) VALUES ('Comment 15 for post 17', 15);
INSERT INTO read_comments (comment, post_id) VALUES ('Comment 15 for post 17', 15);
INSERT INTO write_comments (comment, post_id) VALUES ('Comment 16 for post 17', 16);
INSERT INTO read_comments (comment, post_id) VALUES ('Comment 16 for post 17', 16);
INSERT INTO write_comments (comment, post_id) VALUES ('Comment 17 for post 17', 17);
INSERT INTO read_comments (comment, post_id) VALUES ('Comment 17 for post 17', 17);
INSERT INTO write_comments (comment, post_id) VALUES ('Comment 18 for post 17', 18);
INSERT INTO read_comments (comment, post_id) VALUES ('Comment 18 for post 17', 18);
INSERT INTO write_comments (comment, post_id) VALUES ('Comment 19 for post 17', 19);
INSERT INTO read_comments (comment, post_id) VALUES ('Comment 19 for post 17', 19);
INSERT INTO write_comments (comment, post_id) VALUES ('Comment 20 for post 17', 20);
INSERT INTO read_comments (comment, post_id) VALUES ('Comment 20 for post 17', 20);
INSERT INTO write_comments (comment, post_id) VALUES ('Comment 21 for post 17', 21);
INSERT INTO read_comments (comment, post_id) VALUES ('Comment 21 for post 17', 21);
INSERT INTO write_comments (comment, post_id) VALUES ('Comment 22 for post 17', 22);
INSERT INTO read_comments (comment, post_id) VALUES ('Comment 22 for post 17', 22);
INSERT INTO write_comments (comment, post_id) VALUES ('Comment 23 for post 17', 23);
INSERT INTO read_comments (comment, post_id) VALUES ('Comment 23 for post 17', 23);
INSERT INTO write_comments (comment, post_id) VALUES ('Comment 24 for post 17', 24);
INSERT INTO read_comments (comment, post_id) VALUES ('Comment 24 for post 17', 24);
INSERT INTO write_comments (comment, post_id) VALUES ('Comment 25 for post 17', 25);
INSERT INTO read_comments (comment, post_id) VALUES ('Comment 25 for post 17', 25);
INSERT INTO write_comments (comment, post_id) VALUES ('Comment 26 for post 17', 26);
INSERT INTO read_comments (comment, post_id) VALUES ('Comment 26 for post 17', 26);
INSERT INTO write_comments (comment, post_id) VALUES ('Comment 27 for post 17', 27);
INSERT INTO read_comments (comment, post_id) VALUES ('Comment 27 for post 17', 27);
INSERT INTO write_comments (comment, post_id) VALUES ('Comment 28 for post 17', 28);
INSERT INTO read_comments (comment, post_id) VALUES ('Comment 28 for post 17', 28);
INSERT INTO write_comments (comment, post_id) VALUES ('Comment 29 for post 17', 29);
INSERT INTO read_comments (comment, post_id) VALUES ('Comment 29 for post 17', 29);
INSERT INTO write_comments (comment, post_id) VALUES ('Comment 30 for post 17', 30);
INSERT INTO read_comments (comment, post_id) VALUES ('Comment 30 for post 17', 30);
INSERT INTO write_comments (comment, post_id) VALUES ('Comment 31 for post 17', 31);
INSERT INTO read_comments (comment, post_id) VALUES ('Comment 31 for post 17', 31);
INSERT INTO write_comments (comment, post_id) VALUES ('Comment 32 for post 17', 32);
INSERT INTO read_comments (comment, post_id) VALUES ('Comment 32 for post 17', 32);
INSERT INTO write_comments (comment, post_id) VALUES ('Comment 33 for post 17', 33);
INSERT INTO read_comments (comment, post_id) VALUES ('Comment 33 for post 17', 33);
INSERT INTO write_comments (comment, post_id) VALUES ('Comment 34 for post 17', 34);
INSERT INTO read_comments (comment, post_id) VALUES ('Comment 34 for post 17', 34);
INSERT INTO write_comments (comment, post_id) VALUES ('Comment 35 for post 17', 35);
INSERT INTO read_comments (comment, post_id) VALUES ('Comment 35 for post 17', 35);
INSERT INTO write_comments (comment, post_id) VALUES ('Comment 36 for post 17', 36);
INSERT INTO read_comments (comment, post_id) VALUES ('Comment 36 for post 17', 36);
INSERT INTO write_comments (comment, post_id) VALUES ('Comment 37 for post 17', 37);
INSERT INTO read_comments (comment, post_id) VALUES ('Comment 37 for post 17', 37);
INSERT INTO write_comments (comment, post_id) VALUES ('Comment 38 for post 17', 38);
INSERT INTO read_comments (comment, post_id) VALUES ('Comment 38 for post 17', 38);
INSERT INTO write_comments (comment, post_id) VALUES ('Comment 39 for post 17', 39);
INSERT INTO read_comments (comment, post_id) VALUES ('Comment 39 for post 17', 39);
INSERT INTO write_comments (comment, post_id) VALUES ('Comment 40 for post 17', 40);
INSERT INTO read_comments (comment, post_id) VALUES ('Comment 40 for post 17', 40);
INSERT INTO write_comments (comment, post_id) VALUES ('Comment 41 for post 17', 41);
INSERT INTO read_comments (comment, post_id) VALUES ('Comment 41 for post 17', 41);
INSERT INTO write_comments (comment, post_id) VALUES ('Comment 42 for post 17', 42);
INSERT INTO read_comments (comment, post_id) VALUES ('Comment 42 for post 17', 42);
INSERT INTO write_comments (comment, post_id) VALUES ('Comment 43 for post 17', 43);
INSERT INTO read_comments (comment, post_id) VALUES ('Comment 43 for post 17', 43);
INSERT INTO write_comments (comment, post_id) VALUES ('Comment 44 for post 17', 44);
INSERT INTO read_comments (comment, post_id) VALUES ('Comment 44 for post 17', 44);
INSERT INTO write_comments (comment, post_id) VALUES ('Comment 45 for post 17', 45);
INSERT INTO read_comments (comment, post_id) VALUES ('Comment 45 for post 17', 45);
INSERT INTO write_comments (comment, post_id) VALUES ('Comment 46 for post 17', 46);
INSERT INTO read_comments (comment, post_id) VALUES ('Comment 46 for post 17', 46);
INSERT INTO write_comments (comment, post_id) VALUES ('Comment 47 for post 17', 47);
INSERT INTO read_comments (comment, post_id) VALUES ('Comment 47 for post 17', 47);
INSERT INTO write_comments (comment, post_id) VALUES ('Comment 48 for post 17', 48);
INSERT INTO read_comments (comment, post_id) VALUES ('Comment 48 for post 17', 48);
INSERT INTO write_comments (comment, post_id) VALUES ('Comment 49 for post 17', 49);
INSERT INTO read_comments (comment, post_id) VALUES ('Comment 49 for post 17', 49);
INSERT INTO write_comments (comment, post_id) VALUES ('Comment 50 for post 17', 50);
INSERT INTO read_comments (comment, post_id) VALUES ('Comment 50 for post 17', 50);
INSERT INTO write_comments (comment, post_id) VALUES ('Comment 51 for post 17', 51);
INSERT INTO read_comments (comment, post_id) VALUES ('Comment 51 for post 17', 51);
INSERT INTO write_comments (comment, post_id) VALUES ('Comment 52 for post 17', 52);
INSERT INTO read_comments (comment, post_id) VALUES ('Comment 52 for post 17', 52);
INSERT INTO write_comments (comment, post_id) VALUES ('Comment 53 for post 17', 53);
INSERT INTO read_comments (comment, post_id) VALUES ('Comment 53 for post 17', 53);
INSERT INTO write_comments (comment, post_id) VALUES ('Comment 54 for post 17', 54);
INSERT INTO read_comments (comment, post_id) VALUES ('Comment 54 for post 17', 54);
INSERT INTO write_comments (comment, post_id) VALUES ('Comment 55 for post 17', 55);
INSERT INTO read_comments (comment, post_id) VALUES ('Comment 55 for post 17', 55);
INSERT INTO write_comments (comment, post_id) VALUES ('Comment 56 for post 17', 56);
INSERT INTO read_comments (comment, post_id) VALUES ('Comment 56 for post 17', 56);
INSERT INTO write_comments (comment, post_id) VALUES ('Comment 57 for post 17', 57);
INSERT INTO read_comments (comment, post_id) VALUES ('Comment 57 for post 17', 57);
INSERT INTO write_comments (comment, post_id) VALUES ('Comment 58 for post 17', 58);
INSERT INTO read_comments (comment, post_id) VALUES ('Comment 58 for post 17', 58);
INSERT INTO write_comments (comment, post_id) VALUES ('Comment 59 for post 17', 59);
INSERT INTO read_comments (comment, post_id) VALUES ('Comment 59 for post 17', 59);
INSERT INTO write_comments (comment, post_id) VALUES ('Comment 60 for post 17', 60);
INSERT INTO read_comments (comment, post_id) VALUES ('Comment 60 for post 17', 60);
INSERT INTO write_comments (comment, post_id) VALUES ('Comment 61 for post 17', 61);
INSERT INTO read_comments (comment, post_id) VALUES ('Comment 61 for post 17', 61);
INSERT INTO write_comments (comment, post_id) VALUES ('Comment 62 for post 17', 62);
INSERT INTO read_comments (comment, post_id) VALUES ('Comment 62 for post 17', 62);
INSERT INTO write_comments (comment, post_id) VALUES ('Comment 63 for post 17', 63);
INSERT INTO read_comments (comment, post_id) VALUES ('Comment 63 for post 17', 63);
INSERT INTO write_comments (comment, post_id) VALUES ('Comment 64 for post 17', 64);
INSERT INTO read_comments (comment, post_id) VALUES ('Comment 64 for post 17', 64);
INSERT INTO write_comments (comment, post_id) VALUES ('Comment 65 for post 17', 65);
INSERT INTO read_comments (comment, post_id) VALUES ('Comment 65 for post 17', 65);
INSERT INTO write_comments (comment, post_id) VALUES ('Comment 66 for post 17', 66);
INSERT INTO read_comments (comment, post_id) VALUES ('Comment 66 for post 17', 66);
INSERT INTO write_comments (comment, post_id) VALUES ('Comment 67 for post 17', 67);
INSERT INTO read_comments (comment, post_id) VALUES ('Comment 67 for post 17', 67);
INSERT INTO write_comments (comment, post_id) VALUES ('Comment 68 for post 17', 68);
INSERT INTO read_comments (comment, post_id) VALUES ('Comment 68 for post 17', 68);
INSERT INTO write_comments (comment, post_id) VALUES ('Comment 69 for post 17', 69);
INSERT INTO read_comments (comment, post_id) VALUES ('Comment 69 for post 17', 69);
INSERT INTO write_comments (comment, post_id) VALUES ('Comment 70 for post 17', 70);
INSERT INTO read_comments (comment, post_id) VALUES ('Comment 70 for post 17', 70);
INSERT INTO write_comments (comment, post_id) VALUES ('Comment 71 for post 17', 71);
INSERT INTO read_comments (comment, post_id) VALUES ('Comment 71 for post 17', 71);
INSERT INTO write_comments (comment, post_id) VALUES ('Comment 72 for post 17', 72);
INSERT INTO read_comments (comment, post_id) VALUES ('Comment 72 for post 17', 72);
INSERT INTO write_comments (comment, post_id) VALUES ('Comment 73 for post 17', 73);
INSERT INTO read_comments (comment, post_id) VALUES ('Comment 73 for post 17', 73);
INSERT INTO write_comments (comment, post_id) VALUES ('Comment 74 for post 17', 74);
INSERT INTO read_comments (comment, post_id) VALUES ('Comment 74 for post 17', 74);
INSERT INTO write_comments (comment, post_id) VALUES ('Comment 75 for post 17', 75);
INSERT INTO read_comments (comment, post_id) VALUES ('Comment 75 for post 17', 75);
INSERT INTO write_comments (comment, post_id) VALUES ('Comment 76 for post 17', 76);
INSERT INTO read_comments (comment, post_id) VALUES ('Comment 76 for post 17', 76);
INSERT INTO write_comments (comment, post_id) VALUES ('Comment 77 for post 17', 77);
INSERT INTO read_comments (comment, post_id) VALUES ('Comment 77 for post 17', 77);
INSERT INTO write_comments (comment, post_id) VALUES ('Comment 78 for post 17', 78);
INSERT INTO read_comments (comment, post_id) VALUES ('Comment 78 for post 17', 78);
INSERT INTO write_comments (comment, post_id) VALUES ('Comment 79 for post 17', 79);
INSERT INTO read_comments (comment, post_id) VALUES ('Comment 79 for post 17', 79);
INSERT INTO write_comments (comment, post_id) VALUES ('Comment 80 for post 17', 80);
INSERT INTO read_comments (comment, post_id) VALUES ('Comment 80 for post 17', 80);
INSERT INTO write_comments (comment, post_id) VALUES ('Comment 81 for post 17', 81);
INSERT INTO read_comments (comment, post_id) VALUES ('Comment 81 for post 17', 81);
INSERT INTO write_comments (comment, post_id) VALUES ('Comment 82 for post 17', 82);
INSERT INTO read_comments (comment, post_id) VALUES ('Comment 82 for post 17', 82);
INSERT INTO write_comments (comment, post_id) VALUES ('Comment 83 for post 17', 83);
INSERT INTO read_comments (comment, post_id) VALUES ('Comment 83 for post 17', 83);
INSERT INTO write_comments (comment, post_id) VALUES ('Comment 84 for post 17', 84);
INSERT INTO read_comments (comment, post_id) VALUES ('Comment 84 for post 17', 84);
INSERT INTO write_comments (comment, post_id) VALUES ('Comment 85 for post 17', 85);
INSERT INTO read_comments (comment, post_id) VALUES ('Comment 85 for post 17', 85);
INSERT INTO write_comments (comment, post_id) VALUES ('Comment 86 for post 17', 86);
INSERT INTO read_comments (comment, post_id) VALUES ('Comment 86 for post 17', 86);
INSERT INTO write_comments (comment, post_id) VALUES ('Comment 87 for post 17', 87);
INSERT INTO read_comments (comment, post_id) VALUES ('Comment 87 for post 17', 87);
INSERT INTO write_comments (comment, post_id) VALUES ('Comment 88 for post 17', 88);
INSERT INTO read_comments (comment, post_id) VALUES ('Comment 88 for post 17', 88);
INSERT INTO write_comments (comment, post_id) VALUES ('Comment 89 for post 17', 89);
INSERT INTO read_comments (comment, post_id) VALUES ('Comment 89 for post 17', 89);
INSERT INTO write_comments (comment, post_id) VALUES ('Comment 90 for post 17', 90);
INSERT INTO read_comments (comment, post_id) VALUES ('Comment 90 for post 17', 90);
INSERT INTO write_comments (comment, post_id) VALUES ('Comment 91 for post 17', 91);
INSERT INTO read_comments (comment, post_id) VALUES ('Comment 91 for post 17', 91);
INSERT INTO write_comments (comment, post_id) VALUES ('Comment 92 for post 17', 92);
INSERT INTO read_comments (comment, post_id) VALUES ('Comment 92 for post 17', 92);
INSERT INTO write_comments (comment, post_id) VALUES ('Comment 93 for post 17', 93);
INSERT INTO read_comments (comment, post_id) VALUES ('Comment 93 for post 17', 93);
INSERT INTO write_comments (comment, post_id) VALUES ('Comment 94 for post 17', 94);
INSERT INTO read_comments (comment, post_id) VALUES ('Comment 94 for post 17', 94);
INSERT INTO write_comments (comment, post_id) VALUES ('Comment 95 for post 17', 95);
INSERT INTO read_comments (comment, post_id) VALUES ('Comment 95 for post 17', 95);
INSERT INTO write_comments (comment, post_id) VALUES ('Comment 96 for post 17', 96);
INSERT INTO read_comments (comment, post_id) VALUES ('Comment 96 for post 17', 96);
INSERT INTO write_comments (comment, post_id) VALUES ('Comment 97 for post 17', 97);
INSERT INTO read_comments (comment, post_id) VALUES ('Comment 97 for post 17', 97);
INSERT INTO write_comments (comment, post_id) VALUES ('Comment 98 for post 17', 98);
INSERT INTO read_comments (comment, post_id) VALUES ('Comment 98 for post 17', 98);
INSERT INTO write_comments (comment, post_id) VALUES ('Comment 99 for post 17', 99);
INSERT INTO read_comments (comment, post_id) VALUES ('Comment 99 for post 17', 99);
INSERT INTO write_comments (comment, post_id) VALUES ('Comment 100 for post 17', 100);
INSERT INTO read_comments (comment, post_id) VALUES ('Comment 100 for post 17', 100);
INSERT INTO write_comments (comment, post_id) VALUES ('Comment 1 for post 18', 1);
INSERT INTO read_comments (comment, post_id) VALUES ('Comment 1 for post 18', 1);
INSERT INTO write_comments (comment, post_id) VALUES ('Comment 2 for post 18', 2);
INSERT INTO read_comments (comment, post_id) VALUES ('Comment 2 for post 18', 2);
INSERT INTO write_comments (comment, post_id) VALUES ('Comment 3 for post 18', 3);
INSERT INTO read_comments (comment, post_id) VALUES ('Comment 3 for post 18', 3);
INSERT INTO write_comments (comment, post_id) VALUES ('Comment 4 for post 18', 4);
INSERT INTO read_comments (comment, post_id) VALUES ('Comment 4 for post 18', 4);
INSERT INTO write_comments (comment, post_id) VALUES ('Comment 5 for post 18', 5);
INSERT INTO read_comments (comment, post_id) VALUES ('Comment 5 for post 18', 5);
INSERT INTO write_comments (comment, post_id) VALUES ('Comment 6 for post 18', 6);
INSERT INTO read_comments (comment, post_id) VALUES ('Comment 6 for post 18', 6);
INSERT INTO write_comments (comment, post_id) VALUES ('Comment 7 for post 18', 7);
INSERT INTO read_comments (comment, post_id) VALUES ('Comment 7 for post 18', 7);
INSERT INTO write_comments (comment, post_id) VALUES ('Comment 8 for post 18', 8);
INSERT INTO read_comments (comment, post_id) VALUES ('Comment 8 for post 18', 8);
INSERT INTO write_comments (comment, post_id) VALUES ('Comment 9 for post 18', 9);
INSERT INTO read_comments (comment, post_id) VALUES ('Comment 9 for post 18', 9);
INSERT INTO write_comments (comment, post_id) VALUES ('Comment 10 for post 18', 10);
INSERT INTO read_comments (comment, post_id) VALUES ('Comment 10 for post 18', 10);
INSERT INTO write_comments (comment, post_id) VALUES ('Comment 11 for post 18', 11);
INSERT INTO read_comments (comment, post_id) VALUES ('Comment 11 for post 18', 11);
INSERT INTO write_comments (comment, post_id) VALUES ('Comment 12 for post 18', 12);
INSERT INTO read_comments (comment, post_id) VALUES ('Comment 12 for post 18', 12);
INSERT INTO write_comments (comment, post_id) VALUES ('Comment 13 for post 18', 13);
INSERT INTO read_comments (comment, post_id) VALUES ('Comment 13 for post 18', 13);
INSERT INTO write_comments (comment, post_id) VALUES ('Comment 14 for post 18', 14);
INSERT INTO read_comments (comment, post_id) VALUES ('Comment 14 for post 18', 14);
INSERT INTO write_comments (comment, post_id) VALUES ('Comment 15 for post 18', 15);
INSERT INTO read_comments (comment, post_id) VALUES ('Comment 15 for post 18', 15);
INSERT INTO write_comments (comment, post_id) VALUES ('Comment 16 for post 18', 16);
INSERT INTO read_comments (comment, post_id) VALUES ('Comment 16 for post 18', 16);
INSERT INTO write_comments (comment, post_id) VALUES ('Comment 17 for post 18', 17);
INSERT INTO read_comments (comment, post_id) VALUES ('Comment 17 for post 18', 17);
INSERT INTO write_comments (comment, post_id) VALUES ('Comment 18 for post 18', 18);
INSERT INTO read_comments (comment, post_id) VALUES ('Comment 18 for post 18', 18);
INSERT INTO write_comments (comment, post_id) VALUES ('Comment 19 for post 18', 19);
INSERT INTO read_comments (comment, post_id) VALUES ('Comment 19 for post 18', 19);
INSERT INTO write_comments (comment, post_id) VALUES ('Comment 20 for post 18', 20);
INSERT INTO read_comments (comment, post_id) VALUES ('Comment 20 for post 18', 20);
INSERT INTO write_comments (comment, post_id) VALUES ('Comment 21 for post 18', 21);
INSERT INTO read_comments (comment, post_id) VALUES ('Comment 21 for post 18', 21);
INSERT INTO write_comments (comment, post_id) VALUES ('Comment 22 for post 18', 22);
INSERT INTO read_comments (comment, post_id) VALUES ('Comment 22 for post 18', 22);
INSERT INTO write_comments (comment, post_id) VALUES ('Comment 23 for post 18', 23);
INSERT INTO read_comments (comment, post_id) VALUES ('Comment 23 for post 18', 23);
INSERT INTO write_comments (comment, post_id) VALUES ('Comment 24 for post 18', 24);
INSERT INTO read_comments (comment, post_id) VALUES ('Comment 24 for post 18', 24);
INSERT INTO write_comments (comment, post_id) VALUES ('Comment 25 for post 18', 25);
INSERT INTO read_comments (comment, post_id) VALUES ('Comment 25 for post 18', 25);
INSERT INTO write_comments (comment, post_id) VALUES ('Comment 26 for post 18', 26);
INSERT INTO read_comments (comment, post_id) VALUES ('Comment 26 for post 18', 26);
INSERT INTO write_comments (comment, post_id) VALUES ('Comment 27 for post 18', 27);
INSERT INTO read_comments (comment, post_id) VALUES ('Comment 27 for post 18', 27);
INSERT INTO write_comments (comment, post_id) VALUES ('Comment 28 for post 18', 28);
INSERT INTO read_comments (comment, post_id) VALUES ('Comment 28 for post 18', 28);
INSERT INTO write_comments (comment, post_id) VALUES ('Comment 29 for post 18', 29);
INSERT INTO read_comments (comment, post_id) VALUES ('Comment 29 for post 18', 29);
INSERT INTO write_comments (comment, post_id) VALUES ('Comment 30 for post 18', 30);
INSERT INTO read_comments (comment, post_id) VALUES ('Comment 30 for post 18', 30);
INSERT INTO write_comments (comment, post_id) VALUES ('Comment 31 for post 18', 31);
INSERT INTO read_comments (comment, post_id) VALUES ('Comment 31 for post 18', 31);
INSERT INTO write_comments (comment, post_id) VALUES ('Comment 32 for post 18', 32);
INSERT INTO read_comments (comment, post_id) VALUES ('Comment 32 for post 18', 32);
INSERT INTO write_comments (comment, post_id) VALUES ('Comment 33 for post 18', 33);
INSERT INTO read_comments (comment, post_id) VALUES ('Comment 33 for post 18', 33);
INSERT INTO write_comments (comment, post_id) VALUES ('Comment 34 for post 18', 34);
INSERT INTO read_comments (comment, post_id) VALUES ('Comment 34 for post 18', 34);
INSERT INTO write_comments (comment, post_id) VALUES ('Comment 35 for post 18', 35);
INSERT INTO read_comments (comment, post_id) VALUES ('Comment 35 for post 18', 35);
INSERT INTO write_comments (comment, post_id) VALUES ('Comment 36 for post 18', 36);
INSERT INTO read_comments (comment, post_id) VALUES ('Comment 36 for post 18', 36);
INSERT INTO write_comments (comment, post_id) VALUES ('Comment 37 for post 18', 37);
INSERT INTO read_comments (comment, post_id) VALUES ('Comment 37 for post 18', 37);
INSERT INTO write_comments (comment, post_id) VALUES ('Comment 38 for post 18', 38);
INSERT INTO read_comments (comment, post_id) VALUES ('Comment 38 for post 18', 38);
INSERT INTO write_comments (comment, post_id) VALUES ('Comment 39 for post 18', 39);
INSERT INTO read_comments (comment, post_id) VALUES ('Comment 39 for post 18', 39);
INSERT INTO write_comments (comment, post_id) VALUES ('Comment 40 for post 18', 40);
INSERT INTO read_comments (comment, post_id) VALUES ('Comment 40 for post 18', 40);
INSERT INTO write_comments (comment, post_id) VALUES ('Comment 41 for post 18', 41);
INSERT INTO read_comments (comment, post_id) VALUES ('Comment 41 for post 18', 41);
INSERT INTO write_comments (comment, post_id) VALUES ('Comment 42 for post 18', 42);
INSERT INTO read_comments (comment, post_id) VALUES ('Comment 42 for post 18', 42);
INSERT INTO write_comments (comment, post_id) VALUES ('Comment 43 for post 18', 43);
INSERT INTO read_comments (comment, post_id) VALUES ('Comment 43 for post 18', 43);
INSERT INTO write_comments (comment, post_id) VALUES ('Comment 44 for post 18', 44);
INSERT INTO read_comments (comment, post_id) VALUES ('Comment 44 for post 18', 44);
INSERT INTO write_comments (comment, post_id) VALUES ('Comment 45 for post 18', 45);
INSERT INTO read_comments (comment, post_id) VALUES ('Comment 45 for post 18', 45);
INSERT INTO write_comments (comment, post_id) VALUES ('Comment 46 for post 18', 46);
INSERT INTO read_comments (comment, post_id) VALUES ('Comment 46 for post 18', 46);
INSERT INTO write_comments (comment, post_id) VALUES ('Comment 47 for post 18', 47);
INSERT INTO read_comments (comment, post_id) VALUES ('Comment 47 for post 18', 47);
INSERT INTO write_comments (comment, post_id) VALUES ('Comment 48 for post 18', 48);
INSERT INTO read_comments (comment, post_id) VALUES ('Comment 48 for post 18', 48);
INSERT INTO write_comments (comment, post_id) VALUES ('Comment 49 for post 18', 49);
INSERT INTO read_comments (comment, post_id) VALUES ('Comment 49 for post 18', 49);
INSERT INTO write_comments (comment, post_id) VALUES ('Comment 50 for post 18', 50);
INSERT INTO read_comments (comment, post_id) VALUES ('Comment 50 for post 18', 50);
INSERT INTO write_comments (comment, post_id) VALUES ('Comment 51 for post 18', 51);
INSERT INTO read_comments (comment, post_id) VALUES ('Comment 51 for post 18', 51);
INSERT INTO write_comments (comment, post_id) VALUES ('Comment 52 for post 18', 52);
INSERT INTO read_comments (comment, post_id) VALUES ('Comment 52 for post 18', 52);
INSERT INTO write_comments (comment, post_id) VALUES ('Comment 53 for post 18', 53);
INSERT INTO read_comments (comment, post_id) VALUES ('Comment 53 for post 18', 53);
INSERT INTO write_comments (comment, post_id) VALUES ('Comment 54 for post 18', 54);
INSERT INTO read_comments (comment, post_id) VALUES ('Comment 54 for post 18', 54);
INSERT INTO write_comments (comment, post_id) VALUES ('Comment 55 for post 18', 55);
INSERT INTO read_comments (comment, post_id) VALUES ('Comment 55 for post 18', 55);
INSERT INTO write_comments (comment, post_id) VALUES ('Comment 56 for post 18', 56);
INSERT INTO read_comments (comment, post_id) VALUES ('Comment 56 for post 18', 56);
INSERT INTO write_comments (comment, post_id) VALUES ('Comment 57 for post 18', 57);
INSERT INTO read_comments (comment, post_id) VALUES ('Comment 57 for post 18', 57);
INSERT INTO write_comments (comment, post_id) VALUES ('Comment 58 for post 18', 58);
INSERT INTO read_comments (comment, post_id) VALUES ('Comment 58 for post 18', 58);
INSERT INTO write_comments (comment, post_id) VALUES ('Comment 59 for post 18', 59);
INSERT INTO read_comments (comment, post_id) VALUES ('Comment 59 for post 18', 59);
INSERT INTO write_comments (comment, post_id) VALUES ('Comment 60 for post 18', 60);
INSERT INTO read_comments (comment, post_id) VALUES ('Comment 60 for post 18', 60);
INSERT INTO write_comments (comment, post_id) VALUES ('Comment 61 for post 18', 61);
INSERT INTO read_comments (comment, post_id) VALUES ('Comment 61 for post 18', 61);
INSERT INTO write_comments (comment, post_id) VALUES ('Comment 62 for post 18', 62);
INSERT INTO read_comments (comment, post_id) VALUES ('Comment 62 for post 18', 62);
INSERT INTO write_comments (comment, post_id) VALUES ('Comment 63 for post 18', 63);
INSERT INTO read_comments (comment, post_id) VALUES ('Comment 63 for post 18', 63);
INSERT INTO write_comments (comment, post_id) VALUES ('Comment 64 for post 18', 64);
INSERT INTO read_comments (comment, post_id) VALUES ('Comment 64 for post 18', 64);
INSERT INTO write_comments (comment, post_id) VALUES ('Comment 65 for post 18', 65);
INSERT INTO read_comments (comment, post_id) VALUES ('Comment 65 for post 18', 65);
INSERT INTO write_comments (comment, post_id) VALUES ('Comment 66 for post 18', 66);
INSERT INTO read_comments (comment, post_id) VALUES ('Comment 66 for post 18', 66);
INSERT INTO write_comments (comment, post_id) VALUES ('Comment 67 for post 18', 67);
INSERT INTO read_comments (comment, post_id) VALUES ('Comment 67 for post 18', 67);
INSERT INTO write_comments (comment, post_id) VALUES ('Comment 68 for post 18', 68);
INSERT INTO read_comments (comment, post_id) VALUES ('Comment 68 for post 18', 68);
INSERT INTO write_comments (comment, post_id) VALUES ('Comment 69 for post 18', 69);
INSERT INTO read_comments (comment, post_id) VALUES ('Comment 69 for post 18', 69);
INSERT INTO write_comments (comment, post_id) VALUES ('Comment 70 for post 18', 70);
INSERT INTO read_comments (comment, post_id) VALUES ('Comment 70 for post 18', 70);
INSERT INTO write_comments (comment, post_id) VALUES ('Comment 71 for post 18', 71);
INSERT INTO read_comments (comment, post_id) VALUES ('Comment 71 for post 18', 71);
INSERT INTO write_comments (comment, post_id) VALUES ('Comment 72 for post 18', 72);
INSERT INTO read_comments (comment, post_id) VALUES ('Comment 72 for post 18', 72);
INSERT INTO write_comments (comment, post_id) VALUES ('Comment 73 for post 18', 73);
INSERT INTO read_comments (comment, post_id) VALUES ('Comment 73 for post 18', 73);
INSERT INTO write_comments (comment, post_id) VALUES ('Comment 74 for post 18', 74);
INSERT INTO read_comments (comment, post_id) VALUES ('Comment 74 for post 18', 74);
INSERT INTO write_comments (comment, post_id) VALUES ('Comment 75 for post 18', 75);
INSERT INTO read_comments (comment, post_id) VALUES ('Comment 75 for post 18', 75);
INSERT INTO write_comments (comment, post_id) VALUES ('Comment 76 for post 18', 76);
INSERT INTO read_comments (comment, post_id) VALUES ('Comment 76 for post 18', 76);
INSERT INTO write_comments (comment, post_id) VALUES ('Comment 77 for post 18', 77);
INSERT INTO read_comments (comment, post_id) VALUES ('Comment 77 for post 18', 77);
INSERT INTO write_comments (comment, post_id) VALUES ('Comment 78 for post 18', 78);
INSERT INTO read_comments (comment, post_id) VALUES ('Comment 78 for post 18', 78);
INSERT INTO write_comments (comment, post_id) VALUES ('Comment 79 for post 18', 79);
INSERT INTO read_comments (comment, post_id) VALUES ('Comment 79 for post 18', 79);
INSERT INTO write_comments (comment, post_id) VALUES ('Comment 80 for post 18', 80);
INSERT INTO read_comments (comment, post_id) VALUES ('Comment 80 for post 18', 80);
INSERT INTO write_comments (comment, post_id) VALUES ('Comment 81 for post 18', 81);
INSERT INTO read_comments (comment, post_id) VALUES ('Comment 81 for post 18', 81);
INSERT INTO write_comments (comment, post_id) VALUES ('Comment 82 for post 18', 82);
INSERT INTO read_comments (comment, post_id) VALUES ('Comment 82 for post 18', 82);
INSERT INTO write_comments (comment, post_id) VALUES ('Comment 83 for post 18', 83);
INSERT INTO read_comments (comment, post_id) VALUES ('Comment 83 for post 18', 83);
INSERT INTO write_comments (comment, post_id) VALUES ('Comment 84 for post 18', 84);
INSERT INTO read_comments (comment, post_id) VALUES ('Comment 84 for post 18', 84);
INSERT INTO write_comments (comment, post_id) VALUES ('Comment 85 for post 18', 85);
INSERT INTO read_comments (comment, post_id) VALUES ('Comment 85 for post 18', 85);
INSERT INTO write_comments (comment, post_id) VALUES ('Comment 86 for post 18', 86);
INSERT INTO read_comments (comment, post_id) VALUES ('Comment 86 for post 18', 86);
INSERT INTO write_comments (comment, post_id) VALUES ('Comment 87 for post 18', 87);
INSERT INTO read_comments (comment, post_id) VALUES ('Comment 87 for post 18', 87);
INSERT INTO write_comments (comment, post_id) VALUES ('Comment 88 for post 18', 88);
INSERT INTO read_comments (comment, post_id) VALUES ('Comment 88 for post 18', 88);
INSERT INTO write_comments (comment, post_id) VALUES ('Comment 89 for post 18', 89);
INSERT INTO read_comments (comment, post_id) VALUES ('Comment 89 for post 18', 89);
INSERT INTO write_comments (comment, post_id) VALUES ('Comment 90 for post 18', 90);
INSERT INTO read_comments (comment, post_id) VALUES ('Comment 90 for post 18', 90);
INSERT INTO write_comments (comment, post_id) VALUES ('Comment 91 for post 18', 91);
INSERT INTO read_comments (comment, post_id) VALUES ('Comment 91 for post 18', 91);
INSERT INTO write_comments (comment, post_id) VALUES ('Comment 92 for post 18', 92);
INSERT INTO read_comments (comment, post_id) VALUES ('Comment 92 for post 18', 92);
INSERT INTO write_comments (comment, post_id) VALUES ('Comment 93 for post 18', 93);
INSERT INTO read_comments (comment, post_id) VALUES ('Comment 93 for post 18', 93);
INSERT INTO write_comments (comment, post_id) VALUES ('Comment 94 for post 18', 94);
INSERT INTO read_comments (comment, post_id) VALUES ('Comment 94 for post 18', 94);
INSERT INTO write_comments (comment, post_id) VALUES ('Comment 95 for post 18', 95);
INSERT INTO read_comments (comment, post_id) VALUES ('Comment 95 for post 18', 95);
INSERT INTO write_comments (comment, post_id) VALUES ('Comment 96 for post 18', 96);
INSERT INTO read_comments (comment, post_id) VALUES ('Comment 96 for post 18', 96);
INSERT INTO write_comments (comment, post_id) VALUES ('Comment 97 for post 18', 97);
INSERT INTO read_comments (comment, post_id) VALUES ('Comment 97 for post 18', 97);
INSERT INTO write_comments (comment, post_id) VALUES ('Comment 98 for post 18', 98);
INSERT INTO read_comments (comment, post_id) VALUES ('Comment 98 for post 18', 98);
INSERT INTO write_comments (comment, post_id) VALUES ('Comment 99 for post 18', 99);
INSERT INTO read_comments (comment, post_id) VALUES ('Comment 99 for post 18', 99);
INSERT INTO write_comments (comment, post_id) VALUES ('Comment 100 for post 18', 100);
INSERT INTO read_comments (comment, post_id) VALUES ('Comment 100 for post 18', 100);
INSERT INTO write_comments (comment, post_id) VALUES ('Comment 1 for post 19', 1);
INSERT INTO read_comments (comment, post_id) VALUES ('Comment 1 for post 19', 1);
INSERT INTO write_comments (comment, post_id) VALUES ('Comment 2 for post 19', 2);
INSERT INTO read_comments (comment, post_id) VALUES ('Comment 2 for post 19', 2);
INSERT INTO write_comments (comment, post_id) VALUES ('Comment 3 for post 19', 3);
INSERT INTO read_comments (comment, post_id) VALUES ('Comment 3 for post 19', 3);
INSERT INTO write_comments (comment, post_id) VALUES ('Comment 4 for post 19', 4);
INSERT INTO read_comments (comment, post_id) VALUES ('Comment 4 for post 19', 4);
INSERT INTO write_comments (comment, post_id) VALUES ('Comment 5 for post 19', 5);
INSERT INTO read_comments (comment, post_id) VALUES ('Comment 5 for post 19', 5);
INSERT INTO write_comments (comment, post_id) VALUES ('Comment 6 for post 19', 6);
INSERT INTO read_comments (comment, post_id) VALUES ('Comment 6 for post 19', 6);
INSERT INTO write_comments (comment, post_id) VALUES ('Comment 7 for post 19', 7);
INSERT INTO read_comments (comment, post_id) VALUES ('Comment 7 for post 19', 7);
INSERT INTO write_comments (comment, post_id) VALUES ('Comment 8 for post 19', 8);
INSERT INTO read_comments (comment, post_id) VALUES ('Comment 8 for post 19', 8);
INSERT INTO write_comments (comment, post_id) VALUES ('Comment 9 for post 19', 9);
INSERT INTO read_comments (comment, post_id) VALUES ('Comment 9 for post 19', 9);
INSERT INTO write_comments (comment, post_id) VALUES ('Comment 10 for post 19', 10);
INSERT INTO read_comments (comment, post_id) VALUES ('Comment 10 for post 19', 10);
INSERT INTO write_comments (comment, post_id) VALUES ('Comment 11 for post 19', 11);
INSERT INTO read_comments (comment, post_id) VALUES ('Comment 11 for post 19', 11);
INSERT INTO write_comments (comment, post_id) VALUES ('Comment 12 for post 19', 12);
INSERT INTO read_comments (comment, post_id) VALUES ('Comment 12 for post 19', 12);
INSERT INTO write_comments (comment, post_id) VALUES ('Comment 13 for post 19', 13);
INSERT INTO read_comments (comment, post_id) VALUES ('Comment 13 for post 19', 13);
INSERT INTO write_comments (comment, post_id) VALUES ('Comment 14 for post 19', 14);
INSERT INTO read_comments (comment, post_id) VALUES ('Comment 14 for post 19', 14);
INSERT INTO write_comments (comment, post_id) VALUES ('Comment 15 for post 19', 15);
INSERT INTO read_comments (comment, post_id) VALUES ('Comment 15 for post 19', 15);
INSERT INTO write_comments (comment, post_id) VALUES ('Comment 16 for post 19', 16);
INSERT INTO read_comments (comment, post_id) VALUES ('Comment 16 for post 19', 16);
INSERT INTO write_comments (comment, post_id) VALUES ('Comment 17 for post 19', 17);
INSERT INTO read_comments (comment, post_id) VALUES ('Comment 17 for post 19', 17);
INSERT INTO write_comments (comment, post_id) VALUES ('Comment 18 for post 19', 18);
INSERT INTO read_comments (comment, post_id) VALUES ('Comment 18 for post 19', 18);
INSERT INTO write_comments (comment, post_id) VALUES ('Comment 19 for post 19', 19);
INSERT INTO read_comments (comment, post_id) VALUES ('Comment 19 for post 19', 19);
INSERT INTO write_comments (comment, post_id) VALUES ('Comment 20 for post 19', 20);
INSERT INTO read_comments (comment, post_id) VALUES ('Comment 20 for post 19', 20);
INSERT INTO write_comments (comment, post_id) VALUES ('Comment 21 for post 19', 21);
INSERT INTO read_comments (comment, post_id) VALUES ('Comment 21 for post 19', 21);
INSERT INTO write_comments (comment, post_id) VALUES ('Comment 22 for post 19', 22);
INSERT INTO read_comments (comment, post_id) VALUES ('Comment 22 for post 19', 22);
INSERT INTO write_comments (comment, post_id) VALUES ('Comment 23 for post 19', 23);
INSERT INTO read_comments (comment, post_id) VALUES ('Comment 23 for post 19', 23);
INSERT INTO write_comments (comment, post_id) VALUES ('Comment 24 for post 19', 24);
INSERT INTO read_comments (comment, post_id) VALUES ('Comment 24 for post 19', 24);
INSERT INTO write_comments (comment, post_id) VALUES ('Comment 25 for post 19', 25);
INSERT INTO read_comments (comment, post_id) VALUES ('Comment 25 for post 19', 25);
INSERT INTO write_comments (comment, post_id) VALUES ('Comment 26 for post 19', 26);
INSERT INTO read_comments (comment, post_id) VALUES ('Comment 26 for post 19', 26);
INSERT INTO write_comments (comment, post_id) VALUES ('Comment 27 for post 19', 27);
INSERT INTO read_comments (comment, post_id) VALUES ('Comment 27 for post 19', 27);
INSERT INTO write_comments (comment, post_id) VALUES ('Comment 28 for post 19', 28);
INSERT INTO read_comments (comment, post_id) VALUES ('Comment 28 for post 19', 28);
INSERT INTO write_comments (comment, post_id) VALUES ('Comment 29 for post 19', 29);
INSERT INTO read_comments (comment, post_id) VALUES ('Comment 29 for post 19', 29);
INSERT INTO write_comments (comment, post_id) VALUES ('Comment 30 for post 19', 30);
INSERT INTO read_comments (comment, post_id) VALUES ('Comment 30 for post 19', 30);
INSERT INTO write_comments (comment, post_id) VALUES ('Comment 31 for post 19', 31);
INSERT INTO read_comments (comment, post_id) VALUES ('Comment 31 for post 19', 31);
INSERT INTO write_comments (comment, post_id) VALUES ('Comment 32 for post 19', 32);
INSERT INTO read_comments (comment, post_id) VALUES ('Comment 32 for post 19', 32);
INSERT INTO write_comments (comment, post_id) VALUES ('Comment 33 for post 19', 33);
INSERT INTO read_comments (comment, post_id) VALUES ('Comment 33 for post 19', 33);
INSERT INTO write_comments (comment, post_id) VALUES ('Comment 34 for post 19', 34);
INSERT INTO read_comments (comment, post_id) VALUES ('Comment 34 for post 19', 34);
INSERT INTO write_comments (comment, post_id) VALUES ('Comment 35 for post 19', 35);
INSERT INTO read_comments (comment, post_id) VALUES ('Comment 35 for post 19', 35);
INSERT INTO write_comments (comment, post_id) VALUES ('Comment 36 for post 19', 36);
INSERT INTO read_comments (comment, post_id) VALUES ('Comment 36 for post 19', 36);
INSERT INTO write_comments (comment, post_id) VALUES ('Comment 37 for post 19', 37);
INSERT INTO read_comments (comment, post_id) VALUES ('Comment 37 for post 19', 37);
INSERT INTO write_comments (comment, post_id) VALUES ('Comment 38 for post 19', 38);
INSERT INTO read_comments (comment, post_id) VALUES ('Comment 38 for post 19', 38);
INSERT INTO write_comments (comment, post_id) VALUES ('Comment 39 for post 19', 39);
INSERT INTO read_comments (comment, post_id) VALUES ('Comment 39 for post 19', 39);
INSERT INTO write_comments (comment, post_id) VALUES ('Comment 40 for post 19', 40);
INSERT INTO read_comments (comment, post_id) VALUES ('Comment 40 for post 19', 40);
INSERT INTO write_comments (comment, post_id) VALUES ('Comment 41 for post 19', 41);
INSERT INTO read_comments (comment, post_id) VALUES ('Comment 41 for post 19', 41);
INSERT INTO write_comments (comment, post_id) VALUES ('Comment 42 for post 19', 42);
INSERT INTO read_comments (comment, post_id) VALUES ('Comment 42 for post 19', 42);
INSERT INTO write_comments (comment, post_id) VALUES ('Comment 43 for post 19', 43);
INSERT INTO read_comments (comment, post_id) VALUES ('Comment 43 for post 19', 43);
INSERT INTO write_comments (comment, post_id) VALUES ('Comment 44 for post 19', 44);
INSERT INTO read_comments (comment, post_id) VALUES ('Comment 44 for post 19', 44);
INSERT INTO write_comments (comment, post_id) VALUES ('Comment 45 for post 19', 45);
INSERT INTO read_comments (comment, post_id) VALUES ('Comment 45 for post 19', 45);
INSERT INTO write_comments (comment, post_id) VALUES ('Comment 46 for post 19', 46);
INSERT INTO read_comments (comment, post_id) VALUES ('Comment 46 for post 19', 46);
INSERT INTO write_comments (comment, post_id) VALUES ('Comment 47 for post 19', 47);
INSERT INTO read_comments (comment, post_id) VALUES ('Comment 47 for post 19', 47);
INSERT INTO write_comments (comment, post_id) VALUES ('Comment 48 for post 19', 48);
INSERT INTO read_comments (comment, post_id) VALUES ('Comment 48 for post 19', 48);
INSERT INTO write_comments (comment, post_id) VALUES ('Comment 49 for post 19', 49);
INSERT INTO read_comments (comment, post_id) VALUES ('Comment 49 for post 19', 49);
INSERT INTO write_comments (comment, post_id) VALUES ('Comment 50 for post 19', 50);
INSERT INTO read_comments (comment, post_id) VALUES ('Comment 50 for post 19', 50);
INSERT INTO write_comments (comment, post_id) VALUES ('Comment 51 for post 19', 51);
INSERT INTO read_comments (comment, post_id) VALUES ('Comment 51 for post 19', 51);
INSERT INTO write_comments (comment, post_id) VALUES ('Comment 52 for post 19', 52);
INSERT INTO read_comments (comment, post_id) VALUES ('Comment 52 for post 19', 52);
INSERT INTO write_comments (comment, post_id) VALUES ('Comment 53 for post 19', 53);
INSERT INTO read_comments (comment, post_id) VALUES ('Comment 53 for post 19', 53);
INSERT INTO write_comments (comment, post_id) VALUES ('Comment 54 for post 19', 54);
INSERT INTO read_comments (comment, post_id) VALUES ('Comment 54 for post 19', 54);
INSERT INTO write_comments (comment, post_id) VALUES ('Comment 55 for post 19', 55);
INSERT INTO read_comments (comment, post_id) VALUES ('Comment 55 for post 19', 55);
INSERT INTO write_comments (comment, post_id) VALUES ('Comment 56 for post 19', 56);
INSERT INTO read_comments (comment, post_id) VALUES ('Comment 56 for post 19', 56);
INSERT INTO write_comments (comment, post_id) VALUES ('Comment 57 for post 19', 57);
INSERT INTO read_comments (comment, post_id) VALUES ('Comment 57 for post 19', 57);
INSERT INTO write_comments (comment, post_id) VALUES ('Comment 58 for post 19', 58);
INSERT INTO read_comments (comment, post_id) VALUES ('Comment 58 for post 19', 58);
INSERT INTO write_comments (comment, post_id) VALUES ('Comment 59 for post 19', 59);
INSERT INTO read_comments (comment, post_id) VALUES ('Comment 59 for post 19', 59);
INSERT INTO write_comments (comment, post_id) VALUES ('Comment 60 for post 19', 60);
INSERT INTO read_comments (comment, post_id) VALUES ('Comment 60 for post 19', 60);
INSERT INTO write_comments (comment, post_id) VALUES ('Comment 61 for post 19', 61);
INSERT INTO read_comments (comment, post_id) VALUES ('Comment 61 for post 19', 61);
INSERT INTO write_comments (comment, post_id) VALUES ('Comment 62 for post 19', 62);
INSERT INTO read_comments (comment, post_id) VALUES ('Comment 62 for post 19', 62);
INSERT INTO write_comments (comment, post_id) VALUES ('Comment 63 for post 19', 63);
INSERT INTO read_comments (comment, post_id) VALUES ('Comment 63 for post 19', 63);
INSERT INTO write_comments (comment, post_id) VALUES ('Comment 64 for post 19', 64);
INSERT INTO read_comments (comment, post_id) VALUES ('Comment 64 for post 19', 64);
INSERT INTO write_comments (comment, post_id) VALUES ('Comment 65 for post 19', 65);
INSERT INTO read_comments (comment, post_id) VALUES ('Comment 65 for post 19', 65);
INSERT INTO write_comments (comment, post_id) VALUES ('Comment 66 for post 19', 66);
INSERT INTO read_comments (comment, post_id) VALUES ('Comment 66 for post 19', 66);
INSERT INTO write_comments (comment, post_id) VALUES ('Comment 67 for post 19', 67);
INSERT INTO read_comments (comment, post_id) VALUES ('Comment 67 for post 19', 67);
INSERT INTO write_comments (comment, post_id) VALUES ('Comment 68 for post 19', 68);
INSERT INTO read_comments (comment, post_id) VALUES ('Comment 68 for post 19', 68);
INSERT INTO write_comments (comment, post_id) VALUES ('Comment 69 for post 19', 69);
INSERT INTO read_comments (comment, post_id) VALUES ('Comment 69 for post 19', 69);
INSERT INTO write_comments (comment, post_id) VALUES ('Comment 70 for post 19', 70);
INSERT INTO read_comments (comment, post_id) VALUES ('Comment 70 for post 19', 70);
INSERT INTO write_comments (comment, post_id) VALUES ('Comment 71 for post 19', 71);
INSERT INTO read_comments (comment, post_id) VALUES ('Comment 71 for post 19', 71);
INSERT INTO write_comments (comment, post_id) VALUES ('Comment 72 for post 19', 72);
INSERT INTO read_comments (comment, post_id) VALUES ('Comment 72 for post 19', 72);
INSERT INTO write_comments (comment, post_id) VALUES ('Comment 73 for post 19', 73);
INSERT INTO read_comments (comment, post_id) VALUES ('Comment 73 for post 19', 73);
INSERT INTO write_comments (comment, post_id) VALUES ('Comment 74 for post 19', 74);
INSERT INTO read_comments (comment, post_id) VALUES ('Comment 74 for post 19', 74);
INSERT INTO write_comments (comment, post_id) VALUES ('Comment 75 for post 19', 75);
INSERT INTO read_comments (comment, post_id) VALUES ('Comment 75 for post 19', 75);
INSERT INTO write_comments (comment, post_id) VALUES ('Comment 76 for post 19', 76);
INSERT INTO read_comments (comment, post_id) VALUES ('Comment 76 for post 19', 76);
INSERT INTO write_comments (comment, post_id) VALUES ('Comment 77 for post 19', 77);
INSERT INTO read_comments (comment, post_id) VALUES ('Comment 77 for post 19', 77);
INSERT INTO write_comments (comment, post_id) VALUES ('Comment 78 for post 19', 78);
INSERT INTO read_comments (comment, post_id) VALUES ('Comment 78 for post 19', 78);
INSERT INTO write_comments (comment, post_id) VALUES ('Comment 79 for post 19', 79);
INSERT INTO read_comments (comment, post_id) VALUES ('Comment 79 for post 19', 79);
INSERT INTO write_comments (comment, post_id) VALUES ('Comment 80 for post 19', 80);
INSERT INTO read_comments (comment, post_id) VALUES ('Comment 80 for post 19', 80);
INSERT INTO write_comments (comment, post_id) VALUES ('Comment 81 for post 19', 81);
INSERT INTO read_comments (comment, post_id) VALUES ('Comment 81 for post 19', 81);
INSERT INTO write_comments (comment, post_id) VALUES ('Comment 82 for post 19', 82);
INSERT INTO read_comments (comment, post_id) VALUES ('Comment 82 for post 19', 82);
INSERT INTO write_comments (comment, post_id) VALUES ('Comment 83 for post 19', 83);
INSERT INTO read_comments (comment, post_id) VALUES ('Comment 83 for post 19', 83);
INSERT INTO write_comments (comment, post_id) VALUES ('Comment 84 for post 19', 84);
INSERT INTO read_comments (comment, post_id) VALUES ('Comment 84 for post 19', 84);
INSERT INTO write_comments (comment, post_id) VALUES ('Comment 85 for post 19', 85);
INSERT INTO read_comments (comment, post_id) VALUES ('Comment 85 for post 19', 85);
INSERT INTO write_comments (comment, post_id) VALUES ('Comment 86 for post 19', 86);
INSERT INTO read_comments (comment, post_id) VALUES ('Comment 86 for post 19', 86);
INSERT INTO write_comments (comment, post_id) VALUES ('Comment 87 for post 19', 87);
INSERT INTO read_comments (comment, post_id) VALUES ('Comment 87 for post 19', 87);
INSERT INTO write_comments (comment, post_id) VALUES ('Comment 88 for post 19', 88);
INSERT INTO read_comments (comment, post_id) VALUES ('Comment 88 for post 19', 88);
INSERT INTO write_comments (comment, post_id) VALUES ('Comment 89 for post 19', 89);
INSERT INTO read_comments (comment, post_id) VALUES ('Comment 89 for post 19', 89);
INSERT INTO write_comments (comment, post_id) VALUES ('Comment 90 for post 19', 90);
INSERT INTO read_comments (comment, post_id) VALUES ('Comment 90 for post 19', 90);
INSERT INTO write_comments (comment, post_id) VALUES ('Comment 91 for post 19', 91);
INSERT INTO read_comments (comment, post_id) VALUES ('Comment 91 for post 19', 91);
INSERT INTO write_comments (comment, post_id) VALUES ('Comment 92 for post 19', 92);
INSERT INTO read_comments (comment, post_id) VALUES ('Comment 92 for post 19', 92);
INSERT INTO write_comments (comment, post_id) VALUES ('Comment 93 for post 19', 93);
INSERT INTO read_comments (comment, post_id) VALUES ('Comment 93 for post 19', 93);
INSERT INTO write_comments (comment, post_id) VALUES ('Comment 94 for post 19', 94);
INSERT INTO read_comments (comment, post_id) VALUES ('Comment 94 for post 19', 94);
INSERT INTO write_comments (comment, post_id) VALUES ('Comment 95 for post 19', 95);
INSERT INTO read_comments (comment, post_id) VALUES ('Comment 95 for post 19', 95);
INSERT INTO write_comments (comment, post_id) VALUES ('Comment 96 for post 19', 96);
INSERT INTO read_comments (comment, post_id) VALUES ('Comment 96 for post 19', 96);
INSERT INTO write_comments (comment, post_id) VALUES ('Comment 97 for post 19', 97);
INSERT INTO read_comments (comment, post_id) VALUES ('Comment 97 for post 19', 97);
INSERT INTO write_comments (comment, post_id) VALUES ('Comment 98 for post 19', 98);
INSERT INTO read_comments (comment, post_id) VALUES ('Comment 98 for post 19', 98);
INSERT INTO write_comments (comment, post_id) VALUES ('Comment 99 for post 19', 99);
INSERT INTO read_comments (comment, post_id) VALUES ('Comment 99 for post 19', 99);
INSERT INTO write_comments (comment, post_id) VALUES ('Comment 100 for post 19', 100);
INSERT INTO read_comments (comment, post_id) VALUES ('Comment 100 for post 19', 100);
INSERT INTO write_comments (comment, post_id) VALUES ('Comment 1 for post 20', 1);
INSERT INTO read_comments (comment, post_id) VALUES ('Comment 1 for post 20', 1);
INSERT INTO write_comments (comment, post_id) VALUES ('Comment 2 for post 20', 2);
INSERT INTO read_comments (comment, post_id) VALUES ('Comment 2 for post 20', 2);
INSERT INTO write_comments (comment, post_id) VALUES ('Comment 3 for post 20', 3);
INSERT INTO read_comments (comment, post_id) VALUES ('Comment 3 for post 20', 3);
INSERT INTO write_comments (comment, post_id) VALUES ('Comment 4 for post 20', 4);
INSERT INTO read_comments (comment, post_id) VALUES ('Comment 4 for post 20', 4);
INSERT INTO write_comments (comment, post_id) VALUES ('Comment 5 for post 20', 5);
INSERT INTO read_comments (comment, post_id) VALUES ('Comment 5 for post 20', 5);
INSERT INTO write_comments (comment, post_id) VALUES ('Comment 6 for post 20', 6);
INSERT INTO read_comments (comment, post_id) VALUES ('Comment 6 for post 20', 6);
INSERT INTO write_comments (comment, post_id) VALUES ('Comment 7 for post 20', 7);
INSERT INTO read_comments (comment, post_id) VALUES ('Comment 7 for post 20', 7);
INSERT INTO write_comments (comment, post_id) VALUES ('Comment 8 for post 20', 8);
INSERT INTO read_comments (comment, post_id) VALUES ('Comment 8 for post 20', 8);
INSERT INTO write_comments (comment, post_id) VALUES ('Comment 9 for post 20', 9);
INSERT INTO read_comments (comment, post_id) VALUES ('Comment 9 for post 20', 9);
INSERT INTO write_comments (comment, post_id) VALUES ('Comment 10 for post 20', 10);
INSERT INTO read_comments (comment, post_id) VALUES ('Comment 10 for post 20', 10);
INSERT INTO write_comments (comment, post_id) VALUES ('Comment 11 for post 20', 11);
INSERT INTO read_comments (comment, post_id) VALUES ('Comment 11 for post 20', 11);
INSERT INTO write_comments (comment, post_id) VALUES ('Comment 12 for post 20', 12);
INSERT INTO read_comments (comment, post_id) VALUES ('Comment 12 for post 20', 12);
INSERT INTO write_comments (comment, post_id) VALUES ('Comment 13 for post 20', 13);
INSERT INTO read_comments (comment, post_id) VALUES ('Comment 13 for post 20', 13);
INSERT INTO write_comments (comment, post_id) VALUES ('Comment 14 for post 20', 14);
INSERT INTO read_comments (comment, post_id) VALUES ('Comment 14 for post 20', 14);
INSERT INTO write_comments (comment, post_id) VALUES ('Comment 15 for post 20', 15);
INSERT INTO read_comments (comment, post_id) VALUES ('Comment 15 for post 20', 15);
INSERT INTO write_comments (comment, post_id) VALUES ('Comment 16 for post 20', 16);
INSERT INTO read_comments (comment, post_id) VALUES ('Comment 16 for post 20', 16);
INSERT INTO write_comments (comment, post_id) VALUES ('Comment 17 for post 20', 17);
INSERT INTO read_comments (comment, post_id) VALUES ('Comment 17 for post 20', 17);
INSERT INTO write_comments (comment, post_id) VALUES ('Comment 18 for post 20', 18);
INSERT INTO read_comments (comment, post_id) VALUES ('Comment 18 for post 20', 18);
INSERT INTO write_comments (comment, post_id) VALUES ('Comment 19 for post 20', 19);
INSERT INTO read_comments (comment, post_id) VALUES ('Comment 19 for post 20', 19);
INSERT INTO write_comments (comment, post_id) VALUES ('Comment 20 for post 20', 20);
INSERT INTO read_comments (comment, post_id) VALUES ('Comment 20 for post 20', 20);
INSERT INTO write_comments (comment, post_id) VALUES ('Comment 21 for post 20', 21);
INSERT INTO read_comments (comment, post_id) VALUES ('Comment 21 for post 20', 21);
INSERT INTO write_comments (comment, post_id) VALUES ('Comment 22 for post 20', 22);
INSERT INTO read_comments (comment, post_id) VALUES ('Comment 22 for post 20', 22);
INSERT INTO write_comments (comment, post_id) VALUES ('Comment 23 for post 20', 23);
INSERT INTO read_comments (comment, post_id) VALUES ('Comment 23 for post 20', 23);
INSERT INTO write_comments (comment, post_id) VALUES ('Comment 24 for post 20', 24);
INSERT INTO read_comments (comment, post_id) VALUES ('Comment 24 for post 20', 24);
INSERT INTO write_comments (comment, post_id) VALUES ('Comment 25 for post 20', 25);
INSERT INTO read_comments (comment, post_id) VALUES ('Comment 25 for post 20', 25);
INSERT INTO write_comments (comment, post_id) VALUES ('Comment 26 for post 20', 26);
INSERT INTO read_comments (comment, post_id) VALUES ('Comment 26 for post 20', 26);
INSERT INTO write_comments (comment, post_id) VALUES ('Comment 27 for post 20', 27);
INSERT INTO read_comments (comment, post_id) VALUES ('Comment 27 for post 20', 27);
INSERT INTO write_comments (comment, post_id) VALUES ('Comment 28 for post 20', 28);
INSERT INTO read_comments (comment, post_id) VALUES ('Comment 28 for post 20', 28);
INSERT INTO write_comments (comment, post_id) VALUES ('Comment 29 for post 20', 29);
INSERT INTO read_comments (comment, post_id) VALUES ('Comment 29 for post 20', 29);
INSERT INTO write_comments (comment, post_id) VALUES ('Comment 30 for post 20', 30);
INSERT INTO read_comments (comment, post_id) VALUES ('Comment 30 for post 20', 30);
INSERT INTO write_comments (comment, post_id) VALUES ('Comment 31 for post 20', 31);
INSERT INTO read_comments (comment, post_id) VALUES ('Comment 31 for post 20', 31);
INSERT INTO write_comments (comment, post_id) VALUES ('Comment 32 for post 20', 32);
INSERT INTO read_comments (comment, post_id) VALUES ('Comment 32 for post 20', 32);
INSERT INTO write_comments (comment, post_id) VALUES ('Comment 33 for post 20', 33);
INSERT INTO read_comments (comment, post_id) VALUES ('Comment 33 for post 20', 33);
INSERT INTO write_comments (comment, post_id) VALUES ('Comment 34 for post 20', 34);
INSERT INTO read_comments (comment, post_id) VALUES ('Comment 34 for post 20', 34);
INSERT INTO write_comments (comment, post_id) VALUES ('Comment 35 for post 20', 35);
INSERT INTO read_comments (comment, post_id) VALUES ('Comment 35 for post 20', 35);
INSERT INTO write_comments (comment, post_id) VALUES ('Comment 36 for post 20', 36);
INSERT INTO read_comments (comment, post_id) VALUES ('Comment 36 for post 20', 36);
INSERT INTO write_comments (comment, post_id) VALUES ('Comment 37 for post 20', 37);
INSERT INTO read_comments (comment, post_id) VALUES ('Comment 37 for post 20', 37);
INSERT INTO write_comments (comment, post_id) VALUES ('Comment 38 for post 20', 38);
INSERT INTO read_comments (comment, post_id) VALUES ('Comment 38 for post 20', 38);
INSERT INTO write_comments (comment, post_id) VALUES ('Comment 39 for post 20', 39);
INSERT INTO read_comments (comment, post_id) VALUES ('Comment 39 for post 20', 39);
INSERT INTO write_comments (comment, post_id) VALUES ('Comment 40 for post 20', 40);
INSERT INTO read_comments (comment, post_id) VALUES ('Comment 40 for post 20', 40);
INSERT INTO write_comments (comment, post_id) VALUES ('Comment 41 for post 20', 41);
INSERT INTO read_comments (comment, post_id) VALUES ('Comment 41 for post 20', 41);
INSERT INTO write_comments (comment, post_id) VALUES ('Comment 42 for post 20', 42);
INSERT INTO read_comments (comment, post_id) VALUES ('Comment 42 for post 20', 42);
INSERT INTO write_comments (comment, post_id) VALUES ('Comment 43 for post 20', 43);
INSERT INTO read_comments (comment, post_id) VALUES ('Comment 43 for post 20', 43);
INSERT INTO write_comments (comment, post_id) VALUES ('Comment 44 for post 20', 44);
INSERT INTO read_comments (comment, post_id) VALUES ('Comment 44 for post 20', 44);
INSERT INTO write_comments (comment, post_id) VALUES ('Comment 45 for post 20', 45);
INSERT INTO read_comments (comment, post_id) VALUES ('Comment 45 for post 20', 45);
INSERT INTO write_comments (comment, post_id) VALUES ('Comment 46 for post 20', 46);
INSERT INTO read_comments (comment, post_id) VALUES ('Comment 46 for post 20', 46);
INSERT INTO write_comments (comment, post_id) VALUES ('Comment 47 for post 20', 47);
INSERT INTO read_comments (comment, post_id) VALUES ('Comment 47 for post 20', 47);
INSERT INTO write_comments (comment, post_id) VALUES ('Comment 48 for post 20', 48);
INSERT INTO read_comments (comment, post_id) VALUES ('Comment 48 for post 20', 48);
INSERT INTO write_comments (comment, post_id) VALUES ('Comment 49 for post 20', 49);
INSERT INTO read_comments (comment, post_id) VALUES ('Comment 49 for post 20', 49);
INSERT INTO write_comments (comment, post_id) VALUES ('Comment 50 for post 20', 50);
INSERT INTO read_comments (comment, post_id) VALUES ('Comment 50 for post 20', 50);
INSERT INTO write_comments (comment, post_id) VALUES ('Comment 51 for post 20', 51);
INSERT INTO read_comments (comment, post_id) VALUES ('Comment 51 for post 20', 51);
INSERT INTO write_comments (comment, post_id) VALUES ('Comment 52 for post 20', 52);
INSERT INTO read_comments (comment, post_id) VALUES ('Comment 52 for post 20', 52);
INSERT INTO write_comments (comment, post_id) VALUES ('Comment 53 for post 20', 53);
INSERT INTO read_comments (comment, post_id) VALUES ('Comment 53 for post 20', 53);
INSERT INTO write_comments (comment, post_id) VALUES ('Comment 54 for post 20', 54);
INSERT INTO read_comments (comment, post_id) VALUES ('Comment 54 for post 20', 54);
INSERT INTO write_comments (comment, post_id) VALUES ('Comment 55 for post 20', 55);
INSERT INTO read_comments (comment, post_id) VALUES ('Comment 55 for post 20', 55);
INSERT INTO write_comments (comment, post_id) VALUES ('Comment 56 for post 20', 56);
INSERT INTO read_comments (comment, post_id) VALUES ('Comment 56 for post 20', 56);
INSERT INTO write_comments (comment, post_id) VALUES ('Comment 57 for post 20', 57);
INSERT INTO read_comments (comment, post_id) VALUES ('Comment 57 for post 20', 57);
INSERT INTO write_comments (comment, post_id) VALUES ('Comment 58 for post 20', 58);
INSERT INTO read_comments (comment, post_id) VALUES ('Comment 58 for post 20', 58);
INSERT INTO write_comments (comment, post_id) VALUES ('Comment 59 for post 20', 59);
INSERT INTO read_comments (comment, post_id) VALUES ('Comment 59 for post 20', 59);
INSERT INTO write_comments (comment, post_id) VALUES ('Comment 60 for post 20', 60);
INSERT INTO read_comments (comment, post_id) VALUES ('Comment 60 for post 20', 60);
INSERT INTO write_comments (comment, post_id) VALUES ('Comment 61 for post 20', 61);
INSERT INTO read_comments (comment, post_id) VALUES ('Comment 61 for post 20', 61);
INSERT INTO write_comments (comment, post_id) VALUES ('Comment 62 for post 20', 62);
INSERT INTO read_comments (comment, post_id) VALUES ('Comment 62 for post 20', 62);
INSERT INTO write_comments (comment, post_id) VALUES ('Comment 63 for post 20', 63);
INSERT INTO read_comments (comment, post_id) VALUES ('Comment 63 for post 20', 63);
INSERT INTO write_comments (comment, post_id) VALUES ('Comment 64 for post 20', 64);
INSERT INTO read_comments (comment, post_id) VALUES ('Comment 64 for post 20', 64);
INSERT INTO write_comments (comment, post_id) VALUES ('Comment 65 for post 20', 65);
INSERT INTO read_comments (comment, post_id) VALUES ('Comment 65 for post 20', 65);
INSERT INTO write_comments (comment, post_id) VALUES ('Comment 66 for post 20', 66);
INSERT INTO read_comments (comment, post_id) VALUES ('Comment 66 for post 20', 66);
INSERT INTO write_comments (comment, post_id) VALUES ('Comment 67 for post 20', 67);
INSERT INTO read_comments (comment, post_id) VALUES ('Comment 67 for post 20', 67);
INSERT INTO write_comments (comment, post_id) VALUES ('Comment 68 for post 20', 68);
INSERT INTO read_comments (comment, post_id) VALUES ('Comment 68 for post 20', 68);
INSERT INTO write_comments (comment, post_id) VALUES ('Comment 69 for post 20', 69);
INSERT INTO read_comments (comment, post_id) VALUES ('Comment 69 for post 20', 69);
INSERT INTO write_comments (comment, post_id) VALUES ('Comment 70 for post 20', 70);
INSERT INTO read_comments (comment, post_id) VALUES ('Comment 70 for post 20', 70);
INSERT INTO write_comments (comment, post_id) VALUES ('Comment 71 for post 20', 71);
INSERT INTO read_comments (comment, post_id) VALUES ('Comment 71 for post 20', 71);
INSERT INTO write_comments (comment, post_id) VALUES ('Comment 72 for post 20', 72);
INSERT INTO read_comments (comment, post_id) VALUES ('Comment 72 for post 20', 72);
INSERT INTO write_comments (comment, post_id) VALUES ('Comment 73 for post 20', 73);
INSERT INTO read_comments (comment, post_id) VALUES ('Comment 73 for post 20', 73);
INSERT INTO write_comments (comment, post_id) VALUES ('Comment 74 for post 20', 74);
INSERT INTO read_comments (comment, post_id) VALUES ('Comment 74 for post 20', 74);
INSERT INTO write_comments (comment, post_id) VALUES ('Comment 75 for post 20', 75);
INSERT INTO read_comments (comment, post_id) VALUES ('Comment 75 for post 20', 75);
INSERT INTO write_comments (comment, post_id) VALUES ('Comment 76 for post 20', 76);
INSERT INTO read_comments (comment, post_id) VALUES ('Comment 76 for post 20', 76);
INSERT INTO write_comments (comment, post_id) VALUES ('Comment 77 for post 20', 77);
INSERT INTO read_comments (comment, post_id) VALUES ('Comment 77 for post 20', 77);
INSERT INTO write_comments (comment, post_id) VALUES ('Comment 78 for post 20', 78);
INSERT INTO read_comments (comment, post_id) VALUES ('Comment 78 for post 20', 78);
INSERT INTO write_comments (comment, post_id) VALUES ('Comment 79 for post 20', 79);
INSERT INTO read_comments (comment, post_id) VALUES ('Comment 79 for post 20', 79);
INSERT INTO write_comments (comment, post_id) VALUES ('Comment 80 for post 20', 80);
INSERT INTO read_comments (comment, post_id) VALUES ('Comment 80 for post 20', 80);
INSERT INTO write_comments (comment, post_id) VALUES ('Comment 81 for post 20', 81);
INSERT INTO read_comments (comment, post_id) VALUES ('Comment 81 for post 20', 81);
INSERT INTO write_comments (comment, post_id) VALUES ('Comment 82 for post 20', 82);
INSERT INTO read_comments (comment, post_id) VALUES ('Comment 82 for post 20', 82);
INSERT INTO write_comments (comment, post_id) VALUES ('Comment 83 for post 20', 83);
INSERT INTO read_comments (comment, post_id) VALUES ('Comment 83 for post 20', 83);
INSERT INTO write_comments (comment, post_id) VALUES ('Comment 84 for post 20', 84);
INSERT INTO read_comments (comment, post_id) VALUES ('Comment 84 for post 20', 84);
INSERT INTO write_comments (comment, post_id) VALUES ('Comment 85 for post 20', 85);
INSERT INTO read_comments (comment, post_id) VALUES ('Comment 85 for post 20', 85);
INSERT INTO write_comments (comment, post_id) VALUES ('Comment 86 for post 20', 86);
INSERT INTO read_comments (comment, post_id) VALUES ('Comment 86 for post 20', 86);
INSERT INTO write_comments (comment, post_id) VALUES ('Comment 87 for post 20', 87);
INSERT INTO read_comments (comment, post_id) VALUES ('Comment 87 for post 20', 87);
INSERT INTO write_comments (comment, post_id) VALUES ('Comment 88 for post 20', 88);
INSERT INTO read_comments (comment, post_id) VALUES ('Comment 88 for post 20', 88);
INSERT INTO write_comments (comment, post_id) VALUES ('Comment 89 for post 20', 89);
INSERT INTO read_comments (comment, post_id) VALUES ('Comment 89 for post 20', 89);
INSERT INTO write_comments (comment, post_id) VALUES ('Comment 90 for post 20', 90);
INSERT INTO read_comments (comment, post_id) VALUES ('Comment 90 for post 20', 90);
INSERT INTO write_comments (comment, post_id) VALUES ('Comment 91 for post 20', 91);
INSERT INTO read_comments (comment, post_id) VALUES ('Comment 91 for post 20', 91);
INSERT INTO write_comments (comment, post_id) VALUES ('Comment 92 for post 20', 92);
INSERT INTO read_comments (comment, post_id) VALUES ('Comment 92 for post 20', 92);
INSERT INTO write_comments (comment, post_id) VALUES ('Comment 93 for post 20', 93);
INSERT INTO read_comments (comment, post_id) VALUES ('Comment 93 for post 20', 93);
INSERT INTO write_comments (comment, post_id) VALUES ('Comment 94 for post 20', 94);
INSERT INTO read_comments (comment, post_id) VALUES ('Comment 94 for post 20', 94);
INSERT INTO write_comments (comment, post_id) VALUES ('Comment 95 for post 20', 95);
INSERT INTO read_comments (comment, post_id) VALUES ('Comment 95 for post 20', 95);
INSERT INTO write_comments (comment, post_id) VALUES ('Comment 96 for post 20', 96);
INSERT INTO read_comments (comment, post_id) VALUES ('Comment 96 for post 20', 96);
INSERT INTO write_comments (comment, post_id) VALUES ('Comment 97 for post 20', 97);
INSERT INTO read_comments (comment, post_id) VALUES ('Comment 97 for post 20', 97);
INSERT INTO write_comments (comment, post_id) VALUES ('Comment 98 for post 20', 98);
INSERT INTO read_comments (comment, post_id) VALUES ('Comment 98 for post 20', 98);
INSERT INTO write_comments (comment, post_id) VALUES ('Comment 99 for post 20', 99);
INSERT INTO read_comments (comment, post_id) VALUES ('Comment 99 for post 20', 99);
INSERT INTO write_comments (comment, post_id) VALUES ('Comment 100 for post 20', 100);
INSERT INTO read_comments (comment, post_id) VALUES ('Comment 100 for post 20', 100);
INSERT INTO write_comments (comment, post_id) VALUES ('Comment 1 for post 21', 1);
INSERT INTO read_comments (comment, post_id) VALUES ('Comment 1 for post 21', 1);
INSERT INTO write_comments (comment, post_id) VALUES ('Comment 2 for post 21', 2);
INSERT INTO read_comments (comment, post_id) VALUES ('Comment 2 for post 21', 2);
INSERT INTO write_comments (comment, post_id) VALUES ('Comment 3 for post 21', 3);
INSERT INTO read_comments (comment, post_id) VALUES ('Comment 3 for post 21', 3);
INSERT INTO write_comments (comment, post_id) VALUES ('Comment 4 for post 21', 4);
INSERT INTO read_comments (comment, post_id) VALUES ('Comment 4 for post 21', 4);
INSERT INTO write_comments (comment, post_id) VALUES ('Comment 5 for post 21', 5);
INSERT INTO read_comments (comment, post_id) VALUES ('Comment 5 for post 21', 5);
INSERT INTO write_comments (comment, post_id) VALUES ('Comment 6 for post 21', 6);
INSERT INTO read_comments (comment, post_id) VALUES ('Comment 6 for post 21', 6);
INSERT INTO write_comments (comment, post_id) VALUES ('Comment 7 for post 21', 7);
INSERT INTO read_comments (comment, post_id) VALUES ('Comment 7 for post 21', 7);
INSERT INTO write_comments (comment, post_id) VALUES ('Comment 8 for post 21', 8);
INSERT INTO read_comments (comment, post_id) VALUES ('Comment 8 for post 21', 8);
INSERT INTO write_comments (comment, post_id) VALUES ('Comment 9 for post 21', 9);
INSERT INTO read_comments (comment, post_id) VALUES ('Comment 9 for post 21', 9);
INSERT INTO write_comments (comment, post_id) VALUES ('Comment 10 for post 21', 10);
INSERT INTO read_comments (comment, post_id) VALUES ('Comment 10 for post 21', 10);
INSERT INTO write_comments (comment, post_id) VALUES ('Comment 11 for post 21', 11);
INSERT INTO read_comments (comment, post_id) VALUES ('Comment 11 for post 21', 11);
INSERT INTO write_comments (comment, post_id) VALUES ('Comment 12 for post 21', 12);
INSERT INTO read_comments (comment, post_id) VALUES ('Comment 12 for post 21', 12);
INSERT INTO write_comments (comment, post_id) VALUES ('Comment 13 for post 21', 13);
INSERT INTO read_comments (comment, post_id) VALUES ('Comment 13 for post 21', 13);
INSERT INTO write_comments (comment, post_id) VALUES ('Comment 14 for post 21', 14);
INSERT INTO read_comments (comment, post_id) VALUES ('Comment 14 for post 21', 14);
INSERT INTO write_comments (comment, post_id) VALUES ('Comment 15 for post 21', 15);
INSERT INTO read_comments (comment, post_id) VALUES ('Comment 15 for post 21', 15);
INSERT INTO write_comments (comment, post_id) VALUES ('Comment 16 for post 21', 16);
INSERT INTO read_comments (comment, post_id) VALUES ('Comment 16 for post 21', 16);
INSERT INTO write_comments (comment, post_id) VALUES ('Comment 17 for post 21', 17);
INSERT INTO read_comments (comment, post_id) VALUES ('Comment 17 for post 21', 17);
INSERT INTO write_comments (comment, post_id) VALUES ('Comment 18 for post 21', 18);
INSERT INTO read_comments (comment, post_id) VALUES ('Comment 18 for post 21', 18);
INSERT INTO write_comments (comment, post_id) VALUES ('Comment 19 for post 21', 19);
INSERT INTO read_comments (comment, post_id) VALUES ('Comment 19 for post 21', 19);
INSERT INTO write_comments (comment, post_id) VALUES ('Comment 20 for post 21', 20);
INSERT INTO read_comments (comment, post_id) VALUES ('Comment 20 for post 21', 20);
INSERT INTO write_comments (comment, post_id) VALUES ('Comment 21 for post 21', 21);
INSERT INTO read_comments (comment, post_id) VALUES ('Comment 21 for post 21', 21);
INSERT INTO write_comments (comment, post_id) VALUES ('Comment 22 for post 21', 22);
INSERT INTO read_comments (comment, post_id) VALUES ('Comment 22 for post 21', 22);
INSERT INTO write_comments (comment, post_id) VALUES ('Comment 23 for post 21', 23);
INSERT INTO read_comments (comment, post_id) VALUES ('Comment 23 for post 21', 23);
INSERT INTO write_comments (comment, post_id) VALUES ('Comment 24 for post 21', 24);
INSERT INTO read_comments (comment, post_id) VALUES ('Comment 24 for post 21', 24);
INSERT INTO write_comments (comment, post_id) VALUES ('Comment 25 for post 21', 25);
INSERT INTO read_comments (comment, post_id) VALUES ('Comment 25 for post 21', 25);
INSERT INTO write_comments (comment, post_id) VALUES ('Comment 26 for post 21', 26);
INSERT INTO read_comments (comment, post_id) VALUES ('Comment 26 for post 21', 26);
INSERT INTO write_comments (comment, post_id) VALUES ('Comment 27 for post 21', 27);
INSERT INTO read_comments (comment, post_id) VALUES ('Comment 27 for post 21', 27);
INSERT INTO write_comments (comment, post_id) VALUES ('Comment 28 for post 21', 28);
INSERT INTO read_comments (comment, post_id) VALUES ('Comment 28 for post 21', 28);
INSERT INTO write_comments (comment, post_id) VALUES ('Comment 29 for post 21', 29);
INSERT INTO read_comments (comment, post_id) VALUES ('Comment 29 for post 21', 29);
INSERT INTO write_comments (comment, post_id) VALUES ('Comment 30 for post 21', 30);
INSERT INTO read_comments (comment, post_id) VALUES ('Comment 30 for post 21', 30);
INSERT INTO write_comments (comment, post_id) VALUES ('Comment 31 for post 21', 31);
INSERT INTO read_comments (comment, post_id) VALUES ('Comment 31 for post 21', 31);
INSERT INTO write_comments (comment, post_id) VALUES ('Comment 32 for post 21', 32);
INSERT INTO read_comments (comment, post_id) VALUES ('Comment 32 for post 21', 32);
INSERT INTO write_comments (comment, post_id) VALUES ('Comment 33 for post 21', 33);
INSERT INTO read_comments (comment, post_id) VALUES ('Comment 33 for post 21', 33);
INSERT INTO write_comments (comment, post_id) VALUES ('Comment 34 for post 21', 34);
INSERT INTO read_comments (comment, post_id) VALUES ('Comment 34 for post 21', 34);
INSERT INTO write_comments (comment, post_id) VALUES ('Comment 35 for post 21', 35);
INSERT INTO read_comments (comment, post_id) VALUES ('Comment 35 for post 21', 35);
INSERT INTO write_comments (comment, post_id) VALUES ('Comment 36 for post 21', 36);
INSERT INTO read_comments (comment, post_id) VALUES ('Comment 36 for post 21', 36);
INSERT INTO write_comments (comment, post_id) VALUES ('Comment 37 for post 21', 37);
INSERT INTO read_comments (comment, post_id) VALUES ('Comment 37 for post 21', 37);
INSERT INTO write_comments (comment, post_id) VALUES ('Comment 38 for post 21', 38);
INSERT INTO read_comments (comment, post_id) VALUES ('Comment 38 for post 21', 38);
INSERT INTO write_comments (comment, post_id) VALUES ('Comment 39 for post 21', 39);
INSERT INTO read_comments (comment, post_id) VALUES ('Comment 39 for post 21', 39);
INSERT INTO write_comments (comment, post_id) VALUES ('Comment 40 for post 21', 40);
INSERT INTO read_comments (comment, post_id) VALUES ('Comment 40 for post 21', 40);
INSERT INTO write_comments (comment, post_id) VALUES ('Comment 41 for post 21', 41);
INSERT INTO read_comments (comment, post_id) VALUES ('Comment 41 for post 21', 41);
INSERT INTO write_comments (comment, post_id) VALUES ('Comment 42 for post 21', 42);
INSERT INTO read_comments (comment, post_id) VALUES ('Comment 42 for post 21', 42);
INSERT INTO write_comments (comment, post_id) VALUES ('Comment 43 for post 21', 43);
INSERT INTO read_comments (comment, post_id) VALUES ('Comment 43 for post 21', 43);
INSERT INTO write_comments (comment, post_id) VALUES ('Comment 44 for post 21', 44);
INSERT INTO read_comments (comment, post_id) VALUES ('Comment 44 for post 21', 44);
INSERT INTO write_comments (comment, post_id) VALUES ('Comment 45 for post 21', 45);
INSERT INTO read_comments (comment, post_id) VALUES ('Comment 45 for post 21', 45);
INSERT INTO write_comments (comment, post_id) VALUES ('Comment 46 for post 21', 46);
INSERT INTO read_comments (comment, post_id) VALUES ('Comment 46 for post 21', 46);
INSERT INTO write_comments (comment, post_id) VALUES ('Comment 47 for post 21', 47);
INSERT INTO read_comments (comment, post_id) VALUES ('Comment 47 for post 21', 47);
INSERT INTO write_comments (comment, post_id) VALUES ('Comment 48 for post 21', 48);
INSERT INTO read_comments (comment, post_id) VALUES ('Comment 48 for post 21', 48);
INSERT INTO write_comments (comment, post_id) VALUES ('Comment 49 for post 21', 49);
INSERT INTO read_comments (comment, post_id) VALUES ('Comment 49 for post 21', 49);
INSERT INTO write_comments (comment, post_id) VALUES ('Comment 50 for post 21', 50);
INSERT INTO read_comments (comment, post_id) VALUES ('Comment 50 for post 21', 50);
INSERT INTO write_comments (comment, post_id) VALUES ('Comment 51 for post 21', 51);
INSERT INTO read_comments (comment, post_id) VALUES ('Comment 51 for post 21', 51);
INSERT INTO write_comments (comment, post_id) VALUES ('Comment 52 for post 21', 52);
INSERT INTO read_comments (comment, post_id) VALUES ('Comment 52 for post 21', 52);
INSERT INTO write_comments (comment, post_id) VALUES ('Comment 53 for post 21', 53);
INSERT INTO read_comments (comment, post_id) VALUES ('Comment 53 for post 21', 53);
INSERT INTO write_comments (comment, post_id) VALUES ('Comment 54 for post 21', 54);
INSERT INTO read_comments (comment, post_id) VALUES ('Comment 54 for post 21', 54);
INSERT INTO write_comments (comment, post_id) VALUES ('Comment 55 for post 21', 55);
INSERT INTO read_comments (comment, post_id) VALUES ('Comment 55 for post 21', 55);
INSERT INTO write_comments (comment, post_id) VALUES ('Comment 56 for post 21', 56);
INSERT INTO read_comments (comment, post_id) VALUES ('Comment 56 for post 21', 56);
INSERT INTO write_comments (comment, post_id) VALUES ('Comment 57 for post 21', 57);
INSERT INTO read_comments (comment, post_id) VALUES ('Comment 57 for post 21', 57);
INSERT INTO write_comments (comment, post_id) VALUES ('Comment 58 for post 21', 58);
INSERT INTO read_comments (comment, post_id) VALUES ('Comment 58 for post 21', 58);
INSERT INTO write_comments (comment, post_id) VALUES ('Comment 59 for post 21', 59);
INSERT INTO read_comments (comment, post_id) VALUES ('Comment 59 for post 21', 59);
INSERT INTO write_comments (comment, post_id) VALUES ('Comment 60 for post 21', 60);
INSERT INTO read_comments (comment, post_id) VALUES ('Comment 60 for post 21', 60);
INSERT INTO write_comments (comment, post_id) VALUES ('Comment 61 for post 21', 61);
INSERT INTO read_comments (comment, post_id) VALUES ('Comment 61 for post 21', 61);
INSERT INTO write_comments (comment, post_id) VALUES ('Comment 62 for post 21', 62);
INSERT INTO read_comments (comment, post_id) VALUES ('Comment 62 for post 21', 62);
INSERT INTO write_comments (comment, post_id) VALUES ('Comment 63 for post 21', 63);
INSERT INTO read_comments (comment, post_id) VALUES ('Comment 63 for post 21', 63);
INSERT INTO write_comments (comment, post_id) VALUES ('Comment 64 for post 21', 64);
INSERT INTO read_comments (comment, post_id) VALUES ('Comment 64 for post 21', 64);
INSERT INTO write_comments (comment, post_id) VALUES ('Comment 65 for post 21', 65);
INSERT INTO read_comments (comment, post_id) VALUES ('Comment 65 for post 21', 65);
INSERT INTO write_comments (comment, post_id) VALUES ('Comment 66 for post 21', 66);
INSERT INTO read_comments (comment, post_id) VALUES ('Comment 66 for post 21', 66);
INSERT INTO write_comments (comment, post_id) VALUES ('Comment 67 for post 21', 67);
INSERT INTO read_comments (comment, post_id) VALUES ('Comment 67 for post 21', 67);
INSERT INTO write_comments (comment, post_id) VALUES ('Comment 68 for post 21', 68);
INSERT INTO read_comments (comment, post_id) VALUES ('Comment 68 for post 21', 68);
INSERT INTO write_comments (comment, post_id) VALUES ('Comment 69 for post 21', 69);
INSERT INTO read_comments (comment, post_id) VALUES ('Comment 69 for post 21', 69);
INSERT INTO write_comments (comment, post_id) VALUES ('Comment 70 for post 21', 70);
INSERT INTO read_comments (comment, post_id) VALUES ('Comment 70 for post 21', 70);
INSERT INTO write_comments (comment, post_id) VALUES ('Comment 71 for post 21', 71);
INSERT INTO read_comments (comment, post_id) VALUES ('Comment 71 for post 21', 71);
INSERT INTO write_comments (comment, post_id) VALUES ('Comment 72 for post 21', 72);
INSERT INTO read_comments (comment, post_id) VALUES ('Comment 72 for post 21', 72);
INSERT INTO write_comments (comment, post_id) VALUES ('Comment 73 for post 21', 73);
INSERT INTO read_comments (comment, post_id) VALUES ('Comment 73 for post 21', 73);
INSERT INTO write_comments (comment, post_id) VALUES ('Comment 74 for post 21', 74);
INSERT INTO read_comments (comment, post_id) VALUES ('Comment 74 for post 21', 74);
INSERT INTO write_comments (comment, post_id) VALUES ('Comment 75 for post 21', 75);
INSERT INTO read_comments (comment, post_id) VALUES ('Comment 75 for post 21', 75);
INSERT INTO write_comments (comment, post_id) VALUES ('Comment 76 for post 21', 76);
INSERT INTO read_comments (comment, post_id) VALUES ('Comment 76 for post 21', 76);
INSERT INTO write_comments (comment, post_id) VALUES ('Comment 77 for post 21', 77);
INSERT INTO read_comments (comment, post_id) VALUES ('Comment 77 for post 21', 77);
INSERT INTO write_comments (comment, post_id) VALUES ('Comment 78 for post 21', 78);
INSERT INTO read_comments (comment, post_id) VALUES ('Comment 78 for post 21', 78);
INSERT INTO write_comments (comment, post_id) VALUES ('Comment 79 for post 21', 79);
INSERT INTO read_comments (comment, post_id) VALUES ('Comment 79 for post 21', 79);
INSERT INTO write_comments (comment, post_id) VALUES ('Comment 80 for post 21', 80);
INSERT INTO read_comments (comment, post_id) VALUES ('Comment 80 for post 21', 80);
INSERT INTO write_comments (comment, post_id) VALUES ('Comment 81 for post 21', 81);
INSERT INTO read_comments (comment, post_id) VALUES ('Comment 81 for post 21', 81);
INSERT INTO write_comments (comment, post_id) VALUES ('Comment 82 for post 21', 82);
INSERT INTO read_comments (comment, post_id) VALUES ('Comment 82 for post 21', 82);
INSERT INTO write_comments (comment, post_id) VALUES ('Comment 83 for post 21', 83);
INSERT INTO read_comments (comment, post_id) VALUES ('Comment 83 for post 21', 83);
INSERT INTO write_comments (comment, post_id) VALUES ('Comment 84 for post 21', 84);
INSERT INTO read_comments (comment, post_id) VALUES ('Comment 84 for post 21', 84);
INSERT INTO write_comments (comment, post_id) VALUES ('Comment 85 for post 21', 85);
INSERT INTO read_comments (comment, post_id) VALUES ('Comment 85 for post 21', 85);
INSERT INTO write_comments (comment, post_id) VALUES ('Comment 86 for post 21', 86);
INSERT INTO read_comments (comment, post_id) VALUES ('Comment 86 for post 21', 86);
INSERT INTO write_comments (comment, post_id) VALUES ('Comment 87 for post 21', 87);
INSERT INTO read_comments (comment, post_id) VALUES ('Comment 87 for post 21', 87);
INSERT INTO write_comments (comment, post_id) VALUES ('Comment 88 for post 21', 88);
INSERT INTO read_comments (comment, post_id) VALUES ('Comment 88 for post 21', 88);
INSERT INTO write_comments (comment, post_id) VALUES ('Comment 89 for post 21', 89);
INSERT INTO read_comments (comment, post_id) VALUES ('Comment 89 for post 21', 89);
INSERT INTO write_comments (comment, post_id) VALUES ('Comment 90 for post 21', 90);
INSERT INTO read_comments (comment, post_id) VALUES ('Comment 90 for post 21', 90);
INSERT INTO write_comments (comment, post_id) VALUES ('Comment 91 for post 21', 91);
INSERT INTO read_comments (comment, post_id) VALUES ('Comment 91 for post 21', 91);
INSERT INTO write_comments (comment, post_id) VALUES ('Comment 92 for post 21', 92);
INSERT INTO read_comments (comment, post_id) VALUES ('Comment 92 for post 21', 92);
INSERT INTO write_comments (comment, post_id) VALUES ('Comment 93 for post 21', 93);
INSERT INTO read_comments (comment, post_id) VALUES ('Comment 93 for post 21', 93);
INSERT INTO write_comments (comment, post_id) VALUES ('Comment 94 for post 21', 94);
INSERT INTO read_comments (comment, post_id) VALUES ('Comment 94 for post 21', 94);
INSERT INTO write_comments (comment, post_id) VALUES ('Comment 95 for post 21', 95);
INSERT INTO read_comments (comment, post_id) VALUES ('Comment 95 for post 21', 95);
INSERT INTO write_comments (comment, post_id) VALUES ('Comment 96 for post 21', 96);
INSERT INTO read_comments (comment, post_id) VALUES ('Comment 96 for post 21', 96);
INSERT INTO write_comments (comment, post_id) VALUES ('Comment 97 for post 21', 97);
INSERT INTO read_comments (comment, post_id) VALUES ('Comment 97 for post 21', 97);
INSERT INTO write_comments (comment, post_id) VALUES ('Comment 98 for post 21', 98);
INSERT INTO read_comments (comment, post_id) VALUES ('Comment 98 for post 21', 98);
INSERT INTO write_comments (comment, post_id) VALUES ('Comment 99 for post 21', 99);
INSERT INTO read_comments (comment, post_id) VALUES ('Comment 99 for post 21', 99);
INSERT INTO write_comments (comment, post_id) VALUES ('Comment 100 for post 21', 100);
INSERT INTO read_comments (comment, post_id) VALUES ('Comment 100 for post 21', 100);
INSERT INTO write_comments (comment, post_id) VALUES ('Comment 1 for post 22', 1);
INSERT INTO read_comments (comment, post_id) VALUES ('Comment 1 for post 22', 1);
INSERT INTO write_comments (comment, post_id) VALUES ('Comment 2 for post 22', 2);
INSERT INTO read_comments (comment, post_id) VALUES ('Comment 2 for post 22', 2);
INSERT INTO write_comments (comment, post_id) VALUES ('Comment 3 for post 22', 3);
INSERT INTO read_comments (comment, post_id) VALUES ('Comment 3 for post 22', 3);
INSERT INTO write_comments (comment, post_id) VALUES ('Comment 4 for post 22', 4);
INSERT INTO read_comments (comment, post_id) VALUES ('Comment 4 for post 22', 4);
INSERT INTO write_comments (comment, post_id) VALUES ('Comment 5 for post 22', 5);
INSERT INTO read_comments (comment, post_id) VALUES ('Comment 5 for post 22', 5);
INSERT INTO write_comments (comment, post_id) VALUES ('Comment 6 for post 22', 6);
INSERT INTO read_comments (comment, post_id) VALUES ('Comment 6 for post 22', 6);
INSERT INTO write_comments (comment, post_id) VALUES ('Comment 7 for post 22', 7);
INSERT INTO read_comments (comment, post_id) VALUES ('Comment 7 for post 22', 7);
INSERT INTO write_comments (comment, post_id) VALUES ('Comment 8 for post 22', 8);
INSERT INTO read_comments (comment, post_id) VALUES ('Comment 8 for post 22', 8);
INSERT INTO write_comments (comment, post_id) VALUES ('Comment 9 for post 22', 9);
INSERT INTO read_comments (comment, post_id) VALUES ('Comment 9 for post 22', 9);
INSERT INTO write_comments (comment, post_id) VALUES ('Comment 10 for post 22', 10);
INSERT INTO read_comments (comment, post_id) VALUES ('Comment 10 for post 22', 10);
INSERT INTO write_comments (comment, post_id) VALUES ('Comment 11 for post 22', 11);
INSERT INTO read_comments (comment, post_id) VALUES ('Comment 11 for post 22', 11);
INSERT INTO write_comments (comment, post_id) VALUES ('Comment 12 for post 22', 12);
INSERT INTO read_comments (comment, post_id) VALUES ('Comment 12 for post 22', 12);
INSERT INTO write_comments (comment, post_id) VALUES ('Comment 13 for post 22', 13);
INSERT INTO read_comments (comment, post_id) VALUES ('Comment 13 for post 22', 13);
INSERT INTO write_comments (comment, post_id) VALUES ('Comment 14 for post 22', 14);
INSERT INTO read_comments (comment, post_id) VALUES ('Comment 14 for post 22', 14);
INSERT INTO write_comments (comment, post_id) VALUES ('Comment 15 for post 22', 15);
INSERT INTO read_comments (comment, post_id) VALUES ('Comment 15 for post 22', 15);
INSERT INTO write_comments (comment, post_id) VALUES ('Comment 16 for post 22', 16);
INSERT INTO read_comments (comment, post_id) VALUES ('Comment 16 for post 22', 16);
INSERT INTO write_comments (comment, post_id) VALUES ('Comment 17 for post 22', 17);
INSERT INTO read_comments (comment, post_id) VALUES ('Comment 17 for post 22', 17);
INSERT INTO write_comments (comment, post_id) VALUES ('Comment 18 for post 22', 18);
INSERT INTO read_comments (comment, post_id) VALUES ('Comment 18 for post 22', 18);
INSERT INTO write_comments (comment, post_id) VALUES ('Comment 19 for post 22', 19);
INSERT INTO read_comments (comment, post_id) VALUES ('Comment 19 for post 22', 19);
INSERT INTO write_comments (comment, post_id) VALUES ('Comment 20 for post 22', 20);
INSERT INTO read_comments (comment, post_id) VALUES ('Comment 20 for post 22', 20);
INSERT INTO write_comments (comment, post_id) VALUES ('Comment 21 for post 22', 21);
INSERT INTO read_comments (comment, post_id) VALUES ('Comment 21 for post 22', 21);
INSERT INTO write_comments (comment, post_id) VALUES ('Comment 22 for post 22', 22);
INSERT INTO read_comments (comment, post_id) VALUES ('Comment 22 for post 22', 22);
INSERT INTO write_comments (comment, post_id) VALUES ('Comment 23 for post 22', 23);
INSERT INTO read_comments (comment, post_id) VALUES ('Comment 23 for post 22', 23);
INSERT INTO write_comments (comment, post_id) VALUES ('Comment 24 for post 22', 24);
INSERT INTO read_comments (comment, post_id) VALUES ('Comment 24 for post 22', 24);
INSERT INTO write_comments (comment, post_id) VALUES ('Comment 25 for post 22', 25);
INSERT INTO read_comments (comment, post_id) VALUES ('Comment 25 for post 22', 25);
INSERT INTO write_comments (comment, post_id) VALUES ('Comment 26 for post 22', 26);
INSERT INTO read_comments (comment, post_id) VALUES ('Comment 26 for post 22', 26);
INSERT INTO write_comments (comment, post_id) VALUES ('Comment 27 for post 22', 27);
INSERT INTO read_comments (comment, post_id) VALUES ('Comment 27 for post 22', 27);
INSERT INTO write_comments (comment, post_id) VALUES ('Comment 28 for post 22', 28);
INSERT INTO read_comments (comment, post_id) VALUES ('Comment 28 for post 22', 28);
INSERT INTO write_comments (comment, post_id) VALUES ('Comment 29 for post 22', 29);
INSERT INTO read_comments (comment, post_id) VALUES ('Comment 29 for post 22', 29);
INSERT INTO write_comments (comment, post_id) VALUES ('Comment 30 for post 22', 30);
INSERT INTO read_comments (comment, post_id) VALUES ('Comment 30 for post 22', 30);
INSERT INTO write_comments (comment, post_id) VALUES ('Comment 31 for post 22', 31);
INSERT INTO read_comments (comment, post_id) VALUES ('Comment 31 for post 22', 31);
INSERT INTO write_comments (comment, post_id) VALUES ('Comment 32 for post 22', 32);
INSERT INTO read_comments (comment, post_id) VALUES ('Comment 32 for post 22', 32);
INSERT INTO write_comments (comment, post_id) VALUES ('Comment 33 for post 22', 33);
INSERT INTO read_comments (comment, post_id) VALUES ('Comment 33 for post 22', 33);
INSERT INTO write_comments (comment, post_id) VALUES ('Comment 34 for post 22', 34);
INSERT INTO read_comments (comment, post_id) VALUES ('Comment 34 for post 22', 34);
INSERT INTO write_comments (comment, post_id) VALUES ('Comment 35 for post 22', 35);
INSERT INTO read_comments (comment, post_id) VALUES ('Comment 35 for post 22', 35);
INSERT INTO write_comments (comment, post_id) VALUES ('Comment 36 for post 22', 36);
INSERT INTO read_comments (comment, post_id) VALUES ('Comment 36 for post 22', 36);
INSERT INTO write_comments (comment, post_id) VALUES ('Comment 37 for post 22', 37);
INSERT INTO read_comments (comment, post_id) VALUES ('Comment 37 for post 22', 37);
INSERT INTO write_comments (comment, post_id) VALUES ('Comment 38 for post 22', 38);
INSERT INTO read_comments (comment, post_id) VALUES ('Comment 38 for post 22', 38);
INSERT INTO write_comments (comment, post_id) VALUES ('Comment 39 for post 22', 39);
INSERT INTO read_comments (comment, post_id) VALUES ('Comment 39 for post 22', 39);
INSERT INTO write_comments (comment, post_id) VALUES ('Comment 40 for post 22', 40);
INSERT INTO read_comments (comment, post_id) VALUES ('Comment 40 for post 22', 40);
INSERT INTO write_comments (comment, post_id) VALUES ('Comment 41 for post 22', 41);
INSERT INTO read_comments (comment, post_id) VALUES ('Comment 41 for post 22', 41);
INSERT INTO write_comments (comment, post_id) VALUES ('Comment 42 for post 22', 42);
INSERT INTO read_comments (comment, post_id) VALUES ('Comment 42 for post 22', 42);
INSERT INTO write_comments (comment, post_id) VALUES ('Comment 43 for post 22', 43);
INSERT INTO read_comments (comment, post_id) VALUES ('Comment 43 for post 22', 43);
INSERT INTO write_comments (comment, post_id) VALUES ('Comment 44 for post 22', 44);
INSERT INTO read_comments (comment, post_id) VALUES ('Comment 44 for post 22', 44);
INSERT INTO write_comments (comment, post_id) VALUES ('Comment 45 for post 22', 45);
INSERT INTO read_comments (comment, post_id) VALUES ('Comment 45 for post 22', 45);
INSERT INTO write_comments (comment, post_id) VALUES ('Comment 46 for post 22', 46);
INSERT INTO read_comments (comment, post_id) VALUES ('Comment 46 for post 22', 46);
INSERT INTO write_comments (comment, post_id) VALUES ('Comment 47 for post 22', 47);
INSERT INTO read_comments (comment, post_id) VALUES ('Comment 47 for post 22', 47);
INSERT INTO write_comments (comment, post_id) VALUES ('Comment 48 for post 22', 48);
INSERT INTO read_comments (comment, post_id) VALUES ('Comment 48 for post 22', 48);
INSERT INTO write_comments (comment, post_id) VALUES ('Comment 49 for post 22', 49);
INSERT INTO read_comments (comment, post_id) VALUES ('Comment 49 for post 22', 49);
INSERT INTO write_comments (comment, post_id) VALUES ('Comment 50 for post 22', 50);
INSERT INTO read_comments (comment, post_id) VALUES ('Comment 50 for post 22', 50);
INSERT INTO write_comments (comment, post_id) VALUES ('Comment 51 for post 22', 51);
INSERT INTO read_comments (comment, post_id) VALUES ('Comment 51 for post 22', 51);
INSERT INTO write_comments (comment, post_id) VALUES ('Comment 52 for post 22', 52);
INSERT INTO read_comments (comment, post_id) VALUES ('Comment 52 for post 22', 52);
INSERT INTO write_comments (comment, post_id) VALUES ('Comment 53 for post 22', 53);
INSERT INTO read_comments (comment, post_id) VALUES ('Comment 53 for post 22', 53);
INSERT INTO write_comments (comment, post_id) VALUES ('Comment 54 for post 22', 54);
INSERT INTO read_comments (comment, post_id) VALUES ('Comment 54 for post 22', 54);
INSERT INTO write_comments (comment, post_id) VALUES ('Comment 55 for post 22', 55);
INSERT INTO read_comments (comment, post_id) VALUES ('Comment 55 for post 22', 55);
INSERT INTO write_comments (comment, post_id) VALUES ('Comment 56 for post 22', 56);
INSERT INTO read_comments (comment, post_id) VALUES ('Comment 56 for post 22', 56);
INSERT INTO write_comments (comment, post_id) VALUES ('Comment 57 for post 22', 57);
INSERT INTO read_comments (comment, post_id) VALUES ('Comment 57 for post 22', 57);
INSERT INTO write_comments (comment, post_id) VALUES ('Comment 58 for post 22', 58);
INSERT INTO read_comments (comment, post_id) VALUES ('Comment 58 for post 22', 58);
INSERT INTO write_comments (comment, post_id) VALUES ('Comment 59 for post 22', 59);
INSERT INTO read_comments (comment, post_id) VALUES ('Comment 59 for post 22', 59);
INSERT INTO write_comments (comment, post_id) VALUES ('Comment 60 for post 22', 60);
INSERT INTO read_comments (comment, post_id) VALUES ('Comment 60 for post 22', 60);
INSERT INTO write_comments (comment, post_id) VALUES ('Comment 61 for post 22', 61);
INSERT INTO read_comments (comment, post_id) VALUES ('Comment 61 for post 22', 61);
INSERT INTO write_comments (comment, post_id) VALUES ('Comment 62 for post 22', 62);
INSERT INTO read_comments (comment, post_id) VALUES ('Comment 62 for post 22', 62);
INSERT INTO write_comments (comment, post_id) VALUES ('Comment 63 for post 22', 63);
INSERT INTO read_comments (comment, post_id) VALUES ('Comment 63 for post 22', 63);
INSERT INTO write_comments (comment, post_id) VALUES ('Comment 64 for post 22', 64);
INSERT INTO read_comments (comment, post_id) VALUES ('Comment 64 for post 22', 64);
INSERT INTO write_comments (comment, post_id) VALUES ('Comment 65 for post 22', 65);
INSERT INTO read_comments (comment, post_id) VALUES ('Comment 65 for post 22', 65);
INSERT INTO write_comments (comment, post_id) VALUES ('Comment 66 for post 22', 66);
INSERT INTO read_comments (comment, post_id) VALUES ('Comment 66 for post 22', 66);
INSERT INTO write_comments (comment, post_id) VALUES ('Comment 67 for post 22', 67);
INSERT INTO read_comments (comment, post_id) VALUES ('Comment 67 for post 22', 67);
INSERT INTO write_comments (comment, post_id) VALUES ('Comment 68 for post 22', 68);
INSERT INTO read_comments (comment, post_id) VALUES ('Comment 68 for post 22', 68);
INSERT INTO write_comments (comment, post_id) VALUES ('Comment 69 for post 22', 69);
INSERT INTO read_comments (comment, post_id) VALUES ('Comment 69 for post 22', 69);
INSERT INTO write_comments (comment, post_id) VALUES ('Comment 70 for post 22', 70);
INSERT INTO read_comments (comment, post_id) VALUES ('Comment 70 for post 22', 70);
INSERT INTO write_comments (comment, post_id) VALUES ('Comment 71 for post 22', 71);
INSERT INTO read_comments (comment, post_id) VALUES ('Comment 71 for post 22', 71);
INSERT INTO write_comments (comment, post_id) VALUES ('Comment 72 for post 22', 72);
INSERT INTO read_comments (comment, post_id) VALUES ('Comment 72 for post 22', 72);
INSERT INTO write_comments (comment, post_id) VALUES ('Comment 73 for post 22', 73);
INSERT INTO read_comments (comment, post_id) VALUES ('Comment 73 for post 22', 73);
INSERT INTO write_comments (comment, post_id) VALUES ('Comment 74 for post 22', 74);
INSERT INTO read_comments (comment, post_id) VALUES ('Comment 74 for post 22', 74);
INSERT INTO write_comments (comment, post_id) VALUES ('Comment 75 for post 22', 75);
INSERT INTO read_comments (comment, post_id) VALUES ('Comment 75 for post 22', 75);
INSERT INTO write_comments (comment, post_id) VALUES ('Comment 76 for post 22', 76);
INSERT INTO read_comments (comment, post_id) VALUES ('Comment 76 for post 22', 76);
INSERT INTO write_comments (comment, post_id) VALUES ('Comment 77 for post 22', 77);
INSERT INTO read_comments (comment, post_id) VALUES ('Comment 77 for post 22', 77);
INSERT INTO write_comments (comment, post_id) VALUES ('Comment 78 for post 22', 78);
INSERT INTO read_comments (comment, post_id) VALUES ('Comment 78 for post 22', 78);
INSERT INTO write_comments (comment, post_id) VALUES ('Comment 79 for post 22', 79);
INSERT INTO read_comments (comment, post_id) VALUES ('Comment 79 for post 22', 79);
INSERT INTO write_comments (comment, post_id) VALUES ('Comment 80 for post 22', 80);
INSERT INTO read_comments (comment, post_id) VALUES ('Comment 80 for post 22', 80);
INSERT INTO write_comments (comment, post_id) VALUES ('Comment 81 for post 22', 81);
INSERT INTO read_comments (comment, post_id) VALUES ('Comment 81 for post 22', 81);
INSERT INTO write_comments (comment, post_id) VALUES ('Comment 82 for post 22', 82);
INSERT INTO read_comments (comment, post_id) VALUES ('Comment 82 for post 22', 82);
INSERT INTO write_comments (comment, post_id) VALUES ('Comment 83 for post 22', 83);
INSERT INTO read_comments (comment, post_id) VALUES ('Comment 83 for post 22', 83);
INSERT INTO write_comments (comment, post_id) VALUES ('Comment 84 for post 22', 84);
INSERT INTO read_comments (comment, post_id) VALUES ('Comment 84 for post 22', 84);
INSERT INTO write_comments (comment, post_id) VALUES ('Comment 85 for post 22', 85);
INSERT INTO read_comments (comment, post_id) VALUES ('Comment 85 for post 22', 85);
INSERT INTO write_comments (comment, post_id) VALUES ('Comment 86 for post 22', 86);
INSERT INTO read_comments (comment, post_id) VALUES ('Comment 86 for post 22', 86);
INSERT INTO write_comments (comment, post_id) VALUES ('Comment 87 for post 22', 87);
INSERT INTO read_comments (comment, post_id) VALUES ('Comment 87 for post 22', 87);
INSERT INTO write_comments (comment, post_id) VALUES ('Comment 88 for post 22', 88);
INSERT INTO read_comments (comment, post_id) VALUES ('Comment 88 for post 22', 88);
INSERT INTO write_comments (comment, post_id) VALUES ('Comment 89 for post 22', 89);
INSERT INTO read_comments (comment, post_id) VALUES ('Comment 89 for post 22', 89);
INSERT INTO write_comments (comment, post_id) VALUES ('Comment 90 for post 22', 90);
INSERT INTO read_comments (comment, post_id) VALUES ('Comment 90 for post 22', 90);
INSERT INTO write_comments (comment, post_id) VALUES ('Comment 91 for post 22', 91);
INSERT INTO read_comments (comment, post_id) VALUES ('Comment 91 for post 22', 91);
INSERT INTO write_comments (comment, post_id) VALUES ('Comment 92 for post 22', 92);
INSERT INTO read_comments (comment, post_id) VALUES ('Comment 92 for post 22', 92);
INSERT INTO write_comments (comment, post_id) VALUES ('Comment 93 for post 22', 93);
INSERT INTO read_comments (comment, post_id) VALUES ('Comment 93 for post 22', 93);
INSERT INTO write_comments (comment, post_id) VALUES ('Comment 94 for post 22', 94);
INSERT INTO read_comments (comment, post_id) VALUES ('Comment 94 for post 22', 94);
INSERT INTO write_comments (comment, post_id) VALUES ('Comment 95 for post 22', 95);
INSERT INTO read_comments (comment, post_id) VALUES ('Comment 95 for post 22', 95);
INSERT INTO write_comments (comment, post_id) VALUES ('Comment 96 for post 22', 96);
INSERT INTO read_comments (comment, post_id) VALUES ('Comment 96 for post 22', 96);
INSERT INTO write_comments (comment, post_id) VALUES ('Comment 97 for post 22', 97);
INSERT INTO read_comments (comment, post_id) VALUES ('Comment 97 for post 22', 97);
INSERT INTO write_comments (comment, post_id) VALUES ('Comment 98 for post 22', 98);
INSERT INTO read_comments (comment, post_id) VALUES ('Comment 98 for post 22', 98);
INSERT INTO write_comments (comment, post_id) VALUES ('Comment 99 for post 22', 99);
INSERT INTO read_comments (comment, post_id) VALUES ('Comment 99 for post 22', 99);
INSERT INTO write_comments (comment, post_id) VALUES ('Comment 100 for post 22', 100);
INSERT INTO read_comments (comment, post_id) VALUES ('Comment 100 for post 22', 100);
INSERT INTO write_comments (comment, post_id) VALUES ('Comment 1 for post 23', 1);
INSERT INTO read_comments (comment, post_id) VALUES ('Comment 1 for post 23', 1);
INSERT INTO write_comments (comment, post_id) VALUES ('Comment 2 for post 23', 2);
INSERT INTO read_comments (comment, post_id) VALUES ('Comment 2 for post 23', 2);
INSERT INTO write_comments (comment, post_id) VALUES ('Comment 3 for post 23', 3);
INSERT INTO read_comments (comment, post_id) VALUES ('Comment 3 for post 23', 3);
INSERT INTO write_comments (comment, post_id) VALUES ('Comment 4 for post 23', 4);
INSERT INTO read_comments (comment, post_id) VALUES ('Comment 4 for post 23', 4);
INSERT INTO write_comments (comment, post_id) VALUES ('Comment 5 for post 23', 5);
INSERT INTO read_comments (comment, post_id) VALUES ('Comment 5 for post 23', 5);
INSERT INTO write_comments (comment, post_id) VALUES ('Comment 6 for post 23', 6);
INSERT INTO read_comments (comment, post_id) VALUES ('Comment 6 for post 23', 6);
INSERT INTO write_comments (comment, post_id) VALUES ('Comment 7 for post 23', 7);
INSERT INTO read_comments (comment, post_id) VALUES ('Comment 7 for post 23', 7);
INSERT INTO write_comments (comment, post_id) VALUES ('Comment 8 for post 23', 8);
INSERT INTO read_comments (comment, post_id) VALUES ('Comment 8 for post 23', 8);
INSERT INTO write_comments (comment, post_id) VALUES ('Comment 9 for post 23', 9);
INSERT INTO read_comments (comment, post_id) VALUES ('Comment 9 for post 23', 9);
INSERT INTO write_comments (comment, post_id) VALUES ('Comment 10 for post 23', 10);
INSERT INTO read_comments (comment, post_id) VALUES ('Comment 10 for post 23', 10);
INSERT INTO write_comments (comment, post_id) VALUES ('Comment 11 for post 23', 11);
INSERT INTO read_comments (comment, post_id) VALUES ('Comment 11 for post 23', 11);
INSERT INTO write_comments (comment, post_id) VALUES ('Comment 12 for post 23', 12);
INSERT INTO read_comments (comment, post_id) VALUES ('Comment 12 for post 23', 12);
INSERT INTO write_comments (comment, post_id) VALUES ('Comment 13 for post 23', 13);
INSERT INTO read_comments (comment, post_id) VALUES ('Comment 13 for post 23', 13);
INSERT INTO write_comments (comment, post_id) VALUES ('Comment 14 for post 23', 14);
INSERT INTO read_comments (comment, post_id) VALUES ('Comment 14 for post 23', 14);
INSERT INTO write_comments (comment, post_id) VALUES ('Comment 15 for post 23', 15);
INSERT INTO read_comments (comment, post_id) VALUES ('Comment 15 for post 23', 15);
INSERT INTO write_comments (comment, post_id) VALUES ('Comment 16 for post 23', 16);
INSERT INTO read_comments (comment, post_id) VALUES ('Comment 16 for post 23', 16);
INSERT INTO write_comments (comment, post_id) VALUES ('Comment 17 for post 23', 17);
INSERT INTO read_comments (comment, post_id) VALUES ('Comment 17 for post 23', 17);
INSERT INTO write_comments (comment, post_id) VALUES ('Comment 18 for post 23', 18);
INSERT INTO read_comments (comment, post_id) VALUES ('Comment 18 for post 23', 18);
INSERT INTO write_comments (comment, post_id) VALUES ('Comment 19 for post 23', 19);
INSERT INTO read_comments (comment, post_id) VALUES ('Comment 19 for post 23', 19);
INSERT INTO write_comments (comment, post_id) VALUES ('Comment 20 for post 23', 20);
INSERT INTO read_comments (comment, post_id) VALUES ('Comment 20 for post 23', 20);
INSERT INTO write_comments (comment, post_id) VALUES ('Comment 21 for post 23', 21);
INSERT INTO read_comments (comment, post_id) VALUES ('Comment 21 for post 23', 21);
INSERT INTO write_comments (comment, post_id) VALUES ('Comment 22 for post 23', 22);
INSERT INTO read_comments (comment, post_id) VALUES ('Comment 22 for post 23', 22);
INSERT INTO write_comments (comment, post_id) VALUES ('Comment 23 for post 23', 23);
INSERT INTO read_comments (comment, post_id) VALUES ('Comment 23 for post 23', 23);
INSERT INTO write_comments (comment, post_id) VALUES ('Comment 24 for post 23', 24);
INSERT INTO read_comments (comment, post_id) VALUES ('Comment 24 for post 23', 24);
INSERT INTO write_comments (comment, post_id) VALUES ('Comment 25 for post 23', 25);
INSERT INTO read_comments (comment, post_id) VALUES ('Comment 25 for post 23', 25);
INSERT INTO write_comments (comment, post_id) VALUES ('Comment 26 for post 23', 26);
INSERT INTO read_comments (comment, post_id) VALUES ('Comment 26 for post 23', 26);
INSERT INTO write_comments (comment, post_id) VALUES ('Comment 27 for post 23', 27);
INSERT INTO read_comments (comment, post_id) VALUES ('Comment 27 for post 23', 27);
INSERT INTO write_comments (comment, post_id) VALUES ('Comment 28 for post 23', 28);
INSERT INTO read_comments (comment, post_id) VALUES ('Comment 28 for post 23', 28);
INSERT INTO write_comments (comment, post_id) VALUES ('Comment 29 for post 23', 29);
INSERT INTO read_comments (comment, post_id) VALUES ('Comment 29 for post 23', 29);
INSERT INTO write_comments (comment, post_id) VALUES ('Comment 30 for post 23', 30);
INSERT INTO read_comments (comment, post_id) VALUES ('Comment 30 for post 23', 30);
INSERT INTO write_comments (comment, post_id) VALUES ('Comment 31 for post 23', 31);
INSERT INTO read_comments (comment, post_id) VALUES ('Comment 31 for post 23', 31);
INSERT INTO write_comments (comment, post_id) VALUES ('Comment 32 for post 23', 32);
INSERT INTO read_comments (comment, post_id) VALUES ('Comment 32 for post 23', 32);
INSERT INTO write_comments (comment, post_id) VALUES ('Comment 33 for post 23', 33);
INSERT INTO read_comments (comment, post_id) VALUES ('Comment 33 for post 23', 33);
INSERT INTO write_comments (comment, post_id) VALUES ('Comment 34 for post 23', 34);
INSERT INTO read_comments (comment, post_id) VALUES ('Comment 34 for post 23', 34);
INSERT INTO write_comments (comment, post_id) VALUES ('Comment 35 for post 23', 35);
INSERT INTO read_comments (comment, post_id) VALUES ('Comment 35 for post 23', 35);
INSERT INTO write_comments (comment, post_id) VALUES ('Comment 36 for post 23', 36);
INSERT INTO read_comments (comment, post_id) VALUES ('Comment 36 for post 23', 36);
INSERT INTO write_comments (comment, post_id) VALUES ('Comment 37 for post 23', 37);
INSERT INTO read_comments (comment, post_id) VALUES ('Comment 37 for post 23', 37);
INSERT INTO write_comments (comment, post_id) VALUES ('Comment 38 for post 23', 38);
INSERT INTO read_comments (comment, post_id) VALUES ('Comment 38 for post 23', 38);
INSERT INTO write_comments (comment, post_id) VALUES ('Comment 39 for post 23', 39);
INSERT INTO read_comments (comment, post_id) VALUES ('Comment 39 for post 23', 39);
INSERT INTO write_comments (comment, post_id) VALUES ('Comment 40 for post 23', 40);
INSERT INTO read_comments (comment, post_id) VALUES ('Comment 40 for post 23', 40);
INSERT INTO write_comments (comment, post_id) VALUES ('Comment 41 for post 23', 41);
INSERT INTO read_comments (comment, post_id) VALUES ('Comment 41 for post 23', 41);
INSERT INTO write_comments (comment, post_id) VALUES ('Comment 42 for post 23', 42);
INSERT INTO read_comments (comment, post_id) VALUES ('Comment 42 for post 23', 42);
INSERT INTO write_comments (comment, post_id) VALUES ('Comment 43 for post 23', 43);
INSERT INTO read_comments (comment, post_id) VALUES ('Comment 43 for post 23', 43);
INSERT INTO write_comments (comment, post_id) VALUES ('Comment 44 for post 23', 44);
INSERT INTO read_comments (comment, post_id) VALUES ('Comment 44 for post 23', 44);
INSERT INTO write_comments (comment, post_id) VALUES ('Comment 45 for post 23', 45);
INSERT INTO read_comments (comment, post_id) VALUES ('Comment 45 for post 23', 45);
INSERT INTO write_comments (comment, post_id) VALUES ('Comment 46 for post 23', 46);
INSERT INTO read_comments (comment, post_id) VALUES ('Comment 46 for post 23', 46);
INSERT INTO write_comments (comment, post_id) VALUES ('Comment 47 for post 23', 47);
INSERT INTO read_comments (comment, post_id) VALUES ('Comment 47 for post 23', 47);
INSERT INTO write_comments (comment, post_id) VALUES ('Comment 48 for post 23', 48);
INSERT INTO read_comments (comment, post_id) VALUES ('Comment 48 for post 23', 48);
INSERT INTO write_comments (comment, post_id) VALUES ('Comment 49 for post 23', 49);
INSERT INTO read_comments (comment, post_id) VALUES ('Comment 49 for post 23', 49);
INSERT INTO write_comments (comment, post_id) VALUES ('Comment 50 for post 23', 50);
INSERT INTO read_comments (comment, post_id) VALUES ('Comment 50 for post 23', 50);
INSERT INTO write_comments (comment, post_id) VALUES ('Comment 51 for post 23', 51);
INSERT INTO read_comments (comment, post_id) VALUES ('Comment 51 for post 23', 51);
INSERT INTO write_comments (comment, post_id) VALUES ('Comment 52 for post 23', 52);
INSERT INTO read_comments (comment, post_id) VALUES ('Comment 52 for post 23', 52);
INSERT INTO write_comments (comment, post_id) VALUES ('Comment 53 for post 23', 53);
INSERT INTO read_comments (comment, post_id) VALUES ('Comment 53 for post 23', 53);
INSERT INTO write_comments (comment, post_id) VALUES ('Comment 54 for post 23', 54);
INSERT INTO read_comments (comment, post_id) VALUES ('Comment 54 for post 23', 54);
INSERT INTO write_comments (comment, post_id) VALUES ('Comment 55 for post 23', 55);
INSERT INTO read_comments (comment, post_id) VALUES ('Comment 55 for post 23', 55);
INSERT INTO write_comments (comment, post_id) VALUES ('Comment 56 for post 23', 56);
INSERT INTO read_comments (comment, post_id) VALUES ('Comment 56 for post 23', 56);
INSERT INTO write_comments (comment, post_id) VALUES ('Comment 57 for post 23', 57);
INSERT INTO read_comments (comment, post_id) VALUES ('Comment 57 for post 23', 57);
INSERT INTO write_comments (comment, post_id) VALUES ('Comment 58 for post 23', 58);
INSERT INTO read_comments (comment, post_id) VALUES ('Comment 58 for post 23', 58);
INSERT INTO write_comments (comment, post_id) VALUES ('Comment 59 for post 23', 59);
INSERT INTO read_comments (comment, post_id) VALUES ('Comment 59 for post 23', 59);
INSERT INTO write_comments (comment, post_id) VALUES ('Comment 60 for post 23', 60);
INSERT INTO read_comments (comment, post_id) VALUES ('Comment 60 for post 23', 60);
INSERT INTO write_comments (comment, post_id) VALUES ('Comment 61 for post 23', 61);
INSERT INTO read_comments (comment, post_id) VALUES ('Comment 61 for post 23', 61);
INSERT INTO write_comments (comment, post_id) VALUES ('Comment 62 for post 23', 62);
INSERT INTO read_comments (comment, post_id) VALUES ('Comment 62 for post 23', 62);
INSERT INTO write_comments (comment, post_id) VALUES ('Comment 63 for post 23', 63);
INSERT INTO read_comments (comment, post_id) VALUES ('Comment 63 for post 23', 63);
INSERT INTO write_comments (comment, post_id) VALUES ('Comment 64 for post 23', 64);
INSERT INTO read_comments (comment, post_id) VALUES ('Comment 64 for post 23', 64);
INSERT INTO write_comments (comment, post_id) VALUES ('Comment 65 for post 23', 65);
INSERT INTO read_comments (comment, post_id) VALUES ('Comment 65 for post 23', 65);
INSERT INTO write_comments (comment, post_id) VALUES ('Comment 66 for post 23', 66);
INSERT INTO read_comments (comment, post_id) VALUES ('Comment 66 for post 23', 66);
INSERT INTO write_comments (comment, post_id) VALUES ('Comment 67 for post 23', 67);
INSERT INTO read_comments (comment, post_id) VALUES ('Comment 67 for post 23', 67);
INSERT INTO write_comments (comment, post_id) VALUES ('Comment 68 for post 23', 68);
INSERT INTO read_comments (comment, post_id) VALUES ('Comment 68 for post 23', 68);
INSERT INTO write_comments (comment, post_id) VALUES ('Comment 69 for post 23', 69);
INSERT INTO read_comments (comment, post_id) VALUES ('Comment 69 for post 23', 69);
INSERT INTO write_comments (comment, post_id) VALUES ('Comment 70 for post 23', 70);
INSERT INTO read_comments (comment, post_id) VALUES ('Comment 70 for post 23', 70);
INSERT INTO write_comments (comment, post_id) VALUES ('Comment 71 for post 23', 71);
INSERT INTO read_comments (comment, post_id) VALUES ('Comment 71 for post 23', 71);
INSERT INTO write_comments (comment, post_id) VALUES ('Comment 72 for post 23', 72);
INSERT INTO read_comments (comment, post_id) VALUES ('Comment 72 for post 23', 72);
INSERT INTO write_comments (comment, post_id) VALUES ('Comment 73 for post 23', 73);
INSERT INTO read_comments (comment, post_id) VALUES ('Comment 73 for post 23', 73);
INSERT INTO write_comments (comment, post_id) VALUES ('Comment 74 for post 23', 74);
INSERT INTO read_comments (comment, post_id) VALUES ('Comment 74 for post 23', 74);
INSERT INTO write_comments (comment, post_id) VALUES ('Comment 75 for post 23', 75);
INSERT INTO read_comments (comment, post_id) VALUES ('Comment 75 for post 23', 75);
INSERT INTO write_comments (comment, post_id) VALUES ('Comment 76 for post 23', 76);
INSERT INTO read_comments (comment, post_id) VALUES ('Comment 76 for post 23', 76);
INSERT INTO write_comments (comment, post_id) VALUES ('Comment 77 for post 23', 77);
INSERT INTO read_comments (comment, post_id) VALUES ('Comment 77 for post 23', 77);
INSERT INTO write_comments (comment, post_id) VALUES ('Comment 78 for post 23', 78);
INSERT INTO read_comments (comment, post_id) VALUES ('Comment 78 for post 23', 78);
INSERT INTO write_comments (comment, post_id) VALUES ('Comment 79 for post 23', 79);
INSERT INTO read_comments (comment, post_id) VALUES ('Comment 79 for post 23', 79);
INSERT INTO write_comments (comment, post_id) VALUES ('Comment 80 for post 23', 80);
INSERT INTO read_comments (comment, post_id) VALUES ('Comment 80 for post 23', 80);
INSERT INTO write_comments (comment, post_id) VALUES ('Comment 81 for post 23', 81);
INSERT INTO read_comments (comment, post_id) VALUES ('Comment 81 for post 23', 81);
INSERT INTO write_comments (comment, post_id) VALUES ('Comment 82 for post 23', 82);
INSERT INTO read_comments (comment, post_id) VALUES ('Comment 82 for post 23', 82);
INSERT INTO write_comments (comment, post_id) VALUES ('Comment 83 for post 23', 83);
INSERT INTO read_comments (comment, post_id) VALUES ('Comment 83 for post 23', 83);
INSERT INTO write_comments (comment, post_id) VALUES ('Comment 84 for post 23', 84);
INSERT INTO read_comments (comment, post_id) VALUES ('Comment 84 for post 23', 84);
INSERT INTO write_comments (comment, post_id) VALUES ('Comment 85 for post 23', 85);
INSERT INTO read_comments (comment, post_id) VALUES ('Comment 85 for post 23', 85);
INSERT INTO write_comments (comment, post_id) VALUES ('Comment 86 for post 23', 86);
INSERT INTO read_comments (comment, post_id) VALUES ('Comment 86 for post 23', 86);
INSERT INTO write_comments (comment, post_id) VALUES ('Comment 87 for post 23', 87);
INSERT INTO read_comments (comment, post_id) VALUES ('Comment 87 for post 23', 87);
INSERT INTO write_comments (comment, post_id) VALUES ('Comment 88 for post 23', 88);
INSERT INTO read_comments (comment, post_id) VALUES ('Comment 88 for post 23', 88);
INSERT INTO write_comments (comment, post_id) VALUES ('Comment 89 for post 23', 89);
INSERT INTO read_comments (comment, post_id) VALUES ('Comment 89 for post 23', 89);
INSERT INTO write_comments (comment, post_id) VALUES ('Comment 90 for post 23', 90);
INSERT INTO read_comments (comment, post_id) VALUES ('Comment 90 for post 23', 90);
INSERT INTO write_comments (comment, post_id) VALUES ('Comment 91 for post 23', 91);
INSERT INTO read_comments (comment, post_id) VALUES ('Comment 91 for post 23', 91);
INSERT INTO write_comments (comment, post_id) VALUES ('Comment 92 for post 23', 92);
INSERT INTO read_comments (comment, post_id) VALUES ('Comment 92 for post 23', 92);
INSERT INTO write_comments (comment, post_id) VALUES ('Comment 93 for post 23', 93);
INSERT INTO read_comments (comment, post_id) VALUES ('Comment 93 for post 23', 93);
INSERT INTO write_comments (comment, post_id) VALUES ('Comment 94 for post 23', 94);
INSERT INTO read_comments (comment, post_id) VALUES ('Comment 94 for post 23', 94);
INSERT INTO write_comments (comment, post_id) VALUES ('Comment 95 for post 23', 95);
INSERT INTO read_comments (comment, post_id) VALUES ('Comment 95 for post 23', 95);
INSERT INTO write_comments (comment, post_id) VALUES ('Comment 96 for post 23', 96);
INSERT INTO read_comments (comment, post_id) VALUES ('Comment 96 for post 23', 96);
INSERT INTO write_comments (comment, post_id) VALUES ('Comment 97 for post 23', 97);
INSERT INTO read_comments (comment, post_id) VALUES ('Comment 97 for post 23', 97);
INSERT INTO write_comments (comment, post_id) VALUES ('Comment 98 for post 23', 98);
INSERT INTO read_comments (comment, post_id) VALUES ('Comment 98 for post 23', 98);
INSERT INTO write_comments (comment, post_id) VALUES ('Comment 99 for post 23', 99);
INSERT INTO read_comments (comment, post_id) VALUES ('Comment 99 for post 23', 99);
INSERT INTO write_comments (comment, post_id) VALUES ('Comment 100 for post 23', 100);
INSERT INTO read_comments (comment, post_id) VALUES ('Comment 100 for post 23', 100);
INSERT INTO write_comments (comment, post_id) VALUES ('Comment 1 for post 24', 1);
INSERT INTO read_comments (comment, post_id) VALUES ('Comment 1 for post 24', 1);
INSERT INTO write_comments (comment, post_id) VALUES ('Comment 2 for post 24', 2);
INSERT INTO read_comments (comment, post_id) VALUES ('Comment 2 for post 24', 2);
INSERT INTO write_comments (comment, post_id) VALUES ('Comment 3 for post 24', 3);
INSERT INTO read_comments (comment, post_id) VALUES ('Comment 3 for post 24', 3);
INSERT INTO write_comments (comment, post_id) VALUES ('Comment 4 for post 24', 4);
INSERT INTO read_comments (comment, post_id) VALUES ('Comment 4 for post 24', 4);
INSERT INTO write_comments (comment, post_id) VALUES ('Comment 5 for post 24', 5);
INSERT INTO read_comments (comment, post_id) VALUES ('Comment 5 for post 24', 5);
INSERT INTO write_comments (comment, post_id) VALUES ('Comment 6 for post 24', 6);
INSERT INTO read_comments (comment, post_id) VALUES ('Comment 6 for post 24', 6);
INSERT INTO write_comments (comment, post_id) VALUES ('Comment 7 for post 24', 7);
INSERT INTO read_comments (comment, post_id) VALUES ('Comment 7 for post 24', 7);
INSERT INTO write_comments (comment, post_id) VALUES ('Comment 8 for post 24', 8);
INSERT INTO read_comments (comment, post_id) VALUES ('Comment 8 for post 24', 8);
INSERT INTO write_comments (comment, post_id) VALUES ('Comment 9 for post 24', 9);
INSERT INTO read_comments (comment, post_id) VALUES ('Comment 9 for post 24', 9);
INSERT INTO write_comments (comment, post_id) VALUES ('Comment 10 for post 24', 10);
INSERT INTO read_comments (comment, post_id) VALUES ('Comment 10 for post 24', 10);
INSERT INTO write_comments (comment, post_id) VALUES ('Comment 11 for post 24', 11);
INSERT INTO read_comments (comment, post_id) VALUES ('Comment 11 for post 24', 11);
INSERT INTO write_comments (comment, post_id) VALUES ('Comment 12 for post 24', 12);
INSERT INTO read_comments (comment, post_id) VALUES ('Comment 12 for post 24', 12);
INSERT INTO write_comments (comment, post_id) VALUES ('Comment 13 for post 24', 13);
INSERT INTO read_comments (comment, post_id) VALUES ('Comment 13 for post 24', 13);
INSERT INTO write_comments (comment, post_id) VALUES ('Comment 14 for post 24', 14);
INSERT INTO read_comments (comment, post_id) VALUES ('Comment 14 for post 24', 14);
INSERT INTO write_comments (comment, post_id) VALUES ('Comment 15 for post 24', 15);
INSERT INTO read_comments (comment, post_id) VALUES ('Comment 15 for post 24', 15);
INSERT INTO write_comments (comment, post_id) VALUES ('Comment 16 for post 24', 16);
INSERT INTO read_comments (comment, post_id) VALUES ('Comment 16 for post 24', 16);
INSERT INTO write_comments (comment, post_id) VALUES ('Comment 17 for post 24', 17);
INSERT INTO read_comments (comment, post_id) VALUES ('Comment 17 for post 24', 17);
INSERT INTO write_comments (comment, post_id) VALUES ('Comment 18 for post 24', 18);
INSERT INTO read_comments (comment, post_id) VALUES ('Comment 18 for post 24', 18);
INSERT INTO write_comments (comment, post_id) VALUES ('Comment 19 for post 24', 19);
INSERT INTO read_comments (comment, post_id) VALUES ('Comment 19 for post 24', 19);
INSERT INTO write_comments (comment, post_id) VALUES ('Comment 20 for post 24', 20);
INSERT INTO read_comments (comment, post_id) VALUES ('Comment 20 for post 24', 20);
INSERT INTO write_comments (comment, post_id) VALUES ('Comment 21 for post 24', 21);
INSERT INTO read_comments (comment, post_id) VALUES ('Comment 21 for post 24', 21);
INSERT INTO write_comments (comment, post_id) VALUES ('Comment 22 for post 24', 22);
INSERT INTO read_comments (comment, post_id) VALUES ('Comment 22 for post 24', 22);
INSERT INTO write_comments (comment, post_id) VALUES ('Comment 23 for post 24', 23);
INSERT INTO read_comments (comment, post_id) VALUES ('Comment 23 for post 24', 23);
INSERT INTO write_comments (comment, post_id) VALUES ('Comment 24 for post 24', 24);
INSERT INTO read_comments (comment, post_id) VALUES ('Comment 24 for post 24', 24);
INSERT INTO write_comments (comment, post_id) VALUES ('Comment 25 for post 24', 25);
INSERT INTO read_comments (comment, post_id) VALUES ('Comment 25 for post 24', 25);
INSERT INTO write_comments (comment, post_id) VALUES ('Comment 26 for post 24', 26);
INSERT INTO read_comments (comment, post_id) VALUES ('Comment 26 for post 24', 26);
INSERT INTO write_comments (comment, post_id) VALUES ('Comment 27 for post 24', 27);
INSERT INTO read_comments (comment, post_id) VALUES ('Comment 27 for post 24', 27);
INSERT INTO write_comments (comment, post_id) VALUES ('Comment 28 for post 24', 28);
INSERT INTO read_comments (comment, post_id) VALUES ('Comment 28 for post 24', 28);
INSERT INTO write_comments (comment, post_id) VALUES ('Comment 29 for post 24', 29);
INSERT INTO read_comments (comment, post_id) VALUES ('Comment 29 for post 24', 29);
INSERT INTO write_comments (comment, post_id) VALUES ('Comment 30 for post 24', 30);
INSERT INTO read_comments (comment, post_id) VALUES ('Comment 30 for post 24', 30);
INSERT INTO write_comments (comment, post_id) VALUES ('Comment 31 for post 24', 31);
INSERT INTO read_comments (comment, post_id) VALUES ('Comment 31 for post 24', 31);
INSERT INTO write_comments (comment, post_id) VALUES ('Comment 32 for post 24', 32);
INSERT INTO read_comments (comment, post_id) VALUES ('Comment 32 for post 24', 32);
INSERT INTO write_comments (comment, post_id) VALUES ('Comment 33 for post 24', 33);
INSERT INTO read_comments (comment, post_id) VALUES ('Comment 33 for post 24', 33);
INSERT INTO write_comments (comment, post_id) VALUES ('Comment 34 for post 24', 34);
INSERT INTO read_comments (comment, post_id) VALUES ('Comment 34 for post 24', 34);
INSERT INTO write_comments (comment, post_id) VALUES ('Comment 35 for post 24', 35);
INSERT INTO read_comments (comment, post_id) VALUES ('Comment 35 for post 24', 35);
INSERT INTO write_comments (comment, post_id) VALUES ('Comment 36 for post 24', 36);
INSERT INTO read_comments (comment, post_id) VALUES ('Comment 36 for post 24', 36);
INSERT INTO write_comments (comment, post_id) VALUES ('Comment 37 for post 24', 37);
INSERT INTO read_comments (comment, post_id) VALUES ('Comment 37 for post 24', 37);
INSERT INTO write_comments (comment, post_id) VALUES ('Comment 38 for post 24', 38);
INSERT INTO read_comments (comment, post_id) VALUES ('Comment 38 for post 24', 38);
INSERT INTO write_comments (comment, post_id) VALUES ('Comment 39 for post 24', 39);
INSERT INTO read_comments (comment, post_id) VALUES ('Comment 39 for post 24', 39);
INSERT INTO write_comments (comment, post_id) VALUES ('Comment 40 for post 24', 40);
INSERT INTO read_comments (comment, post_id) VALUES ('Comment 40 for post 24', 40);
INSERT INTO write_comments (comment, post_id) VALUES ('Comment 41 for post 24', 41);
INSERT INTO read_comments (comment, post_id) VALUES ('Comment 41 for post 24', 41);
INSERT INTO write_comments (comment, post_id) VALUES ('Comment 42 for post 24', 42);
INSERT INTO read_comments (comment, post_id) VALUES ('Comment 42 for post 24', 42);
INSERT INTO write_comments (comment, post_id) VALUES ('Comment 43 for post 24', 43);
INSERT INTO read_comments (comment, post_id) VALUES ('Comment 43 for post 24', 43);
INSERT INTO write_comments (comment, post_id) VALUES ('Comment 44 for post 24', 44);
INSERT INTO read_comments (comment, post_id) VALUES ('Comment 44 for post 24', 44);
INSERT INTO write_comments (comment, post_id) VALUES ('Comment 45 for post 24', 45);
INSERT INTO read_comments (comment, post_id) VALUES ('Comment 45 for post 24', 45);
INSERT INTO write_comments (comment, post_id) VALUES ('Comment 46 for post 24', 46);
INSERT INTO read_comments (comment, post_id) VALUES ('Comment 46 for post 24', 46);
INSERT INTO write_comments (comment, post_id) VALUES ('Comment 47 for post 24', 47);
INSERT INTO read_comments (comment, post_id) VALUES ('Comment 47 for post 24', 47);
INSERT INTO write_comments (comment, post_id) VALUES ('Comment 48 for post 24', 48);
INSERT INTO read_comments (comment, post_id) VALUES ('Comment 48 for post 24', 48);
INSERT INTO write_comments (comment, post_id) VALUES ('Comment 49 for post 24', 49);
INSERT INTO read_comments (comment, post_id) VALUES ('Comment 49 for post 24', 49);
INSERT INTO write_comments (comment, post_id) VALUES ('Comment 50 for post 24', 50);
INSERT INTO read_comments (comment, post_id) VALUES ('Comment 50 for post 24', 50);
INSERT INTO write_comments (comment, post_id) VALUES ('Comment 51 for post 24', 51);
INSERT INTO read_comments (comment, post_id) VALUES ('Comment 51 for post 24', 51);
INSERT INTO write_comments (comment, post_id) VALUES ('Comment 52 for post 24', 52);
INSERT INTO read_comments (comment, post_id) VALUES ('Comment 52 for post 24', 52);
INSERT INTO write_comments (comment, post_id) VALUES ('Comment 53 for post 24', 53);
INSERT INTO read_comments (comment, post_id) VALUES ('Comment 53 for post 24', 53);
INSERT INTO write_comments (comment, post_id) VALUES ('Comment 54 for post 24', 54);
INSERT INTO read_comments (comment, post_id) VALUES ('Comment 54 for post 24', 54);
INSERT INTO write_comments (comment, post_id) VALUES ('Comment 55 for post 24', 55);
INSERT INTO read_comments (comment, post_id) VALUES ('Comment 55 for post 24', 55);
INSERT INTO write_comments (comment, post_id) VALUES ('Comment 56 for post 24', 56);
INSERT INTO read_comments (comment, post_id) VALUES ('Comment 56 for post 24', 56);
INSERT INTO write_comments (comment, post_id) VALUES ('Comment 57 for post 24', 57);
INSERT INTO read_comments (comment, post_id) VALUES ('Comment 57 for post 24', 57);
INSERT INTO write_comments (comment, post_id) VALUES ('Comment 58 for post 24', 58);
INSERT INTO read_comments (comment, post_id) VALUES ('Comment 58 for post 24', 58);
INSERT INTO write_comments (comment, post_id) VALUES ('Comment 59 for post 24', 59);
INSERT INTO read_comments (comment, post_id) VALUES ('Comment 59 for post 24', 59);
INSERT INTO write_comments (comment, post_id) VALUES ('Comment 60 for post 24', 60);
INSERT INTO read_comments (comment, post_id) VALUES ('Comment 60 for post 24', 60);
INSERT INTO write_comments (comment, post_id) VALUES ('Comment 61 for post 24', 61);
INSERT INTO read_comments (comment, post_id) VALUES ('Comment 61 for post 24', 61);
INSERT INTO write_comments (comment, post_id) VALUES ('Comment 62 for post 24', 62);
INSERT INTO read_comments (comment, post_id) VALUES ('Comment 62 for post 24', 62);
INSERT INTO write_comments (comment, post_id) VALUES ('Comment 63 for post 24', 63);
INSERT INTO read_comments (comment, post_id) VALUES ('Comment 63 for post 24', 63);
INSERT INTO write_comments (comment, post_id) VALUES ('Comment 64 for post 24', 64);
INSERT INTO read_comments (comment, post_id) VALUES ('Comment 64 for post 24', 64);
INSERT INTO write_comments (comment, post_id) VALUES ('Comment 65 for post 24', 65);
INSERT INTO read_comments (comment, post_id) VALUES ('Comment 65 for post 24', 65);
INSERT INTO write_comments (comment, post_id) VALUES ('Comment 66 for post 24', 66);
INSERT INTO read_comments (comment, post_id) VALUES ('Comment 66 for post 24', 66);
INSERT INTO write_comments (comment, post_id) VALUES ('Comment 67 for post 24', 67);
INSERT INTO read_comments (comment, post_id) VALUES ('Comment 67 for post 24', 67);
INSERT INTO write_comments (comment, post_id) VALUES ('Comment 68 for post 24', 68);
INSERT INTO read_comments (comment, post_id) VALUES ('Comment 68 for post 24', 68);
INSERT INTO write_comments (comment, post_id) VALUES ('Comment 69 for post 24', 69);
INSERT INTO read_comments (comment, post_id) VALUES ('Comment 69 for post 24', 69);
INSERT INTO write_comments (comment, post_id) VALUES ('Comment 70 for post 24', 70);
INSERT INTO read_comments (comment, post_id) VALUES ('Comment 70 for post 24', 70);
INSERT INTO write_comments (comment, post_id) VALUES ('Comment 71 for post 24', 71);
INSERT INTO read_comments (comment, post_id) VALUES ('Comment 71 for post 24', 71);
INSERT INTO write_comments (comment, post_id) VALUES ('Comment 72 for post 24', 72);
INSERT INTO read_comments (comment, post_id) VALUES ('Comment 72 for post 24', 72);
INSERT INTO write_comments (comment, post_id) VALUES ('Comment 73 for post 24', 73);
INSERT INTO read_comments (comment, post_id) VALUES ('Comment 73 for post 24', 73);
INSERT INTO write_comments (comment, post_id) VALUES ('Comment 74 for post 24', 74);
INSERT INTO read_comments (comment, post_id) VALUES ('Comment 74 for post 24', 74);
INSERT INTO write_comments (comment, post_id) VALUES ('Comment 75 for post 24', 75);
INSERT INTO read_comments (comment, post_id) VALUES ('Comment 75 for post 24', 75);
INSERT INTO write_comments (comment, post_id) VALUES ('Comment 76 for post 24', 76);
INSERT INTO read_comments (comment, post_id) VALUES ('Comment 76 for post 24', 76);
INSERT INTO write_comments (comment, post_id) VALUES ('Comment 77 for post 24', 77);
INSERT INTO read_comments (comment, post_id) VALUES ('Comment 77 for post 24', 77);
INSERT INTO write_comments (comment, post_id) VALUES ('Comment 78 for post 24', 78);
INSERT INTO read_comments (comment, post_id) VALUES ('Comment 78 for post 24', 78);
INSERT INTO write_comments (comment, post_id) VALUES ('Comment 79 for post 24', 79);
INSERT INTO read_comments (comment, post_id) VALUES ('Comment 79 for post 24', 79);
INSERT INTO write_comments (comment, post_id) VALUES ('Comment 80 for post 24', 80);
INSERT INTO read_comments (comment, post_id) VALUES ('Comment 80 for post 24', 80);
INSERT INTO write_comments (comment, post_id) VALUES ('Comment 81 for post 24', 81);
INSERT INTO read_comments (comment, post_id) VALUES ('Comment 81 for post 24', 81);
INSERT INTO write_comments (comment, post_id) VALUES ('Comment 82 for post 24', 82);
INSERT INTO read_comments (comment, post_id) VALUES ('Comment 82 for post 24', 82);
INSERT INTO write_comments (comment, post_id) VALUES ('Comment 83 for post 24', 83);
INSERT INTO read_comments (comment, post_id) VALUES ('Comment 83 for post 24', 83);
INSERT INTO write_comments (comment, post_id) VALUES ('Comment 84 for post 24', 84);
INSERT INTO read_comments (comment, post_id) VALUES ('Comment 84 for post 24', 84);
INSERT INTO write_comments (comment, post_id) VALUES ('Comment 85 for post 24', 85);
INSERT INTO read_comments (comment, post_id) VALUES ('Comment 85 for post 24', 85);
INSERT INTO write_comments (comment, post_id) VALUES ('Comment 86 for post 24', 86);
INSERT INTO read_comments (comment, post_id) VALUES ('Comment 86 for post 24', 86);
INSERT INTO write_comments (comment, post_id) VALUES ('Comment 87 for post 24', 87);
INSERT INTO read_comments (comment, post_id) VALUES ('Comment 87 for post 24', 87);
INSERT INTO write_comments (comment, post_id) VALUES ('Comment 88 for post 24', 88);
INSERT INTO read_comments (comment, post_id) VALUES ('Comment 88 for post 24', 88);
INSERT INTO write_comments (comment, post_id) VALUES ('Comment 89 for post 24', 89);
INSERT INTO read_comments (comment, post_id) VALUES ('Comment 89 for post 24', 89);
INSERT INTO write_comments (comment, post_id) VALUES ('Comment 90 for post 24', 90);
INSERT INTO read_comments (comment, post_id) VALUES ('Comment 90 for post 24', 90);
INSERT INTO write_comments (comment, post_id) VALUES ('Comment 91 for post 24', 91);
INSERT INTO read_comments (comment, post_id) VALUES ('Comment 91 for post 24', 91);
INSERT INTO write_comments (comment, post_id) VALUES ('Comment 92 for post 24', 92);
INSERT INTO read_comments (comment, post_id) VALUES ('Comment 92 for post 24', 92);
INSERT INTO write_comments (comment, post_id) VALUES ('Comment 93 for post 24', 93);
INSERT INTO read_comments (comment, post_id) VALUES ('Comment 93 for post 24', 93);
INSERT INTO write_comments (comment, post_id) VALUES ('Comment 94 for post 24', 94);
INSERT INTO read_comments (comment, post_id) VALUES ('Comment 94 for post 24', 94);
INSERT INTO write_comments (comment, post_id) VALUES ('Comment 95 for post 24', 95);
INSERT INTO read_comments (comment, post_id) VALUES ('Comment 95 for post 24', 95);
INSERT INTO write_comments (comment, post_id) VALUES ('Comment 96 for post 24', 96);
INSERT INTO read_comments (comment, post_id) VALUES ('Comment 96 for post 24', 96);
INSERT INTO write_comments (comment, post_id) VALUES ('Comment 97 for post 24', 97);
INSERT INTO read_comments (comment, post_id) VALUES ('Comment 97 for post 24', 97);
INSERT INTO write_comments (comment, post_id) VALUES ('Comment 98 for post 24', 98);
INSERT INTO read_comments (comment, post_id) VALUES ('Comment 98 for post 24', 98);
INSERT INTO write_comments (comment, post_id) VALUES ('Comment 99 for post 24', 99);
INSERT INTO read_comments (comment, post_id) VALUES ('Comment 99 for post 24', 99);
INSERT INTO write_comments (comment, post_id) VALUES ('Comment 100 for post 24', 100);
INSERT INTO read_comments (comment, post_id) VALUES ('Comment 100 for post 24', 100);
INSERT INTO write_comments (comment, post_id) VALUES ('Comment 1 for post 25', 1);
INSERT INTO read_comments (comment, post_id) VALUES ('Comment 1 for post 25', 1);
INSERT INTO write_comments (comment, post_id) VALUES ('Comment 2 for post 25', 2);
INSERT INTO read_comments (comment, post_id) VALUES ('Comment 2 for post 25', 2);
INSERT INTO write_comments (comment, post_id) VALUES ('Comment 3 for post 25', 3);
INSERT INTO read_comments (comment, post_id) VALUES ('Comment 3 for post 25', 3);
INSERT INTO write_comments (comment, post_id) VALUES ('Comment 4 for post 25', 4);
INSERT INTO read_comments (comment, post_id) VALUES ('Comment 4 for post 25', 4);
INSERT INTO write_comments (comment, post_id) VALUES ('Comment 5 for post 25', 5);
INSERT INTO read_comments (comment, post_id) VALUES ('Comment 5 for post 25', 5);
INSERT INTO write_comments (comment, post_id) VALUES ('Comment 6 for post 25', 6);
INSERT INTO read_comments (comment, post_id) VALUES ('Comment 6 for post 25', 6);
INSERT INTO write_comments (comment, post_id) VALUES ('Comment 7 for post 25', 7);
INSERT INTO read_comments (comment, post_id) VALUES ('Comment 7 for post 25', 7);
INSERT INTO write_comments (comment, post_id) VALUES ('Comment 8 for post 25', 8);
INSERT INTO read_comments (comment, post_id) VALUES ('Comment 8 for post 25', 8);
INSERT INTO write_comments (comment, post_id) VALUES ('Comment 9 for post 25', 9);
INSERT INTO read_comments (comment, post_id) VALUES ('Comment 9 for post 25', 9);
INSERT INTO write_comments (comment, post_id) VALUES ('Comment 10 for post 25', 10);
INSERT INTO read_comments (comment, post_id) VALUES ('Comment 10 for post 25', 10);
INSERT INTO write_comments (comment, post_id) VALUES ('Comment 11 for post 25', 11);
INSERT INTO read_comments (comment, post_id) VALUES ('Comment 11 for post 25', 11);
INSERT INTO write_comments (comment, post_id) VALUES ('Comment 12 for post 25', 12);
INSERT INTO read_comments (comment, post_id) VALUES ('Comment 12 for post 25', 12);
INSERT INTO write_comments (comment, post_id) VALUES ('Comment 13 for post 25', 13);
INSERT INTO read_comments (comment, post_id) VALUES ('Comment 13 for post 25', 13);
INSERT INTO write_comments (comment, post_id) VALUES ('Comment 14 for post 25', 14);
INSERT INTO read_comments (comment, post_id) VALUES ('Comment 14 for post 25', 14);
INSERT INTO write_comments (comment, post_id) VALUES ('Comment 15 for post 25', 15);
INSERT INTO read_comments (comment, post_id) VALUES ('Comment 15 for post 25', 15);
INSERT INTO write_comments (comment, post_id) VALUES ('Comment 16 for post 25', 16);
INSERT INTO read_comments (comment, post_id) VALUES ('Comment 16 for post 25', 16);
INSERT INTO write_comments (comment, post_id) VALUES ('Comment 17 for post 25', 17);
INSERT INTO read_comments (comment, post_id) VALUES ('Comment 17 for post 25', 17);
INSERT INTO write_comments (comment, post_id) VALUES ('Comment 18 for post 25', 18);
INSERT INTO read_comments (comment, post_id) VALUES ('Comment 18 for post 25', 18);
INSERT INTO write_comments (comment, post_id) VALUES ('Comment 19 for post 25', 19);
INSERT INTO read_comments (comment, post_id) VALUES ('Comment 19 for post 25', 19);
INSERT INTO write_comments (comment, post_id) VALUES ('Comment 20 for post 25', 20);
INSERT INTO read_comments (comment, post_id) VALUES ('Comment 20 for post 25', 20);
INSERT INTO write_comments (comment, post_id) VALUES ('Comment 21 for post 25', 21);
INSERT INTO read_comments (comment, post_id) VALUES ('Comment 21 for post 25', 21);
INSERT INTO write_comments (comment, post_id) VALUES ('Comment 22 for post 25', 22);
INSERT INTO read_comments (comment, post_id) VALUES ('Comment 22 for post 25', 22);
INSERT INTO write_comments (comment, post_id) VALUES ('Comment 23 for post 25', 23);
INSERT INTO read_comments (comment, post_id) VALUES ('Comment 23 for post 25', 23);
INSERT INTO write_comments (comment, post_id) VALUES ('Comment 24 for post 25', 24);
INSERT INTO read_comments (comment, post_id) VALUES ('Comment 24 for post 25', 24);
INSERT INTO write_comments (comment, post_id) VALUES ('Comment 25 for post 25', 25);
INSERT INTO read_comments (comment, post_id) VALUES ('Comment 25 for post 25', 25);
INSERT INTO write_comments (comment, post_id) VALUES ('Comment 26 for post 25', 26);
INSERT INTO read_comments (comment, post_id) VALUES ('Comment 26 for post 25', 26);
INSERT INTO write_comments (comment, post_id) VALUES ('Comment 27 for post 25', 27);
INSERT INTO read_comments (comment, post_id) VALUES ('Comment 27 for post 25', 27);
INSERT INTO write_comments (comment, post_id) VALUES ('Comment 28 for post 25', 28);
INSERT INTO read_comments (comment, post_id) VALUES ('Comment 28 for post 25', 28);
INSERT INTO write_comments (comment, post_id) VALUES ('Comment 29 for post 25', 29);
INSERT INTO read_comments (comment, post_id) VALUES ('Comment 29 for post 25', 29);
INSERT INTO write_comments (comment, post_id) VALUES ('Comment 30 for post 25', 30);
INSERT INTO read_comments (comment, post_id) VALUES ('Comment 30 for post 25', 30);
INSERT INTO write_comments (comment, post_id) VALUES ('Comment 31 for post 25', 31);
INSERT INTO read_comments (comment, post_id) VALUES ('Comment 31 for post 25', 31);
INSERT INTO write_comments (comment, post_id) VALUES ('Comment 32 for post 25', 32);
INSERT INTO read_comments (comment, post_id) VALUES ('Comment 32 for post 25', 32);
INSERT INTO write_comments (comment, post_id) VALUES ('Comment 33 for post 25', 33);
INSERT INTO read_comments (comment, post_id) VALUES ('Comment 33 for post 25', 33);
INSERT INTO write_comments (comment, post_id) VALUES ('Comment 34 for post 25', 34);
INSERT INTO read_comments (comment, post_id) VALUES ('Comment 34 for post 25', 34);
INSERT INTO write_comments (comment, post_id) VALUES ('Comment 35 for post 25', 35);
INSERT INTO read_comments (comment, post_id) VALUES ('Comment 35 for post 25', 35);
INSERT INTO write_comments (comment, post_id) VALUES ('Comment 36 for post 25', 36);
INSERT INTO read_comments (comment, post_id) VALUES ('Comment 36 for post 25', 36);
INSERT INTO write_comments (comment, post_id) VALUES ('Comment 37 for post 25', 37);
INSERT INTO read_comments (comment, post_id) VALUES ('Comment 37 for post 25', 37);
INSERT INTO write_comments (comment, post_id) VALUES ('Comment 38 for post 25', 38);
INSERT INTO read_comments (comment, post_id) VALUES ('Comment 38 for post 25', 38);
INSERT INTO write_comments (comment, post_id) VALUES ('Comment 39 for post 25', 39);
INSERT INTO read_comments (comment, post_id) VALUES ('Comment 39 for post 25', 39);
INSERT INTO write_comments (comment, post_id) VALUES ('Comment 40 for post 25', 40);
INSERT INTO read_comments (comment, post_id) VALUES ('Comment 40 for post 25', 40);
INSERT INTO write_comments (comment, post_id) VALUES ('Comment 41 for post 25', 41);
INSERT INTO read_comments (comment, post_id) VALUES ('Comment 41 for post 25', 41);
INSERT INTO write_comments (comment, post_id) VALUES ('Comment 42 for post 25', 42);
INSERT INTO read_comments (comment, post_id) VALUES ('Comment 42 for post 25', 42);
INSERT INTO write_comments (comment, post_id) VALUES ('Comment 43 for post 25', 43);
INSERT INTO read_comments (comment, post_id) VALUES ('Comment 43 for post 25', 43);
INSERT INTO write_comments (comment, post_id) VALUES ('Comment 44 for post 25', 44);
INSERT INTO read_comments (comment, post_id) VALUES ('Comment 44 for post 25', 44);
INSERT INTO write_comments (comment, post_id) VALUES ('Comment 45 for post 25', 45);
INSERT INTO read_comments (comment, post_id) VALUES ('Comment 45 for post 25', 45);
INSERT INTO write_comments (comment, post_id) VALUES ('Comment 46 for post 25', 46);
INSERT INTO read_comments (comment, post_id) VALUES ('Comment 46 for post 25', 46);
INSERT INTO write_comments (comment, post_id) VALUES ('Comment 47 for post 25', 47);
INSERT INTO read_comments (comment, post_id) VALUES ('Comment 47 for post 25', 47);
INSERT INTO write_comments (comment, post_id) VALUES ('Comment 48 for post 25', 48);
INSERT INTO read_comments (comment, post_id) VALUES ('Comment 48 for post 25', 48);
INSERT INTO write_comments (comment, post_id) VALUES ('Comment 49 for post 25', 49);
INSERT INTO read_comments (comment, post_id) VALUES ('Comment 49 for post 25', 49);
INSERT INTO write_comments (comment, post_id) VALUES ('Comment 50 for post 25', 50);
INSERT INTO read_comments (comment, post_id) VALUES ('Comment 50 for post 25', 50);
INSERT INTO write_comments (comment, post_id) VALUES ('Comment 51 for post 25', 51);
INSERT INTO read_comments (comment, post_id) VALUES ('Comment 51 for post 25', 51);
INSERT INTO write_comments (comment, post_id) VALUES ('Comment 52 for post 25', 52);
INSERT INTO read_comments (comment, post_id) VALUES ('Comment 52 for post 25', 52);
INSERT INTO write_comments (comment, post_id) VALUES ('Comment 53 for post 25', 53);
INSERT INTO read_comments (comment, post_id) VALUES ('Comment 53 for post 25', 53);
INSERT INTO write_comments (comment, post_id) VALUES ('Comment 54 for post 25', 54);
INSERT INTO read_comments (comment, post_id) VALUES ('Comment 54 for post 25', 54);
INSERT INTO write_comments (comment, post_id) VALUES ('Comment 55 for post 25', 55);
INSERT INTO read_comments (comment, post_id) VALUES ('Comment 55 for post 25', 55);
INSERT INTO write_comments (comment, post_id) VALUES ('Comment 56 for post 25', 56);
INSERT INTO read_comments (comment, post_id) VALUES ('Comment 56 for post 25', 56);
INSERT INTO write_comments (comment, post_id) VALUES ('Comment 57 for post 25', 57);
INSERT INTO read_comments (comment, post_id) VALUES ('Comment 57 for post 25', 57);
INSERT INTO write_comments (comment, post_id) VALUES ('Comment 58 for post 25', 58);
INSERT INTO read_comments (comment, post_id) VALUES ('Comment 58 for post 25', 58);
INSERT INTO write_comments (comment, post_id) VALUES ('Comment 59 for post 25', 59);
INSERT INTO read_comments (comment, post_id) VALUES ('Comment 59 for post 25', 59);
INSERT INTO write_comments (comment, post_id) VALUES ('Comment 60 for post 25', 60);
INSERT INTO read_comments (comment, post_id) VALUES ('Comment 60 for post 25', 60);
INSERT INTO write_comments (comment, post_id) VALUES ('Comment 61 for post 25', 61);
INSERT INTO read_comments (comment, post_id) VALUES ('Comment 61 for post 25', 61);
INSERT INTO write_comments (comment, post_id) VALUES ('Comment 62 for post 25', 62);
INSERT INTO read_comments (comment, post_id) VALUES ('Comment 62 for post 25', 62);
INSERT INTO write_comments (comment, post_id) VALUES ('Comment 63 for post 25', 63);
INSERT INTO read_comments (comment, post_id) VALUES ('Comment 63 for post 25', 63);
INSERT INTO write_comments (comment, post_id) VALUES ('Comment 64 for post 25', 64);
INSERT INTO read_comments (comment, post_id) VALUES ('Comment 64 for post 25', 64);
INSERT INTO write_comments (comment, post_id) VALUES ('Comment 65 for post 25', 65);
INSERT INTO read_comments (comment, post_id) VALUES ('Comment 65 for post 25', 65);
INSERT INTO write_comments (comment, post_id) VALUES ('Comment 66 for post 25', 66);
INSERT INTO read_comments (comment, post_id) VALUES ('Comment 66 for post 25', 66);
INSERT INTO write_comments (comment, post_id) VALUES ('Comment 67 for post 25', 67);
INSERT INTO read_comments (comment, post_id) VALUES ('Comment 67 for post 25', 67);
INSERT INTO write_comments (comment, post_id) VALUES ('Comment 68 for post 25', 68);
INSERT INTO read_comments (comment, post_id) VALUES ('Comment 68 for post 25', 68);
INSERT INTO write_comments (comment, post_id) VALUES ('Comment 69 for post 25', 69);
INSERT INTO read_comments (comment, post_id) VALUES ('Comment 69 for post 25', 69);
INSERT INTO write_comments (comment, post_id) VALUES ('Comment 70 for post 25', 70);
INSERT INTO read_comments (comment, post_id) VALUES ('Comment 70 for post 25', 70);
INSERT INTO write_comments (comment, post_id) VALUES ('Comment 71 for post 25', 71);
INSERT INTO read_comments (comment, post_id) VALUES ('Comment 71 for post 25', 71);
INSERT INTO write_comments (comment, post_id) VALUES ('Comment 72 for post 25', 72);
INSERT INTO read_comments (comment, post_id) VALUES ('Comment 72 for post 25', 72);
INSERT INTO write_comments (comment, post_id) VALUES ('Comment 73 for post 25', 73);
INSERT INTO read_comments (comment, post_id) VALUES ('Comment 73 for post 25', 73);
INSERT INTO write_comments (comment, post_id) VALUES ('Comment 74 for post 25', 74);
INSERT INTO read_comments (comment, post_id) VALUES ('Comment 74 for post 25', 74);
INSERT INTO write_comments (comment, post_id) VALUES ('Comment 75 for post 25', 75);
INSERT INTO read_comments (comment, post_id) VALUES ('Comment 75 for post 25', 75);
INSERT INTO write_comments (comment, post_id) VALUES ('Comment 76 for post 25', 76);
INSERT INTO read_comments (comment, post_id) VALUES ('Comment 76 for post 25', 76);
INSERT INTO write_comments (comment, post_id) VALUES ('Comment 77 for post 25', 77);
INSERT INTO read_comments (comment, post_id) VALUES ('Comment 77 for post 25', 77);
INSERT INTO write_comments (comment, post_id) VALUES ('Comment 78 for post 25', 78);
INSERT INTO read_comments (comment, post_id) VALUES ('Comment 78 for post 25', 78);
INSERT INTO write_comments (comment, post_id) VALUES ('Comment 79 for post 25', 79);
INSERT INTO read_comments (comment, post_id) VALUES ('Comment 79 for post 25', 79);
INSERT INTO write_comments (comment, post_id) VALUES ('Comment 80 for post 25', 80);
INSERT INTO read_comments (comment, post_id) VALUES ('Comment 80 for post 25', 80);
INSERT INTO write_comments (comment, post_id) VALUES ('Comment 81 for post 25', 81);
INSERT INTO read_comments (comment, post_id) VALUES ('Comment 81 for post 25', 81);
INSERT INTO write_comments (comment, post_id) VALUES ('Comment 82 for post 25', 82);
INSERT INTO read_comments (comment, post_id) VALUES ('Comment 82 for post 25', 82);
INSERT INTO write_comments (comment, post_id) VALUES ('Comment 83 for post 25', 83);
INSERT INTO read_comments (comment, post_id) VALUES ('Comment 83 for post 25', 83);
INSERT INTO write_comments (comment, post_id) VALUES ('Comment 84 for post 25', 84);
INSERT INTO read_comments (comment, post_id) VALUES ('Comment 84 for post 25', 84);
INSERT INTO write_comments (comment, post_id) VALUES ('Comment 85 for post 25', 85);
INSERT INTO read_comments (comment, post_id) VALUES ('Comment 85 for post 25', 85);
INSERT INTO write_comments (comment, post_id) VALUES ('Comment 86 for post 25', 86);
INSERT INTO read_comments (comment, post_id) VALUES ('Comment 86 for post 25', 86);
INSERT INTO write_comments (comment, post_id) VALUES ('Comment 87 for post 25', 87);
INSERT INTO read_comments (comment, post_id) VALUES ('Comment 87 for post 25', 87);
INSERT INTO write_comments (comment, post_id) VALUES ('Comment 88 for post 25', 88);
INSERT INTO read_comments (comment, post_id) VALUES ('Comment 88 for post 25', 88);
INSERT INTO write_comments (comment, post_id) VALUES ('Comment 89 for post 25', 89);
INSERT INTO read_comments (comment, post_id) VALUES ('Comment 89 for post 25', 89);
INSERT INTO write_comments (comment, post_id) VALUES ('Comment 90 for post 25', 90);
INSERT INTO read_comments (comment, post_id) VALUES ('Comment 90 for post 25', 90);
INSERT INTO write_comments (comment, post_id) VALUES ('Comment 91 for post 25', 91);
INSERT INTO read_comments (comment, post_id) VALUES ('Comment 91 for post 25', 91);
INSERT INTO write_comments (comment, post_id) VALUES ('Comment 92 for post 25', 92);
INSERT INTO read_comments (comment, post_id) VALUES ('Comment 92 for post 25', 92);
INSERT INTO write_comments (comment, post_id) VALUES ('Comment 93 for post 25', 93);
INSERT INTO read_comments (comment, post_id) VALUES ('Comment 93 for post 25', 93);
INSERT INTO write_comments (comment, post_id) VALUES ('Comment 94 for post 25', 94);
INSERT INTO read_comments (comment, post_id) VALUES ('Comment 94 for post 25', 94);
INSERT INTO write_comments (comment, post_id) VALUES ('Comment 95 for post 25', 95);
INSERT INTO read_comments (comment, post_id) VALUES ('Comment 95 for post 25', 95);
INSERT INTO write_comments (comment, post_id) VALUES ('Comment 96 for post 25', 96);
INSERT INTO read_comments (comment, post_id) VALUES ('Comment 96 for post 25', 96);
INSERT INTO write_comments (comment, post_id) VALUES ('Comment 97 for post 25', 97);
INSERT INTO read_comments (comment, post_id) VALUES ('Comment 97 for post 25', 97);
INSERT INTO write_comments (comment, post_id) VALUES ('Comment 98 for post 25', 98);
INSERT INTO read_comments (comment, post_id) VALUES ('Comment 98 for post 25', 98);
INSERT INTO write_comments (comment, post_id) VALUES ('Comment 99 for post 25', 99);
INSERT INTO read_comments (comment, post_id) VALUES ('Comment 99 for post 25', 99);
INSERT INTO write_comments (comment, post_id) VALUES ('Comment 100 for post 25', 100);
INSERT INTO read_comments (comment, post_id) VALUES ('Comment 100 for post 25', 100);
INSERT INTO write_comments (comment, post_id) VALUES ('Comment 1 for post 26', 1);
INSERT INTO read_comments (comment, post_id) VALUES ('Comment 1 for post 26', 1);
INSERT INTO write_comments (comment, post_id) VALUES ('Comment 2 for post 26', 2);
INSERT INTO read_comments (comment, post_id) VALUES ('Comment 2 for post 26', 2);
INSERT INTO write_comments (comment, post_id) VALUES ('Comment 3 for post 26', 3);
INSERT INTO read_comments (comment, post_id) VALUES ('Comment 3 for post 26', 3);
INSERT INTO write_comments (comment, post_id) VALUES ('Comment 4 for post 26', 4);
INSERT INTO read_comments (comment, post_id) VALUES ('Comment 4 for post 26', 4);
INSERT INTO write_comments (comment, post_id) VALUES ('Comment 5 for post 26', 5);
INSERT INTO read_comments (comment, post_id) VALUES ('Comment 5 for post 26', 5);
INSERT INTO write_comments (comment, post_id) VALUES ('Comment 6 for post 26', 6);
INSERT INTO read_comments (comment, post_id) VALUES ('Comment 6 for post 26', 6);
INSERT INTO write_comments (comment, post_id) VALUES ('Comment 7 for post 26', 7);
INSERT INTO read_comments (comment, post_id) VALUES ('Comment 7 for post 26', 7);
INSERT INTO write_comments (comment, post_id) VALUES ('Comment 8 for post 26', 8);
INSERT INTO read_comments (comment, post_id) VALUES ('Comment 8 for post 26', 8);
INSERT INTO write_comments (comment, post_id) VALUES ('Comment 9 for post 26', 9);
INSERT INTO read_comments (comment, post_id) VALUES ('Comment 9 for post 26', 9);
INSERT INTO write_comments (comment, post_id) VALUES ('Comment 10 for post 26', 10);
INSERT INTO read_comments (comment, post_id) VALUES ('Comment 10 for post 26', 10);
INSERT INTO write_comments (comment, post_id) VALUES ('Comment 11 for post 26', 11);
INSERT INTO read_comments (comment, post_id) VALUES ('Comment 11 for post 26', 11);
INSERT INTO write_comments (comment, post_id) VALUES ('Comment 12 for post 26', 12);
INSERT INTO read_comments (comment, post_id) VALUES ('Comment 12 for post 26', 12);
INSERT INTO write_comments (comment, post_id) VALUES ('Comment 13 for post 26', 13);
INSERT INTO read_comments (comment, post_id) VALUES ('Comment 13 for post 26', 13);
INSERT INTO write_comments (comment, post_id) VALUES ('Comment 14 for post 26', 14);
INSERT INTO read_comments (comment, post_id) VALUES ('Comment 14 for post 26', 14);
INSERT INTO write_comments (comment, post_id) VALUES ('Comment 15 for post 26', 15);
INSERT INTO read_comments (comment, post_id) VALUES ('Comment 15 for post 26', 15);
INSERT INTO write_comments (comment, post_id) VALUES ('Comment 16 for post 26', 16);
INSERT INTO read_comments (comment, post_id) VALUES ('Comment 16 for post 26', 16);
INSERT INTO write_comments (comment, post_id) VALUES ('Comment 17 for post 26', 17);
INSERT INTO read_comments (comment, post_id) VALUES ('Comment 17 for post 26', 17);
INSERT INTO write_comments (comment, post_id) VALUES ('Comment 18 for post 26', 18);
INSERT INTO read_comments (comment, post_id) VALUES ('Comment 18 for post 26', 18);
INSERT INTO write_comments (comment, post_id) VALUES ('Comment 19 for post 26', 19);
INSERT INTO read_comments (comment, post_id) VALUES ('Comment 19 for post 26', 19);
INSERT INTO write_comments (comment, post_id) VALUES ('Comment 20 for post 26', 20);
INSERT INTO read_comments (comment, post_id) VALUES ('Comment 20 for post 26', 20);
INSERT INTO write_comments (comment, post_id) VALUES ('Comment 21 for post 26', 21);
INSERT INTO read_comments (comment, post_id) VALUES ('Comment 21 for post 26', 21);
INSERT INTO write_comments (comment, post_id) VALUES ('Comment 22 for post 26', 22);
INSERT INTO read_comments (comment, post_id) VALUES ('Comment 22 for post 26', 22);
INSERT INTO write_comments (comment, post_id) VALUES ('Comment 23 for post 26', 23);
INSERT INTO read_comments (comment, post_id) VALUES ('Comment 23 for post 26', 23);
INSERT INTO write_comments (comment, post_id) VALUES ('Comment 24 for post 26', 24);
INSERT INTO read_comments (comment, post_id) VALUES ('Comment 24 for post 26', 24);
INSERT INTO write_comments (comment, post_id) VALUES ('Comment 25 for post 26', 25);
INSERT INTO read_comments (comment, post_id) VALUES ('Comment 25 for post 26', 25);
INSERT INTO write_comments (comment, post_id) VALUES ('Comment 26 for post 26', 26);
INSERT INTO read_comments (comment, post_id) VALUES ('Comment 26 for post 26', 26);
INSERT INTO write_comments (comment, post_id) VALUES ('Comment 27 for post 26', 27);
INSERT INTO read_comments (comment, post_id) VALUES ('Comment 27 for post 26', 27);
INSERT INTO write_comments (comment, post_id) VALUES ('Comment 28 for post 26', 28);
INSERT INTO read_comments (comment, post_id) VALUES ('Comment 28 for post 26', 28);
INSERT INTO write_comments (comment, post_id) VALUES ('Comment 29 for post 26', 29);
INSERT INTO read_comments (comment, post_id) VALUES ('Comment 29 for post 26', 29);
INSERT INTO write_comments (comment, post_id) VALUES ('Comment 30 for post 26', 30);
INSERT INTO read_comments (comment, post_id) VALUES ('Comment 30 for post 26', 30);
INSERT INTO write_comments (comment, post_id) VALUES ('Comment 31 for post 26', 31);
INSERT INTO read_comments (comment, post_id) VALUES ('Comment 31 for post 26', 31);
INSERT INTO write_comments (comment, post_id) VALUES ('Comment 32 for post 26', 32);
INSERT INTO read_comments (comment, post_id) VALUES ('Comment 32 for post 26', 32);
INSERT INTO write_comments (comment, post_id) VALUES ('Comment 33 for post 26', 33);
INSERT INTO read_comments (comment, post_id) VALUES ('Comment 33 for post 26', 33);
INSERT INTO write_comments (comment, post_id) VALUES ('Comment 34 for post 26', 34);
INSERT INTO read_comments (comment, post_id) VALUES ('Comment 34 for post 26', 34);
INSERT INTO write_comments (comment, post_id) VALUES ('Comment 35 for post 26', 35);
INSERT INTO read_comments (comment, post_id) VALUES ('Comment 35 for post 26', 35);
INSERT INTO write_comments (comment, post_id) VALUES ('Comment 36 for post 26', 36);
INSERT INTO read_comments (comment, post_id) VALUES ('Comment 36 for post 26', 36);
INSERT INTO write_comments (comment, post_id) VALUES ('Comment 37 for post 26', 37);
INSERT INTO read_comments (comment, post_id) VALUES ('Comment 37 for post 26', 37);
INSERT INTO write_comments (comment, post_id) VALUES ('Comment 38 for post 26', 38);
INSERT INTO read_comments (comment, post_id) VALUES ('Comment 38 for post 26', 38);
INSERT INTO write_comments (comment, post_id) VALUES ('Comment 39 for post 26', 39);
INSERT INTO read_comments (comment, post_id) VALUES ('Comment 39 for post 26', 39);
INSERT INTO write_comments (comment, post_id) VALUES ('Comment 40 for post 26', 40);
INSERT INTO read_comments (comment, post_id) VALUES ('Comment 40 for post 26', 40);
INSERT INTO write_comments (comment, post_id) VALUES ('Comment 41 for post 26', 41);
INSERT INTO read_comments (comment, post_id) VALUES ('Comment 41 for post 26', 41);
INSERT INTO write_comments (comment, post_id) VALUES ('Comment 42 for post 26', 42);
INSERT INTO read_comments (comment, post_id) VALUES ('Comment 42 for post 26', 42);
INSERT INTO write_comments (comment, post_id) VALUES ('Comment 43 for post 26', 43);
INSERT INTO read_comments (comment, post_id) VALUES ('Comment 43 for post 26', 43);
INSERT INTO write_comments (comment, post_id) VALUES ('Comment 44 for post 26', 44);
INSERT INTO read_comments (comment, post_id) VALUES ('Comment 44 for post 26', 44);
INSERT INTO write_comments (comment, post_id) VALUES ('Comment 45 for post 26', 45);
INSERT INTO read_comments (comment, post_id) VALUES ('Comment 45 for post 26', 45);
INSERT INTO write_comments (comment, post_id) VALUES ('Comment 46 for post 26', 46);
INSERT INTO read_comments (comment, post_id) VALUES ('Comment 46 for post 26', 46);
INSERT INTO write_comments (comment, post_id) VALUES ('Comment 47 for post 26', 47);
INSERT INTO read_comments (comment, post_id) VALUES ('Comment 47 for post 26', 47);
INSERT INTO write_comments (comment, post_id) VALUES ('Comment 48 for post 26', 48);
INSERT INTO read_comments (comment, post_id) VALUES ('Comment 48 for post 26', 48);
INSERT INTO write_comments (comment, post_id) VALUES ('Comment 49 for post 26', 49);
INSERT INTO read_comments (comment, post_id) VALUES ('Comment 49 for post 26', 49);
INSERT INTO write_comments (comment, post_id) VALUES ('Comment 50 for post 26', 50);
INSERT INTO read_comments (comment, post_id) VALUES ('Comment 50 for post 26', 50);
INSERT INTO write_comments (comment, post_id) VALUES ('Comment 51 for post 26', 51);
INSERT INTO read_comments (comment, post_id) VALUES ('Comment 51 for post 26', 51);
INSERT INTO write_comments (comment, post_id) VALUES ('Comment 52 for post 26', 52);
INSERT INTO read_comments (comment, post_id) VALUES ('Comment 52 for post 26', 52);
INSERT INTO write_comments (comment, post_id) VALUES ('Comment 53 for post 26', 53);
INSERT INTO read_comments (comment, post_id) VALUES ('Comment 53 for post 26', 53);
INSERT INTO write_comments (comment, post_id) VALUES ('Comment 54 for post 26', 54);
INSERT INTO read_comments (comment, post_id) VALUES ('Comment 54 for post 26', 54);
INSERT INTO write_comments (comment, post_id) VALUES ('Comment 55 for post 26', 55);
INSERT INTO read_comments (comment, post_id) VALUES ('Comment 55 for post 26', 55);
INSERT INTO write_comments (comment, post_id) VALUES ('Comment 56 for post 26', 56);
INSERT INTO read_comments (comment, post_id) VALUES ('Comment 56 for post 26', 56);
INSERT INTO write_comments (comment, post_id) VALUES ('Comment 57 for post 26', 57);
INSERT INTO read_comments (comment, post_id) VALUES ('Comment 57 for post 26', 57);
INSERT INTO write_comments (comment, post_id) VALUES ('Comment 58 for post 26', 58);
INSERT INTO read_comments (comment, post_id) VALUES ('Comment 58 for post 26', 58);
INSERT INTO write_comments (comment, post_id) VALUES ('Comment 59 for post 26', 59);
INSERT INTO read_comments (comment, post_id) VALUES ('Comment 59 for post 26', 59);
INSERT INTO write_comments (comment, post_id) VALUES ('Comment 60 for post 26', 60);
INSERT INTO read_comments (comment, post_id) VALUES ('Comment 60 for post 26', 60);
INSERT INTO write_comments (comment, post_id) VALUES ('Comment 61 for post 26', 61);
INSERT INTO read_comments (comment, post_id) VALUES ('Comment 61 for post 26', 61);
INSERT INTO write_comments (comment, post_id) VALUES ('Comment 62 for post 26', 62);
INSERT INTO read_comments (comment, post_id) VALUES ('Comment 62 for post 26', 62);
INSERT INTO write_comments (comment, post_id) VALUES ('Comment 63 for post 26', 63);
INSERT INTO read_comments (comment, post_id) VALUES ('Comment 63 for post 26', 63);
INSERT INTO write_comments (comment, post_id) VALUES ('Comment 64 for post 26', 64);
INSERT INTO read_comments (comment, post_id) VALUES ('Comment 64 for post 26', 64);
INSERT INTO write_comments (comment, post_id) VALUES ('Comment 65 for post 26', 65);
INSERT INTO read_comments (comment, post_id) VALUES ('Comment 65 for post 26', 65);
INSERT INTO write_comments (comment, post_id) VALUES ('Comment 66 for post 26', 66);
INSERT INTO read_comments (comment, post_id) VALUES ('Comment 66 for post 26', 66);
INSERT INTO write_comments (comment, post_id) VALUES ('Comment 67 for post 26', 67);
INSERT INTO read_comments (comment, post_id) VALUES ('Comment 67 for post 26', 67);
INSERT INTO write_comments (comment, post_id) VALUES ('Comment 68 for post 26', 68);
INSERT INTO read_comments (comment, post_id) VALUES ('Comment 68 for post 26', 68);
INSERT INTO write_comments (comment, post_id) VALUES ('Comment 69 for post 26', 69);
INSERT INTO read_comments (comment, post_id) VALUES ('Comment 69 for post 26', 69);
INSERT INTO write_comments (comment, post_id) VALUES ('Comment 70 for post 26', 70);
INSERT INTO read_comments (comment, post_id) VALUES ('Comment 70 for post 26', 70);
INSERT INTO write_comments (comment, post_id) VALUES ('Comment 71 for post 26', 71);
INSERT INTO read_comments (comment, post_id) VALUES ('Comment 71 for post 26', 71);
INSERT INTO write_comments (comment, post_id) VALUES ('Comment 72 for post 26', 72);
INSERT INTO read_comments (comment, post_id) VALUES ('Comment 72 for post 26', 72);
INSERT INTO write_comments (comment, post_id) VALUES ('Comment 73 for post 26', 73);
INSERT INTO read_comments (comment, post_id) VALUES ('Comment 73 for post 26', 73);
INSERT INTO write_comments (comment, post_id) VALUES ('Comment 74 for post 26', 74);
INSERT INTO read_comments (comment, post_id) VALUES ('Comment 74 for post 26', 74);
INSERT INTO write_comments (comment, post_id) VALUES ('Comment 75 for post 26', 75);
INSERT INTO read_comments (comment, post_id) VALUES ('Comment 75 for post 26', 75);
INSERT INTO write_comments (comment, post_id) VALUES ('Comment 76 for post 26', 76);
INSERT INTO read_comments (comment, post_id) VALUES ('Comment 76 for post 26', 76);
INSERT INTO write_comments (comment, post_id) VALUES ('Comment 77 for post 26', 77);
INSERT INTO read_comments (comment, post_id) VALUES ('Comment 77 for post 26', 77);
INSERT INTO write_comments (comment, post_id) VALUES ('Comment 78 for post 26', 78);
INSERT INTO read_comments (comment, post_id) VALUES ('Comment 78 for post 26', 78);
INSERT INTO write_comments (comment, post_id) VALUES ('Comment 79 for post 26', 79);
INSERT INTO read_comments (comment, post_id) VALUES ('Comment 79 for post 26', 79);
INSERT INTO write_comments (comment, post_id) VALUES ('Comment 80 for post 26', 80);
INSERT INTO read_comments (comment, post_id) VALUES ('Comment 80 for post 26', 80);
INSERT INTO write_comments (comment, post_id) VALUES ('Comment 81 for post 26', 81);
INSERT INTO read_comments (comment, post_id) VALUES ('Comment 81 for post 26', 81);
INSERT INTO write_comments (comment, post_id) VALUES ('Comment 82 for post 26', 82);
INSERT INTO read_comments (comment, post_id) VALUES ('Comment 82 for post 26', 82);
INSERT INTO write_comments (comment, post_id) VALUES ('Comment 83 for post 26', 83);
INSERT INTO read_comments (comment, post_id) VALUES ('Comment 83 for post 26', 83);
INSERT INTO write_comments (comment, post_id) VALUES ('Comment 84 for post 26', 84);
INSERT INTO read_comments (comment, post_id) VALUES ('Comment 84 for post 26', 84);
INSERT INTO write_comments (comment, post_id) VALUES ('Comment 85 for post 26', 85);
INSERT INTO read_comments (comment, post_id) VALUES ('Comment 85 for post 26', 85);
INSERT INTO write_comments (comment, post_id) VALUES ('Comment 86 for post 26', 86);
INSERT INTO read_comments (comment, post_id) VALUES ('Comment 86 for post 26', 86);
INSERT INTO write_comments (comment, post_id) VALUES ('Comment 87 for post 26', 87);
INSERT INTO read_comments (comment, post_id) VALUES ('Comment 87 for post 26', 87);
INSERT INTO write_comments (comment, post_id) VALUES ('Comment 88 for post 26', 88);
INSERT INTO read_comments (comment, post_id) VALUES ('Comment 88 for post 26', 88);
INSERT INTO write_comments (comment, post_id) VALUES ('Comment 89 for post 26', 89);
INSERT INTO read_comments (comment, post_id) VALUES ('Comment 89 for post 26', 89);
INSERT INTO write_comments (comment, post_id) VALUES ('Comment 90 for post 26', 90);
INSERT INTO read_comments (comment, post_id) VALUES ('Comment 90 for post 26', 90);
INSERT INTO write_comments (comment, post_id) VALUES ('Comment 91 for post 26', 91);
INSERT INTO read_comments (comment, post_id) VALUES ('Comment 91 for post 26', 91);
INSERT INTO write_comments (comment, post_id) VALUES ('Comment 92 for post 26', 92);
INSERT INTO read_comments (comment, post_id) VALUES ('Comment 92 for post 26', 92);
INSERT INTO write_comments (comment, post_id) VALUES ('Comment 93 for post 26', 93);
INSERT INTO read_comments (comment, post_id) VALUES ('Comment 93 for post 26', 93);
INSERT INTO write_comments (comment, post_id) VALUES ('Comment 94 for post 26', 94);
INSERT INTO read_comments (comment, post_id) VALUES ('Comment 94 for post 26', 94);
INSERT INTO write_comments (comment, post_id) VALUES ('Comment 95 for post 26', 95);
INSERT INTO read_comments (comment, post_id) VALUES ('Comment 95 for post 26', 95);
INSERT INTO write_comments (comment, post_id) VALUES ('Comment 96 for post 26', 96);
INSERT INTO read_comments (comment, post_id) VALUES ('Comment 96 for post 26', 96);
INSERT INTO write_comments (comment, post_id) VALUES ('Comment 97 for post 26', 97);
INSERT INTO read_comments (comment, post_id) VALUES ('Comment 97 for post 26', 97);
INSERT INTO write_comments (comment, post_id) VALUES ('Comment 98 for post 26', 98);
INSERT INTO read_comments (comment, post_id) VALUES ('Comment 98 for post 26', 98);
INSERT INTO write_comments (comment, post_id) VALUES ('Comment 99 for post 26', 99);
INSERT INTO read_comments (comment, post_id) VALUES ('Comment 99 for post 26', 99);
INSERT INTO write_comments (comment, post_id) VALUES ('Comment 100 for post 26', 100);
INSERT INTO read_comments (comment, post_id) VALUES ('Comment 100 for post 26', 100);
INSERT INTO write_comments (comment, post_id) VALUES ('Comment 1 for post 27', 1);
INSERT INTO read_comments (comment, post_id) VALUES ('Comment 1 for post 27', 1);
INSERT INTO write_comments (comment, post_id) VALUES ('Comment 2 for post 27', 2);
INSERT INTO read_comments (comment, post_id) VALUES ('Comment 2 for post 27', 2);
INSERT INTO write_comments (comment, post_id) VALUES ('Comment 3 for post 27', 3);
INSERT INTO read_comments (comment, post_id) VALUES ('Comment 3 for post 27', 3);
INSERT INTO write_comments (comment, post_id) VALUES ('Comment 4 for post 27', 4);
INSERT INTO read_comments (comment, post_id) VALUES ('Comment 4 for post 27', 4);
INSERT INTO write_comments (comment, post_id) VALUES ('Comment 5 for post 27', 5);
INSERT INTO read_comments (comment, post_id) VALUES ('Comment 5 for post 27', 5);
INSERT INTO write_comments (comment, post_id) VALUES ('Comment 6 for post 27', 6);
INSERT INTO read_comments (comment, post_id) VALUES ('Comment 6 for post 27', 6);
INSERT INTO write_comments (comment, post_id) VALUES ('Comment 7 for post 27', 7);
INSERT INTO read_comments (comment, post_id) VALUES ('Comment 7 for post 27', 7);
INSERT INTO write_comments (comment, post_id) VALUES ('Comment 8 for post 27', 8);
INSERT INTO read_comments (comment, post_id) VALUES ('Comment 8 for post 27', 8);
INSERT INTO write_comments (comment, post_id) VALUES ('Comment 9 for post 27', 9);
INSERT INTO read_comments (comment, post_id) VALUES ('Comment 9 for post 27', 9);
INSERT INTO write_comments (comment, post_id) VALUES ('Comment 10 for post 27', 10);
INSERT INTO read_comments (comment, post_id) VALUES ('Comment 10 for post 27', 10);
INSERT INTO write_comments (comment, post_id) VALUES ('Comment 11 for post 27', 11);
INSERT INTO read_comments (comment, post_id) VALUES ('Comment 11 for post 27', 11);
INSERT INTO write_comments (comment, post_id) VALUES ('Comment 12 for post 27', 12);
INSERT INTO read_comments (comment, post_id) VALUES ('Comment 12 for post 27', 12);
INSERT INTO write_comments (comment, post_id) VALUES ('Comment 13 for post 27', 13);
INSERT INTO read_comments (comment, post_id) VALUES ('Comment 13 for post 27', 13);
INSERT INTO write_comments (comment, post_id) VALUES ('Comment 14 for post 27', 14);
INSERT INTO read_comments (comment, post_id) VALUES ('Comment 14 for post 27', 14);
INSERT INTO write_comments (comment, post_id) VALUES ('Comment 15 for post 27', 15);
INSERT INTO read_comments (comment, post_id) VALUES ('Comment 15 for post 27', 15);
INSERT INTO write_comments (comment, post_id) VALUES ('Comment 16 for post 27', 16);
INSERT INTO read_comments (comment, post_id) VALUES ('Comment 16 for post 27', 16);
INSERT INTO write_comments (comment, post_id) VALUES ('Comment 17 for post 27', 17);
INSERT INTO read_comments (comment, post_id) VALUES ('Comment 17 for post 27', 17);
INSERT INTO write_comments (comment, post_id) VALUES ('Comment 18 for post 27', 18);
INSERT INTO read_comments (comment, post_id) VALUES ('Comment 18 for post 27', 18);
INSERT INTO write_comments (comment, post_id) VALUES ('Comment 19 for post 27', 19);
INSERT INTO read_comments (comment, post_id) VALUES ('Comment 19 for post 27', 19);
INSERT INTO write_comments (comment, post_id) VALUES ('Comment 20 for post 27', 20);
INSERT INTO read_comments (comment, post_id) VALUES ('Comment 20 for post 27', 20);
INSERT INTO write_comments (comment, post_id) VALUES ('Comment 21 for post 27', 21);
INSERT INTO read_comments (comment, post_id) VALUES ('Comment 21 for post 27', 21);
INSERT INTO write_comments (comment, post_id) VALUES ('Comment 22 for post 27', 22);
INSERT INTO read_comments (comment, post_id) VALUES ('Comment 22 for post 27', 22);
INSERT INTO write_comments (comment, post_id) VALUES ('Comment 23 for post 27', 23);
INSERT INTO read_comments (comment, post_id) VALUES ('Comment 23 for post 27', 23);
INSERT INTO write_comments (comment, post_id) VALUES ('Comment 24 for post 27', 24);
INSERT INTO read_comments (comment, post_id) VALUES ('Comment 24 for post 27', 24);
INSERT INTO write_comments (comment, post_id) VALUES ('Comment 25 for post 27', 25);
INSERT INTO read_comments (comment, post_id) VALUES ('Comment 25 for post 27', 25);
INSERT INTO write_comments (comment, post_id) VALUES ('Comment 26 for post 27', 26);
INSERT INTO read_comments (comment, post_id) VALUES ('Comment 26 for post 27', 26);
INSERT INTO write_comments (comment, post_id) VALUES ('Comment 27 for post 27', 27);
INSERT INTO read_comments (comment, post_id) VALUES ('Comment 27 for post 27', 27);
INSERT INTO write_comments (comment, post_id) VALUES ('Comment 28 for post 27', 28);
INSERT INTO read_comments (comment, post_id) VALUES ('Comment 28 for post 27', 28);
INSERT INTO write_comments (comment, post_id) VALUES ('Comment 29 for post 27', 29);
INSERT INTO read_comments (comment, post_id) VALUES ('Comment 29 for post 27', 29);
INSERT INTO write_comments (comment, post_id) VALUES ('Comment 30 for post 27', 30);
INSERT INTO read_comments (comment, post_id) VALUES ('Comment 30 for post 27', 30);
INSERT INTO write_comments (comment, post_id) VALUES ('Comment 31 for post 27', 31);
INSERT INTO read_comments (comment, post_id) VALUES ('Comment 31 for post 27', 31);
INSERT INTO write_comments (comment, post_id) VALUES ('Comment 32 for post 27', 32);
INSERT INTO read_comments (comment, post_id) VALUES ('Comment 32 for post 27', 32);
INSERT INTO write_comments (comment, post_id) VALUES ('Comment 33 for post 27', 33);
INSERT INTO read_comments (comment, post_id) VALUES ('Comment 33 for post 27', 33);
INSERT INTO write_comments (comment, post_id) VALUES ('Comment 34 for post 27', 34);
INSERT INTO read_comments (comment, post_id) VALUES ('Comment 34 for post 27', 34);
INSERT INTO write_comments (comment, post_id) VALUES ('Comment 35 for post 27', 35);
INSERT INTO read_comments (comment, post_id) VALUES ('Comment 35 for post 27', 35);
INSERT INTO write_comments (comment, post_id) VALUES ('Comment 36 for post 27', 36);
INSERT INTO read_comments (comment, post_id) VALUES ('Comment 36 for post 27', 36);
INSERT INTO write_comments (comment, post_id) VALUES ('Comment 37 for post 27', 37);
INSERT INTO read_comments (comment, post_id) VALUES ('Comment 37 for post 27', 37);
INSERT INTO write_comments (comment, post_id) VALUES ('Comment 38 for post 27', 38);
INSERT INTO read_comments (comment, post_id) VALUES ('Comment 38 for post 27', 38);
INSERT INTO write_comments (comment, post_id) VALUES ('Comment 39 for post 27', 39);
INSERT INTO read_comments (comment, post_id) VALUES ('Comment 39 for post 27', 39);
INSERT INTO write_comments (comment, post_id) VALUES ('Comment 40 for post 27', 40);
INSERT INTO read_comments (comment, post_id) VALUES ('Comment 40 for post 27', 40);
INSERT INTO write_comments (comment, post_id) VALUES ('Comment 41 for post 27', 41);
INSERT INTO read_comments (comment, post_id) VALUES ('Comment 41 for post 27', 41);
INSERT INTO write_comments (comment, post_id) VALUES ('Comment 42 for post 27', 42);
INSERT INTO read_comments (comment, post_id) VALUES ('Comment 42 for post 27', 42);
INSERT INTO write_comments (comment, post_id) VALUES ('Comment 43 for post 27', 43);
INSERT INTO read_comments (comment, post_id) VALUES ('Comment 43 for post 27', 43);
INSERT INTO write_comments (comment, post_id) VALUES ('Comment 44 for post 27', 44);
INSERT INTO read_comments (comment, post_id) VALUES ('Comment 44 for post 27', 44);
INSERT INTO write_comments (comment, post_id) VALUES ('Comment 45 for post 27', 45);
INSERT INTO read_comments (comment, post_id) VALUES ('Comment 45 for post 27', 45);
INSERT INTO write_comments (comment, post_id) VALUES ('Comment 46 for post 27', 46);
INSERT INTO read_comments (comment, post_id) VALUES ('Comment 46 for post 27', 46);
INSERT INTO write_comments (comment, post_id) VALUES ('Comment 47 for post 27', 47);
INSERT INTO read_comments (comment, post_id) VALUES ('Comment 47 for post 27', 47);
INSERT INTO write_comments (comment, post_id) VALUES ('Comment 48 for post 27', 48);
INSERT INTO read_comments (comment, post_id) VALUES ('Comment 48 for post 27', 48);
INSERT INTO write_comments (comment, post_id) VALUES ('Comment 49 for post 27', 49);
INSERT INTO read_comments (comment, post_id) VALUES ('Comment 49 for post 27', 49);
INSERT INTO write_comments (comment, post_id) VALUES ('Comment 50 for post 27', 50);
INSERT INTO read_comments (comment, post_id) VALUES ('Comment 50 for post 27', 50);
INSERT INTO write_comments (comment, post_id) VALUES ('Comment 51 for post 27', 51);
INSERT INTO read_comments (comment, post_id) VALUES ('Comment 51 for post 27', 51);
INSERT INTO write_comments (comment, post_id) VALUES ('Comment 52 for post 27', 52);
INSERT INTO read_comments (comment, post_id) VALUES ('Comment 52 for post 27', 52);
INSERT INTO write_comments (comment, post_id) VALUES ('Comment 53 for post 27', 53);
INSERT INTO read_comments (comment, post_id) VALUES ('Comment 53 for post 27', 53);
INSERT INTO write_comments (comment, post_id) VALUES ('Comment 54 for post 27', 54);
INSERT INTO read_comments (comment, post_id) VALUES ('Comment 54 for post 27', 54);
INSERT INTO write_comments (comment, post_id) VALUES ('Comment 55 for post 27', 55);
INSERT INTO read_comments (comment, post_id) VALUES ('Comment 55 for post 27', 55);
INSERT INTO write_comments (comment, post_id) VALUES ('Comment 56 for post 27', 56);
INSERT INTO read_comments (comment, post_id) VALUES ('Comment 56 for post 27', 56);
INSERT INTO write_comments (comment, post_id) VALUES ('Comment 57 for post 27', 57);
INSERT INTO read_comments (comment, post_id) VALUES ('Comment 57 for post 27', 57);
INSERT INTO write_comments (comment, post_id) VALUES ('Comment 58 for post 27', 58);
INSERT INTO read_comments (comment, post_id) VALUES ('Comment 58 for post 27', 58);
INSERT INTO write_comments (comment, post_id) VALUES ('Comment 59 for post 27', 59);
INSERT INTO read_comments (comment, post_id) VALUES ('Comment 59 for post 27', 59);
INSERT INTO write_comments (comment, post_id) VALUES ('Comment 60 for post 27', 60);
INSERT INTO read_comments (comment, post_id) VALUES ('Comment 60 for post 27', 60);
INSERT INTO write_comments (comment, post_id) VALUES ('Comment 61 for post 27', 61);
INSERT INTO read_comments (comment, post_id) VALUES ('Comment 61 for post 27', 61);
INSERT INTO write_comments (comment, post_id) VALUES ('Comment 62 for post 27', 62);
INSERT INTO read_comments (comment, post_id) VALUES ('Comment 62 for post 27', 62);
INSERT INTO write_comments (comment, post_id) VALUES ('Comment 63 for post 27', 63);
INSERT INTO read_comments (comment, post_id) VALUES ('Comment 63 for post 27', 63);
INSERT INTO write_comments (comment, post_id) VALUES ('Comment 64 for post 27', 64);
INSERT INTO read_comments (comment, post_id) VALUES ('Comment 64 for post 27', 64);
INSERT INTO write_comments (comment, post_id) VALUES ('Comment 65 for post 27', 65);
INSERT INTO read_comments (comment, post_id) VALUES ('Comment 65 for post 27', 65);
INSERT INTO write_comments (comment, post_id) VALUES ('Comment 66 for post 27', 66);
INSERT INTO read_comments (comment, post_id) VALUES ('Comment 66 for post 27', 66);
INSERT INTO write_comments (comment, post_id) VALUES ('Comment 67 for post 27', 67);
INSERT INTO read_comments (comment, post_id) VALUES ('Comment 67 for post 27', 67);
INSERT INTO write_comments (comment, post_id) VALUES ('Comment 68 for post 27', 68);
INSERT INTO read_comments (comment, post_id) VALUES ('Comment 68 for post 27', 68);
INSERT INTO write_comments (comment, post_id) VALUES ('Comment 69 for post 27', 69);
INSERT INTO read_comments (comment, post_id) VALUES ('Comment 69 for post 27', 69);
INSERT INTO write_comments (comment, post_id) VALUES ('Comment 70 for post 27', 70);
INSERT INTO read_comments (comment, post_id) VALUES ('Comment 70 for post 27', 70);
INSERT INTO write_comments (comment, post_id) VALUES ('Comment 71 for post 27', 71);
INSERT INTO read_comments (comment, post_id) VALUES ('Comment 71 for post 27', 71);
INSERT INTO write_comments (comment, post_id) VALUES ('Comment 72 for post 27', 72);
INSERT INTO read_comments (comment, post_id) VALUES ('Comment 72 for post 27', 72);
INSERT INTO write_comments (comment, post_id) VALUES ('Comment 73 for post 27', 73);
INSERT INTO read_comments (comment, post_id) VALUES ('Comment 73 for post 27', 73);
INSERT INTO write_comments (comment, post_id) VALUES ('Comment 74 for post 27', 74);
INSERT INTO read_comments (comment, post_id) VALUES ('Comment 74 for post 27', 74);
INSERT INTO write_comments (comment, post_id) VALUES ('Comment 75 for post 27', 75);
INSERT INTO read_comments (comment, post_id) VALUES ('Comment 75 for post 27', 75);
INSERT INTO write_comments (comment, post_id) VALUES ('Comment 76 for post 27', 76);
INSERT INTO read_comments (comment, post_id) VALUES ('Comment 76 for post 27', 76);
INSERT INTO write_comments (comment, post_id) VALUES ('Comment 77 for post 27', 77);
INSERT INTO read_comments (comment, post_id) VALUES ('Comment 77 for post 27', 77);
INSERT INTO write_comments (comment, post_id) VALUES ('Comment 78 for post 27', 78);
INSERT INTO read_comments (comment, post_id) VALUES ('Comment 78 for post 27', 78);
INSERT INTO write_comments (comment, post_id) VALUES ('Comment 79 for post 27', 79);
INSERT INTO read_comments (comment, post_id) VALUES ('Comment 79 for post 27', 79);
INSERT INTO write_comments (comment, post_id) VALUES ('Comment 80 for post 27', 80);
INSERT INTO read_comments (comment, post_id) VALUES ('Comment 80 for post 27', 80);
INSERT INTO write_comments (comment, post_id) VALUES ('Comment 81 for post 27', 81);
INSERT INTO read_comments (comment, post_id) VALUES ('Comment 81 for post 27', 81);
INSERT INTO write_comments (comment, post_id) VALUES ('Comment 82 for post 27', 82);
INSERT INTO read_comments (comment, post_id) VALUES ('Comment 82 for post 27', 82);
INSERT INTO write_comments (comment, post_id) VALUES ('Comment 83 for post 27', 83);
INSERT INTO read_comments (comment, post_id) VALUES ('Comment 83 for post 27', 83);
INSERT INTO write_comments (comment, post_id) VALUES ('Comment 84 for post 27', 84);
INSERT INTO read_comments (comment, post_id) VALUES ('Comment 84 for post 27', 84);
INSERT INTO write_comments (comment, post_id) VALUES ('Comment 85 for post 27', 85);
INSERT INTO read_comments (comment, post_id) VALUES ('Comment 85 for post 27', 85);
INSERT INTO write_comments (comment, post_id) VALUES ('Comment 86 for post 27', 86);
INSERT INTO read_comments (comment, post_id) VALUES ('Comment 86 for post 27', 86);
INSERT INTO write_comments (comment, post_id) VALUES ('Comment 87 for post 27', 87);
INSERT INTO read_comments (comment, post_id) VALUES ('Comment 87 for post 27', 87);
INSERT INTO write_comments (comment, post_id) VALUES ('Comment 88 for post 27', 88);
INSERT INTO read_comments (comment, post_id) VALUES ('Comment 88 for post 27', 88);
INSERT INTO write_comments (comment, post_id) VALUES ('Comment 89 for post 27', 89);
INSERT INTO read_comments (comment, post_id) VALUES ('Comment 89 for post 27', 89);
INSERT INTO write_comments (comment, post_id) VALUES ('Comment 90 for post 27', 90);
INSERT INTO read_comments (comment, post_id) VALUES ('Comment 90 for post 27', 90);
INSERT INTO write_comments (comment, post_id) VALUES ('Comment 91 for post 27', 91);
INSERT INTO read_comments (comment, post_id) VALUES ('Comment 91 for post 27', 91);
INSERT INTO write_comments (comment, post_id) VALUES ('Comment 92 for post 27', 92);
INSERT INTO read_comments (comment, post_id) VALUES ('Comment 92 for post 27', 92);
INSERT INTO write_comments (comment, post_id) VALUES ('Comment 93 for post 27', 93);
INSERT INTO read_comments (comment, post_id) VALUES ('Comment 93 for post 27', 93);
INSERT INTO write_comments (comment, post_id) VALUES ('Comment 94 for post 27', 94);
INSERT INTO read_comments (comment, post_id) VALUES ('Comment 94 for post 27', 94);
INSERT INTO write_comments (comment, post_id) VALUES ('Comment 95 for post 27', 95);
INSERT INTO read_comments (comment, post_id) VALUES ('Comment 95 for post 27', 95);
INSERT INTO write_comments (comment, post_id) VALUES ('Comment 96 for post 27', 96);
INSERT INTO read_comments (comment, post_id) VALUES ('Comment 96 for post 27', 96);
INSERT INTO write_comments (comment, post_id) VALUES ('Comment 97 for post 27', 97);
INSERT INTO read_comments (comment, post_id) VALUES ('Comment 97 for post 27', 97);
INSERT INTO write_comments (comment, post_id) VALUES ('Comment 98 for post 27', 98);
INSERT INTO read_comments (comment, post_id) VALUES ('Comment 98 for post 27', 98);
INSERT INTO write_comments (comment, post_id) VALUES ('Comment 99 for post 27', 99);
INSERT INTO read_comments (comment, post_id) VALUES ('Comment 99 for post 27', 99);
INSERT INTO write_comments (comment, post_id) VALUES ('Comment 100 for post 27', 100);
INSERT INTO read_comments (comment, post_id) VALUES ('Comment 100 for post 27', 100);
INSERT INTO write_comments (comment, post_id) VALUES ('Comment 1 for post 28', 1);
INSERT INTO read_comments (comment, post_id) VALUES ('Comment 1 for post 28', 1);
INSERT INTO write_comments (comment, post_id) VALUES ('Comment 2 for post 28', 2);
INSERT INTO read_comments (comment, post_id) VALUES ('Comment 2 for post 28', 2);
INSERT INTO write_comments (comment, post_id) VALUES ('Comment 3 for post 28', 3);
INSERT INTO read_comments (comment, post_id) VALUES ('Comment 3 for post 28', 3);
INSERT INTO write_comments (comment, post_id) VALUES ('Comment 4 for post 28', 4);
INSERT INTO read_comments (comment, post_id) VALUES ('Comment 4 for post 28', 4);
INSERT INTO write_comments (comment, post_id) VALUES ('Comment 5 for post 28', 5);
INSERT INTO read_comments (comment, post_id) VALUES ('Comment 5 for post 28', 5);
INSERT INTO write_comments (comment, post_id) VALUES ('Comment 6 for post 28', 6);
INSERT INTO read_comments (comment, post_id) VALUES ('Comment 6 for post 28', 6);
INSERT INTO write_comments (comment, post_id) VALUES ('Comment 7 for post 28', 7);
INSERT INTO read_comments (comment, post_id) VALUES ('Comment 7 for post 28', 7);
INSERT INTO write_comments (comment, post_id) VALUES ('Comment 8 for post 28', 8);
INSERT INTO read_comments (comment, post_id) VALUES ('Comment 8 for post 28', 8);
INSERT INTO write_comments (comment, post_id) VALUES ('Comment 9 for post 28', 9);
INSERT INTO read_comments (comment, post_id) VALUES ('Comment 9 for post 28', 9);
INSERT INTO write_comments (comment, post_id) VALUES ('Comment 10 for post 28', 10);
INSERT INTO read_comments (comment, post_id) VALUES ('Comment 10 for post 28', 10);
INSERT INTO write_comments (comment, post_id) VALUES ('Comment 11 for post 28', 11);
INSERT INTO read_comments (comment, post_id) VALUES ('Comment 11 for post 28', 11);
INSERT INTO write_comments (comment, post_id) VALUES ('Comment 12 for post 28', 12);
INSERT INTO read_comments (comment, post_id) VALUES ('Comment 12 for post 28', 12);
INSERT INTO write_comments (comment, post_id) VALUES ('Comment 13 for post 28', 13);
INSERT INTO read_comments (comment, post_id) VALUES ('Comment 13 for post 28', 13);
INSERT INTO write_comments (comment, post_id) VALUES ('Comment 14 for post 28', 14);
INSERT INTO read_comments (comment, post_id) VALUES ('Comment 14 for post 28', 14);
INSERT INTO write_comments (comment, post_id) VALUES ('Comment 15 for post 28', 15);
INSERT INTO read_comments (comment, post_id) VALUES ('Comment 15 for post 28', 15);
INSERT INTO write_comments (comment, post_id) VALUES ('Comment 16 for post 28', 16);
INSERT INTO read_comments (comment, post_id) VALUES ('Comment 16 for post 28', 16);
INSERT INTO write_comments (comment, post_id) VALUES ('Comment 17 for post 28', 17);
INSERT INTO read_comments (comment, post_id) VALUES ('Comment 17 for post 28', 17);
INSERT INTO write_comments (comment, post_id) VALUES ('Comment 18 for post 28', 18);
INSERT INTO read_comments (comment, post_id) VALUES ('Comment 18 for post 28', 18);
INSERT INTO write_comments (comment, post_id) VALUES ('Comment 19 for post 28', 19);
INSERT INTO read_comments (comment, post_id) VALUES ('Comment 19 for post 28', 19);
INSERT INTO write_comments (comment, post_id) VALUES ('Comment 20 for post 28', 20);
INSERT INTO read_comments (comment, post_id) VALUES ('Comment 20 for post 28', 20);
INSERT INTO write_comments (comment, post_id) VALUES ('Comment 21 for post 28', 21);
INSERT INTO read_comments (comment, post_id) VALUES ('Comment 21 for post 28', 21);
INSERT INTO write_comments (comment, post_id) VALUES ('Comment 22 for post 28', 22);
INSERT INTO read_comments (comment, post_id) VALUES ('Comment 22 for post 28', 22);
INSERT INTO write_comments (comment, post_id) VALUES ('Comment 23 for post 28', 23);
INSERT INTO read_comments (comment, post_id) VALUES ('Comment 23 for post 28', 23);
INSERT INTO write_comments (comment, post_id) VALUES ('Comment 24 for post 28', 24);
INSERT INTO read_comments (comment, post_id) VALUES ('Comment 24 for post 28', 24);
INSERT INTO write_comments (comment, post_id) VALUES ('Comment 25 for post 28', 25);
INSERT INTO read_comments (comment, post_id) VALUES ('Comment 25 for post 28', 25);
INSERT INTO write_comments (comment, post_id) VALUES ('Comment 26 for post 28', 26);
INSERT INTO read_comments (comment, post_id) VALUES ('Comment 26 for post 28', 26);
INSERT INTO write_comments (comment, post_id) VALUES ('Comment 27 for post 28', 27);
INSERT INTO read_comments (comment, post_id) VALUES ('Comment 27 for post 28', 27);
INSERT INTO write_comments (comment, post_id) VALUES ('Comment 28 for post 28', 28);
INSERT INTO read_comments (comment, post_id) VALUES ('Comment 28 for post 28', 28);
INSERT INTO write_comments (comment, post_id) VALUES ('Comment 29 for post 28', 29);
INSERT INTO read_comments (comment, post_id) VALUES ('Comment 29 for post 28', 29);
INSERT INTO write_comments (comment, post_id) VALUES ('Comment 30 for post 28', 30);
INSERT INTO read_comments (comment, post_id) VALUES ('Comment 30 for post 28', 30);
INSERT INTO write_comments (comment, post_id) VALUES ('Comment 31 for post 28', 31);
INSERT INTO read_comments (comment, post_id) VALUES ('Comment 31 for post 28', 31);
INSERT INTO write_comments (comment, post_id) VALUES ('Comment 32 for post 28', 32);
INSERT INTO read_comments (comment, post_id) VALUES ('Comment 32 for post 28', 32);
INSERT INTO write_comments (comment, post_id) VALUES ('Comment 33 for post 28', 33);
INSERT INTO read_comments (comment, post_id) VALUES ('Comment 33 for post 28', 33);
INSERT INTO write_comments (comment, post_id) VALUES ('Comment 34 for post 28', 34);
INSERT INTO read_comments (comment, post_id) VALUES ('Comment 34 for post 28', 34);
INSERT INTO write_comments (comment, post_id) VALUES ('Comment 35 for post 28', 35);
INSERT INTO read_comments (comment, post_id) VALUES ('Comment 35 for post 28', 35);
INSERT INTO write_comments (comment, post_id) VALUES ('Comment 36 for post 28', 36);
INSERT INTO read_comments (comment, post_id) VALUES ('Comment 36 for post 28', 36);
INSERT INTO write_comments (comment, post_id) VALUES ('Comment 37 for post 28', 37);
INSERT INTO read_comments (comment, post_id) VALUES ('Comment 37 for post 28', 37);
INSERT INTO write_comments (comment, post_id) VALUES ('Comment 38 for post 28', 38);
INSERT INTO read_comments (comment, post_id) VALUES ('Comment 38 for post 28', 38);
INSERT INTO write_comments (comment, post_id) VALUES ('Comment 39 for post 28', 39);
INSERT INTO read_comments (comment, post_id) VALUES ('Comment 39 for post 28', 39);
INSERT INTO write_comments (comment, post_id) VALUES ('Comment 40 for post 28', 40);
INSERT INTO read_comments (comment, post_id) VALUES ('Comment 40 for post 28', 40);
INSERT INTO write_comments (comment, post_id) VALUES ('Comment 41 for post 28', 41);
INSERT INTO read_comments (comment, post_id) VALUES ('Comment 41 for post 28', 41);
INSERT INTO write_comments (comment, post_id) VALUES ('Comment 42 for post 28', 42);
INSERT INTO read_comments (comment, post_id) VALUES ('Comment 42 for post 28', 42);
INSERT INTO write_comments (comment, post_id) VALUES ('Comment 43 for post 28', 43);
INSERT INTO read_comments (comment, post_id) VALUES ('Comment 43 for post 28', 43);
INSERT INTO write_comments (comment, post_id) VALUES ('Comment 44 for post 28', 44);
INSERT INTO read_comments (comment, post_id) VALUES ('Comment 44 for post 28', 44);
INSERT INTO write_comments (comment, post_id) VALUES ('Comment 45 for post 28', 45);
INSERT INTO read_comments (comment, post_id) VALUES ('Comment 45 for post 28', 45);
INSERT INTO write_comments (comment, post_id) VALUES ('Comment 46 for post 28', 46);
INSERT INTO read_comments (comment, post_id) VALUES ('Comment 46 for post 28', 46);
INSERT INTO write_comments (comment, post_id) VALUES ('Comment 47 for post 28', 47);
INSERT INTO read_comments (comment, post_id) VALUES ('Comment 47 for post 28', 47);
INSERT INTO write_comments (comment, post_id) VALUES ('Comment 48 for post 28', 48);
INSERT INTO read_comments (comment, post_id) VALUES ('Comment 48 for post 28', 48);
INSERT INTO write_comments (comment, post_id) VALUES ('Comment 49 for post 28', 49);
INSERT INTO read_comments (comment, post_id) VALUES ('Comment 49 for post 28', 49);
INSERT INTO write_comments (comment, post_id) VALUES ('Comment 50 for post 28', 50);
INSERT INTO read_comments (comment, post_id) VALUES ('Comment 50 for post 28', 50);
INSERT INTO write_comments (comment, post_id) VALUES ('Comment 51 for post 28', 51);
INSERT INTO read_comments (comment, post_id) VALUES ('Comment 51 for post 28', 51);
INSERT INTO write_comments (comment, post_id) VALUES ('Comment 52 for post 28', 52);
INSERT INTO read_comments (comment, post_id) VALUES ('Comment 52 for post 28', 52);
INSERT INTO write_comments (comment, post_id) VALUES ('Comment 53 for post 28', 53);
INSERT INTO read_comments (comment, post_id) VALUES ('Comment 53 for post 28', 53);
INSERT INTO write_comments (comment, post_id) VALUES ('Comment 54 for post 28', 54);
INSERT INTO read_comments (comment, post_id) VALUES ('Comment 54 for post 28', 54);
INSERT INTO write_comments (comment, post_id) VALUES ('Comment 55 for post 28', 55);
INSERT INTO read_comments (comment, post_id) VALUES ('Comment 55 for post 28', 55);
INSERT INTO write_comments (comment, post_id) VALUES ('Comment 56 for post 28', 56);
INSERT INTO read_comments (comment, post_id) VALUES ('Comment 56 for post 28', 56);
INSERT INTO write_comments (comment, post_id) VALUES ('Comment 57 for post 28', 57);
INSERT INTO read_comments (comment, post_id) VALUES ('Comment 57 for post 28', 57);
INSERT INTO write_comments (comment, post_id) VALUES ('Comment 58 for post 28', 58);
INSERT INTO read_comments (comment, post_id) VALUES ('Comment 58 for post 28', 58);
INSERT INTO write_comments (comment, post_id) VALUES ('Comment 59 for post 28', 59);
INSERT INTO read_comments (comment, post_id) VALUES ('Comment 59 for post 28', 59);
INSERT INTO write_comments (comment, post_id) VALUES ('Comment 60 for post 28', 60);
INSERT INTO read_comments (comment, post_id) VALUES ('Comment 60 for post 28', 60);
INSERT INTO write_comments (comment, post_id) VALUES ('Comment 61 for post 28', 61);
INSERT INTO read_comments (comment, post_id) VALUES ('Comment 61 for post 28', 61);
INSERT INTO write_comments (comment, post_id) VALUES ('Comment 62 for post 28', 62);
INSERT INTO read_comments (comment, post_id) VALUES ('Comment 62 for post 28', 62);
INSERT INTO write_comments (comment, post_id) VALUES ('Comment 63 for post 28', 63);
INSERT INTO read_comments (comment, post_id) VALUES ('Comment 63 for post 28', 63);
INSERT INTO write_comments (comment, post_id) VALUES ('Comment 64 for post 28', 64);
INSERT INTO read_comments (comment, post_id) VALUES ('Comment 64 for post 28', 64);
INSERT INTO write_comments (comment, post_id) VALUES ('Comment 65 for post 28', 65);
INSERT INTO read_comments (comment, post_id) VALUES ('Comment 65 for post 28', 65);
INSERT INTO write_comments (comment, post_id) VALUES ('Comment 66 for post 28', 66);
INSERT INTO read_comments (comment, post_id) VALUES ('Comment 66 for post 28', 66);
INSERT INTO write_comments (comment, post_id) VALUES ('Comment 67 for post 28', 67);
INSERT INTO read_comments (comment, post_id) VALUES ('Comment 67 for post 28', 67);
INSERT INTO write_comments (comment, post_id) VALUES ('Comment 68 for post 28', 68);
INSERT INTO read_comments (comment, post_id) VALUES ('Comment 68 for post 28', 68);
INSERT INTO write_comments (comment, post_id) VALUES ('Comment 69 for post 28', 69);
INSERT INTO read_comments (comment, post_id) VALUES ('Comment 69 for post 28', 69);
INSERT INTO write_comments (comment, post_id) VALUES ('Comment 70 for post 28', 70);
INSERT INTO read_comments (comment, post_id) VALUES ('Comment 70 for post 28', 70);
INSERT INTO write_comments (comment, post_id) VALUES ('Comment 71 for post 28', 71);
INSERT INTO read_comments (comment, post_id) VALUES ('Comment 71 for post 28', 71);
INSERT INTO write_comments (comment, post_id) VALUES ('Comment 72 for post 28', 72);
INSERT INTO read_comments (comment, post_id) VALUES ('Comment 72 for post 28', 72);
INSERT INTO write_comments (comment, post_id) VALUES ('Comment 73 for post 28', 73);
INSERT INTO read_comments (comment, post_id) VALUES ('Comment 73 for post 28', 73);
INSERT INTO write_comments (comment, post_id) VALUES ('Comment 74 for post 28', 74);
INSERT INTO read_comments (comment, post_id) VALUES ('Comment 74 for post 28', 74);
INSERT INTO write_comments (comment, post_id) VALUES ('Comment 75 for post 28', 75);
INSERT INTO read_comments (comment, post_id) VALUES ('Comment 75 for post 28', 75);
INSERT INTO write_comments (comment, post_id) VALUES ('Comment 76 for post 28', 76);
INSERT INTO read_comments (comment, post_id) VALUES ('Comment 76 for post 28', 76);
INSERT INTO write_comments (comment, post_id) VALUES ('Comment 77 for post 28', 77);
INSERT INTO read_comments (comment, post_id) VALUES ('Comment 77 for post 28', 77);
INSERT INTO write_comments (comment, post_id) VALUES ('Comment 78 for post 28', 78);
INSERT INTO read_comments (comment, post_id) VALUES ('Comment 78 for post 28', 78);
INSERT INTO write_comments (comment, post_id) VALUES ('Comment 79 for post 28', 79);
INSERT INTO read_comments (comment, post_id) VALUES ('Comment 79 for post 28', 79);
INSERT INTO write_comments (comment, post_id) VALUES ('Comment 80 for post 28', 80);
INSERT INTO read_comments (comment, post_id) VALUES ('Comment 80 for post 28', 80);
INSERT INTO write_comments (comment, post_id) VALUES ('Comment 81 for post 28', 81);
INSERT INTO read_comments (comment, post_id) VALUES ('Comment 81 for post 28', 81);
INSERT INTO write_comments (comment, post_id) VALUES ('Comment 82 for post 28', 82);
INSERT INTO read_comments (comment, post_id) VALUES ('Comment 82 for post 28', 82);
INSERT INTO write_comments (comment, post_id) VALUES ('Comment 83 for post 28', 83);
INSERT INTO read_comments (comment, post_id) VALUES ('Comment 83 for post 28', 83);
INSERT INTO write_comments (comment, post_id) VALUES ('Comment 84 for post 28', 84);
INSERT INTO read_comments (comment, post_id) VALUES ('Comment 84 for post 28', 84);
INSERT INTO write_comments (comment, post_id) VALUES ('Comment 85 for post 28', 85);
INSERT INTO read_comments (comment, post_id) VALUES ('Comment 85 for post 28', 85);
INSERT INTO write_comments (comment, post_id) VALUES ('Comment 86 for post 28', 86);
INSERT INTO read_comments (comment, post_id) VALUES ('Comment 86 for post 28', 86);
INSERT INTO write_comments (comment, post_id) VALUES ('Comment 87 for post 28', 87);
INSERT INTO read_comments (comment, post_id) VALUES ('Comment 87 for post 28', 87);
INSERT INTO write_comments (comment, post_id) VALUES ('Comment 88 for post 28', 88);
INSERT INTO read_comments (comment, post_id) VALUES ('Comment 88 for post 28', 88);
INSERT INTO write_comments (comment, post_id) VALUES ('Comment 89 for post 28', 89);
INSERT INTO read_comments (comment, post_id) VALUES ('Comment 89 for post 28', 89);
INSERT INTO write_comments (comment, post_id) VALUES ('Comment 90 for post 28', 90);
INSERT INTO read_comments (comment, post_id) VALUES ('Comment 90 for post 28', 90);
INSERT INTO write_comments (comment, post_id) VALUES ('Comment 91 for post 28', 91);
INSERT INTO read_comments (comment, post_id) VALUES ('Comment 91 for post 28', 91);
INSERT INTO write_comments (comment, post_id) VALUES ('Comment 92 for post 28', 92);
INSERT INTO read_comments (comment, post_id) VALUES ('Comment 92 for post 28', 92);
INSERT INTO write_comments (comment, post_id) VALUES ('Comment 93 for post 28', 93);
INSERT INTO read_comments (comment, post_id) VALUES ('Comment 93 for post 28', 93);
INSERT INTO write_comments (comment, post_id) VALUES ('Comment 94 for post 28', 94);
INSERT INTO read_comments (comment, post_id) VALUES ('Comment 94 for post 28', 94);
INSERT INTO write_comments (comment, post_id) VALUES ('Comment 95 for post 28', 95);
INSERT INTO read_comments (comment, post_id) VALUES ('Comment 95 for post 28', 95);
INSERT INTO write_comments (comment, post_id) VALUES ('Comment 96 for post 28', 96);
INSERT INTO read_comments (comment, post_id) VALUES ('Comment 96 for post 28', 96);
INSERT INTO write_comments (comment, post_id) VALUES ('Comment 97 for post 28', 97);
INSERT INTO read_comments (comment, post_id) VALUES ('Comment 97 for post 28', 97);
INSERT INTO write_comments (comment, post_id) VALUES ('Comment 98 for post 28', 98);
INSERT INTO read_comments (comment, post_id) VALUES ('Comment 98 for post 28', 98);
INSERT INTO write_comments (comment, post_id) VALUES ('Comment 99 for post 28', 99);
INSERT INTO read_comments (comment, post_id) VALUES ('Comment 99 for post 28', 99);
INSERT INTO write_comments (comment, post_id) VALUES ('Comment 100 for post 28', 100);
INSERT INTO read_comments (comment, post_id) VALUES ('Comment 100 for post 28', 100);
INSERT INTO write_comments (comment, post_id) VALUES ('Comment 1 for post 29', 1);
INSERT INTO read_comments (comment, post_id) VALUES ('Comment 1 for post 29', 1);
INSERT INTO write_comments (comment, post_id) VALUES ('Comment 2 for post 29', 2);
INSERT INTO read_comments (comment, post_id) VALUES ('Comment 2 for post 29', 2);
INSERT INTO write_comments (comment, post_id) VALUES ('Comment 3 for post 29', 3);
INSERT INTO read_comments (comment, post_id) VALUES ('Comment 3 for post 29', 3);
INSERT INTO write_comments (comment, post_id) VALUES ('Comment 4 for post 29', 4);
INSERT INTO read_comments (comment, post_id) VALUES ('Comment 4 for post 29', 4);
INSERT INTO write_comments (comment, post_id) VALUES ('Comment 5 for post 29', 5);
INSERT INTO read_comments (comment, post_id) VALUES ('Comment 5 for post 29', 5);
INSERT INTO write_comments (comment, post_id) VALUES ('Comment 6 for post 29', 6);
INSERT INTO read_comments (comment, post_id) VALUES ('Comment 6 for post 29', 6);
INSERT INTO write_comments (comment, post_id) VALUES ('Comment 7 for post 29', 7);
INSERT INTO read_comments (comment, post_id) VALUES ('Comment 7 for post 29', 7);
INSERT INTO write_comments (comment, post_id) VALUES ('Comment 8 for post 29', 8);
INSERT INTO read_comments (comment, post_id) VALUES ('Comment 8 for post 29', 8);
INSERT INTO write_comments (comment, post_id) VALUES ('Comment 9 for post 29', 9);
INSERT INTO read_comments (comment, post_id) VALUES ('Comment 9 for post 29', 9);
INSERT INTO write_comments (comment, post_id) VALUES ('Comment 10 for post 29', 10);
INSERT INTO read_comments (comment, post_id) VALUES ('Comment 10 for post 29', 10);
INSERT INTO write_comments (comment, post_id) VALUES ('Comment 11 for post 29', 11);
INSERT INTO read_comments (comment, post_id) VALUES ('Comment 11 for post 29', 11);
INSERT INTO write_comments (comment, post_id) VALUES ('Comment 12 for post 29', 12);
INSERT INTO read_comments (comment, post_id) VALUES ('Comment 12 for post 29', 12);
INSERT INTO write_comments (comment, post_id) VALUES ('Comment 13 for post 29', 13);
INSERT INTO read_comments (comment, post_id) VALUES ('Comment 13 for post 29', 13);
INSERT INTO write_comments (comment, post_id) VALUES ('Comment 14 for post 29', 14);
INSERT INTO read_comments (comment, post_id) VALUES ('Comment 14 for post 29', 14);
INSERT INTO write_comments (comment, post_id) VALUES ('Comment 15 for post 29', 15);
INSERT INTO read_comments (comment, post_id) VALUES ('Comment 15 for post 29', 15);
INSERT INTO write_comments (comment, post_id) VALUES ('Comment 16 for post 29', 16);
INSERT INTO read_comments (comment, post_id) VALUES ('Comment 16 for post 29', 16);
INSERT INTO write_comments (comment, post_id) VALUES ('Comment 17 for post 29', 17);
INSERT INTO read_comments (comment, post_id) VALUES ('Comment 17 for post 29', 17);
INSERT INTO write_comments (comment, post_id) VALUES ('Comment 18 for post 29', 18);
INSERT INTO read_comments (comment, post_id) VALUES ('Comment 18 for post 29', 18);
INSERT INTO write_comments (comment, post_id) VALUES ('Comment 19 for post 29', 19);
INSERT INTO read_comments (comment, post_id) VALUES ('Comment 19 for post 29', 19);
INSERT INTO write_comments (comment, post_id) VALUES ('Comment 20 for post 29', 20);
INSERT INTO read_comments (comment, post_id) VALUES ('Comment 20 for post 29', 20);
INSERT INTO write_comments (comment, post_id) VALUES ('Comment 21 for post 29', 21);
INSERT INTO read_comments (comment, post_id) VALUES ('Comment 21 for post 29', 21);
INSERT INTO write_comments (comment, post_id) VALUES ('Comment 22 for post 29', 22);
INSERT INTO read_comments (comment, post_id) VALUES ('Comment 22 for post 29', 22);
INSERT INTO write_comments (comment, post_id) VALUES ('Comment 23 for post 29', 23);
INSERT INTO read_comments (comment, post_id) VALUES ('Comment 23 for post 29', 23);
INSERT INTO write_comments (comment, post_id) VALUES ('Comment 24 for post 29', 24);
INSERT INTO read_comments (comment, post_id) VALUES ('Comment 24 for post 29', 24);
INSERT INTO write_comments (comment, post_id) VALUES ('Comment 25 for post 29', 25);
INSERT INTO read_comments (comment, post_id) VALUES ('Comment 25 for post 29', 25);
INSERT INTO write_comments (comment, post_id) VALUES ('Comment 26 for post 29', 26);
INSERT INTO read_comments (comment, post_id) VALUES ('Comment 26 for post 29', 26);
INSERT INTO write_comments (comment, post_id) VALUES ('Comment 27 for post 29', 27);
INSERT INTO read_comments (comment, post_id) VALUES ('Comment 27 for post 29', 27);
INSERT INTO write_comments (comment, post_id) VALUES ('Comment 28 for post 29', 28);
INSERT INTO read_comments (comment, post_id) VALUES ('Comment 28 for post 29', 28);
INSERT INTO write_comments (comment, post_id) VALUES ('Comment 29 for post 29', 29);
INSERT INTO read_comments (comment, post_id) VALUES ('Comment 29 for post 29', 29);
INSERT INTO write_comments (comment, post_id) VALUES ('Comment 30 for post 29', 30);
INSERT INTO read_comments (comment, post_id) VALUES ('Comment 30 for post 29', 30);
INSERT INTO write_comments (comment, post_id) VALUES ('Comment 31 for post 29', 31);
INSERT INTO read_comments (comment, post_id) VALUES ('Comment 31 for post 29', 31);
INSERT INTO write_comments (comment, post_id) VALUES ('Comment 32 for post 29', 32);
INSERT INTO read_comments (comment, post_id) VALUES ('Comment 32 for post 29', 32);
INSERT INTO write_comments (comment, post_id) VALUES ('Comment 33 for post 29', 33);
INSERT INTO read_comments (comment, post_id) VALUES ('Comment 33 for post 29', 33);
INSERT INTO write_comments (comment, post_id) VALUES ('Comment 34 for post 29', 34);
INSERT INTO read_comments (comment, post_id) VALUES ('Comment 34 for post 29', 34);
INSERT INTO write_comments (comment, post_id) VALUES ('Comment 35 for post 29', 35);
INSERT INTO read_comments (comment, post_id) VALUES ('Comment 35 for post 29', 35);
INSERT INTO write_comments (comment, post_id) VALUES ('Comment 36 for post 29', 36);
INSERT INTO read_comments (comment, post_id) VALUES ('Comment 36 for post 29', 36);
INSERT INTO write_comments (comment, post_id) VALUES ('Comment 37 for post 29', 37);
INSERT INTO read_comments (comment, post_id) VALUES ('Comment 37 for post 29', 37);
INSERT INTO write_comments (comment, post_id) VALUES ('Comment 38 for post 29', 38);
INSERT INTO read_comments (comment, post_id) VALUES ('Comment 38 for post 29', 38);
INSERT INTO write_comments (comment, post_id) VALUES ('Comment 39 for post 29', 39);
INSERT INTO read_comments (comment, post_id) VALUES ('Comment 39 for post 29', 39);
INSERT INTO write_comments (comment, post_id) VALUES ('Comment 40 for post 29', 40);
INSERT INTO read_comments (comment, post_id) VALUES ('Comment 40 for post 29', 40);
INSERT INTO write_comments (comment, post_id) VALUES ('Comment 41 for post 29', 41);
INSERT INTO read_comments (comment, post_id) VALUES ('Comment 41 for post 29', 41);
INSERT INTO write_comments (comment, post_id) VALUES ('Comment 42 for post 29', 42);
INSERT INTO read_comments (comment, post_id) VALUES ('Comment 42 for post 29', 42);
INSERT INTO write_comments (comment, post_id) VALUES ('Comment 43 for post 29', 43);
INSERT INTO read_comments (comment, post_id) VALUES ('Comment 43 for post 29', 43);
INSERT INTO write_comments (comment, post_id) VALUES ('Comment 44 for post 29', 44);
INSERT INTO read_comments (comment, post_id) VALUES ('Comment 44 for post 29', 44);
INSERT INTO write_comments (comment, post_id) VALUES ('Comment 45 for post 29', 45);
INSERT INTO read_comments (comment, post_id) VALUES ('Comment 45 for post 29', 45);
INSERT INTO write_comments (comment, post_id) VALUES ('Comment 46 for post 29', 46);
INSERT INTO read_comments (comment, post_id) VALUES ('Comment 46 for post 29', 46);
INSERT INTO write_comments (comment, post_id) VALUES ('Comment 47 for post 29', 47);
INSERT INTO read_comments (comment, post_id) VALUES ('Comment 47 for post 29', 47);
INSERT INTO write_comments (comment, post_id) VALUES ('Comment 48 for post 29', 48);
INSERT INTO read_comments (comment, post_id) VALUES ('Comment 48 for post 29', 48);
INSERT INTO write_comments (comment, post_id) VALUES ('Comment 49 for post 29', 49);
INSERT INTO read_comments (comment, post_id) VALUES ('Comment 49 for post 29', 49);
INSERT INTO write_comments (comment, post_id) VALUES ('Comment 50 for post 29', 50);
INSERT INTO read_comments (comment, post_id) VALUES ('Comment 50 for post 29', 50);
INSERT INTO write_comments (comment, post_id) VALUES ('Comment 51 for post 29', 51);
INSERT INTO read_comments (comment, post_id) VALUES ('Comment 51 for post 29', 51);
INSERT INTO write_comments (comment, post_id) VALUES ('Comment 52 for post 29', 52);
INSERT INTO read_comments (comment, post_id) VALUES ('Comment 52 for post 29', 52);
INSERT INTO write_comments (comment, post_id) VALUES ('Comment 53 for post 29', 53);
INSERT INTO read_comments (comment, post_id) VALUES ('Comment 53 for post 29', 53);
INSERT INTO write_comments (comment, post_id) VALUES ('Comment 54 for post 29', 54);
INSERT INTO read_comments (comment, post_id) VALUES ('Comment 54 for post 29', 54);
INSERT INTO write_comments (comment, post_id) VALUES ('Comment 55 for post 29', 55);
INSERT INTO read_comments (comment, post_id) VALUES ('Comment 55 for post 29', 55);
INSERT INTO write_comments (comment, post_id) VALUES ('Comment 56 for post 29', 56);
INSERT INTO read_comments (comment, post_id) VALUES ('Comment 56 for post 29', 56);
INSERT INTO write_comments (comment, post_id) VALUES ('Comment 57 for post 29', 57);
INSERT INTO read_comments (comment, post_id) VALUES ('Comment 57 for post 29', 57);
INSERT INTO write_comments (comment, post_id) VALUES ('Comment 58 for post 29', 58);
INSERT INTO read_comments (comment, post_id) VALUES ('Comment 58 for post 29', 58);
INSERT INTO write_comments (comment, post_id) VALUES ('Comment 59 for post 29', 59);
INSERT INTO read_comments (comment, post_id) VALUES ('Comment 59 for post 29', 59);
INSERT INTO write_comments (comment, post_id) VALUES ('Comment 60 for post 29', 60);
INSERT INTO read_comments (comment, post_id) VALUES ('Comment 60 for post 29', 60);
INSERT INTO write_comments (comment, post_id) VALUES ('Comment 61 for post 29', 61);
INSERT INTO read_comments (comment, post_id) VALUES ('Comment 61 for post 29', 61);
INSERT INTO write_comments (comment, post_id) VALUES ('Comment 62 for post 29', 62);
INSERT INTO read_comments (comment, post_id) VALUES ('Comment 62 for post 29', 62);
INSERT INTO write_comments (comment, post_id) VALUES ('Comment 63 for post 29', 63);
INSERT INTO read_comments (comment, post_id) VALUES ('Comment 63 for post 29', 63);
INSERT INTO write_comments (comment, post_id) VALUES ('Comment 64 for post 29', 64);
INSERT INTO read_comments (comment, post_id) VALUES ('Comment 64 for post 29', 64);
INSERT INTO write_comments (comment, post_id) VALUES ('Comment 65 for post 29', 65);
INSERT INTO read_comments (comment, post_id) VALUES ('Comment 65 for post 29', 65);
INSERT INTO write_comments (comment, post_id) VALUES ('Comment 66 for post 29', 66);
INSERT INTO read_comments (comment, post_id) VALUES ('Comment 66 for post 29', 66);
INSERT INTO write_comments (comment, post_id) VALUES ('Comment 67 for post 29', 67);
INSERT INTO read_comments (comment, post_id) VALUES ('Comment 67 for post 29', 67);
INSERT INTO write_comments (comment, post_id) VALUES ('Comment 68 for post 29', 68);
INSERT INTO read_comments (comment, post_id) VALUES ('Comment 68 for post 29', 68);
INSERT INTO write_comments (comment, post_id) VALUES ('Comment 69 for post 29', 69);
INSERT INTO read_comments (comment, post_id) VALUES ('Comment 69 for post 29', 69);
INSERT INTO write_comments (comment, post_id) VALUES ('Comment 70 for post 29', 70);
INSERT INTO read_comments (comment, post_id) VALUES ('Comment 70 for post 29', 70);
INSERT INTO write_comments (comment, post_id) VALUES ('Comment 71 for post 29', 71);
INSERT INTO read_comments (comment, post_id) VALUES ('Comment 71 for post 29', 71);
INSERT INTO write_comments (comment, post_id) VALUES ('Comment 72 for post 29', 72);
INSERT INTO read_comments (comment, post_id) VALUES ('Comment 72 for post 29', 72);
INSERT INTO write_comments (comment, post_id) VALUES ('Comment 73 for post 29', 73);
INSERT INTO read_comments (comment, post_id) VALUES ('Comment 73 for post 29', 73);
INSERT INTO write_comments (comment, post_id) VALUES ('Comment 74 for post 29', 74);
INSERT INTO read_comments (comment, post_id) VALUES ('Comment 74 for post 29', 74);
INSERT INTO write_comments (comment, post_id) VALUES ('Comment 75 for post 29', 75);
INSERT INTO read_comments (comment, post_id) VALUES ('Comment 75 for post 29', 75);
INSERT INTO write_comments (comment, post_id) VALUES ('Comment 76 for post 29', 76);
INSERT INTO read_comments (comment, post_id) VALUES ('Comment 76 for post 29', 76);
INSERT INTO write_comments (comment, post_id) VALUES ('Comment 77 for post 29', 77);
INSERT INTO read_comments (comment, post_id) VALUES ('Comment 77 for post 29', 77);
INSERT INTO write_comments (comment, post_id) VALUES ('Comment 78 for post 29', 78);
INSERT INTO read_comments (comment, post_id) VALUES ('Comment 78 for post 29', 78);
INSERT INTO write_comments (comment, post_id) VALUES ('Comment 79 for post 29', 79);
INSERT INTO read_comments (comment, post_id) VALUES ('Comment 79 for post 29', 79);
INSERT INTO write_comments (comment, post_id) VALUES ('Comment 80 for post 29', 80);
INSERT INTO read_comments (comment, post_id) VALUES ('Comment 80 for post 29', 80);
INSERT INTO write_comments (comment, post_id) VALUES ('Comment 81 for post 29', 81);
INSERT INTO read_comments (comment, post_id) VALUES ('Comment 81 for post 29', 81);
INSERT INTO write_comments (comment, post_id) VALUES ('Comment 82 for post 29', 82);
INSERT INTO read_comments (comment, post_id) VALUES ('Comment 82 for post 29', 82);
INSERT INTO write_comments (comment, post_id) VALUES ('Comment 83 for post 29', 83);
INSERT INTO read_comments (comment, post_id) VALUES ('Comment 83 for post 29', 83);
INSERT INTO write_comments (comment, post_id) VALUES ('Comment 84 for post 29', 84);
INSERT INTO read_comments (comment, post_id) VALUES ('Comment 84 for post 29', 84);
INSERT INTO write_comments (comment, post_id) VALUES ('Comment 85 for post 29', 85);
INSERT INTO read_comments (comment, post_id) VALUES ('Comment 85 for post 29', 85);
INSERT INTO write_comments (comment, post_id) VALUES ('Comment 86 for post 29', 86);
INSERT INTO read_comments (comment, post_id) VALUES ('Comment 86 for post 29', 86);
INSERT INTO write_comments (comment, post_id) VALUES ('Comment 87 for post 29', 87);
INSERT INTO read_comments (comment, post_id) VALUES ('Comment 87 for post 29', 87);
INSERT INTO write_comments (comment, post_id) VALUES ('Comment 88 for post 29', 88);
INSERT INTO read_comments (comment, post_id) VALUES ('Comment 88 for post 29', 88);
INSERT INTO write_comments (comment, post_id) VALUES ('Comment 89 for post 29', 89);
INSERT INTO read_comments (comment, post_id) VALUES ('Comment 89 for post 29', 89);
INSERT INTO write_comments (comment, post_id) VALUES ('Comment 90 for post 29', 90);
INSERT INTO read_comments (comment, post_id) VALUES ('Comment 90 for post 29', 90);
INSERT INTO write_comments (comment, post_id) VALUES ('Comment 91 for post 29', 91);
INSERT INTO read_comments (comment, post_id) VALUES ('Comment 91 for post 29', 91);
INSERT INTO write_comments (comment, post_id) VALUES ('Comment 92 for post 29', 92);
INSERT INTO read_comments (comment, post_id) VALUES ('Comment 92 for post 29', 92);
INSERT INTO write_comments (comment, post_id) VALUES ('Comment 93 for post 29', 93);
INSERT INTO read_comments (comment, post_id) VALUES ('Comment 93 for post 29', 93);
INSERT INTO write_comments (comment, post_id) VALUES ('Comment 94 for post 29', 94);
INSERT INTO read_comments (comment, post_id) VALUES ('Comment 94 for post 29', 94);
INSERT INTO write_comments (comment, post_id) VALUES ('Comment 95 for post 29', 95);
INSERT INTO read_comments (comment, post_id) VALUES ('Comment 95 for post 29', 95);
INSERT INTO write_comments (comment, post_id) VALUES ('Comment 96 for post 29', 96);
INSERT INTO read_comments (comment, post_id) VALUES ('Comment 96 for post 29', 96);
INSERT INTO write_comments (comment, post_id) VALUES ('Comment 97 for post 29', 97);
INSERT INTO read_comments (comment, post_id) VALUES ('Comment 97 for post 29', 97);
INSERT INTO write_comments (comment, post_id) VALUES ('Comment 98 for post 29', 98);
INSERT INTO read_comments (comment, post_id) VALUES ('Comment 98 for post 29', 98);
INSERT INTO write_comments (comment, post_id) VALUES ('Comment 99 for post 29', 99);
INSERT INTO read_comments (comment, post_id) VALUES ('Comment 99 for post 29', 99);
INSERT INTO write_comments (comment, post_id) VALUES ('Comment 100 for post 29', 100);
INSERT INTO read_comments (comment, post_id) VALUES ('Comment 100 for post 29', 100);
INSERT INTO write_comments (comment, post_id) VALUES ('Comment 1 for post 30', 1);
INSERT INTO read_comments (comment, post_id) VALUES ('Comment 1 for post 30', 1);
INSERT INTO write_comments (comment, post_id) VALUES ('Comment 2 for post 30', 2);
INSERT INTO read_comments (comment, post_id) VALUES ('Comment 2 for post 30', 2);
INSERT INTO write_comments (comment, post_id) VALUES ('Comment 3 for post 30', 3);
INSERT INTO read_comments (comment, post_id) VALUES ('Comment 3 for post 30', 3);
INSERT INTO write_comments (comment, post_id) VALUES ('Comment 4 for post 30', 4);
INSERT INTO read_comments (comment, post_id) VALUES ('Comment 4 for post 30', 4);
INSERT INTO write_comments (comment, post_id) VALUES ('Comment 5 for post 30', 5);
INSERT INTO read_comments (comment, post_id) VALUES ('Comment 5 for post 30', 5);
INSERT INTO write_comments (comment, post_id) VALUES ('Comment 6 for post 30', 6);
INSERT INTO read_comments (comment, post_id) VALUES ('Comment 6 for post 30', 6);
INSERT INTO write_comments (comment, post_id) VALUES ('Comment 7 for post 30', 7);
INSERT INTO read_comments (comment, post_id) VALUES ('Comment 7 for post 30', 7);
INSERT INTO write_comments (comment, post_id) VALUES ('Comment 8 for post 30', 8);
INSERT INTO read_comments (comment, post_id) VALUES ('Comment 8 for post 30', 8);
INSERT INTO write_comments (comment, post_id) VALUES ('Comment 9 for post 30', 9);
INSERT INTO read_comments (comment, post_id) VALUES ('Comment 9 for post 30', 9);
INSERT INTO write_comments (comment, post_id) VALUES ('Comment 10 for post 30', 10);
INSERT INTO read_comments (comment, post_id) VALUES ('Comment 10 for post 30', 10);
INSERT INTO write_comments (comment, post_id) VALUES ('Comment 11 for post 30', 11);
INSERT INTO read_comments (comment, post_id) VALUES ('Comment 11 for post 30', 11);
INSERT INTO write_comments (comment, post_id) VALUES ('Comment 12 for post 30', 12);
INSERT INTO read_comments (comment, post_id) VALUES ('Comment 12 for post 30', 12);
INSERT INTO write_comments (comment, post_id) VALUES ('Comment 13 for post 30', 13);
INSERT INTO read_comments (comment, post_id) VALUES ('Comment 13 for post 30', 13);
INSERT INTO write_comments (comment, post_id) VALUES ('Comment 14 for post 30', 14);
INSERT INTO read_comments (comment, post_id) VALUES ('Comment 14 for post 30', 14);
INSERT INTO write_comments (comment, post_id) VALUES ('Comment 15 for post 30', 15);
INSERT INTO read_comments (comment, post_id) VALUES ('Comment 15 for post 30', 15);
INSERT INTO write_comments (comment, post_id) VALUES ('Comment 16 for post 30', 16);
INSERT INTO read_comments (comment, post_id) VALUES ('Comment 16 for post 30', 16);
INSERT INTO write_comments (comment, post_id) VALUES ('Comment 17 for post 30', 17);
INSERT INTO read_comments (comment, post_id) VALUES ('Comment 17 for post 30', 17);
INSERT INTO write_comments (comment, post_id) VALUES ('Comment 18 for post 30', 18);
INSERT INTO read_comments (comment, post_id) VALUES ('Comment 18 for post 30', 18);
INSERT INTO write_comments (comment, post_id) VALUES ('Comment 19 for post 30', 19);
INSERT INTO read_comments (comment, post_id) VALUES ('Comment 19 for post 30', 19);
INSERT INTO write_comments (comment, post_id) VALUES ('Comment 20 for post 30', 20);
INSERT INTO read_comments (comment, post_id) VALUES ('Comment 20 for post 30', 20);
INSERT INTO write_comments (comment, post_id) VALUES ('Comment 21 for post 30', 21);
INSERT INTO read_comments (comment, post_id) VALUES ('Comment 21 for post 30', 21);
INSERT INTO write_comments (comment, post_id) VALUES ('Comment 22 for post 30', 22);
INSERT INTO read_comments (comment, post_id) VALUES ('Comment 22 for post 30', 22);
INSERT INTO write_comments (comment, post_id) VALUES ('Comment 23 for post 30', 23);
INSERT INTO read_comments (comment, post_id) VALUES ('Comment 23 for post 30', 23);
INSERT INTO write_comments (comment, post_id) VALUES ('Comment 24 for post 30', 24);
INSERT INTO read_comments (comment, post_id) VALUES ('Comment 24 for post 30', 24);
INSERT INTO write_comments (comment, post_id) VALUES ('Comment 25 for post 30', 25);
INSERT INTO read_comments (comment, post_id) VALUES ('Comment 25 for post 30', 25);
INSERT INTO write_comments (comment, post_id) VALUES ('Comment 26 for post 30', 26);
INSERT INTO read_comments (comment, post_id) VALUES ('Comment 26 for post 30', 26);
INSERT INTO write_comments (comment, post_id) VALUES ('Comment 27 for post 30', 27);
INSERT INTO read_comments (comment, post_id) VALUES ('Comment 27 for post 30', 27);
INSERT INTO write_comments (comment, post_id) VALUES ('Comment 28 for post 30', 28);
INSERT INTO read_comments (comment, post_id) VALUES ('Comment 28 for post 30', 28);
INSERT INTO write_comments (comment, post_id) VALUES ('Comment 29 for post 30', 29);
INSERT INTO read_comments (comment, post_id) VALUES ('Comment 29 for post 30', 29);
INSERT INTO write_comments (comment, post_id) VALUES ('Comment 30 for post 30', 30);
INSERT INTO read_comments (comment, post_id) VALUES ('Comment 30 for post 30', 30);
INSERT INTO write_comments (comment, post_id) VALUES ('Comment 31 for post 30', 31);
INSERT INTO read_comments (comment, post_id) VALUES ('Comment 31 for post 30', 31);
INSERT INTO write_comments (comment, post_id) VALUES ('Comment 32 for post 30', 32);
INSERT INTO read_comments (comment, post_id) VALUES ('Comment 32 for post 30', 32);
INSERT INTO write_comments (comment, post_id) VALUES ('Comment 33 for post 30', 33);
INSERT INTO read_comments (comment, post_id) VALUES ('Comment 33 for post 30', 33);
INSERT INTO write_comments (comment, post_id) VALUES ('Comment 34 for post 30', 34);
INSERT INTO read_comments (comment, post_id) VALUES ('Comment 34 for post 30', 34);
INSERT INTO write_comments (comment, post_id) VALUES ('Comment 35 for post 30', 35);
INSERT INTO read_comments (comment, post_id) VALUES ('Comment 35 for post 30', 35);
INSERT INTO write_comments (comment, post_id) VALUES ('Comment 36 for post 30', 36);
INSERT INTO read_comments (comment, post_id) VALUES ('Comment 36 for post 30', 36);
INSERT INTO write_comments (comment, post_id) VALUES ('Comment 37 for post 30', 37);
INSERT INTO read_comments (comment, post_id) VALUES ('Comment 37 for post 30', 37);
INSERT INTO write_comments (comment, post_id) VALUES ('Comment 38 for post 30', 38);
INSERT INTO read_comments (comment, post_id) VALUES ('Comment 38 for post 30', 38);
INSERT INTO write_comments (comment, post_id) VALUES ('Comment 39 for post 30', 39);
INSERT INTO read_comments (comment, post_id) VALUES ('Comment 39 for post 30', 39);
INSERT INTO write_comments (comment, post_id) VALUES ('Comment 40 for post 30', 40);
INSERT INTO read_comments (comment, post_id) VALUES ('Comment 40 for post 30', 40);
INSERT INTO write_comments (comment, post_id) VALUES ('Comment 41 for post 30', 41);
INSERT INTO read_comments (comment, post_id) VALUES ('Comment 41 for post 30', 41);
INSERT INTO write_comments (comment, post_id) VALUES ('Comment 42 for post 30', 42);
INSERT INTO read_comments (comment, post_id) VALUES ('Comment 42 for post 30', 42);
INSERT INTO write_comments (comment, post_id) VALUES ('Comment 43 for post 30', 43);
INSERT INTO read_comments (comment, post_id) VALUES ('Comment 43 for post 30', 43);
INSERT INTO write_comments (comment, post_id) VALUES ('Comment 44 for post 30', 44);
INSERT INTO read_comments (comment, post_id) VALUES ('Comment 44 for post 30', 44);
INSERT INTO write_comments (comment, post_id) VALUES ('Comment 45 for post 30', 45);
INSERT INTO read_comments (comment, post_id) VALUES ('Comment 45 for post 30', 45);
INSERT INTO write_comments (comment, post_id) VALUES ('Comment 46 for post 30', 46);
INSERT INTO read_comments (comment, post_id) VALUES ('Comment 46 for post 30', 46);
INSERT INTO write_comments (comment, post_id) VALUES ('Comment 47 for post 30', 47);
INSERT INTO read_comments (comment, post_id) VALUES ('Comment 47 for post 30', 47);
INSERT INTO write_comments (comment, post_id) VALUES ('Comment 48 for post 30', 48);
INSERT INTO read_comments (comment, post_id) VALUES ('Comment 48 for post 30', 48);
INSERT INTO write_comments (comment, post_id) VALUES ('Comment 49 for post 30', 49);
INSERT INTO read_comments (comment, post_id) VALUES ('Comment 49 for post 30', 49);
INSERT INTO write_comments (comment, post_id) VALUES ('Comment 50 for post 30', 50);
INSERT INTO read_comments (comment, post_id) VALUES ('Comment 50 for post 30', 50);
INSERT INTO write_comments (comment, post_id) VALUES ('Comment 51 for post 30', 51);
INSERT INTO read_comments (comment, post_id) VALUES ('Comment 51 for post 30', 51);
INSERT INTO write_comments (comment, post_id) VALUES ('Comment 52 for post 30', 52);
INSERT INTO read_comments (comment, post_id) VALUES ('Comment 52 for post 30', 52);
INSERT INTO write_comments (comment, post_id) VALUES ('Comment 53 for post 30', 53);
INSERT INTO read_comments (comment, post_id) VALUES ('Comment 53 for post 30', 53);
INSERT INTO write_comments (comment, post_id) VALUES ('Comment 54 for post 30', 54);
INSERT INTO read_comments (comment, post_id) VALUES ('Comment 54 for post 30', 54);
INSERT INTO write_comments (comment, post_id) VALUES ('Comment 55 for post 30', 55);
INSERT INTO read_comments (comment, post_id) VALUES ('Comment 55 for post 30', 55);
INSERT INTO write_comments (comment, post_id) VALUES ('Comment 56 for post 30', 56);
INSERT INTO read_comments (comment, post_id) VALUES ('Comment 56 for post 30', 56);
INSERT INTO write_comments (comment, post_id) VALUES ('Comment 57 for post 30', 57);
INSERT INTO read_comments (comment, post_id) VALUES ('Comment 57 for post 30', 57);
INSERT INTO write_comments (comment, post_id) VALUES ('Comment 58 for post 30', 58);
INSERT INTO read_comments (comment, post_id) VALUES ('Comment 58 for post 30', 58);
INSERT INTO write_comments (comment, post_id) VALUES ('Comment 59 for post 30', 59);
INSERT INTO read_comments (comment, post_id) VALUES ('Comment 59 for post 30', 59);
INSERT INTO write_comments (comment, post_id) VALUES ('Comment 60 for post 30', 60);
INSERT INTO read_comments (comment, post_id) VALUES ('Comment 60 for post 30', 60);
INSERT INTO write_comments (comment, post_id) VALUES ('Comment 61 for post 30', 61);
INSERT INTO read_comments (comment, post_id) VALUES ('Comment 61 for post 30', 61);
INSERT INTO write_comments (comment, post_id) VALUES ('Comment 62 for post 30', 62);
INSERT INTO read_comments (comment, post_id) VALUES ('Comment 62 for post 30', 62);
INSERT INTO write_comments (comment, post_id) VALUES ('Comment 63 for post 30', 63);
INSERT INTO read_comments (comment, post_id) VALUES ('Comment 63 for post 30', 63);
INSERT INTO write_comments (comment, post_id) VALUES ('Comment 64 for post 30', 64);
INSERT INTO read_comments (comment, post_id) VALUES ('Comment 64 for post 30', 64);
INSERT INTO write_comments (comment, post_id) VALUES ('Comment 65 for post 30', 65);
INSERT INTO read_comments (comment, post_id) VALUES ('Comment 65 for post 30', 65);
INSERT INTO write_comments (comment, post_id) VALUES ('Comment 66 for post 30', 66);
INSERT INTO read_comments (comment, post_id) VALUES ('Comment 66 for post 30', 66);
INSERT INTO write_comments (comment, post_id) VALUES ('Comment 67 for post 30', 67);
INSERT INTO read_comments (comment, post_id) VALUES ('Comment 67 for post 30', 67);
INSERT INTO write_comments (comment, post_id) VALUES ('Comment 68 for post 30', 68);
INSERT INTO read_comments (comment, post_id) VALUES ('Comment 68 for post 30', 68);
INSERT INTO write_comments (comment, post_id) VALUES ('Comment 69 for post 30', 69);
INSERT INTO read_comments (comment, post_id) VALUES ('Comment 69 for post 30', 69);
INSERT INTO write_comments (comment, post_id) VALUES ('Comment 70 for post 30', 70);
INSERT INTO read_comments (comment, post_id) VALUES ('Comment 70 for post 30', 70);
INSERT INTO write_comments (comment, post_id) VALUES ('Comment 71 for post 30', 71);
INSERT INTO read_comments (comment, post_id) VALUES ('Comment 71 for post 30', 71);
INSERT INTO write_comments (comment, post_id) VALUES ('Comment 72 for post 30', 72);
INSERT INTO read_comments (comment, post_id) VALUES ('Comment 72 for post 30', 72);
INSERT INTO write_comments (comment, post_id) VALUES ('Comment 73 for post 30', 73);
INSERT INTO read_comments (comment, post_id) VALUES ('Comment 73 for post 30', 73);
INSERT INTO write_comments (comment, post_id) VALUES ('Comment 74 for post 30', 74);
INSERT INTO read_comments (comment, post_id) VALUES ('Comment 74 for post 30', 74);
INSERT INTO write_comments (comment, post_id) VALUES ('Comment 75 for post 30', 75);
INSERT INTO read_comments (comment, post_id) VALUES ('Comment 75 for post 30', 75);
INSERT INTO write_comments (comment, post_id) VALUES ('Comment 76 for post 30', 76);
INSERT INTO read_comments (comment, post_id) VALUES ('Comment 76 for post 30', 76);
INSERT INTO write_comments (comment, post_id) VALUES ('Comment 77 for post 30', 77);
INSERT INTO read_comments (comment, post_id) VALUES ('Comment 77 for post 30', 77);
INSERT INTO write_comments (comment, post_id) VALUES ('Comment 78 for post 30', 78);
INSERT INTO read_comments (comment, post_id) VALUES ('Comment 78 for post 30', 78);
INSERT INTO write_comments (comment, post_id) VALUES ('Comment 79 for post 30', 79);
INSERT INTO read_comments (comment, post_id) VALUES ('Comment 79 for post 30', 79);
INSERT INTO write_comments (comment, post_id) VALUES ('Comment 80 for post 30', 80);
INSERT INTO read_comments (comment, post_id) VALUES ('Comment 80 for post 30', 80);
INSERT INTO write_comments (comment, post_id) VALUES ('Comment 81 for post 30', 81);
INSERT INTO read_comments (comment, post_id) VALUES ('Comment 81 for post 30', 81);
INSERT INTO write_comments (comment, post_id) VALUES ('Comment 82 for post 30', 82);
INSERT INTO read_comments (comment, post_id) VALUES ('Comment 82 for post 30', 82);
INSERT INTO write_comments (comment, post_id) VALUES ('Comment 83 for post 30', 83);
INSERT INTO read_comments (comment, post_id) VALUES ('Comment 83 for post 30', 83);
INSERT INTO write_comments (comment, post_id) VALUES ('Comment 84 for post 30', 84);
INSERT INTO read_comments (comment, post_id) VALUES ('Comment 84 for post 30', 84);
INSERT INTO write_comments (comment, post_id) VALUES ('Comment 85 for post 30', 85);
INSERT INTO read_comments (comment, post_id) VALUES ('Comment 85 for post 30', 85);
INSERT INTO write_comments (comment, post_id) VALUES ('Comment 86 for post 30', 86);
INSERT INTO read_comments (comment, post_id) VALUES ('Comment 86 for post 30', 86);
INSERT INTO write_comments (comment, post_id) VALUES ('Comment 87 for post 30', 87);
INSERT INTO read_comments (comment, post_id) VALUES ('Comment 87 for post 30', 87);
INSERT INTO write_comments (comment, post_id) VALUES ('Comment 88 for post 30', 88);
INSERT INTO read_comments (comment, post_id) VALUES ('Comment 88 for post 30', 88);
INSERT INTO write_comments (comment, post_id) VALUES ('Comment 89 for post 30', 89);
INSERT INTO read_comments (comment, post_id) VALUES ('Comment 89 for post 30', 89);
INSERT INTO write_comments (comment, post_id) VALUES ('Comment 90 for post 30', 90);
INSERT INTO read_comments (comment, post_id) VALUES ('Comment 90 for post 30', 90);
INSERT INTO write_comments (comment, post_id) VALUES ('Comment 91 for post 30', 91);
INSERT INTO read_comments (comment, post_id) VALUES ('Comment 91 for post 30', 91);
INSERT INTO write_comments (comment, post_id) VALUES ('Comment 92 for post 30', 92);
INSERT INTO read_comments (comment, post_id) VALUES ('Comment 92 for post 30', 92);
INSERT INTO write_comments (comment, post_id) VALUES ('Comment 93 for post 30', 93);
INSERT INTO read_comments (comment, post_id) VALUES ('Comment 93 for post 30', 93);
INSERT INTO write_comments (comment, post_id) VALUES ('Comment 94 for post 30', 94);
INSERT INTO read_comments (comment, post_id) VALUES ('Comment 94 for post 30', 94);
INSERT INTO write_comments (comment, post_id) VALUES ('Comment 95 for post 30', 95);
INSERT INTO read_comments (comment, post_id) VALUES ('Comment 95 for post 30', 95);
INSERT INTO write_comments (comment, post_id) VALUES ('Comment 96 for post 30', 96);
INSERT INTO read_comments (comment, post_id) VALUES ('Comment 96 for post 30', 96);
INSERT INTO write_comments (comment, post_id) VALUES ('Comment 97 for post 30', 97);
INSERT INTO read_comments (comment, post_id) VALUES ('Comment 97 for post 30', 97);
INSERT INTO write_comments (comment, post_id) VALUES ('Comment 98 for post 30', 98);
INSERT INTO read_comments (comment, post_id) VALUES ('Comment 98 for post 30', 98);
INSERT INTO write_comments (comment, post_id) VALUES ('Comment 99 for post 30', 99);
INSERT INTO read_comments (comment, post_id) VALUES ('Comment 99 for post 30', 99);
INSERT INTO write_comments (comment, post_id) VALUES ('Comment 100 for post 30', 100);
INSERT INTO read_comments (comment, post_id) VALUES ('Comment 100 for post 30', 100);
INSERT INTO write_comments (comment, post_id) VALUES ('Comment 1 for post 31', 1);
INSERT INTO read_comments (comment, post_id) VALUES ('Comment 1 for post 31', 1);
INSERT INTO write_comments (comment, post_id) VALUES ('Comment 2 for post 31', 2);
INSERT INTO read_comments (comment, post_id) VALUES ('Comment 2 for post 31', 2);
INSERT INTO write_comments (comment, post_id) VALUES ('Comment 3 for post 31', 3);
INSERT INTO read_comments (comment, post_id) VALUES ('Comment 3 for post 31', 3);
INSERT INTO write_comments (comment, post_id) VALUES ('Comment 4 for post 31', 4);
INSERT INTO read_comments (comment, post_id) VALUES ('Comment 4 for post 31', 4);
INSERT INTO write_comments (comment, post_id) VALUES ('Comment 5 for post 31', 5);
INSERT INTO read_comments (comment, post_id) VALUES ('Comment 5 for post 31', 5);
INSERT INTO write_comments (comment, post_id) VALUES ('Comment 6 for post 31', 6);
INSERT INTO read_comments (comment, post_id) VALUES ('Comment 6 for post 31', 6);
INSERT INTO write_comments (comment, post_id) VALUES ('Comment 7 for post 31', 7);
INSERT INTO read_comments (comment, post_id) VALUES ('Comment 7 for post 31', 7);
INSERT INTO write_comments (comment, post_id) VALUES ('Comment 8 for post 31', 8);
INSERT INTO read_comments (comment, post_id) VALUES ('Comment 8 for post 31', 8);
INSERT INTO write_comments (comment, post_id) VALUES ('Comment 9 for post 31', 9);
INSERT INTO read_comments (comment, post_id) VALUES ('Comment 9 for post 31', 9);
INSERT INTO write_comments (comment, post_id) VALUES ('Comment 10 for post 31', 10);
INSERT INTO read_comments (comment, post_id) VALUES ('Comment 10 for post 31', 10);
INSERT INTO write_comments (comment, post_id) VALUES ('Comment 11 for post 31', 11);
INSERT INTO read_comments (comment, post_id) VALUES ('Comment 11 for post 31', 11);
INSERT INTO write_comments (comment, post_id) VALUES ('Comment 12 for post 31', 12);
INSERT INTO read_comments (comment, post_id) VALUES ('Comment 12 for post 31', 12);
INSERT INTO write_comments (comment, post_id) VALUES ('Comment 13 for post 31', 13);
INSERT INTO read_comments (comment, post_id) VALUES ('Comment 13 for post 31', 13);
INSERT INTO write_comments (comment, post_id) VALUES ('Comment 14 for post 31', 14);
INSERT INTO read_comments (comment, post_id) VALUES ('Comment 14 for post 31', 14);
INSERT INTO write_comments (comment, post_id) VALUES ('Comment 15 for post 31', 15);
INSERT INTO read_comments (comment, post_id) VALUES ('Comment 15 for post 31', 15);
INSERT INTO write_comments (comment, post_id) VALUES ('Comment 16 for post 31', 16);
INSERT INTO read_comments (comment, post_id) VALUES ('Comment 16 for post 31', 16);
INSERT INTO write_comments (comment, post_id) VALUES ('Comment 17 for post 31', 17);
INSERT INTO read_comments (comment, post_id) VALUES ('Comment 17 for post 31', 17);
INSERT INTO write_comments (comment, post_id) VALUES ('Comment 18 for post 31', 18);
INSERT INTO read_comments (comment, post_id) VALUES ('Comment 18 for post 31', 18);
INSERT INTO write_comments (comment, post_id) VALUES ('Comment 19 for post 31', 19);
INSERT INTO read_comments (comment, post_id) VALUES ('Comment 19 for post 31', 19);
INSERT INTO write_comments (comment, post_id) VALUES ('Comment 20 for post 31', 20);
INSERT INTO read_comments (comment, post_id) VALUES ('Comment 20 for post 31', 20);
INSERT INTO write_comments (comment, post_id) VALUES ('Comment 21 for post 31', 21);
INSERT INTO read_comments (comment, post_id) VALUES ('Comment 21 for post 31', 21);
INSERT INTO write_comments (comment, post_id) VALUES ('Comment 22 for post 31', 22);
INSERT INTO read_comments (comment, post_id) VALUES ('Comment 22 for post 31', 22);
INSERT INTO write_comments (comment, post_id) VALUES ('Comment 23 for post 31', 23);
INSERT INTO read_comments (comment, post_id) VALUES ('Comment 23 for post 31', 23);
INSERT INTO write_comments (comment, post_id) VALUES ('Comment 24 for post 31', 24);
INSERT INTO read_comments (comment, post_id) VALUES ('Comment 24 for post 31', 24);
INSERT INTO write_comments (comment, post_id) VALUES ('Comment 25 for post 31', 25);
INSERT INTO read_comments (comment, post_id) VALUES ('Comment 25 for post 31', 25);
INSERT INTO write_comments (comment, post_id) VALUES ('Comment 26 for post 31', 26);
INSERT INTO read_comments (comment, post_id) VALUES ('Comment 26 for post 31', 26);
INSERT INTO write_comments (comment, post_id) VALUES ('Comment 27 for post 31', 27);
INSERT INTO read_comments (comment, post_id) VALUES ('Comment 27 for post 31', 27);
INSERT INTO write_comments (comment, post_id) VALUES ('Comment 28 for post 31', 28);
INSERT INTO read_comments (comment, post_id) VALUES ('Comment 28 for post 31', 28);
INSERT INTO write_comments (comment, post_id) VALUES ('Comment 29 for post 31', 29);
INSERT INTO read_comments (comment, post_id) VALUES ('Comment 29 for post 31', 29);
INSERT INTO write_comments (comment, post_id) VALUES ('Comment 30 for post 31', 30);
INSERT INTO read_comments (comment, post_id) VALUES ('Comment 30 for post 31', 30);
INSERT INTO write_comments (comment, post_id) VALUES ('Comment 31 for post 31', 31);
INSERT INTO read_comments (comment, post_id) VALUES ('Comment 31 for post 31', 31);
INSERT INTO write_comments (comment, post_id) VALUES ('Comment 32 for post 31', 32);
INSERT INTO read_comments (comment, post_id) VALUES ('Comment 32 for post 31', 32);
INSERT INTO write_comments (comment, post_id) VALUES ('Comment 33 for post 31', 33);
INSERT INTO read_comments (comment, post_id) VALUES ('Comment 33 for post 31', 33);
INSERT INTO write_comments (comment, post_id) VALUES ('Comment 34 for post 31', 34);
INSERT INTO read_comments (comment, post_id) VALUES ('Comment 34 for post 31', 34);
INSERT INTO write_comments (comment, post_id) VALUES ('Comment 35 for post 31', 35);
INSERT INTO read_comments (comment, post_id) VALUES ('Comment 35 for post 31', 35);
INSERT INTO write_comments (comment, post_id) VALUES ('Comment 36 for post 31', 36);
INSERT INTO read_comments (comment, post_id) VALUES ('Comment 36 for post 31', 36);
INSERT INTO write_comments (comment, post_id) VALUES ('Comment 37 for post 31', 37);
INSERT INTO read_comments (comment, post_id) VALUES ('Comment 37 for post 31', 37);
INSERT INTO write_comments (comment, post_id) VALUES ('Comment 38 for post 31', 38);
INSERT INTO read_comments (comment, post_id) VALUES ('Comment 38 for post 31', 38);
INSERT INTO write_comments (comment, post_id) VALUES ('Comment 39 for post 31', 39);
INSERT INTO read_comments (comment, post_id) VALUES ('Comment 39 for post 31', 39);
INSERT INTO write_comments (comment, post_id) VALUES ('Comment 40 for post 31', 40);
INSERT INTO read_comments (comment, post_id) VALUES ('Comment 40 for post 31', 40);
INSERT INTO write_comments (comment, post_id) VALUES ('Comment 41 for post 31', 41);
INSERT INTO read_comments (comment, post_id) VALUES ('Comment 41 for post 31', 41);
INSERT INTO write_comments (comment, post_id) VALUES ('Comment 42 for post 31', 42);
INSERT INTO read_comments (comment, post_id) VALUES ('Comment 42 for post 31', 42);
INSERT INTO write_comments (comment, post_id) VALUES ('Comment 43 for post 31', 43);
INSERT INTO read_comments (comment, post_id) VALUES ('Comment 43 for post 31', 43);
INSERT INTO write_comments (comment, post_id) VALUES ('Comment 44 for post 31', 44);
INSERT INTO read_comments (comment, post_id) VALUES ('Comment 44 for post 31', 44);
INSERT INTO write_comments (comment, post_id) VALUES ('Comment 45 for post 31', 45);
INSERT INTO read_comments (comment, post_id) VALUES ('Comment 45 for post 31', 45);
INSERT INTO write_comments (comment, post_id) VALUES ('Comment 46 for post 31', 46);
INSERT INTO read_comments (comment, post_id) VALUES ('Comment 46 for post 31', 46);
INSERT INTO write_comments (comment, post_id) VALUES ('Comment 47 for post 31', 47);
INSERT INTO read_comments (comment, post_id) VALUES ('Comment 47 for post 31', 47);
INSERT INTO write_comments (comment, post_id) VALUES ('Comment 48 for post 31', 48);
INSERT INTO read_comments (comment, post_id) VALUES ('Comment 48 for post 31', 48);
INSERT INTO write_comments (comment, post_id) VALUES ('Comment 49 for post 31', 49);
INSERT INTO read_comments (comment, post_id) VALUES ('Comment 49 for post 31', 49);
INSERT INTO write_comments (comment, post_id) VALUES ('Comment 50 for post 31', 50);
INSERT INTO read_comments (comment, post_id) VALUES ('Comment 50 for post 31', 50);
INSERT INTO write_comments (comment, post_id) VALUES ('Comment 51 for post 31', 51);
INSERT INTO read_comments (comment, post_id) VALUES ('Comment 51 for post 31', 51);
INSERT INTO write_comments (comment, post_id) VALUES ('Comment 52 for post 31', 52);
INSERT INTO read_comments (comment, post_id) VALUES ('Comment 52 for post 31', 52);
INSERT INTO write_comments (comment, post_id) VALUES ('Comment 53 for post 31', 53);
INSERT INTO read_comments (comment, post_id) VALUES ('Comment 53 for post 31', 53);
INSERT INTO write_comments (comment, post_id) VALUES ('Comment 54 for post 31', 54);
INSERT INTO read_comments (comment, post_id) VALUES ('Comment 54 for post 31', 54);
INSERT INTO write_comments (comment, post_id) VALUES ('Comment 55 for post 31', 55);
INSERT INTO read_comments (comment, post_id) VALUES ('Comment 55 for post 31', 55);
INSERT INTO write_comments (comment, post_id) VALUES ('Comment 56 for post 31', 56);
INSERT INTO read_comments (comment, post_id) VALUES ('Comment 56 for post 31', 56);
INSERT INTO write_comments (comment, post_id) VALUES ('Comment 57 for post 31', 57);
INSERT INTO read_comments (comment, post_id) VALUES ('Comment 57 for post 31', 57);
INSERT INTO write_comments (comment, post_id) VALUES ('Comment 58 for post 31', 58);
INSERT INTO read_comments (comment, post_id) VALUES ('Comment 58 for post 31', 58);
INSERT INTO write_comments (comment, post_id) VALUES ('Comment 59 for post 31', 59);
INSERT INTO read_comments (comment, post_id) VALUES ('Comment 59 for post 31', 59);
INSERT INTO write_comments (comment, post_id) VALUES ('Comment 60 for post 31', 60);
INSERT INTO read_comments (comment, post_id) VALUES ('Comment 60 for post 31', 60);
INSERT INTO write_comments (comment, post_id) VALUES ('Comment 61 for post 31', 61);
INSERT INTO read_comments (comment, post_id) VALUES ('Comment 61 for post 31', 61);
INSERT INTO write_comments (comment, post_id) VALUES ('Comment 62 for post 31', 62);
INSERT INTO read_comments (comment, post_id) VALUES ('Comment 62 for post 31', 62);
INSERT INTO write_comments (comment, post_id) VALUES ('Comment 63 for post 31', 63);
INSERT INTO read_comments (comment, post_id) VALUES ('Comment 63 for post 31', 63);
INSERT INTO write_comments (comment, post_id) VALUES ('Comment 64 for post 31', 64);
INSERT INTO read_comments (comment, post_id) VALUES ('Comment 64 for post 31', 64);
INSERT INTO write_comments (comment, post_id) VALUES ('Comment 65 for post 31', 65);
INSERT INTO read_comments (comment, post_id) VALUES ('Comment 65 for post 31', 65);
INSERT INTO write_comments (comment, post_id) VALUES ('Comment 66 for post 31', 66);
INSERT INTO read_comments (comment, post_id) VALUES ('Comment 66 for post 31', 66);
INSERT INTO write_comments (comment, post_id) VALUES ('Comment 67 for post 31', 67);
INSERT INTO read_comments (comment, post_id) VALUES ('Comment 67 for post 31', 67);
INSERT INTO write_comments (comment, post_id) VALUES ('Comment 68 for post 31', 68);
INSERT INTO read_comments (comment, post_id) VALUES ('Comment 68 for post 31', 68);
INSERT INTO write_comments (comment, post_id) VALUES ('Comment 69 for post 31', 69);
INSERT INTO read_comments (comment, post_id) VALUES ('Comment 69 for post 31', 69);
INSERT INTO write_comments (comment, post_id) VALUES ('Comment 70 for post 31', 70);
INSERT INTO read_comments (comment, post_id) VALUES ('Comment 70 for post 31', 70);
INSERT INTO write_comments (comment, post_id) VALUES ('Comment 71 for post 31', 71);
INSERT INTO read_comments (comment, post_id) VALUES ('Comment 71 for post 31', 71);
INSERT INTO write_comments (comment, post_id) VALUES ('Comment 72 for post 31', 72);
INSERT INTO read_comments (comment, post_id) VALUES ('Comment 72 for post 31', 72);
INSERT INTO write_comments (comment, post_id) VALUES ('Comment 73 for post 31', 73);
INSERT INTO read_comments (comment, post_id) VALUES ('Comment 73 for post 31', 73);
INSERT INTO write_comments (comment, post_id) VALUES ('Comment 74 for post 31', 74);
INSERT INTO read_comments (comment, post_id) VALUES ('Comment 74 for post 31', 74);
INSERT INTO write_comments (comment, post_id) VALUES ('Comment 75 for post 31', 75);
INSERT INTO read_comments (comment, post_id) VALUES ('Comment 75 for post 31', 75);
INSERT INTO write_comments (comment, post_id) VALUES ('Comment 76 for post 31', 76);
INSERT INTO read_comments (comment, post_id) VALUES ('Comment 76 for post 31', 76);
INSERT INTO write_comments (comment, post_id) VALUES ('Comment 77 for post 31', 77);
INSERT INTO read_comments (comment, post_id) VALUES ('Comment 77 for post 31', 77);
INSERT INTO write_comments (comment, post_id) VALUES ('Comment 78 for post 31', 78);
INSERT INTO read_comments (comment, post_id) VALUES ('Comment 78 for post 31', 78);
INSERT INTO write_comments (comment, post_id) VALUES ('Comment 79 for post 31', 79);
INSERT INTO read_comments (comment, post_id) VALUES ('Comment 79 for post 31', 79);
INSERT INTO write_comments (comment, post_id) VALUES ('Comment 80 for post 31', 80);
INSERT INTO read_comments (comment, post_id) VALUES ('Comment 80 for post 31', 80);
INSERT INTO write_comments (comment, post_id) VALUES ('Comment 81 for post 31', 81);
INSERT INTO read_comments (comment, post_id) VALUES ('Comment 81 for post 31', 81);
INSERT INTO write_comments (comment, post_id) VALUES ('Comment 82 for post 31', 82);
INSERT INTO read_comments (comment, post_id) VALUES ('Comment 82 for post 31', 82);
INSERT INTO write_comments (comment, post_id) VALUES ('Comment 83 for post 31', 83);
INSERT INTO read_comments (comment, post_id) VALUES ('Comment 83 for post 31', 83);
INSERT INTO write_comments (comment, post_id) VALUES ('Comment 84 for post 31', 84);
INSERT INTO read_comments (comment, post_id) VALUES ('Comment 84 for post 31', 84);
INSERT INTO write_comments (comment, post_id) VALUES ('Comment 85 for post 31', 85);
INSERT INTO read_comments (comment, post_id) VALUES ('Comment 85 for post 31', 85);
INSERT INTO write_comments (comment, post_id) VALUES ('Comment 86 for post 31', 86);
INSERT INTO read_comments (comment, post_id) VALUES ('Comment 86 for post 31', 86);
INSERT INTO write_comments (comment, post_id) VALUES ('Comment 87 for post 31', 87);
INSERT INTO read_comments (comment, post_id) VALUES ('Comment 87 for post 31', 87);
INSERT INTO write_comments (comment, post_id) VALUES ('Comment 88 for post 31', 88);
INSERT INTO read_comments (comment, post_id) VALUES ('Comment 88 for post 31', 88);
INSERT INTO write_comments (comment, post_id) VALUES ('Comment 89 for post 31', 89);
INSERT INTO read_comments (comment, post_id) VALUES ('Comment 89 for post 31', 89);
INSERT INTO write_comments (comment, post_id) VALUES ('Comment 90 for post 31', 90);
INSERT INTO read_comments (comment, post_id) VALUES ('Comment 90 for post 31', 90);
INSERT INTO write_comments (comment, post_id) VALUES ('Comment 91 for post 31', 91);
INSERT INTO read_comments (comment, post_id) VALUES ('Comment 91 for post 31', 91);
INSERT INTO write_comments (comment, post_id) VALUES ('Comment 92 for post 31', 92);
INSERT INTO read_comments (comment, post_id) VALUES ('Comment 92 for post 31', 92);
INSERT INTO write_comments (comment, post_id) VALUES ('Comment 93 for post 31', 93);
INSERT INTO read_comments (comment, post_id) VALUES ('Comment 93 for post 31', 93);
INSERT INTO write_comments (comment, post_id) VALUES ('Comment 94 for post 31', 94);
INSERT INTO read_comments (comment, post_id) VALUES ('Comment 94 for post 31', 94);
INSERT INTO write_comments (comment, post_id) VALUES ('Comment 95 for post 31', 95);
INSERT INTO read_comments (comment, post_id) VALUES ('Comment 95 for post 31', 95);
INSERT INTO write_comments (comment, post_id) VALUES ('Comment 96 for post 31', 96);
INSERT INTO read_comments (comment, post_id) VALUES ('Comment 96 for post 31', 96);
INSERT INTO write_comments (comment, post_id) VALUES ('Comment 97 for post 31', 97);
INSERT INTO read_comments (comment, post_id) VALUES ('Comment 97 for post 31', 97);
INSERT INTO write_comments (comment, post_id) VALUES ('Comment 98 for post 31', 98);
INSERT INTO read_comments (comment, post_id) VALUES ('Comment 98 for post 31', 98);
INSERT INTO write_comments (comment, post_id) VALUES ('Comment 99 for post 31', 99);
INSERT INTO read_comments (comment, post_id) VALUES ('Comment 99 for post 31', 99);
INSERT INTO write_comments (comment, post_id) VALUES ('Comment 100 for post 31', 100);
INSERT INTO read_comments (comment, post_id) VALUES ('Comment 100 for post 31', 100);
INSERT INTO write_comments (comment, post_id) VALUES ('Comment 1 for post 32', 1);
INSERT INTO read_comments (comment, post_id) VALUES ('Comment 1 for post 32', 1);
INSERT INTO write_comments (comment, post_id) VALUES ('Comment 2 for post 32', 2);
INSERT INTO read_comments (comment, post_id) VALUES ('Comment 2 for post 32', 2);
INSERT INTO write_comments (comment, post_id) VALUES ('Comment 3 for post 32', 3);
INSERT INTO read_comments (comment, post_id) VALUES ('Comment 3 for post 32', 3);
INSERT INTO write_comments (comment, post_id) VALUES ('Comment 4 for post 32', 4);
INSERT INTO read_comments (comment, post_id) VALUES ('Comment 4 for post 32', 4);
INSERT INTO write_comments (comment, post_id) VALUES ('Comment 5 for post 32', 5);
INSERT INTO read_comments (comment, post_id) VALUES ('Comment 5 for post 32', 5);
INSERT INTO write_comments (comment, post_id) VALUES ('Comment 6 for post 32', 6);
INSERT INTO read_comments (comment, post_id) VALUES ('Comment 6 for post 32', 6);
INSERT INTO write_comments (comment, post_id) VALUES ('Comment 7 for post 32', 7);
INSERT INTO read_comments (comment, post_id) VALUES ('Comment 7 for post 32', 7);
INSERT INTO write_comments (comment, post_id) VALUES ('Comment 8 for post 32', 8);
INSERT INTO read_comments (comment, post_id) VALUES ('Comment 8 for post 32', 8);
INSERT INTO write_comments (comment, post_id) VALUES ('Comment 9 for post 32', 9);
INSERT INTO read_comments (comment, post_id) VALUES ('Comment 9 for post 32', 9);
INSERT INTO write_comments (comment, post_id) VALUES ('Comment 10 for post 32', 10);
INSERT INTO read_comments (comment, post_id) VALUES ('Comment 10 for post 32', 10);
INSERT INTO write_comments (comment, post_id) VALUES ('Comment 11 for post 32', 11);
INSERT INTO read_comments (comment, post_id) VALUES ('Comment 11 for post 32', 11);
INSERT INTO write_comments (comment, post_id) VALUES ('Comment 12 for post 32', 12);
INSERT INTO read_comments (comment, post_id) VALUES ('Comment 12 for post 32', 12);
INSERT INTO write_comments (comment, post_id) VALUES ('Comment 13 for post 32', 13);
INSERT INTO read_comments (comment, post_id) VALUES ('Comment 13 for post 32', 13);
INSERT INTO write_comments (comment, post_id) VALUES ('Comment 14 for post 32', 14);
INSERT INTO read_comments (comment, post_id) VALUES ('Comment 14 for post 32', 14);
INSERT INTO write_comments (comment, post_id) VALUES ('Comment 15 for post 32', 15);
INSERT INTO read_comments (comment, post_id) VALUES ('Comment 15 for post 32', 15);
INSERT INTO write_comments (comment, post_id) VALUES ('Comment 16 for post 32', 16);
INSERT INTO read_comments (comment, post_id) VALUES ('Comment 16 for post 32', 16);
INSERT INTO write_comments (comment, post_id) VALUES ('Comment 17 for post 32', 17);
INSERT INTO read_comments (comment, post_id) VALUES ('Comment 17 for post 32', 17);
INSERT INTO write_comments (comment, post_id) VALUES ('Comment 18 for post 32', 18);
INSERT INTO read_comments (comment, post_id) VALUES ('Comment 18 for post 32', 18);
INSERT INTO write_comments (comment, post_id) VALUES ('Comment 19 for post 32', 19);
INSERT INTO read_comments (comment, post_id) VALUES ('Comment 19 for post 32', 19);
INSERT INTO write_comments (comment, post_id) VALUES ('Comment 20 for post 32', 20);
INSERT INTO read_comments (comment, post_id) VALUES ('Comment 20 for post 32', 20);
INSERT INTO write_comments (comment, post_id) VALUES ('Comment 21 for post 32', 21);
INSERT INTO read_comments (comment, post_id) VALUES ('Comment 21 for post 32', 21);
INSERT INTO write_comments (comment, post_id) VALUES ('Comment 22 for post 32', 22);
INSERT INTO read_comments (comment, post_id) VALUES ('Comment 22 for post 32', 22);
INSERT INTO write_comments (comment, post_id) VALUES ('Comment 23 for post 32', 23);
INSERT INTO read_comments (comment, post_id) VALUES ('Comment 23 for post 32', 23);
INSERT INTO write_comments (comment, post_id) VALUES ('Comment 24 for post 32', 24);
INSERT INTO read_comments (comment, post_id) VALUES ('Comment 24 for post 32', 24);
INSERT INTO write_comments (comment, post_id) VALUES ('Comment 25 for post 32', 25);
INSERT INTO read_comments (comment, post_id) VALUES ('Comment 25 for post 32', 25);
INSERT INTO write_comments (comment, post_id) VALUES ('Comment 26 for post 32', 26);
INSERT INTO read_comments (comment, post_id) VALUES ('Comment 26 for post 32', 26);
INSERT INTO write_comments (comment, post_id) VALUES ('Comment 27 for post 32', 27);
INSERT INTO read_comments (comment, post_id) VALUES ('Comment 27 for post 32', 27);
INSERT INTO write_comments (comment, post_id) VALUES ('Comment 28 for post 32', 28);
INSERT INTO read_comments (comment, post_id) VALUES ('Comment 28 for post 32', 28);
INSERT INTO write_comments (comment, post_id) VALUES ('Comment 29 for post 32', 29);
INSERT INTO read_comments (comment, post_id) VALUES ('Comment 29 for post 32', 29);
INSERT INTO write_comments (comment, post_id) VALUES ('Comment 30 for post 32', 30);
INSERT INTO read_comments (comment, post_id) VALUES ('Comment 30 for post 32', 30);
INSERT INTO write_comments (comment, post_id) VALUES ('Comment 31 for post 32', 31);
INSERT INTO read_comments (comment, post_id) VALUES ('Comment 31 for post 32', 31);
INSERT INTO write_comments (comment, post_id) VALUES ('Comment 32 for post 32', 32);
INSERT INTO read_comments (comment, post_id) VALUES ('Comment 32 for post 32', 32);
INSERT INTO write_comments (comment, post_id) VALUES ('Comment 33 for post 32', 33);
INSERT INTO read_comments (comment, post_id) VALUES ('Comment 33 for post 32', 33);
INSERT INTO write_comments (comment, post_id) VALUES ('Comment 34 for post 32', 34);
INSERT INTO read_comments (comment, post_id) VALUES ('Comment 34 for post 32', 34);
INSERT INTO write_comments (comment, post_id) VALUES ('Comment 35 for post 32', 35);
INSERT INTO read_comments (comment, post_id) VALUES ('Comment 35 for post 32', 35);
INSERT INTO write_comments (comment, post_id) VALUES ('Comment 36 for post 32', 36);
INSERT INTO read_comments (comment, post_id) VALUES ('Comment 36 for post 32', 36);
INSERT INTO write_comments (comment, post_id) VALUES ('Comment 37 for post 32', 37);
INSERT INTO read_comments (comment, post_id) VALUES ('Comment 37 for post 32', 37);
INSERT INTO write_comments (comment, post_id) VALUES ('Comment 38 for post 32', 38);
INSERT INTO read_comments (comment, post_id) VALUES ('Comment 38 for post 32', 38);
INSERT INTO write_comments (comment, post_id) VALUES ('Comment 39 for post 32', 39);
INSERT INTO read_comments (comment, post_id) VALUES ('Comment 39 for post 32', 39);
INSERT INTO write_comments (comment, post_id) VALUES ('Comment 40 for post 32', 40);
INSERT INTO read_comments (comment, post_id) VALUES ('Comment 40 for post 32', 40);
INSERT INTO write_comments (comment, post_id) VALUES ('Comment 41 for post 32', 41);
INSERT INTO read_comments (comment, post_id) VALUES ('Comment 41 for post 32', 41);
INSERT INTO write_comments (comment, post_id) VALUES ('Comment 42 for post 32', 42);
INSERT INTO read_comments (comment, post_id) VALUES ('Comment 42 for post 32', 42);
INSERT INTO write_comments (comment, post_id) VALUES ('Comment 43 for post 32', 43);
INSERT INTO read_comments (comment, post_id) VALUES ('Comment 43 for post 32', 43);
INSERT INTO write_comments (comment, post_id) VALUES ('Comment 44 for post 32', 44);
INSERT INTO read_comments (comment, post_id) VALUES ('Comment 44 for post 32', 44);
INSERT INTO write_comments (comment, post_id) VALUES ('Comment 45 for post 32', 45);
INSERT INTO read_comments (comment, post_id) VALUES ('Comment 45 for post 32', 45);
INSERT INTO write_comments (comment, post_id) VALUES ('Comment 46 for post 32', 46);
INSERT INTO read_comments (comment, post_id) VALUES ('Comment 46 for post 32', 46);
INSERT INTO write_comments (comment, post_id) VALUES ('Comment 47 for post 32', 47);
INSERT INTO read_comments (comment, post_id) VALUES ('Comment 47 for post 32', 47);
INSERT INTO write_comments (comment, post_id) VALUES ('Comment 48 for post 32', 48);
INSERT INTO read_comments (comment, post_id) VALUES ('Comment 48 for post 32', 48);
INSERT INTO write_comments (comment, post_id) VALUES ('Comment 49 for post 32', 49);
INSERT INTO read_comments (comment, post_id) VALUES ('Comment 49 for post 32', 49);
INSERT INTO write_comments (comment, post_id) VALUES ('Comment 50 for post 32', 50);
INSERT INTO read_comments (comment, post_id) VALUES ('Comment 50 for post 32', 50);
INSERT INTO write_comments (comment, post_id) VALUES ('Comment 51 for post 32', 51);
INSERT INTO read_comments (comment, post_id) VALUES ('Comment 51 for post 32', 51);
INSERT INTO write_comments (comment, post_id) VALUES ('Comment 52 for post 32', 52);
INSERT INTO read_comments (comment, post_id) VALUES ('Comment 52 for post 32', 52);
INSERT INTO write_comments (comment, post_id) VALUES ('Comment 53 for post 32', 53);
INSERT INTO read_comments (comment, post_id) VALUES ('Comment 53 for post 32', 53);
INSERT INTO write_comments (comment, post_id) VALUES ('Comment 54 for post 32', 54);
INSERT INTO read_comments (comment, post_id) VALUES ('Comment 54 for post 32', 54);
INSERT INTO write_comments (comment, post_id) VALUES ('Comment 55 for post 32', 55);
INSERT INTO read_comments (comment, post_id) VALUES ('Comment 55 for post 32', 55);
INSERT INTO write_comments (comment, post_id) VALUES ('Comment 56 for post 32', 56);
INSERT INTO read_comments (comment, post_id) VALUES ('Comment 56 for post 32', 56);
INSERT INTO write_comments (comment, post_id) VALUES ('Comment 57 for post 32', 57);
INSERT INTO read_comments (comment, post_id) VALUES ('Comment 57 for post 32', 57);
INSERT INTO write_comments (comment, post_id) VALUES ('Comment 58 for post 32', 58);
INSERT INTO read_comments (comment, post_id) VALUES ('Comment 58 for post 32', 58);
INSERT INTO write_comments (comment, post_id) VALUES ('Comment 59 for post 32', 59);
INSERT INTO read_comments (comment, post_id) VALUES ('Comment 59 for post 32', 59);
INSERT INTO write_comments (comment, post_id) VALUES ('Comment 60 for post 32', 60);
INSERT INTO read_comments (comment, post_id) VALUES ('Comment 60 for post 32', 60);
INSERT INTO write_comments (comment, post_id) VALUES ('Comment 61 for post 32', 61);
INSERT INTO read_comments (comment, post_id) VALUES ('Comment 61 for post 32', 61);
INSERT INTO write_comments (comment, post_id) VALUES ('Comment 62 for post 32', 62);
INSERT INTO read_comments (comment, post_id) VALUES ('Comment 62 for post 32', 62);
INSERT INTO write_comments (comment, post_id) VALUES ('Comment 63 for post 32', 63);
INSERT INTO read_comments (comment, post_id) VALUES ('Comment 63 for post 32', 63);
INSERT INTO write_comments (comment, post_id) VALUES ('Comment 64 for post 32', 64);
INSERT INTO read_comments (comment, post_id) VALUES ('Comment 64 for post 32', 64);
INSERT INTO write_comments (comment, post_id) VALUES ('Comment 65 for post 32', 65);
INSERT INTO read_comments (comment, post_id) VALUES ('Comment 65 for post 32', 65);
INSERT INTO write_comments (comment, post_id) VALUES ('Comment 66 for post 32', 66);
INSERT INTO read_comments (comment, post_id) VALUES ('Comment 66 for post 32', 66);
INSERT INTO write_comments (comment, post_id) VALUES ('Comment 67 for post 32', 67);
INSERT INTO read_comments (comment, post_id) VALUES ('Comment 67 for post 32', 67);
INSERT INTO write_comments (comment, post_id) VALUES ('Comment 68 for post 32', 68);
INSERT INTO read_comments (comment, post_id) VALUES ('Comment 68 for post 32', 68);
INSERT INTO write_comments (comment, post_id) VALUES ('Comment 69 for post 32', 69);
INSERT INTO read_comments (comment, post_id) VALUES ('Comment 69 for post 32', 69);
INSERT INTO write_comments (comment, post_id) VALUES ('Comment 70 for post 32', 70);
INSERT INTO read_comments (comment, post_id) VALUES ('Comment 70 for post 32', 70);
INSERT INTO write_comments (comment, post_id) VALUES ('Comment 71 for post 32', 71);
INSERT INTO read_comments (comment, post_id) VALUES ('Comment 71 for post 32', 71);
INSERT INTO write_comments (comment, post_id) VALUES ('Comment 72 for post 32', 72);
INSERT INTO read_comments (comment, post_id) VALUES ('Comment 72 for post 32', 72);
INSERT INTO write_comments (comment, post_id) VALUES ('Comment 73 for post 32', 73);
INSERT INTO read_comments (comment, post_id) VALUES ('Comment 73 for post 32', 73);
INSERT INTO write_comments (comment, post_id) VALUES ('Comment 74 for post 32', 74);
INSERT INTO read_comments (comment, post_id) VALUES ('Comment 74 for post 32', 74);
INSERT INTO write_comments (comment, post_id) VALUES ('Comment 75 for post 32', 75);
INSERT INTO read_comments (comment, post_id) VALUES ('Comment 75 for post 32', 75);
INSERT INTO write_comments (comment, post_id) VALUES ('Comment 76 for post 32', 76);
INSERT INTO read_comments (comment, post_id) VALUES ('Comment 76 for post 32', 76);
INSERT INTO write_comments (comment, post_id) VALUES ('Comment 77 for post 32', 77);
INSERT INTO read_comments (comment, post_id) VALUES ('Comment 77 for post 32', 77);
INSERT INTO write_comments (comment, post_id) VALUES ('Comment 78 for post 32', 78);
INSERT INTO read_comments (comment, post_id) VALUES ('Comment 78 for post 32', 78);
INSERT INTO write_comments (comment, post_id) VALUES ('Comment 79 for post 32', 79);
INSERT INTO read_comments (comment, post_id) VALUES ('Comment 79 for post 32', 79);
INSERT INTO write_comments (comment, post_id) VALUES ('Comment 80 for post 32', 80);
INSERT INTO read_comments (comment, post_id) VALUES ('Comment 80 for post 32', 80);
INSERT INTO write_comments (comment, post_id) VALUES ('Comment 81 for post 32', 81);
INSERT INTO read_comments (comment, post_id) VALUES ('Comment 81 for post 32', 81);
INSERT INTO write_comments (comment, post_id) VALUES ('Comment 82 for post 32', 82);
INSERT INTO read_comments (comment, post_id) VALUES ('Comment 82 for post 32', 82);
INSERT INTO write_comments (comment, post_id) VALUES ('Comment 83 for post 32', 83);
INSERT INTO read_comments (comment, post_id) VALUES ('Comment 83 for post 32', 83);
INSERT INTO write_comments (comment, post_id) VALUES ('Comment 84 for post 32', 84);
INSERT INTO read_comments (comment, post_id) VALUES ('Comment 84 for post 32', 84);
INSERT INTO write_comments (comment, post_id) VALUES ('Comment 85 for post 32', 85);
INSERT INTO read_comments (comment, post_id) VALUES ('Comment 85 for post 32', 85);
INSERT INTO write_comments (comment, post_id) VALUES ('Comment 86 for post 32', 86);
INSERT INTO read_comments (comment, post_id) VALUES ('Comment 86 for post 32', 86);
INSERT INTO write_comments (comment, post_id) VALUES ('Comment 87 for post 32', 87);
INSERT INTO read_comments (comment, post_id) VALUES ('Comment 87 for post 32', 87);
INSERT INTO write_comments (comment, post_id) VALUES ('Comment 88 for post 32', 88);
INSERT INTO read_comments (comment, post_id) VALUES ('Comment 88 for post 32', 88);
INSERT INTO write_comments (comment, post_id) VALUES ('Comment 89 for post 32', 89);
INSERT INTO read_comments (comment, post_id) VALUES ('Comment 89 for post 32', 89);
INSERT INTO write_comments (comment, post_id) VALUES ('Comment 90 for post 32', 90);
INSERT INTO read_comments (comment, post_id) VALUES ('Comment 90 for post 32', 90);
INSERT INTO write_comments (comment, post_id) VALUES ('Comment 91 for post 32', 91);
INSERT INTO read_comments (comment, post_id) VALUES ('Comment 91 for post 32', 91);
INSERT INTO write_comments (comment, post_id) VALUES ('Comment 92 for post 32', 92);
INSERT INTO read_comments (comment, post_id) VALUES ('Comment 92 for post 32', 92);
INSERT INTO write_comments (comment, post_id) VALUES ('Comment 93 for post 32', 93);
INSERT INTO read_comments (comment, post_id) VALUES ('Comment 93 for post 32', 93);
INSERT INTO write_comments (comment, post_id) VALUES ('Comment 94 for post 32', 94);
INSERT INTO read_comments (comment, post_id) VALUES ('Comment 94 for post 32', 94);
INSERT INTO write_comments (comment, post_id) VALUES ('Comment 95 for post 32', 95);
INSERT INTO read_comments (comment, post_id) VALUES ('Comment 95 for post 32', 95);
INSERT INTO write_comments (comment, post_id) VALUES ('Comment 96 for post 32', 96);
INSERT INTO read_comments (comment, post_id) VALUES ('Comment 96 for post 32', 96);
INSERT INTO write_comments (comment, post_id) VALUES ('Comment 97 for post 32', 97);
INSERT INTO read_comments (comment, post_id) VALUES ('Comment 97 for post 32', 97);
INSERT INTO write_comments (comment, post_id) VALUES ('Comment 98 for post 32', 98);
INSERT INTO read_comments (comment, post_id) VALUES ('Comment 98 for post 32', 98);
INSERT INTO write_comments (comment, post_id) VALUES ('Comment 99 for post 32', 99);
INSERT INTO read_comments (comment, post_id) VALUES ('Comment 99 for post 32', 99);
INSERT INTO write_comments (comment, post_id) VALUES ('Comment 100 for post 32', 100);
INSERT INTO read_comments (comment, post_id) VALUES ('Comment 100 for post 32', 100);
INSERT INTO write_comments (comment, post_id) VALUES ('Comment 1 for post 33', 1);
INSERT INTO read_comments (comment, post_id) VALUES ('Comment 1 for post 33', 1);
INSERT INTO write_comments (comment, post_id) VALUES ('Comment 2 for post 33', 2);
INSERT INTO read_comments (comment, post_id) VALUES ('Comment 2 for post 33', 2);
INSERT INTO write_comments (comment, post_id) VALUES ('Comment 3 for post 33', 3);
INSERT INTO read_comments (comment, post_id) VALUES ('Comment 3 for post 33', 3);
INSERT INTO write_comments (comment, post_id) VALUES ('Comment 4 for post 33', 4);
INSERT INTO read_comments (comment, post_id) VALUES ('Comment 4 for post 33', 4);
INSERT INTO write_comments (comment, post_id) VALUES ('Comment 5 for post 33', 5);
INSERT INTO read_comments (comment, post_id) VALUES ('Comment 5 for post 33', 5);
INSERT INTO write_comments (comment, post_id) VALUES ('Comment 6 for post 33', 6);
INSERT INTO read_comments (comment, post_id) VALUES ('Comment 6 for post 33', 6);
INSERT INTO write_comments (comment, post_id) VALUES ('Comment 7 for post 33', 7);
INSERT INTO read_comments (comment, post_id) VALUES ('Comment 7 for post 33', 7);
INSERT INTO write_comments (comment, post_id) VALUES ('Comment 8 for post 33', 8);
INSERT INTO read_comments (comment, post_id) VALUES ('Comment 8 for post 33', 8);
INSERT INTO write_comments (comment, post_id) VALUES ('Comment 9 for post 33', 9);
INSERT INTO read_comments (comment, post_id) VALUES ('Comment 9 for post 33', 9);
INSERT INTO write_comments (comment, post_id) VALUES ('Comment 10 for post 33', 10);
INSERT INTO read_comments (comment, post_id) VALUES ('Comment 10 for post 33', 10);
INSERT INTO write_comments (comment, post_id) VALUES ('Comment 11 for post 33', 11);
INSERT INTO read_comments (comment, post_id) VALUES ('Comment 11 for post 33', 11);
INSERT INTO write_comments (comment, post_id) VALUES ('Comment 12 for post 33', 12);
INSERT INTO read_comments (comment, post_id) VALUES ('Comment 12 for post 33', 12);
INSERT INTO write_comments (comment, post_id) VALUES ('Comment 13 for post 33', 13);
INSERT INTO read_comments (comment, post_id) VALUES ('Comment 13 for post 33', 13);
INSERT INTO write_comments (comment, post_id) VALUES ('Comment 14 for post 33', 14);
INSERT INTO read_comments (comment, post_id) VALUES ('Comment 14 for post 33', 14);
INSERT INTO write_comments (comment, post_id) VALUES ('Comment 15 for post 33', 15);
INSERT INTO read_comments (comment, post_id) VALUES ('Comment 15 for post 33', 15);
INSERT INTO write_comments (comment, post_id) VALUES ('Comment 16 for post 33', 16);
INSERT INTO read_comments (comment, post_id) VALUES ('Comment 16 for post 33', 16);
INSERT INTO write_comments (comment, post_id) VALUES ('Comment 17 for post 33', 17);
INSERT INTO read_comments (comment, post_id) VALUES ('Comment 17 for post 33', 17);
INSERT INTO write_comments (comment, post_id) VALUES ('Comment 18 for post 33', 18);
INSERT INTO read_comments (comment, post_id) VALUES ('Comment 18 for post 33', 18);
INSERT INTO write_comments (comment, post_id) VALUES ('Comment 19 for post 33', 19);
INSERT INTO read_comments (comment, post_id) VALUES ('Comment 19 for post 33', 19);
INSERT INTO write_comments (comment, post_id) VALUES ('Comment 20 for post 33', 20);
INSERT INTO read_comments (comment, post_id) VALUES ('Comment 20 for post 33', 20);
INSERT INTO write_comments (comment, post_id) VALUES ('Comment 21 for post 33', 21);
INSERT INTO read_comments (comment, post_id) VALUES ('Comment 21 for post 33', 21);
INSERT INTO write_comments (comment, post_id) VALUES ('Comment 22 for post 33', 22);
INSERT INTO read_comments (comment, post_id) VALUES ('Comment 22 for post 33', 22);
INSERT INTO write_comments (comment, post_id) VALUES ('Comment 23 for post 33', 23);
INSERT INTO read_comments (comment, post_id) VALUES ('Comment 23 for post 33', 23);
INSERT INTO write_comments (comment, post_id) VALUES ('Comment 24 for post 33', 24);
INSERT INTO read_comments (comment, post_id) VALUES ('Comment 24 for post 33', 24);
INSERT INTO write_comments (comment, post_id) VALUES ('Comment 25 for post 33', 25);
INSERT INTO read_comments (comment, post_id) VALUES ('Comment 25 for post 33', 25);
INSERT INTO write_comments (comment, post_id) VALUES ('Comment 26 for post 33', 26);
INSERT INTO read_comments (comment, post_id) VALUES ('Comment 26 for post 33', 26);
INSERT INTO write_comments (comment, post_id) VALUES ('Comment 27 for post 33', 27);
INSERT INTO read_comments (comment, post_id) VALUES ('Comment 27 for post 33', 27);
INSERT INTO write_comments (comment, post_id) VALUES ('Comment 28 for post 33', 28);
INSERT INTO read_comments (comment, post_id) VALUES ('Comment 28 for post 33', 28);
INSERT INTO write_comments (comment, post_id) VALUES ('Comment 29 for post 33', 29);
INSERT INTO read_comments (comment, post_id) VALUES ('Comment 29 for post 33', 29);
INSERT INTO write_comments (comment, post_id) VALUES ('Comment 30 for post 33', 30);
INSERT INTO read_comments (comment, post_id) VALUES ('Comment 30 for post 33', 30);
INSERT INTO write_comments (comment, post_id) VALUES ('Comment 31 for post 33', 31);
INSERT INTO read_comments (comment, post_id) VALUES ('Comment 31 for post 33', 31);
INSERT INTO write_comments (comment, post_id) VALUES ('Comment 32 for post 33', 32);
INSERT INTO read_comments (comment, post_id) VALUES ('Comment 32 for post 33', 32);
INSERT INTO write_comments (comment, post_id) VALUES ('Comment 33 for post 33', 33);
INSERT INTO read_comments (comment, post_id) VALUES ('Comment 33 for post 33', 33);
INSERT INTO write_comments (comment, post_id) VALUES ('Comment 34 for post 33', 34);
INSERT INTO read_comments (comment, post_id) VALUES ('Comment 34 for post 33', 34);
INSERT INTO write_comments (comment, post_id) VALUES ('Comment 35 for post 33', 35);
INSERT INTO read_comments (comment, post_id) VALUES ('Comment 35 for post 33', 35);
INSERT INTO write_comments (comment, post_id) VALUES ('Comment 36 for post 33', 36);
INSERT INTO read_comments (comment, post_id) VALUES ('Comment 36 for post 33', 36);
INSERT INTO write_comments (comment, post_id) VALUES ('Comment 37 for post 33', 37);
INSERT INTO read_comments (comment, post_id) VALUES ('Comment 37 for post 33', 37);
INSERT INTO write_comments (comment, post_id) VALUES ('Comment 38 for post 33', 38);
INSERT INTO read_comments (comment, post_id) VALUES ('Comment 38 for post 33', 38);
INSERT INTO write_comments (comment, post_id) VALUES ('Comment 39 for post 33', 39);
INSERT INTO read_comments (comment, post_id) VALUES ('Comment 39 for post 33', 39);
INSERT INTO write_comments (comment, post_id) VALUES ('Comment 40 for post 33', 40);
INSERT INTO read_comments (comment, post_id) VALUES ('Comment 40 for post 33', 40);
INSERT INTO write_comments (comment, post_id) VALUES ('Comment 41 for post 33', 41);
INSERT INTO read_comments (comment, post_id) VALUES ('Comment 41 for post 33', 41);
INSERT INTO write_comments (comment, post_id) VALUES ('Comment 42 for post 33', 42);
INSERT INTO read_comments (comment, post_id) VALUES ('Comment 42 for post 33', 42);
INSERT INTO write_comments (comment, post_id) VALUES ('Comment 43 for post 33', 43);
INSERT INTO read_comments (comment, post_id) VALUES ('Comment 43 for post 33', 43);
INSERT INTO write_comments (comment, post_id) VALUES ('Comment 44 for post 33', 44);
INSERT INTO read_comments (comment, post_id) VALUES ('Comment 44 for post 33', 44);
INSERT INTO write_comments (comment, post_id) VALUES ('Comment 45 for post 33', 45);
INSERT INTO read_comments (comment, post_id) VALUES ('Comment 45 for post 33', 45);
INSERT INTO write_comments (comment, post_id) VALUES ('Comment 46 for post 33', 46);
INSERT INTO read_comments (comment, post_id) VALUES ('Comment 46 for post 33', 46);
INSERT INTO write_comments (comment, post_id) VALUES ('Comment 47 for post 33', 47);
INSERT INTO read_comments (comment, post_id) VALUES ('Comment 47 for post 33', 47);
INSERT INTO write_comments (comment, post_id) VALUES ('Comment 48 for post 33', 48);
INSERT INTO read_comments (comment, post_id) VALUES ('Comment 48 for post 33', 48);
INSERT INTO write_comments (comment, post_id) VALUES ('Comment 49 for post 33', 49);
INSERT INTO read_comments (comment, post_id) VALUES ('Comment 49 for post 33', 49);
INSERT INTO write_comments (comment, post_id) VALUES ('Comment 50 for post 33', 50);
INSERT INTO read_comments (comment, post_id) VALUES ('Comment 50 for post 33', 50);
INSERT INTO write_comments (comment, post_id) VALUES ('Comment 51 for post 33', 51);
INSERT INTO read_comments (comment, post_id) VALUES ('Comment 51 for post 33', 51);
INSERT INTO write_comments (comment, post_id) VALUES ('Comment 52 for post 33', 52);
INSERT INTO read_comments (comment, post_id) VALUES ('Comment 52 for post 33', 52);
INSERT INTO write_comments (comment, post_id) VALUES ('Comment 53 for post 33', 53);
INSERT INTO read_comments (comment, post_id) VALUES ('Comment 53 for post 33', 53);
INSERT INTO write_comments (comment, post_id) VALUES ('Comment 54 for post 33', 54);
INSERT INTO read_comments (comment, post_id) VALUES ('Comment 54 for post 33', 54);
INSERT INTO write_comments (comment, post_id) VALUES ('Comment 55 for post 33', 55);
INSERT INTO read_comments (comment, post_id) VALUES ('Comment 55 for post 33', 55);
INSERT INTO write_comments (comment, post_id) VALUES ('Comment 56 for post 33', 56);
INSERT INTO read_comments (comment, post_id) VALUES ('Comment 56 for post 33', 56);
INSERT INTO write_comments (comment, post_id) VALUES ('Comment 57 for post 33', 57);
INSERT INTO read_comments (comment, post_id) VALUES ('Comment 57 for post 33', 57);
INSERT INTO write_comments (comment, post_id) VALUES ('Comment 58 for post 33', 58);
INSERT INTO read_comments (comment, post_id) VALUES ('Comment 58 for post 33', 58);
INSERT INTO write_comments (comment, post_id) VALUES ('Comment 59 for post 33', 59);
INSERT INTO read_comments (comment, post_id) VALUES ('Comment 59 for post 33', 59);
INSERT INTO write_comments (comment, post_id) VALUES ('Comment 60 for post 33', 60);
INSERT INTO read_comments (comment, post_id) VALUES ('Comment 60 for post 33', 60);
INSERT INTO write_comments (comment, post_id) VALUES ('Comment 61 for post 33', 61);
INSERT INTO read_comments (comment, post_id) VALUES ('Comment 61 for post 33', 61);
INSERT INTO write_comments (comment, post_id) VALUES ('Comment 62 for post 33', 62);
INSERT INTO read_comments (comment, post_id) VALUES ('Comment 62 for post 33', 62);
INSERT INTO write_comments (comment, post_id) VALUES ('Comment 63 for post 33', 63);
INSERT INTO read_comments (comment, post_id) VALUES ('Comment 63 for post 33', 63);
INSERT INTO write_comments (comment, post_id) VALUES ('Comment 64 for post 33', 64);
INSERT INTO read_comments (comment, post_id) VALUES ('Comment 64 for post 33', 64);
INSERT INTO write_comments (comment, post_id) VALUES ('Comment 65 for post 33', 65);
INSERT INTO read_comments (comment, post_id) VALUES ('Comment 65 for post 33', 65);
INSERT INTO write_comments (comment, post_id) VALUES ('Comment 66 for post 33', 66);
INSERT INTO read_comments (comment, post_id) VALUES ('Comment 66 for post 33', 66);
INSERT INTO write_comments (comment, post_id) VALUES ('Comment 67 for post 33', 67);
INSERT INTO read_comments (comment, post_id) VALUES ('Comment 67 for post 33', 67);
INSERT INTO write_comments (comment, post_id) VALUES ('Comment 68 for post 33', 68);
INSERT INTO read_comments (comment, post_id) VALUES ('Comment 68 for post 33', 68);
INSERT INTO write_comments (comment, post_id) VALUES ('Comment 69 for post 33', 69);
INSERT INTO read_comments (comment, post_id) VALUES ('Comment 69 for post 33', 69);
INSERT INTO write_comments (comment, post_id) VALUES ('Comment 70 for post 33', 70);
INSERT INTO read_comments (comment, post_id) VALUES ('Comment 70 for post 33', 70);
INSERT INTO write_comments (comment, post_id) VALUES ('Comment 71 for post 33', 71);
INSERT INTO read_comments (comment, post_id) VALUES ('Comment 71 for post 33', 71);
INSERT INTO write_comments (comment, post_id) VALUES ('Comment 72 for post 33', 72);
INSERT INTO read_comments (comment, post_id) VALUES ('Comment 72 for post 33', 72);
INSERT INTO write_comments (comment, post_id) VALUES ('Comment 73 for post 33', 73);
INSERT INTO read_comments (comment, post_id) VALUES ('Comment 73 for post 33', 73);
INSERT INTO write_comments (comment, post_id) VALUES ('Comment 74 for post 33', 74);
INSERT INTO read_comments (comment, post_id) VALUES ('Comment 74 for post 33', 74);
INSERT INTO write_comments (comment, post_id) VALUES ('Comment 75 for post 33', 75);
INSERT INTO read_comments (comment, post_id) VALUES ('Comment 75 for post 33', 75);
INSERT INTO write_comments (comment, post_id) VALUES ('Comment 76 for post 33', 76);
INSERT INTO read_comments (comment, post_id) VALUES ('Comment 76 for post 33', 76);
INSERT INTO write_comments (comment, post_id) VALUES ('Comment 77 for post 33', 77);
INSERT INTO read_comments (comment, post_id) VALUES ('Comment 77 for post 33', 77);
INSERT INTO write_comments (comment, post_id) VALUES ('Comment 78 for post 33', 78);
INSERT INTO read_comments (comment, post_id) VALUES ('Comment 78 for post 33', 78);
INSERT INTO write_comments (comment, post_id) VALUES ('Comment 79 for post 33', 79);
INSERT INTO read_comments (comment, post_id) VALUES ('Comment 79 for post 33', 79);
INSERT INTO write_comments (comment, post_id) VALUES ('Comment 80 for post 33', 80);
INSERT INTO read_comments (comment, post_id) VALUES ('Comment 80 for post 33', 80);
INSERT INTO write_comments (comment, post_id) VALUES ('Comment 81 for post 33', 81);
INSERT INTO read_comments (comment, post_id) VALUES ('Comment 81 for post 33', 81);
INSERT INTO write_comments (comment, post_id) VALUES ('Comment 82 for post 33', 82);
INSERT INTO read_comments (comment, post_id) VALUES ('Comment 82 for post 33', 82);
INSERT INTO write_comments (comment, post_id) VALUES ('Comment 83 for post 33', 83);
INSERT INTO read_comments (comment, post_id) VALUES ('Comment 83 for post 33', 83);
INSERT INTO write_comments (comment, post_id) VALUES ('Comment 84 for post 33', 84);
INSERT INTO read_comments (comment, post_id) VALUES ('Comment 84 for post 33', 84);
INSERT INTO write_comments (comment, post_id) VALUES ('Comment 85 for post 33', 85);
INSERT INTO read_comments (comment, post_id) VALUES ('Comment 85 for post 33', 85);
INSERT INTO write_comments (comment, post_id) VALUES ('Comment 86 for post 33', 86);
INSERT INTO read_comments (comment, post_id) VALUES ('Comment 86 for post 33', 86);
INSERT INTO write_comments (comment, post_id) VALUES ('Comment 87 for post 33', 87);
INSERT INTO read_comments (comment, post_id) VALUES ('Comment 87 for post 33', 87);
INSERT INTO write_comments (comment, post_id) VALUES ('Comment 88 for post 33', 88);
INSERT INTO read_comments (comment, post_id) VALUES ('Comment 88 for post 33', 88);
INSERT INTO write_comments (comment, post_id) VALUES ('Comment 89 for post 33', 89);
INSERT INTO read_comments (comment, post_id) VALUES ('Comment 89 for post 33', 89);
INSERT INTO write_comments (comment, post_id) VALUES ('Comment 90 for post 33', 90);
INSERT INTO read_comments (comment, post_id) VALUES ('Comment 90 for post 33', 90);
INSERT INTO write_comments (comment, post_id) VALUES ('Comment 91 for post 33', 91);
INSERT INTO read_comments (comment, post_id) VALUES ('Comment 91 for post 33', 91);
INSERT INTO write_comments (comment, post_id) VALUES ('Comment 92 for post 33', 92);
INSERT INTO read_comments (comment, post_id) VALUES ('Comment 92 for post 33', 92);
INSERT INTO write_comments (comment, post_id) VALUES ('Comment 93 for post 33', 93);
INSERT INTO read_comments (comment, post_id) VALUES ('Comment 93 for post 33', 93);
INSERT INTO write_comments (comment, post_id) VALUES ('Comment 94 for post 33', 94);
INSERT INTO read_comments (comment, post_id) VALUES ('Comment 94 for post 33', 94);
INSERT INTO write_comments (comment, post_id) VALUES ('Comment 95 for post 33', 95);
INSERT INTO read_comments (comment, post_id) VALUES ('Comment 95 for post 33', 95);
INSERT INTO write_comments (comment, post_id) VALUES ('Comment 96 for post 33', 96);
INSERT INTO read_comments (comment, post_id) VALUES ('Comment 96 for post 33', 96);
INSERT INTO write_comments (comment, post_id) VALUES ('Comment 97 for post 33', 97);
INSERT INTO read_comments (comment, post_id) VALUES ('Comment 97 for post 33', 97);
INSERT INTO write_comments (comment, post_id) VALUES ('Comment 98 for post 33', 98);
INSERT INTO read_comments (comment, post_id) VALUES ('Comment 98 for post 33', 98);
INSERT INTO write_comments (comment, post_id) VALUES ('Comment 99 for post 33', 99);
INSERT INTO read_comments (comment, post_id) VALUES ('Comment 99 for post 33', 99);
INSERT INTO write_comments (comment, post_id) VALUES ('Comment 100 for post 33', 100);
INSERT INTO read_comments (comment, post_id) VALUES ('Comment 100 for post 33', 100);
INSERT INTO write_comments (comment, post_id) VALUES ('Comment 1 for post 34', 1);
INSERT INTO read_comments (comment, post_id) VALUES ('Comment 1 for post 34', 1);
INSERT INTO write_comments (comment, post_id) VALUES ('Comment 2 for post 34', 2);
INSERT INTO read_comments (comment, post_id) VALUES ('Comment 2 for post 34', 2);
INSERT INTO write_comments (comment, post_id) VALUES ('Comment 3 for post 34', 3);
INSERT INTO read_comments (comment, post_id) VALUES ('Comment 3 for post 34', 3);
INSERT INTO write_comments (comment, post_id) VALUES ('Comment 4 for post 34', 4);
INSERT INTO read_comments (comment, post_id) VALUES ('Comment 4 for post 34', 4);
INSERT INTO write_comments (comment, post_id) VALUES ('Comment 5 for post 34', 5);
INSERT INTO read_comments (comment, post_id) VALUES ('Comment 5 for post 34', 5);
INSERT INTO write_comments (comment, post_id) VALUES ('Comment 6 for post 34', 6);
INSERT INTO read_comments (comment, post_id) VALUES ('Comment 6 for post 34', 6);
INSERT INTO write_comments (comment, post_id) VALUES ('Comment 7 for post 34', 7);
INSERT INTO read_comments (comment, post_id) VALUES ('Comment 7 for post 34', 7);
INSERT INTO write_comments (comment, post_id) VALUES ('Comment 8 for post 34', 8);
INSERT INTO read_comments (comment, post_id) VALUES ('Comment 8 for post 34', 8);
INSERT INTO write_comments (comment, post_id) VALUES ('Comment 9 for post 34', 9);
INSERT INTO read_comments (comment, post_id) VALUES ('Comment 9 for post 34', 9);
INSERT INTO write_comments (comment, post_id) VALUES ('Comment 10 for post 34', 10);
INSERT INTO read_comments (comment, post_id) VALUES ('Comment 10 for post 34', 10);
INSERT INTO write_comments (comment, post_id) VALUES ('Comment 11 for post 34', 11);
INSERT INTO read_comments (comment, post_id) VALUES ('Comment 11 for post 34', 11);
INSERT INTO write_comments (comment, post_id) VALUES ('Comment 12 for post 34', 12);
INSERT INTO read_comments (comment, post_id) VALUES ('Comment 12 for post 34', 12);
INSERT INTO write_comments (comment, post_id) VALUES ('Comment 13 for post 34', 13);
INSERT INTO read_comments (comment, post_id) VALUES ('Comment 13 for post 34', 13);
INSERT INTO write_comments (comment, post_id) VALUES ('Comment 14 for post 34', 14);
INSERT INTO read_comments (comment, post_id) VALUES ('Comment 14 for post 34', 14);
INSERT INTO write_comments (comment, post_id) VALUES ('Comment 15 for post 34', 15);
INSERT INTO read_comments (comment, post_id) VALUES ('Comment 15 for post 34', 15);
INSERT INTO write_comments (comment, post_id) VALUES ('Comment 16 for post 34', 16);
INSERT INTO read_comments (comment, post_id) VALUES ('Comment 16 for post 34', 16);
INSERT INTO write_comments (comment, post_id) VALUES ('Comment 17 for post 34', 17);
INSERT INTO read_comments (comment, post_id) VALUES ('Comment 17 for post 34', 17);
INSERT INTO write_comments (comment, post_id) VALUES ('Comment 18 for post 34', 18);
INSERT INTO read_comments (comment, post_id) VALUES ('Comment 18 for post 34', 18);
INSERT INTO write_comments (comment, post_id) VALUES ('Comment 19 for post 34', 19);
INSERT INTO read_comments (comment, post_id) VALUES ('Comment 19 for post 34', 19);
INSERT INTO write_comments (comment, post_id) VALUES ('Comment 20 for post 34', 20);
INSERT INTO read_comments (comment, post_id) VALUES ('Comment 20 for post 34', 20);
INSERT INTO write_comments (comment, post_id) VALUES ('Comment 21 for post 34', 21);
INSERT INTO read_comments (comment, post_id) VALUES ('Comment 21 for post 34', 21);
INSERT INTO write_comments (comment, post_id) VALUES ('Comment 22 for post 34', 22);
INSERT INTO read_comments (comment, post_id) VALUES ('Comment 22 for post 34', 22);
INSERT INTO write_comments (comment, post_id) VALUES ('Comment 23 for post 34', 23);
INSERT INTO read_comments (comment, post_id) VALUES ('Comment 23 for post 34', 23);
INSERT INTO write_comments (comment, post_id) VALUES ('Comment 24 for post 34', 24);
INSERT INTO read_comments (comment, post_id) VALUES ('Comment 24 for post 34', 24);
INSERT INTO write_comments (comment, post_id) VALUES ('Comment 25 for post 34', 25);
INSERT INTO read_comments (comment, post_id) VALUES ('Comment 25 for post 34', 25);
INSERT INTO write_comments (comment, post_id) VALUES ('Comment 26 for post 34', 26);
INSERT INTO read_comments (comment, post_id) VALUES ('Comment 26 for post 34', 26);
INSERT INTO write_comments (comment, post_id) VALUES ('Comment 27 for post 34', 27);
INSERT INTO read_comments (comment, post_id) VALUES ('Comment 27 for post 34', 27);
INSERT INTO write_comments (comment, post_id) VALUES ('Comment 28 for post 34', 28);
INSERT INTO read_comments (comment, post_id) VALUES ('Comment 28 for post 34', 28);
INSERT INTO write_comments (comment, post_id) VALUES ('Comment 29 for post 34', 29);
INSERT INTO read_comments (comment, post_id) VALUES ('Comment 29 for post 34', 29);
INSERT INTO write_comments (comment, post_id) VALUES ('Comment 30 for post 34', 30);
INSERT INTO read_comments (comment, post_id) VALUES ('Comment 30 for post 34', 30);
INSERT INTO write_comments (comment, post_id) VALUES ('Comment 31 for post 34', 31);
INSERT INTO read_comments (comment, post_id) VALUES ('Comment 31 for post 34', 31);
INSERT INTO write_comments (comment, post_id) VALUES ('Comment 32 for post 34', 32);
INSERT INTO read_comments (comment, post_id) VALUES ('Comment 32 for post 34', 32);
INSERT INTO write_comments (comment, post_id) VALUES ('Comment 33 for post 34', 33);
INSERT INTO read_comments (comment, post_id) VALUES ('Comment 33 for post 34', 33);
INSERT INTO write_comments (comment, post_id) VALUES ('Comment 34 for post 34', 34);
INSERT INTO read_comments (comment, post_id) VALUES ('Comment 34 for post 34', 34);
INSERT INTO write_comments (comment, post_id) VALUES ('Comment 35 for post 34', 35);
INSERT INTO read_comments (comment, post_id) VALUES ('Comment 35 for post 34', 35);
INSERT INTO write_comments (comment, post_id) VALUES ('Comment 36 for post 34', 36);
INSERT INTO read_comments (comment, post_id) VALUES ('Comment 36 for post 34', 36);
INSERT INTO write_comments (comment, post_id) VALUES ('Comment 37 for post 34', 37);
INSERT INTO read_comments (comment, post_id) VALUES ('Comment 37 for post 34', 37);
INSERT INTO write_comments (comment, post_id) VALUES ('Comment 38 for post 34', 38);
INSERT INTO read_comments (comment, post_id) VALUES ('Comment 38 for post 34', 38);
INSERT INTO write_comments (comment, post_id) VALUES ('Comment 39 for post 34', 39);
INSERT INTO read_comments (comment, post_id) VALUES ('Comment 39 for post 34', 39);
INSERT INTO write_comments (comment, post_id) VALUES ('Comment 40 for post 34', 40);
INSERT INTO read_comments (comment, post_id) VALUES ('Comment 40 for post 34', 40);
INSERT INTO write_comments (comment, post_id) VALUES ('Comment 41 for post 34', 41);
INSERT INTO read_comments (comment, post_id) VALUES ('Comment 41 for post 34', 41);
INSERT INTO write_comments (comment, post_id) VALUES ('Comment 42 for post 34', 42);
INSERT INTO read_comments (comment, post_id) VALUES ('Comment 42 for post 34', 42);
INSERT INTO write_comments (comment, post_id) VALUES ('Comment 43 for post 34', 43);
INSERT INTO read_comments (comment, post_id) VALUES ('Comment 43 for post 34', 43);
INSERT INTO write_comments (comment, post_id) VALUES ('Comment 44 for post 34', 44);
INSERT INTO read_comments (comment, post_id) VALUES ('Comment 44 for post 34', 44);
INSERT INTO write_comments (comment, post_id) VALUES ('Comment 45 for post 34', 45);
INSERT INTO read_comments (comment, post_id) VALUES ('Comment 45 for post 34', 45);
INSERT INTO write_comments (comment, post_id) VALUES ('Comment 46 for post 34', 46);
INSERT INTO read_comments (comment, post_id) VALUES ('Comment 46 for post 34', 46);
INSERT INTO write_comments (comment, post_id) VALUES ('Comment 47 for post 34', 47);
INSERT INTO read_comments (comment, post_id) VALUES ('Comment 47 for post 34', 47);
INSERT INTO write_comments (comment, post_id) VALUES ('Comment 48 for post 34', 48);
INSERT INTO read_comments (comment, post_id) VALUES ('Comment 48 for post 34', 48);
INSERT INTO write_comments (comment, post_id) VALUES ('Comment 49 for post 34', 49);
INSERT INTO read_comments (comment, post_id) VALUES ('Comment 49 for post 34', 49);
INSERT INTO write_comments (comment, post_id) VALUES ('Comment 50 for post 34', 50);
INSERT INTO read_comments (comment, post_id) VALUES ('Comment 50 for post 34', 50);
INSERT INTO write_comments (comment, post_id) VALUES ('Comment 51 for post 34', 51);
INSERT INTO read_comments (comment, post_id) VALUES ('Comment 51 for post 34', 51);
INSERT INTO write_comments (comment, post_id) VALUES ('Comment 52 for post 34', 52);
INSERT INTO read_comments (comment, post_id) VALUES ('Comment 52 for post 34', 52);
INSERT INTO write_comments (comment, post_id) VALUES ('Comment 53 for post 34', 53);
INSERT INTO read_comments (comment, post_id) VALUES ('Comment 53 for post 34', 53);
INSERT INTO write_comments (comment, post_id) VALUES ('Comment 54 for post 34', 54);
INSERT INTO read_comments (comment, post_id) VALUES ('Comment 54 for post 34', 54);
INSERT INTO write_comments (comment, post_id) VALUES ('Comment 55 for post 34', 55);
INSERT INTO read_comments (comment, post_id) VALUES ('Comment 55 for post 34', 55);
INSERT INTO write_comments (comment, post_id) VALUES ('Comment 56 for post 34', 56);
INSERT INTO read_comments (comment, post_id) VALUES ('Comment 56 for post 34', 56);
INSERT INTO write_comments (comment, post_id) VALUES ('Comment 57 for post 34', 57);
INSERT INTO read_comments (comment, post_id) VALUES ('Comment 57 for post 34', 57);
INSERT INTO write_comments (comment, post_id) VALUES ('Comment 58 for post 34', 58);
INSERT INTO read_comments (comment, post_id) VALUES ('Comment 58 for post 34', 58);
INSERT INTO write_comments (comment, post_id) VALUES ('Comment 59 for post 34', 59);
INSERT INTO read_comments (comment, post_id) VALUES ('Comment 59 for post 34', 59);
INSERT INTO write_comments (comment, post_id) VALUES ('Comment 60 for post 34', 60);
INSERT INTO read_comments (comment, post_id) VALUES ('Comment 60 for post 34', 60);
INSERT INTO write_comments (comment, post_id) VALUES ('Comment 61 for post 34', 61);
INSERT INTO read_comments (comment, post_id) VALUES ('Comment 61 for post 34', 61);
INSERT INTO write_comments (comment, post_id) VALUES ('Comment 62 for post 34', 62);
INSERT INTO read_comments (comment, post_id) VALUES ('Comment 62 for post 34', 62);
INSERT INTO write_comments (comment, post_id) VALUES ('Comment 63 for post 34', 63);
INSERT INTO read_comments (comment, post_id) VALUES ('Comment 63 for post 34', 63);
INSERT INTO write_comments (comment, post_id) VALUES ('Comment 64 for post 34', 64);
INSERT INTO read_comments (comment, post_id) VALUES ('Comment 64 for post 34', 64);
INSERT INTO write_comments (comment, post_id) VALUES ('Comment 65 for post 34', 65);
INSERT INTO read_comments (comment, post_id) VALUES ('Comment 65 for post 34', 65);
INSERT INTO write_comments (comment, post_id) VALUES ('Comment 66 for post 34', 66);
INSERT INTO read_comments (comment, post_id) VALUES ('Comment 66 for post 34', 66);
INSERT INTO write_comments (comment, post_id) VALUES ('Comment 67 for post 34', 67);
INSERT INTO read_comments (comment, post_id) VALUES ('Comment 67 for post 34', 67);
INSERT INTO write_comments (comment, post_id) VALUES ('Comment 68 for post 34', 68);
INSERT INTO read_comments (comment, post_id) VALUES ('Comment 68 for post 34', 68);
INSERT INTO write_comments (comment, post_id) VALUES ('Comment 69 for post 34', 69);
INSERT INTO read_comments (comment, post_id) VALUES ('Comment 69 for post 34', 69);
INSERT INTO write_comments (comment, post_id) VALUES ('Comment 70 for post 34', 70);
INSERT INTO read_comments (comment, post_id) VALUES ('Comment 70 for post 34', 70);
INSERT INTO write_comments (comment, post_id) VALUES ('Comment 71 for post 34', 71);
INSERT INTO read_comments (comment, post_id) VALUES ('Comment 71 for post 34', 71);
INSERT INTO write_comments (comment, post_id) VALUES ('Comment 72 for post 34', 72);
INSERT INTO read_comments (comment, post_id) VALUES ('Comment 72 for post 34', 72);
INSERT INTO write_comments (comment, post_id) VALUES ('Comment 73 for post 34', 73);
INSERT INTO read_comments (comment, post_id) VALUES ('Comment 73 for post 34', 73);
INSERT INTO write_comments (comment, post_id) VALUES ('Comment 74 for post 34', 74);
INSERT INTO read_comments (comment, post_id) VALUES ('Comment 74 for post 34', 74);
INSERT INTO write_comments (comment, post_id) VALUES ('Comment 75 for post 34', 75);
INSERT INTO read_comments (comment, post_id) VALUES ('Comment 75 for post 34', 75);
INSERT INTO write_comments (comment, post_id) VALUES ('Comment 76 for post 34', 76);
INSERT INTO read_comments (comment, post_id) VALUES ('Comment 76 for post 34', 76);
INSERT INTO write_comments (comment, post_id) VALUES ('Comment 77 for post 34', 77);
INSERT INTO read_comments (comment, post_id) VALUES ('Comment 77 for post 34', 77);
INSERT INTO write_comments (comment, post_id) VALUES ('Comment 78 for post 34', 78);
INSERT INTO read_comments (comment, post_id) VALUES ('Comment 78 for post 34', 78);
INSERT INTO write_comments (comment, post_id) VALUES ('Comment 79 for post 34', 79);
INSERT INTO read_comments (comment, post_id) VALUES ('Comment 79 for post 34', 79);
INSERT INTO write_comments (comment, post_id) VALUES ('Comment 80 for post 34', 80);
INSERT INTO read_comments (comment, post_id) VALUES ('Comment 80 for post 34', 80);
INSERT INTO write_comments (comment, post_id) VALUES ('Comment 81 for post 34', 81);
INSERT INTO read_comments (comment, post_id) VALUES ('Comment 81 for post 34', 81);
INSERT INTO write_comments (comment, post_id) VALUES ('Comment 82 for post 34', 82);
INSERT INTO read_comments (comment, post_id) VALUES ('Comment 82 for post 34', 82);
INSERT INTO write_comments (comment, post_id) VALUES ('Comment 83 for post 34', 83);
INSERT INTO read_comments (comment, post_id) VALUES ('Comment 83 for post 34', 83);
INSERT INTO write_comments (comment, post_id) VALUES ('Comment 84 for post 34', 84);
INSERT INTO read_comments (comment, post_id) VALUES ('Comment 84 for post 34', 84);
INSERT INTO write_comments (comment, post_id) VALUES ('Comment 85 for post 34', 85);
INSERT INTO read_comments (comment, post_id) VALUES ('Comment 85 for post 34', 85);
INSERT INTO write_comments (comment, post_id) VALUES ('Comment 86 for post 34', 86);
INSERT INTO read_comments (comment, post_id) VALUES ('Comment 86 for post 34', 86);
INSERT INTO write_comments (comment, post_id) VALUES ('Comment 87 for post 34', 87);
INSERT INTO read_comments (comment, post_id) VALUES ('Comment 87 for post 34', 87);
INSERT INTO write_comments (comment, post_id) VALUES ('Comment 88 for post 34', 88);
INSERT INTO read_comments (comment, post_id) VALUES ('Comment 88 for post 34', 88);
INSERT INTO write_comments (comment, post_id) VALUES ('Comment 89 for post 34', 89);
INSERT INTO read_comments (comment, post_id) VALUES ('Comment 89 for post 34', 89);
INSERT INTO write_comments (comment, post_id) VALUES ('Comment 90 for post 34', 90);
INSERT INTO read_comments (comment, post_id) VALUES ('Comment 90 for post 34', 90);
INSERT INTO write_comments (comment, post_id) VALUES ('Comment 91 for post 34', 91);
INSERT INTO read_comments (comment, post_id) VALUES ('Comment 91 for post 34', 91);
INSERT INTO write_comments (comment, post_id) VALUES ('Comment 92 for post 34', 92);
INSERT INTO read_comments (comment, post_id) VALUES ('Comment 92 for post 34', 92);
INSERT INTO write_comments (comment, post_id) VALUES ('Comment 93 for post 34', 93);
INSERT INTO read_comments (comment, post_id) VALUES ('Comment 93 for post 34', 93);
INSERT INTO write_comments (comment, post_id) VALUES ('Comment 94 for post 34', 94);
INSERT INTO read_comments (comment, post_id) VALUES ('Comment 94 for post 34', 94);
INSERT INTO write_comments (comment, post_id) VALUES ('Comment 95 for post 34', 95);
INSERT INTO read_comments (comment, post_id) VALUES ('Comment 95 for post 34', 95);
INSERT INTO write_comments (comment, post_id) VALUES ('Comment 96 for post 34', 96);
INSERT INTO read_comments (comment, post_id) VALUES ('Comment 96 for post 34', 96);
INSERT INTO write_comments (comment, post_id) VALUES ('Comment 97 for post 34', 97);
INSERT INTO read_comments (comment, post_id) VALUES ('Comment 97 for post 34', 97);
INSERT INTO write_comments (comment, post_id) VALUES ('Comment 98 for post 34', 98);
INSERT INTO read_comments (comment, post_id) VALUES ('Comment 98 for post 34', 98);
INSERT INTO write_comments (comment, post_id) VALUES ('Comment 99 for post 34', 99);
INSERT INTO read_comments (comment, post_id) VALUES ('Comment 99 for post 34', 99);
INSERT INTO write_comments (comment, post_id) VALUES ('Comment 100 for post 34', 100);
INSERT INTO read_comments (comment, post_id) VALUES ('Comment 100 for post 34', 100);
INSERT INTO write_comments (comment, post_id) VALUES ('Comment 1 for post 35', 1);
INSERT INTO read_comments (comment, post_id) VALUES ('Comment 1 for post 35', 1);
INSERT INTO write_comments (comment, post_id) VALUES ('Comment 2 for post 35', 2);
INSERT INTO read_comments (comment, post_id) VALUES ('Comment 2 for post 35', 2);
INSERT INTO write_comments (comment, post_id) VALUES ('Comment 3 for post 35', 3);
INSERT INTO read_comments (comment, post_id) VALUES ('Comment 3 for post 35', 3);
INSERT INTO write_comments (comment, post_id) VALUES ('Comment 4 for post 35', 4);
INSERT INTO read_comments (comment, post_id) VALUES ('Comment 4 for post 35', 4);
INSERT INTO write_comments (comment, post_id) VALUES ('Comment 5 for post 35', 5);
INSERT INTO read_comments (comment, post_id) VALUES ('Comment 5 for post 35', 5);
INSERT INTO write_comments (comment, post_id) VALUES ('Comment 6 for post 35', 6);
INSERT INTO read_comments (comment, post_id) VALUES ('Comment 6 for post 35', 6);
INSERT INTO write_comments (comment, post_id) VALUES ('Comment 7 for post 35', 7);
INSERT INTO read_comments (comment, post_id) VALUES ('Comment 7 for post 35', 7);
INSERT INTO write_comments (comment, post_id) VALUES ('Comment 8 for post 35', 8);
INSERT INTO read_comments (comment, post_id) VALUES ('Comment 8 for post 35', 8);
INSERT INTO write_comments (comment, post_id) VALUES ('Comment 9 for post 35', 9);
INSERT INTO read_comments (comment, post_id) VALUES ('Comment 9 for post 35', 9);
INSERT INTO write_comments (comment, post_id) VALUES ('Comment 10 for post 35', 10);
INSERT INTO read_comments (comment, post_id) VALUES ('Comment 10 for post 35', 10);
INSERT INTO write_comments (comment, post_id) VALUES ('Comment 11 for post 35', 11);
INSERT INTO read_comments (comment, post_id) VALUES ('Comment 11 for post 35', 11);
INSERT INTO write_comments (comment, post_id) VALUES ('Comment 12 for post 35', 12);
INSERT INTO read_comments (comment, post_id) VALUES ('Comment 12 for post 35', 12);
INSERT INTO write_comments (comment, post_id) VALUES ('Comment 13 for post 35', 13);
INSERT INTO read_comments (comment, post_id) VALUES ('Comment 13 for post 35', 13);
INSERT INTO write_comments (comment, post_id) VALUES ('Comment 14 for post 35', 14);
INSERT INTO read_comments (comment, post_id) VALUES ('Comment 14 for post 35', 14);
INSERT INTO write_comments (comment, post_id) VALUES ('Comment 15 for post 35', 15);
INSERT INTO read_comments (comment, post_id) VALUES ('Comment 15 for post 35', 15);
INSERT INTO write_comments (comment, post_id) VALUES ('Comment 16 for post 35', 16);
INSERT INTO read_comments (comment, post_id) VALUES ('Comment 16 for post 35', 16);
INSERT INTO write_comments (comment, post_id) VALUES ('Comment 17 for post 35', 17);
INSERT INTO read_comments (comment, post_id) VALUES ('Comment 17 for post 35', 17);
INSERT INTO write_comments (comment, post_id) VALUES ('Comment 18 for post 35', 18);
INSERT INTO read_comments (comment, post_id) VALUES ('Comment 18 for post 35', 18);
INSERT INTO write_comments (comment, post_id) VALUES ('Comment 19 for post 35', 19);
INSERT INTO read_comments (comment, post_id) VALUES ('Comment 19 for post 35', 19);
INSERT INTO write_comments (comment, post_id) VALUES ('Comment 20 for post 35', 20);
INSERT INTO read_comments (comment, post_id) VALUES ('Comment 20 for post 35', 20);
INSERT INTO write_comments (comment, post_id) VALUES ('Comment 21 for post 35', 21);
INSERT INTO read_comments (comment, post_id) VALUES ('Comment 21 for post 35', 21);
INSERT INTO write_comments (comment, post_id) VALUES ('Comment 22 for post 35', 22);
INSERT INTO read_comments (comment, post_id) VALUES ('Comment 22 for post 35', 22);
INSERT INTO write_comments (comment, post_id) VALUES ('Comment 23 for post 35', 23);
INSERT INTO read_comments (comment, post_id) VALUES ('Comment 23 for post 35', 23);
INSERT INTO write_comments (comment, post_id) VALUES ('Comment 24 for post 35', 24);
INSERT INTO read_comments (comment, post_id) VALUES ('Comment 24 for post 35', 24);
INSERT INTO write_comments (comment, post_id) VALUES ('Comment 25 for post 35', 25);
INSERT INTO read_comments (comment, post_id) VALUES ('Comment 25 for post 35', 25);
INSERT INTO write_comments (comment, post_id) VALUES ('Comment 26 for post 35', 26);
INSERT INTO read_comments (comment, post_id) VALUES ('Comment 26 for post 35', 26);
INSERT INTO write_comments (comment, post_id) VALUES ('Comment 27 for post 35', 27);
INSERT INTO read_comments (comment, post_id) VALUES ('Comment 27 for post 35', 27);
INSERT INTO write_comments (comment, post_id) VALUES ('Comment 28 for post 35', 28);
INSERT INTO read_comments (comment, post_id) VALUES ('Comment 28 for post 35', 28);
INSERT INTO write_comments (comment, post_id) VALUES ('Comment 29 for post 35', 29);
INSERT INTO read_comments (comment, post_id) VALUES ('Comment 29 for post 35', 29);
INSERT INTO write_comments (comment, post_id) VALUES ('Comment 30 for post 35', 30);
INSERT INTO read_comments (comment, post_id) VALUES ('Comment 30 for post 35', 30);
INSERT INTO write_comments (comment, post_id) VALUES ('Comment 31 for post 35', 31);
INSERT INTO read_comments (comment, post_id) VALUES ('Comment 31 for post 35', 31);
INSERT INTO write_comments (comment, post_id) VALUES ('Comment 32 for post 35', 32);
INSERT INTO read_comments (comment, post_id) VALUES ('Comment 32 for post 35', 32);
INSERT INTO write_comments (comment, post_id) VALUES ('Comment 33 for post 35', 33);
INSERT INTO read_comments (comment, post_id) VALUES ('Comment 33 for post 35', 33);
INSERT INTO write_comments (comment, post_id) VALUES ('Comment 34 for post 35', 34);
INSERT INTO read_comments (comment, post_id) VALUES ('Comment 34 for post 35', 34);
INSERT INTO write_comments (comment, post_id) VALUES ('Comment 35 for post 35', 35);
INSERT INTO read_comments (comment, post_id) VALUES ('Comment 35 for post 35', 35);
INSERT INTO write_comments (comment, post_id) VALUES ('Comment 36 for post 35', 36);
INSERT INTO read_comments (comment, post_id) VALUES ('Comment 36 for post 35', 36);
INSERT INTO write_comments (comment, post_id) VALUES ('Comment 37 for post 35', 37);
INSERT INTO read_comments (comment, post_id) VALUES ('Comment 37 for post 35', 37);
INSERT INTO write_comments (comment, post_id) VALUES ('Comment 38 for post 35', 38);
INSERT INTO read_comments (comment, post_id) VALUES ('Comment 38 for post 35', 38);
INSERT INTO write_comments (comment, post_id) VALUES ('Comment 39 for post 35', 39);
INSERT INTO read_comments (comment, post_id) VALUES ('Comment 39 for post 35', 39);
INSERT INTO write_comments (comment, post_id) VALUES ('Comment 40 for post 35', 40);
INSERT INTO read_comments (comment, post_id) VALUES ('Comment 40 for post 35', 40);
INSERT INTO write_comments (comment, post_id) VALUES ('Comment 41 for post 35', 41);
INSERT INTO read_comments (comment, post_id) VALUES ('Comment 41 for post 35', 41);
INSERT INTO write_comments (comment, post_id) VALUES ('Comment 42 for post 35', 42);
INSERT INTO read_comments (comment, post_id) VALUES ('Comment 42 for post 35', 42);
INSERT INTO write_comments (comment, post_id) VALUES ('Comment 43 for post 35', 43);
INSERT INTO read_comments (comment, post_id) VALUES ('Comment 43 for post 35', 43);
INSERT INTO write_comments (comment, post_id) VALUES ('Comment 44 for post 35', 44);
INSERT INTO read_comments (comment, post_id) VALUES ('Comment 44 for post 35', 44);
INSERT INTO write_comments (comment, post_id) VALUES ('Comment 45 for post 35', 45);
INSERT INTO read_comments (comment, post_id) VALUES ('Comment 45 for post 35', 45);
INSERT INTO write_comments (comment, post_id) VALUES ('Comment 46 for post 35', 46);
INSERT INTO read_comments (comment, post_id) VALUES ('Comment 46 for post 35', 46);
INSERT INTO write_comments (comment, post_id) VALUES ('Comment 47 for post 35', 47);
INSERT INTO read_comments (comment, post_id) VALUES ('Comment 47 for post 35', 47);
INSERT INTO write_comments (comment, post_id) VALUES ('Comment 48 for post 35', 48);
INSERT INTO read_comments (comment, post_id) VALUES ('Comment 48 for post 35', 48);
INSERT INTO write_comments (comment, post_id) VALUES ('Comment 49 for post 35', 49);
INSERT INTO read_comments (comment, post_id) VALUES ('Comment 49 for post 35', 49);
INSERT INTO write_comments (comment, post_id) VALUES ('Comment 50 for post 35', 50);
INSERT INTO read_comments (comment, post_id) VALUES ('Comment 50 for post 35', 50);
INSERT INTO write_comments (comment, post_id) VALUES ('Comment 51 for post 35', 51);
INSERT INTO read_comments (comment, post_id) VALUES ('Comment 51 for post 35', 51);
INSERT INTO write_comments (comment, post_id) VALUES ('Comment 52 for post 35', 52);
INSERT INTO read_comments (comment, post_id) VALUES ('Comment 52 for post 35', 52);
INSERT INTO write_comments (comment, post_id) VALUES ('Comment 53 for post 35', 53);
INSERT INTO read_comments (comment, post_id) VALUES ('Comment 53 for post 35', 53);
INSERT INTO write_comments (comment, post_id) VALUES ('Comment 54 for post 35', 54);
INSERT INTO read_comments (comment, post_id) VALUES ('Comment 54 for post 35', 54);
INSERT INTO write_comments (comment, post_id) VALUES ('Comment 55 for post 35', 55);
INSERT INTO read_comments (comment, post_id) VALUES ('Comment 55 for post 35', 55);
INSERT INTO write_comments (comment, post_id) VALUES ('Comment 56 for post 35', 56);
INSERT INTO read_comments (comment, post_id) VALUES ('Comment 56 for post 35', 56);
INSERT INTO write_comments (comment, post_id) VALUES ('Comment 57 for post 35', 57);
INSERT INTO read_comments (comment, post_id) VALUES ('Comment 57 for post 35', 57);
INSERT INTO write_comments (comment, post_id) VALUES ('Comment 58 for post 35', 58);
INSERT INTO read_comments (comment, post_id) VALUES ('Comment 58 for post 35', 58);
INSERT INTO write_comments (comment, post_id) VALUES ('Comment 59 for post 35', 59);
INSERT INTO read_comments (comment, post_id) VALUES ('Comment 59 for post 35', 59);
INSERT INTO write_comments (comment, post_id) VALUES ('Comment 60 for post 35', 60);
INSERT INTO read_comments (comment, post_id) VALUES ('Comment 60 for post 35', 60);
INSERT INTO write_comments (comment, post_id) VALUES ('Comment 61 for post 35', 61);
INSERT INTO read_comments (comment, post_id) VALUES ('Comment 61 for post 35', 61);
INSERT INTO write_comments (comment, post_id) VALUES ('Comment 62 for post 35', 62);
INSERT INTO read_comments (comment, post_id) VALUES ('Comment 62 for post 35', 62);
INSERT INTO write_comments (comment, post_id) VALUES ('Comment 63 for post 35', 63);
INSERT INTO read_comments (comment, post_id) VALUES ('Comment 63 for post 35', 63);
INSERT INTO write_comments (comment, post_id) VALUES ('Comment 64 for post 35', 64);
INSERT INTO read_comments (comment, post_id) VALUES ('Comment 64 for post 35', 64);
INSERT INTO write_comments (comment, post_id) VALUES ('Comment 65 for post 35', 65);
INSERT INTO read_comments (comment, post_id) VALUES ('Comment 65 for post 35', 65);
INSERT INTO write_comments (comment, post_id) VALUES ('Comment 66 for post 35', 66);
INSERT INTO read_comments (comment, post_id) VALUES ('Comment 66 for post 35', 66);
INSERT INTO write_comments (comment, post_id) VALUES ('Comment 67 for post 35', 67);
INSERT INTO read_comments (comment, post_id) VALUES ('Comment 67 for post 35', 67);
INSERT INTO write_comments (comment, post_id) VALUES ('Comment 68 for post 35', 68);
INSERT INTO read_comments (comment, post_id) VALUES ('Comment 68 for post 35', 68);
INSERT INTO write_comments (comment, post_id) VALUES ('Comment 69 for post 35', 69);
INSERT INTO read_comments (comment, post_id) VALUES ('Comment 69 for post 35', 69);
INSERT INTO write_comments (comment, post_id) VALUES ('Comment 70 for post 35', 70);
INSERT INTO read_comments (comment, post_id) VALUES ('Comment 70 for post 35', 70);
INSERT INTO write_comments (comment, post_id) VALUES ('Comment 71 for post 35', 71);
INSERT INTO read_comments (comment, post_id) VALUES ('Comment 71 for post 35', 71);
INSERT INTO write_comments (comment, post_id) VALUES ('Comment 72 for post 35', 72);
INSERT INTO read_comments (comment, post_id) VALUES ('Comment 72 for post 35', 72);
INSERT INTO write_comments (comment, post_id) VALUES ('Comment 73 for post 35', 73);
INSERT INTO read_comments (comment, post_id) VALUES ('Comment 73 for post 35', 73);
INSERT INTO write_comments (comment, post_id) VALUES ('Comment 74 for post 35', 74);
INSERT INTO read_comments (comment, post_id) VALUES ('Comment 74 for post 35', 74);
INSERT INTO write_comments (comment, post_id) VALUES ('Comment 75 for post 35', 75);
INSERT INTO read_comments (comment, post_id) VALUES ('Comment 75 for post 35', 75);
INSERT INTO write_comments (comment, post_id) VALUES ('Comment 76 for post 35', 76);
INSERT INTO read_comments (comment, post_id) VALUES ('Comment 76 for post 35', 76);
INSERT INTO write_comments (comment, post_id) VALUES ('Comment 77 for post 35', 77);
INSERT INTO read_comments (comment, post_id) VALUES ('Comment 77 for post 35', 77);
INSERT INTO write_comments (comment, post_id) VALUES ('Comment 78 for post 35', 78);
INSERT INTO read_comments (comment, post_id) VALUES ('Comment 78 for post 35', 78);
INSERT INTO write_comments (comment, post_id) VALUES ('Comment 79 for post 35', 79);
INSERT INTO read_comments (comment, post_id) VALUES ('Comment 79 for post 35', 79);
INSERT INTO write_comments (comment, post_id) VALUES ('Comment 80 for post 35', 80);
INSERT INTO read_comments (comment, post_id) VALUES ('Comment 80 for post 35', 80);
INSERT INTO write_comments (comment, post_id) VALUES ('Comment 81 for post 35', 81);
INSERT INTO read_comments (comment, post_id) VALUES ('Comment 81 for post 35', 81);
INSERT INTO write_comments (comment, post_id) VALUES ('Comment 82 for post 35', 82);
INSERT INTO read_comments (comment, post_id) VALUES ('Comment 82 for post 35', 82);
INSERT INTO write_comments (comment, post_id) VALUES ('Comment 83 for post 35', 83);
INSERT INTO read_comments (comment, post_id) VALUES ('Comment 83 for post 35', 83);
INSERT INTO write_comments (comment, post_id) VALUES ('Comment 84 for post 35', 84);
INSERT INTO read_comments (comment, post_id) VALUES ('Comment 84 for post 35', 84);
INSERT INTO write_comments (comment, post_id) VALUES ('Comment 85 for post 35', 85);
INSERT INTO read_comments (comment, post_id) VALUES ('Comment 85 for post 35', 85);
INSERT INTO write_comments (comment, post_id) VALUES ('Comment 86 for post 35', 86);
INSERT INTO read_comments (comment, post_id) VALUES ('Comment 86 for post 35', 86);
INSERT INTO write_comments (comment, post_id) VALUES ('Comment 87 for post 35', 87);
INSERT INTO read_comments (comment, post_id) VALUES ('Comment 87 for post 35', 87);
INSERT INTO write_comments (comment, post_id) VALUES ('Comment 88 for post 35', 88);
INSERT INTO read_comments (comment, post_id) VALUES ('Comment 88 for post 35', 88);
INSERT INTO write_comments (comment, post_id) VALUES ('Comment 89 for post 35', 89);
INSERT INTO read_comments (comment, post_id) VALUES ('Comment 89 for post 35', 89);
INSERT INTO write_comments (comment, post_id) VALUES ('Comment 90 for post 35', 90);
INSERT INTO read_comments (comment, post_id) VALUES ('Comment 90 for post 35', 90);
INSERT INTO write_comments (comment, post_id) VALUES ('Comment 91 for post 35', 91);
INSERT INTO read_comments (comment, post_id) VALUES ('Comment 91 for post 35', 91);
INSERT INTO write_comments (comment, post_id) VALUES ('Comment 92 for post 35', 92);
INSERT INTO read_comments (comment, post_id) VALUES ('Comment 92 for post 35', 92);
INSERT INTO write_comments (comment, post_id) VALUES ('Comment 93 for post 35', 93);
INSERT INTO read_comments (comment, post_id) VALUES ('Comment 93 for post 35', 93);
INSERT INTO write_comments (comment, post_id) VALUES ('Comment 94 for post 35', 94);
INSERT INTO read_comments (comment, post_id) VALUES ('Comment 94 for post 35', 94);
INSERT INTO write_comments (comment, post_id) VALUES ('Comment 95 for post 35', 95);
INSERT INTO read_comments (comment, post_id) VALUES ('Comment 95 for post 35', 95);
INSERT INTO write_comments (comment, post_id) VALUES ('Comment 96 for post 35', 96);
INSERT INTO read_comments (comment, post_id) VALUES ('Comment 96 for post 35', 96);
INSERT INTO write_comments (comment, post_id) VALUES ('Comment 97 for post 35', 97);
INSERT INTO read_comments (comment, post_id) VALUES ('Comment 97 for post 35', 97);
INSERT INTO write_comments (comment, post_id) VALUES ('Comment 98 for post 35', 98);
INSERT INTO read_comments (comment, post_id) VALUES ('Comment 98 for post 35', 98);
INSERT INTO write_comments (comment, post_id) VALUES ('Comment 99 for post 35', 99);
INSERT INTO read_comments (comment, post_id) VALUES ('Comment 99 for post 35', 99);
INSERT INTO write_comments (comment, post_id) VALUES ('Comment 100 for post 35', 100);
INSERT INTO read_comments (comment, post_id) VALUES ('Comment 100 for post 35', 100);
INSERT INTO write_comments (comment, post_id) VALUES ('Comment 1 for post 36', 1);
INSERT INTO read_comments (comment, post_id) VALUES ('Comment 1 for post 36', 1);
INSERT INTO write_comments (comment, post_id) VALUES ('Comment 2 for post 36', 2);
INSERT INTO read_comments (comment, post_id) VALUES ('Comment 2 for post 36', 2);
INSERT INTO write_comments (comment, post_id) VALUES ('Comment 3 for post 36', 3);
INSERT INTO read_comments (comment, post_id) VALUES ('Comment 3 for post 36', 3);
INSERT INTO write_comments (comment, post_id) VALUES ('Comment 4 for post 36', 4);
INSERT INTO read_comments (comment, post_id) VALUES ('Comment 4 for post 36', 4);
INSERT INTO write_comments (comment, post_id) VALUES ('Comment 5 for post 36', 5);
INSERT INTO read_comments (comment, post_id) VALUES ('Comment 5 for post 36', 5);
INSERT INTO write_comments (comment, post_id) VALUES ('Comment 6 for post 36', 6);
INSERT INTO read_comments (comment, post_id) VALUES ('Comment 6 for post 36', 6);
INSERT INTO write_comments (comment, post_id) VALUES ('Comment 7 for post 36', 7);
INSERT INTO read_comments (comment, post_id) VALUES ('Comment 7 for post 36', 7);
INSERT INTO write_comments (comment, post_id) VALUES ('Comment 8 for post 36', 8);
INSERT INTO read_comments (comment, post_id) VALUES ('Comment 8 for post 36', 8);
INSERT INTO write_comments (comment, post_id) VALUES ('Comment 9 for post 36', 9);
INSERT INTO read_comments (comment, post_id) VALUES ('Comment 9 for post 36', 9);
INSERT INTO write_comments (comment, post_id) VALUES ('Comment 10 for post 36', 10);
INSERT INTO read_comments (comment, post_id) VALUES ('Comment 10 for post 36', 10);
INSERT INTO write_comments (comment, post_id) VALUES ('Comment 11 for post 36', 11);
INSERT INTO read_comments (comment, post_id) VALUES ('Comment 11 for post 36', 11);
INSERT INTO write_comments (comment, post_id) VALUES ('Comment 12 for post 36', 12);
INSERT INTO read_comments (comment, post_id) VALUES ('Comment 12 for post 36', 12);
INSERT INTO write_comments (comment, post_id) VALUES ('Comment 13 for post 36', 13);
INSERT INTO read_comments (comment, post_id) VALUES ('Comment 13 for post 36', 13);
INSERT INTO write_comments (comment, post_id) VALUES ('Comment 14 for post 36', 14);
INSERT INTO read_comments (comment, post_id) VALUES ('Comment 14 for post 36', 14);
INSERT INTO write_comments (comment, post_id) VALUES ('Comment 15 for post 36', 15);
INSERT INTO read_comments (comment, post_id) VALUES ('Comment 15 for post 36', 15);
INSERT INTO write_comments (comment, post_id) VALUES ('Comment 16 for post 36', 16);
INSERT INTO read_comments (comment, post_id) VALUES ('Comment 16 for post 36', 16);
INSERT INTO write_comments (comment, post_id) VALUES ('Comment 17 for post 36', 17);
INSERT INTO read_comments (comment, post_id) VALUES ('Comment 17 for post 36', 17);
INSERT INTO write_comments (comment, post_id) VALUES ('Comment 18 for post 36', 18);
INSERT INTO read_comments (comment, post_id) VALUES ('Comment 18 for post 36', 18);
INSERT INTO write_comments (comment, post_id) VALUES ('Comment 19 for post 36', 19);
INSERT INTO read_comments (comment, post_id) VALUES ('Comment 19 for post 36', 19);
INSERT INTO write_comments (comment, post_id) VALUES ('Comment 20 for post 36', 20);
INSERT INTO read_comments (comment, post_id) VALUES ('Comment 20 for post 36', 20);
INSERT INTO write_comments (comment, post_id) VALUES ('Comment 21 for post 36', 21);
INSERT INTO read_comments (comment, post_id) VALUES ('Comment 21 for post 36', 21);
INSERT INTO write_comments (comment, post_id) VALUES ('Comment 22 for post 36', 22);
INSERT INTO read_comments (comment, post_id) VALUES ('Comment 22 for post 36', 22);
INSERT INTO write_comments (comment, post_id) VALUES ('Comment 23 for post 36', 23);
INSERT INTO read_comments (comment, post_id) VALUES ('Comment 23 for post 36', 23);
INSERT INTO write_comments (comment, post_id) VALUES ('Comment 24 for post 36', 24);
INSERT INTO read_comments (comment, post_id) VALUES ('Comment 24 for post 36', 24);
INSERT INTO write_comments (comment, post_id) VALUES ('Comment 25 for post 36', 25);
INSERT INTO read_comments (comment, post_id) VALUES ('Comment 25 for post 36', 25);
INSERT INTO write_comments (comment, post_id) VALUES ('Comment 26 for post 36', 26);
INSERT INTO read_comments (comment, post_id) VALUES ('Comment 26 for post 36', 26);
INSERT INTO write_comments (comment, post_id) VALUES ('Comment 27 for post 36', 27);
INSERT INTO read_comments (comment, post_id) VALUES ('Comment 27 for post 36', 27);
INSERT INTO write_comments (comment, post_id) VALUES ('Comment 28 for post 36', 28);
INSERT INTO read_comments (comment, post_id) VALUES ('Comment 28 for post 36', 28);
INSERT INTO write_comments (comment, post_id) VALUES ('Comment 29 for post 36', 29);
INSERT INTO read_comments (comment, post_id) VALUES ('Comment 29 for post 36', 29);
INSERT INTO write_comments (comment, post_id) VALUES ('Comment 30 for post 36', 30);
INSERT INTO read_comments (comment, post_id) VALUES ('Comment 30 for post 36', 30);
INSERT INTO write_comments (comment, post_id) VALUES ('Comment 31 for post 36', 31);
INSERT INTO read_comments (comment, post_id) VALUES ('Comment 31 for post 36', 31);
INSERT INTO write_comments (comment, post_id) VALUES ('Comment 32 for post 36', 32);
INSERT INTO read_comments (comment, post_id) VALUES ('Comment 32 for post 36', 32);
INSERT INTO write_comments (comment, post_id) VALUES ('Comment 33 for post 36', 33);
INSERT INTO read_comments (comment, post_id) VALUES ('Comment 33 for post 36', 33);
INSERT INTO write_comments (comment, post_id) VALUES ('Comment 34 for post 36', 34);
INSERT INTO read_comments (comment, post_id) VALUES ('Comment 34 for post 36', 34);
INSERT INTO write_comments (comment, post_id) VALUES ('Comment 35 for post 36', 35);
INSERT INTO read_comments (comment, post_id) VALUES ('Comment 35 for post 36', 35);
INSERT INTO write_comments (comment, post_id) VALUES ('Comment 36 for post 36', 36);
INSERT INTO read_comments (comment, post_id) VALUES ('Comment 36 for post 36', 36);
INSERT INTO write_comments (comment, post_id) VALUES ('Comment 37 for post 36', 37);
INSERT INTO read_comments (comment, post_id) VALUES ('Comment 37 for post 36', 37);
INSERT INTO write_comments (comment, post_id) VALUES ('Comment 38 for post 36', 38);
INSERT INTO read_comments (comment, post_id) VALUES ('Comment 38 for post 36', 38);
INSERT INTO write_comments (comment, post_id) VALUES ('Comment 39 for post 36', 39);
INSERT INTO read_comments (comment, post_id) VALUES ('Comment 39 for post 36', 39);
INSERT INTO write_comments (comment, post_id) VALUES ('Comment 40 for post 36', 40);
INSERT INTO read_comments (comment, post_id) VALUES ('Comment 40 for post 36', 40);
INSERT INTO write_comments (comment, post_id) VALUES ('Comment 41 for post 36', 41);
INSERT INTO read_comments (comment, post_id) VALUES ('Comment 41 for post 36', 41);
INSERT INTO write_comments (comment, post_id) VALUES ('Comment 42 for post 36', 42);
INSERT INTO read_comments (comment, post_id) VALUES ('Comment 42 for post 36', 42);
INSERT INTO write_comments (comment, post_id) VALUES ('Comment 43 for post 36', 43);
INSERT INTO read_comments (comment, post_id) VALUES ('Comment 43 for post 36', 43);
INSERT INTO write_comments (comment, post_id) VALUES ('Comment 44 for post 36', 44);
INSERT INTO read_comments (comment, post_id) VALUES ('Comment 44 for post 36', 44);
INSERT INTO write_comments (comment, post_id) VALUES ('Comment 45 for post 36', 45);
INSERT INTO read_comments (comment, post_id) VALUES ('Comment 45 for post 36', 45);
INSERT INTO write_comments (comment, post_id) VALUES ('Comment 46 for post 36', 46);
INSERT INTO read_comments (comment, post_id) VALUES ('Comment 46 for post 36', 46);
INSERT INTO write_comments (comment, post_id) VALUES ('Comment 47 for post 36', 47);
INSERT INTO read_comments (comment, post_id) VALUES ('Comment 47 for post 36', 47);
INSERT INTO write_comments (comment, post_id) VALUES ('Comment 48 for post 36', 48);
INSERT INTO read_comments (comment, post_id) VALUES ('Comment 48 for post 36', 48);
INSERT INTO write_comments (comment, post_id) VALUES ('Comment 49 for post 36', 49);
INSERT INTO read_comments (comment, post_id) VALUES ('Comment 49 for post 36', 49);
INSERT INTO write_comments (comment, post_id) VALUES ('Comment 50 for post 36', 50);
INSERT INTO read_comments (comment, post_id) VALUES ('Comment 50 for post 36', 50);
INSERT INTO write_comments (comment, post_id) VALUES ('Comment 51 for post 36', 51);
INSERT INTO read_comments (comment, post_id) VALUES ('Comment 51 for post 36', 51);
INSERT INTO write_comments (comment, post_id) VALUES ('Comment 52 for post 36', 52);
INSERT INTO read_comments (comment, post_id) VALUES ('Comment 52 for post 36', 52);
INSERT INTO write_comments (comment, post_id) VALUES ('Comment 53 for post 36', 53);
INSERT INTO read_comments (comment, post_id) VALUES ('Comment 53 for post 36', 53);
INSERT INTO write_comments (comment, post_id) VALUES ('Comment 54 for post 36', 54);
INSERT INTO read_comments (comment, post_id) VALUES ('Comment 54 for post 36', 54);
INSERT INTO write_comments (comment, post_id) VALUES ('Comment 55 for post 36', 55);
INSERT INTO read_comments (comment, post_id) VALUES ('Comment 55 for post 36', 55);
INSERT INTO write_comments (comment, post_id) VALUES ('Comment 56 for post 36', 56);
INSERT INTO read_comments (comment, post_id) VALUES ('Comment 56 for post 36', 56);
INSERT INTO write_comments (comment, post_id) VALUES ('Comment 57 for post 36', 57);
INSERT INTO read_comments (comment, post_id) VALUES ('Comment 57 for post 36', 57);
INSERT INTO write_comments (comment, post_id) VALUES ('Comment 58 for post 36', 58);
INSERT INTO read_comments (comment, post_id) VALUES ('Comment 58 for post 36', 58);
INSERT INTO write_comments (comment, post_id) VALUES ('Comment 59 for post 36', 59);
INSERT INTO read_comments (comment, post_id) VALUES ('Comment 59 for post 36', 59);
INSERT INTO write_comments (comment, post_id) VALUES ('Comment 60 for post 36', 60);
INSERT INTO read_comments (comment, post_id) VALUES ('Comment 60 for post 36', 60);
INSERT INTO write_comments (comment, post_id) VALUES ('Comment 61 for post 36', 61);
INSERT INTO read_comments (comment, post_id) VALUES ('Comment 61 for post 36', 61);
INSERT INTO write_comments (comment, post_id) VALUES ('Comment 62 for post 36', 62);
INSERT INTO read_comments (comment, post_id) VALUES ('Comment 62 for post 36', 62);
INSERT INTO write_comments (comment, post_id) VALUES ('Comment 63 for post 36', 63);
INSERT INTO read_comments (comment, post_id) VALUES ('Comment 63 for post 36', 63);
INSERT INTO write_comments (comment, post_id) VALUES ('Comment 64 for post 36', 64);
INSERT INTO read_comments (comment, post_id) VALUES ('Comment 64 for post 36', 64);
INSERT INTO write_comments (comment, post_id) VALUES ('Comment 65 for post 36', 65);
INSERT INTO read_comments (comment, post_id) VALUES ('Comment 65 for post 36', 65);
INSERT INTO write_comments (comment, post_id) VALUES ('Comment 66 for post 36', 66);
INSERT INTO read_comments (comment, post_id) VALUES ('Comment 66 for post 36', 66);
INSERT INTO write_comments (comment, post_id) VALUES ('Comment 67 for post 36', 67);
INSERT INTO read_comments (comment, post_id) VALUES ('Comment 67 for post 36', 67);
INSERT INTO write_comments (comment, post_id) VALUES ('Comment 68 for post 36', 68);
INSERT INTO read_comments (comment, post_id) VALUES ('Comment 68 for post 36', 68);
INSERT INTO write_comments (comment, post_id) VALUES ('Comment 69 for post 36', 69);
INSERT INTO read_comments (comment, post_id) VALUES ('Comment 69 for post 36', 69);
INSERT INTO write_comments (comment, post_id) VALUES ('Comment 70 for post 36', 70);
INSERT INTO read_comments (comment, post_id) VALUES ('Comment 70 for post 36', 70);
INSERT INTO write_comments (comment, post_id) VALUES ('Comment 71 for post 36', 71);
INSERT INTO read_comments (comment, post_id) VALUES ('Comment 71 for post 36', 71);
INSERT INTO write_comments (comment, post_id) VALUES ('Comment 72 for post 36', 72);
INSERT INTO read_comments (comment, post_id) VALUES ('Comment 72 for post 36', 72);
INSERT INTO write_comments (comment, post_id) VALUES ('Comment 73 for post 36', 73);
INSERT INTO read_comments (comment, post_id) VALUES ('Comment 73 for post 36', 73);
INSERT INTO write_comments (comment, post_id) VALUES ('Comment 74 for post 36', 74);
INSERT INTO read_comments (comment, post_id) VALUES ('Comment 74 for post 36', 74);
INSERT INTO write_comments (comment, post_id) VALUES ('Comment 75 for post 36', 75);
INSERT INTO read_comments (comment, post_id) VALUES ('Comment 75 for post 36', 75);
INSERT INTO write_comments (comment, post_id) VALUES ('Comment 76 for post 36', 76);
INSERT INTO read_comments (comment, post_id) VALUES ('Comment 76 for post 36', 76);
INSERT INTO write_comments (comment, post_id) VALUES ('Comment 77 for post 36', 77);
INSERT INTO read_comments (comment, post_id) VALUES ('Comment 77 for post 36', 77);
INSERT INTO write_comments (comment, post_id) VALUES ('Comment 78 for post 36', 78);
INSERT INTO read_comments (comment, post_id) VALUES ('Comment 78 for post 36', 78);
INSERT INTO write_comments (comment, post_id) VALUES ('Comment 79 for post 36', 79);
INSERT INTO read_comments (comment, post_id) VALUES ('Comment 79 for post 36', 79);
INSERT INTO write_comments (comment, post_id) VALUES ('Comment 80 for post 36', 80);
INSERT INTO read_comments (comment, post_id) VALUES ('Comment 80 for post 36', 80);
INSERT INTO write_comments (comment, post_id) VALUES ('Comment 81 for post 36', 81);
INSERT INTO read_comments (comment, post_id) VALUES ('Comment 81 for post 36', 81);
INSERT INTO write_comments (comment, post_id) VALUES ('Comment 82 for post 36', 82);
INSERT INTO read_comments (comment, post_id) VALUES ('Comment 82 for post 36', 82);
INSERT INTO write_comments (comment, post_id) VALUES ('Comment 83 for post 36', 83);
INSERT INTO read_comments (comment, post_id) VALUES ('Comment 83 for post 36', 83);
INSERT INTO write_comments (comment, post_id) VALUES ('Comment 84 for post 36', 84);
INSERT INTO read_comments (comment, post_id) VALUES ('Comment 84 for post 36', 84);
INSERT INTO write_comments (comment, post_id) VALUES ('Comment 85 for post 36', 85);
INSERT INTO read_comments (comment, post_id) VALUES ('Comment 85 for post 36', 85);
INSERT INTO write_comments (comment, post_id) VALUES ('Comment 86 for post 36', 86);
INSERT INTO read_comments (comment, post_id) VALUES ('Comment 86 for post 36', 86);
INSERT INTO write_comments (comment, post_id) VALUES ('Comment 87 for post 36', 87);
INSERT INTO read_comments (comment, post_id) VALUES ('Comment 87 for post 36', 87);
INSERT INTO write_comments (comment, post_id) VALUES ('Comment 88 for post 36', 88);
INSERT INTO read_comments (comment, post_id) VALUES ('Comment 88 for post 36', 88);
INSERT INTO write_comments (comment, post_id) VALUES ('Comment 89 for post 36', 89);
INSERT INTO read_comments (comment, post_id) VALUES ('Comment 89 for post 36', 89);
INSERT INTO write_comments (comment, post_id) VALUES ('Comment 90 for post 36', 90);
INSERT INTO read_comments (comment, post_id) VALUES ('Comment 90 for post 36', 90);
INSERT INTO write_comments (comment, post_id) VALUES ('Comment 91 for post 36', 91);
INSERT INTO read_comments (comment, post_id) VALUES ('Comment 91 for post 36', 91);
INSERT INTO write_comments (comment, post_id) VALUES ('Comment 92 for post 36', 92);
INSERT INTO read_comments (comment, post_id) VALUES ('Comment 92 for post 36', 92);
INSERT INTO write_comments (comment, post_id) VALUES ('Comment 93 for post 36', 93);
INSERT INTO read_comments (comment, post_id) VALUES ('Comment 93 for post 36', 93);
INSERT INTO write_comments (comment, post_id) VALUES ('Comment 94 for post 36', 94);
INSERT INTO read_comments (comment, post_id) VALUES ('Comment 94 for post 36', 94);
INSERT INTO write_comments (comment, post_id) VALUES ('Comment 95 for post 36', 95);
INSERT INTO read_comments (comment, post_id) VALUES ('Comment 95 for post 36', 95);
INSERT INTO write_comments (comment, post_id) VALUES ('Comment 96 for post 36', 96);
INSERT INTO read_comments (comment, post_id) VALUES ('Comment 96 for post 36', 96);
INSERT INTO write_comments (comment, post_id) VALUES ('Comment 97 for post 36', 97);
INSERT INTO read_comments (comment, post_id) VALUES ('Comment 97 for post 36', 97);
INSERT INTO write_comments (comment, post_id) VALUES ('Comment 98 for post 36', 98);
INSERT INTO read_comments (comment, post_id) VALUES ('Comment 98 for post 36', 98);
INSERT INTO write_comments (comment, post_id) VALUES ('Comment 99 for post 36', 99);
INSERT INTO read_comments (comment, post_id) VALUES ('Comment 99 for post 36', 99);
INSERT INTO write_comments (comment, post_id) VALUES ('Comment 100 for post 36', 100);
INSERT INTO read_comments (comment, post_id) VALUES ('Comment 100 for post 36', 100);
INSERT INTO write_comments (comment, post_id) VALUES ('Comment 1 for post 37', 1);
INSERT INTO read_comments (comment, post_id) VALUES ('Comment 1 for post 37', 1);
INSERT INTO write_comments (comment, post_id) VALUES ('Comment 2 for post 37', 2);
INSERT INTO read_comments (comment, post_id) VALUES ('Comment 2 for post 37', 2);
INSERT INTO write_comments (comment, post_id) VALUES ('Comment 3 for post 37', 3);
INSERT INTO read_comments (comment, post_id) VALUES ('Comment 3 for post 37', 3);
INSERT INTO write_comments (comment, post_id) VALUES ('Comment 4 for post 37', 4);
INSERT INTO read_comments (comment, post_id) VALUES ('Comment 4 for post 37', 4);
INSERT INTO write_comments (comment, post_id) VALUES ('Comment 5 for post 37', 5);
INSERT INTO read_comments (comment, post_id) VALUES ('Comment 5 for post 37', 5);
INSERT INTO write_comments (comment, post_id) VALUES ('Comment 6 for post 37', 6);
INSERT INTO read_comments (comment, post_id) VALUES ('Comment 6 for post 37', 6);
INSERT INTO write_comments (comment, post_id) VALUES ('Comment 7 for post 37', 7);
INSERT INTO read_comments (comment, post_id) VALUES ('Comment 7 for post 37', 7);
INSERT INTO write_comments (comment, post_id) VALUES ('Comment 8 for post 37', 8);
INSERT INTO read_comments (comment, post_id) VALUES ('Comment 8 for post 37', 8);
INSERT INTO write_comments (comment, post_id) VALUES ('Comment 9 for post 37', 9);
INSERT INTO read_comments (comment, post_id) VALUES ('Comment 9 for post 37', 9);
INSERT INTO write_comments (comment, post_id) VALUES ('Comment 10 for post 37', 10);
INSERT INTO read_comments (comment, post_id) VALUES ('Comment 10 for post 37', 10);
INSERT INTO write_comments (comment, post_id) VALUES ('Comment 11 for post 37', 11);
INSERT INTO read_comments (comment, post_id) VALUES ('Comment 11 for post 37', 11);
INSERT INTO write_comments (comment, post_id) VALUES ('Comment 12 for post 37', 12);
INSERT INTO read_comments (comment, post_id) VALUES ('Comment 12 for post 37', 12);
INSERT INTO write_comments (comment, post_id) VALUES ('Comment 13 for post 37', 13);
INSERT INTO read_comments (comment, post_id) VALUES ('Comment 13 for post 37', 13);
INSERT INTO write_comments (comment, post_id) VALUES ('Comment 14 for post 37', 14);
INSERT INTO read_comments (comment, post_id) VALUES ('Comment 14 for post 37', 14);
INSERT INTO write_comments (comment, post_id) VALUES ('Comment 15 for post 37', 15);
INSERT INTO read_comments (comment, post_id) VALUES ('Comment 15 for post 37', 15);
INSERT INTO write_comments (comment, post_id) VALUES ('Comment 16 for post 37', 16);
INSERT INTO read_comments (comment, post_id) VALUES ('Comment 16 for post 37', 16);
INSERT INTO write_comments (comment, post_id) VALUES ('Comment 17 for post 37', 17);
INSERT INTO read_comments (comment, post_id) VALUES ('Comment 17 for post 37', 17);
INSERT INTO write_comments (comment, post_id) VALUES ('Comment 18 for post 37', 18);
INSERT INTO read_comments (comment, post_id) VALUES ('Comment 18 for post 37', 18);
INSERT INTO write_comments (comment, post_id) VALUES ('Comment 19 for post 37', 19);
INSERT INTO read_comments (comment, post_id) VALUES ('Comment 19 for post 37', 19);
INSERT INTO write_comments (comment, post_id) VALUES ('Comment 20 for post 37', 20);
INSERT INTO read_comments (comment, post_id) VALUES ('Comment 20 for post 37', 20);
INSERT INTO write_comments (comment, post_id) VALUES ('Comment 21 for post 37', 21);
INSERT INTO read_comments (comment, post_id) VALUES ('Comment 21 for post 37', 21);
INSERT INTO write_comments (comment, post_id) VALUES ('Comment 22 for post 37', 22);
INSERT INTO read_comments (comment, post_id) VALUES ('Comment 22 for post 37', 22);
INSERT INTO write_comments (comment, post_id) VALUES ('Comment 23 for post 37', 23);
INSERT INTO read_comments (comment, post_id) VALUES ('Comment 23 for post 37', 23);
INSERT INTO write_comments (comment, post_id) VALUES ('Comment 24 for post 37', 24);
INSERT INTO read_comments (comment, post_id) VALUES ('Comment 24 for post 37', 24);
INSERT INTO write_comments (comment, post_id) VALUES ('Comment 25 for post 37', 25);
INSERT INTO read_comments (comment, post_id) VALUES ('Comment 25 for post 37', 25);
INSERT INTO write_comments (comment, post_id) VALUES ('Comment 26 for post 37', 26);
INSERT INTO read_comments (comment, post_id) VALUES ('Comment 26 for post 37', 26);
INSERT INTO write_comments (comment, post_id) VALUES ('Comment 27 for post 37', 27);
INSERT INTO read_comments (comment, post_id) VALUES ('Comment 27 for post 37', 27);
INSERT INTO write_comments (comment, post_id) VALUES ('Comment 28 for post 37', 28);
INSERT INTO read_comments (comment, post_id) VALUES ('Comment 28 for post 37', 28);
INSERT INTO write_comments (comment, post_id) VALUES ('Comment 29 for post 37', 29);
INSERT INTO read_comments (comment, post_id) VALUES ('Comment 29 for post 37', 29);
INSERT INTO write_comments (comment, post_id) VALUES ('Comment 30 for post 37', 30);
INSERT INTO read_comments (comment, post_id) VALUES ('Comment 30 for post 37', 30);
INSERT INTO write_comments (comment, post_id) VALUES ('Comment 31 for post 37', 31);
INSERT INTO read_comments (comment, post_id) VALUES ('Comment 31 for post 37', 31);
INSERT INTO write_comments (comment, post_id) VALUES ('Comment 32 for post 37', 32);
INSERT INTO read_comments (comment, post_id) VALUES ('Comment 32 for post 37', 32);
INSERT INTO write_comments (comment, post_id) VALUES ('Comment 33 for post 37', 33);
INSERT INTO read_comments (comment, post_id) VALUES ('Comment 33 for post 37', 33);
INSERT INTO write_comments (comment, post_id) VALUES ('Comment 34 for post 37', 34);
INSERT INTO read_comments (comment, post_id) VALUES ('Comment 34 for post 37', 34);
INSERT INTO write_comments (comment, post_id) VALUES ('Comment 35 for post 37', 35);
INSERT INTO read_comments (comment, post_id) VALUES ('Comment 35 for post 37', 35);
INSERT INTO write_comments (comment, post_id) VALUES ('Comment 36 for post 37', 36);
INSERT INTO read_comments (comment, post_id) VALUES ('Comment 36 for post 37', 36);
INSERT INTO write_comments (comment, post_id) VALUES ('Comment 37 for post 37', 37);
INSERT INTO read_comments (comment, post_id) VALUES ('Comment 37 for post 37', 37);
INSERT INTO write_comments (comment, post_id) VALUES ('Comment 38 for post 37', 38);
INSERT INTO read_comments (comment, post_id) VALUES ('Comment 38 for post 37', 38);
INSERT INTO write_comments (comment, post_id) VALUES ('Comment 39 for post 37', 39);
INSERT INTO read_comments (comment, post_id) VALUES ('Comment 39 for post 37', 39);
INSERT INTO write_comments (comment, post_id) VALUES ('Comment 40 for post 37', 40);
INSERT INTO read_comments (comment, post_id) VALUES ('Comment 40 for post 37', 40);
INSERT INTO write_comments (comment, post_id) VALUES ('Comment 41 for post 37', 41);
INSERT INTO read_comments (comment, post_id) VALUES ('Comment 41 for post 37', 41);
INSERT INTO write_comments (comment, post_id) VALUES ('Comment 42 for post 37', 42);
INSERT INTO read_comments (comment, post_id) VALUES ('Comment 42 for post 37', 42);
INSERT INTO write_comments (comment, post_id) VALUES ('Comment 43 for post 37', 43);
INSERT INTO read_comments (comment, post_id) VALUES ('Comment 43 for post 37', 43);
INSERT INTO write_comments (comment, post_id) VALUES ('Comment 44 for post 37', 44);
INSERT INTO read_comments (comment, post_id) VALUES ('Comment 44 for post 37', 44);
INSERT INTO write_comments (comment, post_id) VALUES ('Comment 45 for post 37', 45);
INSERT INTO read_comments (comment, post_id) VALUES ('Comment 45 for post 37', 45);
INSERT INTO write_comments (comment, post_id) VALUES ('Comment 46 for post 37', 46);
INSERT INTO read_comments (comment, post_id) VALUES ('Comment 46 for post 37', 46);
INSERT INTO write_comments (comment, post_id) VALUES ('Comment 47 for post 37', 47);
INSERT INTO read_comments (comment, post_id) VALUES ('Comment 47 for post 37', 47);
INSERT INTO write_comments (comment, post_id) VALUES ('Comment 48 for post 37', 48);
INSERT INTO read_comments (comment, post_id) VALUES ('Comment 48 for post 37', 48);
INSERT INTO write_comments (comment, post_id) VALUES ('Comment 49 for post 37', 49);
INSERT INTO read_comments (comment, post_id) VALUES ('Comment 49 for post 37', 49);
INSERT INTO write_comments (comment, post_id) VALUES ('Comment 50 for post 37', 50);
INSERT INTO read_comments (comment, post_id) VALUES ('Comment 50 for post 37', 50);
INSERT INTO write_comments (comment, post_id) VALUES ('Comment 51 for post 37', 51);
INSERT INTO read_comments (comment, post_id) VALUES ('Comment 51 for post 37', 51);
INSERT INTO write_comments (comment, post_id) VALUES ('Comment 52 for post 37', 52);
INSERT INTO read_comments (comment, post_id) VALUES ('Comment 52 for post 37', 52);
INSERT INTO write_comments (comment, post_id) VALUES ('Comment 53 for post 37', 53);
INSERT INTO read_comments (comment, post_id) VALUES ('Comment 53 for post 37', 53);
INSERT INTO write_comments (comment, post_id) VALUES ('Comment 54 for post 37', 54);
INSERT INTO read_comments (comment, post_id) VALUES ('Comment 54 for post 37', 54);
INSERT INTO write_comments (comment, post_id) VALUES ('Comment 55 for post 37', 55);
INSERT INTO read_comments (comment, post_id) VALUES ('Comment 55 for post 37', 55);
INSERT INTO write_comments (comment, post_id) VALUES ('Comment 56 for post 37', 56);
INSERT INTO read_comments (comment, post_id) VALUES ('Comment 56 for post 37', 56);
INSERT INTO write_comments (comment, post_id) VALUES ('Comment 57 for post 37', 57);
INSERT INTO read_comments (comment, post_id) VALUES ('Comment 57 for post 37', 57);
INSERT INTO write_comments (comment, post_id) VALUES ('Comment 58 for post 37', 58);
INSERT INTO read_comments (comment, post_id) VALUES ('Comment 58 for post 37', 58);
INSERT INTO write_comments (comment, post_id) VALUES ('Comment 59 for post 37', 59);
INSERT INTO read_comments (comment, post_id) VALUES ('Comment 59 for post 37', 59);
INSERT INTO write_comments (comment, post_id) VALUES ('Comment 60 for post 37', 60);
INSERT INTO read_comments (comment, post_id) VALUES ('Comment 60 for post 37', 60);
INSERT INTO write_comments (comment, post_id) VALUES ('Comment 61 for post 37', 61);
INSERT INTO read_comments (comment, post_id) VALUES ('Comment 61 for post 37', 61);
INSERT INTO write_comments (comment, post_id) VALUES ('Comment 62 for post 37', 62);
INSERT INTO read_comments (comment, post_id) VALUES ('Comment 62 for post 37', 62);
INSERT INTO write_comments (comment, post_id) VALUES ('Comment 63 for post 37', 63);
INSERT INTO read_comments (comment, post_id) VALUES ('Comment 63 for post 37', 63);
INSERT INTO write_comments (comment, post_id) VALUES ('Comment 64 for post 37', 64);
INSERT INTO read_comments (comment, post_id) VALUES ('Comment 64 for post 37', 64);
INSERT INTO write_comments (comment, post_id) VALUES ('Comment 65 for post 37', 65);
INSERT INTO read_comments (comment, post_id) VALUES ('Comment 65 for post 37', 65);
INSERT INTO write_comments (comment, post_id) VALUES ('Comment 66 for post 37', 66);
INSERT INTO read_comments (comment, post_id) VALUES ('Comment 66 for post 37', 66);
INSERT INTO write_comments (comment, post_id) VALUES ('Comment 67 for post 37', 67);
INSERT INTO read_comments (comment, post_id) VALUES ('Comment 67 for post 37', 67);
INSERT INTO write_comments (comment, post_id) VALUES ('Comment 68 for post 37', 68);
INSERT INTO read_comments (comment, post_id) VALUES ('Comment 68 for post 37', 68);
INSERT INTO write_comments (comment, post_id) VALUES ('Comment 69 for post 37', 69);
INSERT INTO read_comments (comment, post_id) VALUES ('Comment 69 for post 37', 69);
INSERT INTO write_comments (comment, post_id) VALUES ('Comment 70 for post 37', 70);
INSERT INTO read_comments (comment, post_id) VALUES ('Comment 70 for post 37', 70);
INSERT INTO write_comments (comment, post_id) VALUES ('Comment 71 for post 37', 71);
INSERT INTO read_comments (comment, post_id) VALUES ('Comment 71 for post 37', 71);
INSERT INTO write_comments (comment, post_id) VALUES ('Comment 72 for post 37', 72);
INSERT INTO read_comments (comment, post_id) VALUES ('Comment 72 for post 37', 72);
INSERT INTO write_comments (comment, post_id) VALUES ('Comment 73 for post 37', 73);
INSERT INTO read_comments (comment, post_id) VALUES ('Comment 73 for post 37', 73);
INSERT INTO write_comments (comment, post_id) VALUES ('Comment 74 for post 37', 74);
INSERT INTO read_comments (comment, post_id) VALUES ('Comment 74 for post 37', 74);
INSERT INTO write_comments (comment, post_id) VALUES ('Comment 75 for post 37', 75);
INSERT INTO read_comments (comment, post_id) VALUES ('Comment 75 for post 37', 75);
INSERT INTO write_comments (comment, post_id) VALUES ('Comment 76 for post 37', 76);
INSERT INTO read_comments (comment, post_id) VALUES ('Comment 76 for post 37', 76);
INSERT INTO write_comments (comment, post_id) VALUES ('Comment 77 for post 37', 77);
INSERT INTO read_comments (comment, post_id) VALUES ('Comment 77 for post 37', 77);
INSERT INTO write_comments (comment, post_id) VALUES ('Comment 78 for post 37', 78);
INSERT INTO read_comments (comment, post_id) VALUES ('Comment 78 for post 37', 78);
INSERT INTO write_comments (comment, post_id) VALUES ('Comment 79 for post 37', 79);
INSERT INTO read_comments (comment, post_id) VALUES ('Comment 79 for post 37', 79);
INSERT INTO write_comments (comment, post_id) VALUES ('Comment 80 for post 37', 80);
INSERT INTO read_comments (comment, post_id) VALUES ('Comment 80 for post 37', 80);
INSERT INTO write_comments (comment, post_id) VALUES ('Comment 81 for post 37', 81);
INSERT INTO read_comments (comment, post_id) VALUES ('Comment 81 for post 37', 81);
INSERT INTO write_comments (comment, post_id) VALUES ('Comment 82 for post 37', 82);
INSERT INTO read_comments (comment, post_id) VALUES ('Comment 82 for post 37', 82);
INSERT INTO write_comments (comment, post_id) VALUES ('Comment 83 for post 37', 83);
INSERT INTO read_comments (comment, post_id) VALUES ('Comment 83 for post 37', 83);
INSERT INTO write_comments (comment, post_id) VALUES ('Comment 84 for post 37', 84);
INSERT INTO read_comments (comment, post_id) VALUES ('Comment 84 for post 37', 84);
INSERT INTO write_comments (comment, post_id) VALUES ('Comment 85 for post 37', 85);
INSERT INTO read_comments (comment, post_id) VALUES ('Comment 85 for post 37', 85);
INSERT INTO write_comments (comment, post_id) VALUES ('Comment 86 for post 37', 86);
INSERT INTO read_comments (comment, post_id) VALUES ('Comment 86 for post 37', 86);
INSERT INTO write_comments (comment, post_id) VALUES ('Comment 87 for post 37', 87);
INSERT INTO read_comments (comment, post_id) VALUES ('Comment 87 for post 37', 87);
INSERT INTO write_comments (comment, post_id) VALUES ('Comment 88 for post 37', 88);
INSERT INTO read_comments (comment, post_id) VALUES ('Comment 88 for post 37', 88);
INSERT INTO write_comments (comment, post_id) VALUES ('Comment 89 for post 37', 89);
INSERT INTO read_comments (comment, post_id) VALUES ('Comment 89 for post 37', 89);
INSERT INTO write_comments (comment, post_id) VALUES ('Comment 90 for post 37', 90);
INSERT INTO read_comments (comment, post_id) VALUES ('Comment 90 for post 37', 90);
INSERT INTO write_comments (comment, post_id) VALUES ('Comment 91 for post 37', 91);
INSERT INTO read_comments (comment, post_id) VALUES ('Comment 91 for post 37', 91);
INSERT INTO write_comments (comment, post_id) VALUES ('Comment 92 for post 37', 92);
INSERT INTO read_comments (comment, post_id) VALUES ('Comment 92 for post 37', 92);
INSERT INTO write_comments (comment, post_id) VALUES ('Comment 93 for post 37', 93);
INSERT INTO read_comments (comment, post_id) VALUES ('Comment 93 for post 37', 93);
INSERT INTO write_comments (comment, post_id) VALUES ('Comment 94 for post 37', 94);
INSERT INTO read_comments (comment, post_id) VALUES ('Comment 94 for post 37', 94);
INSERT INTO write_comments (comment, post_id) VALUES ('Comment 95 for post 37', 95);
INSERT INTO read_comments (comment, post_id) VALUES ('Comment 95 for post 37', 95);
INSERT INTO write_comments (comment, post_id) VALUES ('Comment 96 for post 37', 96);
INSERT INTO read_comments (comment, post_id) VALUES ('Comment 96 for post 37', 96);
INSERT INTO write_comments (comment, post_id) VALUES ('Comment 97 for post 37', 97);
INSERT INTO read_comments (comment, post_id) VALUES ('Comment 97 for post 37', 97);
INSERT INTO write_comments (comment, post_id) VALUES ('Comment 98 for post 37', 98);
INSERT INTO read_comments (comment, post_id) VALUES ('Comment 98 for post 37', 98);
INSERT INTO write_comments (comment, post_id) VALUES ('Comment 99 for post 37', 99);
INSERT INTO read_comments (comment, post_id) VALUES ('Comment 99 for post 37', 99);
INSERT INTO write_comments (comment, post_id) VALUES ('Comment 100 for post 37', 100);
INSERT INTO read_comments (comment, post_id) VALUES ('Comment 100 for post 37', 100);
INSERT INTO write_comments (comment, post_id) VALUES ('Comment 1 for post 38', 1);
INSERT INTO read_comments (comment, post_id) VALUES ('Comment 1 for post 38', 1);
INSERT INTO write_comments (comment, post_id) VALUES ('Comment 2 for post 38', 2);
INSERT INTO read_comments (comment, post_id) VALUES ('Comment 2 for post 38', 2);
INSERT INTO write_comments (comment, post_id) VALUES ('Comment 3 for post 38', 3);
INSERT INTO read_comments (comment, post_id) VALUES ('Comment 3 for post 38', 3);
INSERT INTO write_comments (comment, post_id) VALUES ('Comment 4 for post 38', 4);
INSERT INTO read_comments (comment, post_id) VALUES ('Comment 4 for post 38', 4);
INSERT INTO write_comments (comment, post_id) VALUES ('Comment 5 for post 38', 5);
INSERT INTO read_comments (comment, post_id) VALUES ('Comment 5 for post 38', 5);
INSERT INTO write_comments (comment, post_id) VALUES ('Comment 6 for post 38', 6);
INSERT INTO read_comments (comment, post_id) VALUES ('Comment 6 for post 38', 6);
INSERT INTO write_comments (comment, post_id) VALUES ('Comment 7 for post 38', 7);
INSERT INTO read_comments (comment, post_id) VALUES ('Comment 7 for post 38', 7);
INSERT INTO write_comments (comment, post_id) VALUES ('Comment 8 for post 38', 8);
INSERT INTO read_comments (comment, post_id) VALUES ('Comment 8 for post 38', 8);
INSERT INTO write_comments (comment, post_id) VALUES ('Comment 9 for post 38', 9);
INSERT INTO read_comments (comment, post_id) VALUES ('Comment 9 for post 38', 9);
INSERT INTO write_comments (comment, post_id) VALUES ('Comment 10 for post 38', 10);
INSERT INTO read_comments (comment, post_id) VALUES ('Comment 10 for post 38', 10);
INSERT INTO write_comments (comment, post_id) VALUES ('Comment 11 for post 38', 11);
INSERT INTO read_comments (comment, post_id) VALUES ('Comment 11 for post 38', 11);
INSERT INTO write_comments (comment, post_id) VALUES ('Comment 12 for post 38', 12);
INSERT INTO read_comments (comment, post_id) VALUES ('Comment 12 for post 38', 12);
INSERT INTO write_comments (comment, post_id) VALUES ('Comment 13 for post 38', 13);
INSERT INTO read_comments (comment, post_id) VALUES ('Comment 13 for post 38', 13);
INSERT INTO write_comments (comment, post_id) VALUES ('Comment 14 for post 38', 14);
INSERT INTO read_comments (comment, post_id) VALUES ('Comment 14 for post 38', 14);
INSERT INTO write_comments (comment, post_id) VALUES ('Comment 15 for post 38', 15);
INSERT INTO read_comments (comment, post_id) VALUES ('Comment 15 for post 38', 15);
INSERT INTO write_comments (comment, post_id) VALUES ('Comment 16 for post 38', 16);
INSERT INTO read_comments (comment, post_id) VALUES ('Comment 16 for post 38', 16);
INSERT INTO write_comments (comment, post_id) VALUES ('Comment 17 for post 38', 17);
INSERT INTO read_comments (comment, post_id) VALUES ('Comment 17 for post 38', 17);
INSERT INTO write_comments (comment, post_id) VALUES ('Comment 18 for post 38', 18);
INSERT INTO read_comments (comment, post_id) VALUES ('Comment 18 for post 38', 18);
INSERT INTO write_comments (comment, post_id) VALUES ('Comment 19 for post 38', 19);
INSERT INTO read_comments (comment, post_id) VALUES ('Comment 19 for post 38', 19);
INSERT INTO write_comments (comment, post_id) VALUES ('Comment 20 for post 38', 20);
INSERT INTO read_comments (comment, post_id) VALUES ('Comment 20 for post 38', 20);
INSERT INTO write_comments (comment, post_id) VALUES ('Comment 21 for post 38', 21);
INSERT INTO read_comments (comment, post_id) VALUES ('Comment 21 for post 38', 21);
INSERT INTO write_comments (comment, post_id) VALUES ('Comment 22 for post 38', 22);
INSERT INTO read_comments (comment, post_id) VALUES ('Comment 22 for post 38', 22);
INSERT INTO write_comments (comment, post_id) VALUES ('Comment 23 for post 38', 23);
INSERT INTO read_comments (comment, post_id) VALUES ('Comment 23 for post 38', 23);
INSERT INTO write_comments (comment, post_id) VALUES ('Comment 24 for post 38', 24);
INSERT INTO read_comments (comment, post_id) VALUES ('Comment 24 for post 38', 24);
INSERT INTO write_comments (comment, post_id) VALUES ('Comment 25 for post 38', 25);
INSERT INTO read_comments (comment, post_id) VALUES ('Comment 25 for post 38', 25);
INSERT INTO write_comments (comment, post_id) VALUES ('Comment 26 for post 38', 26);
INSERT INTO read_comments (comment, post_id) VALUES ('Comment 26 for post 38', 26);
INSERT INTO write_comments (comment, post_id) VALUES ('Comment 27 for post 38', 27);
INSERT INTO read_comments (comment, post_id) VALUES ('Comment 27 for post 38', 27);
INSERT INTO write_comments (comment, post_id) VALUES ('Comment 28 for post 38', 28);
INSERT INTO read_comments (comment, post_id) VALUES ('Comment 28 for post 38', 28);
INSERT INTO write_comments (comment, post_id) VALUES ('Comment 29 for post 38', 29);
INSERT INTO read_comments (comment, post_id) VALUES ('Comment 29 for post 38', 29);
INSERT INTO write_comments (comment, post_id) VALUES ('Comment 30 for post 38', 30);
INSERT INTO read_comments (comment, post_id) VALUES ('Comment 30 for post 38', 30);
INSERT INTO write_comments (comment, post_id) VALUES ('Comment 31 for post 38', 31);
INSERT INTO read_comments (comment, post_id) VALUES ('Comment 31 for post 38', 31);
INSERT INTO write_comments (comment, post_id) VALUES ('Comment 32 for post 38', 32);
INSERT INTO read_comments (comment, post_id) VALUES ('Comment 32 for post 38', 32);
INSERT INTO write_comments (comment, post_id) VALUES ('Comment 33 for post 38', 33);
INSERT INTO read_comments (comment, post_id) VALUES ('Comment 33 for post 38', 33);
INSERT INTO write_comments (comment, post_id) VALUES ('Comment 34 for post 38', 34);
INSERT INTO read_comments (comment, post_id) VALUES ('Comment 34 for post 38', 34);
INSERT INTO write_comments (comment, post_id) VALUES ('Comment 35 for post 38', 35);
INSERT INTO read_comments (comment, post_id) VALUES ('Comment 35 for post 38', 35);
INSERT INTO write_comments (comment, post_id) VALUES ('Comment 36 for post 38', 36);
INSERT INTO read_comments (comment, post_id) VALUES ('Comment 36 for post 38', 36);
INSERT INTO write_comments (comment, post_id) VALUES ('Comment 37 for post 38', 37);
INSERT INTO read_comments (comment, post_id) VALUES ('Comment 37 for post 38', 37);
INSERT INTO write_comments (comment, post_id) VALUES ('Comment 38 for post 38', 38);
INSERT INTO read_comments (comment, post_id) VALUES ('Comment 38 for post 38', 38);
INSERT INTO write_comments (comment, post_id) VALUES ('Comment 39 for post 38', 39);
INSERT INTO read_comments (comment, post_id) VALUES ('Comment 39 for post 38', 39);
INSERT INTO write_comments (comment, post_id) VALUES ('Comment 40 for post 38', 40);
INSERT INTO read_comments (comment, post_id) VALUES ('Comment 40 for post 38', 40);
INSERT INTO write_comments (comment, post_id) VALUES ('Comment 41 for post 38', 41);
INSERT INTO read_comments (comment, post_id) VALUES ('Comment 41 for post 38', 41);
INSERT INTO write_comments (comment, post_id) VALUES ('Comment 42 for post 38', 42);
INSERT INTO read_comments (comment, post_id) VALUES ('Comment 42 for post 38', 42);
INSERT INTO write_comments (comment, post_id) VALUES ('Comment 43 for post 38', 43);
INSERT INTO read_comments (comment, post_id) VALUES ('Comment 43 for post 38', 43);
INSERT INTO write_comments (comment, post_id) VALUES ('Comment 44 for post 38', 44);
INSERT INTO read_comments (comment, post_id) VALUES ('Comment 44 for post 38', 44);
INSERT INTO write_comments (comment, post_id) VALUES ('Comment 45 for post 38', 45);
INSERT INTO read_comments (comment, post_id) VALUES ('Comment 45 for post 38', 45);
INSERT INTO write_comments (comment, post_id) VALUES ('Comment 46 for post 38', 46);
INSERT INTO read_comments (comment, post_id) VALUES ('Comment 46 for post 38', 46);
INSERT INTO write_comments (comment, post_id) VALUES ('Comment 47 for post 38', 47);
INSERT INTO read_comments (comment, post_id) VALUES ('Comment 47 for post 38', 47);
INSERT INTO write_comments (comment, post_id) VALUES ('Comment 48 for post 38', 48);
INSERT INTO read_comments (comment, post_id) VALUES ('Comment 48 for post 38', 48);
INSERT INTO write_comments (comment, post_id) VALUES ('Comment 49 for post 38', 49);
INSERT INTO read_comments (comment, post_id) VALUES ('Comment 49 for post 38', 49);
INSERT INTO write_comments (comment, post_id) VALUES ('Comment 50 for post 38', 50);
INSERT INTO read_comments (comment, post_id) VALUES ('Comment 50 for post 38', 50);
INSERT INTO write_comments (comment, post_id) VALUES ('Comment 51 for post 38', 51);
INSERT INTO read_comments (comment, post_id) VALUES ('Comment 51 for post 38', 51);
INSERT INTO write_comments (comment, post_id) VALUES ('Comment 52 for post 38', 52);
INSERT INTO read_comments (comment, post_id) VALUES ('Comment 52 for post 38', 52);
INSERT INTO write_comments (comment, post_id) VALUES ('Comment 53 for post 38', 53);
INSERT INTO read_comments (comment, post_id) VALUES ('Comment 53 for post 38', 53);
INSERT INTO write_comments (comment, post_id) VALUES ('Comment 54 for post 38', 54);
INSERT INTO read_comments (comment, post_id) VALUES ('Comment 54 for post 38', 54);
INSERT INTO write_comments (comment, post_id) VALUES ('Comment 55 for post 38', 55);
INSERT INTO read_comments (comment, post_id) VALUES ('Comment 55 for post 38', 55);
INSERT INTO write_comments (comment, post_id) VALUES ('Comment 56 for post 38', 56);
INSERT INTO read_comments (comment, post_id) VALUES ('Comment 56 for post 38', 56);
INSERT INTO write_comments (comment, post_id) VALUES ('Comment 57 for post 38', 57);
INSERT INTO read_comments (comment, post_id) VALUES ('Comment 57 for post 38', 57);
INSERT INTO write_comments (comment, post_id) VALUES ('Comment 58 for post 38', 58);
INSERT INTO read_comments (comment, post_id) VALUES ('Comment 58 for post 38', 58);
INSERT INTO write_comments (comment, post_id) VALUES ('Comment 59 for post 38', 59);
INSERT INTO read_comments (comment, post_id) VALUES ('Comment 59 for post 38', 59);
INSERT INTO write_comments (comment, post_id) VALUES ('Comment 60 for post 38', 60);
INSERT INTO read_comments (comment, post_id) VALUES ('Comment 60 for post 38', 60);
INSERT INTO write_comments (comment, post_id) VALUES ('Comment 61 for post 38', 61);
INSERT INTO read_comments (comment, post_id) VALUES ('Comment 61 for post 38', 61);
INSERT INTO write_comments (comment, post_id) VALUES ('Comment 62 for post 38', 62);
INSERT INTO read_comments (comment, post_id) VALUES ('Comment 62 for post 38', 62);
INSERT INTO write_comments (comment, post_id) VALUES ('Comment 63 for post 38', 63);
INSERT INTO read_comments (comment, post_id) VALUES ('Comment 63 for post 38', 63);
INSERT INTO write_comments (comment, post_id) VALUES ('Comment 64 for post 38', 64);
INSERT INTO read_comments (comment, post_id) VALUES ('Comment 64 for post 38', 64);
INSERT INTO write_comments (comment, post_id) VALUES ('Comment 65 for post 38', 65);
INSERT INTO read_comments (comment, post_id) VALUES ('Comment 65 for post 38', 65);
INSERT INTO write_comments (comment, post_id) VALUES ('Comment 66 for post 38', 66);
INSERT INTO read_comments (comment, post_id) VALUES ('Comment 66 for post 38', 66);
INSERT INTO write_comments (comment, post_id) VALUES ('Comment 67 for post 38', 67);
INSERT INTO read_comments (comment, post_id) VALUES ('Comment 67 for post 38', 67);
INSERT INTO write_comments (comment, post_id) VALUES ('Comment 68 for post 38', 68);
INSERT INTO read_comments (comment, post_id) VALUES ('Comment 68 for post 38', 68);
INSERT INTO write_comments (comment, post_id) VALUES ('Comment 69 for post 38', 69);
INSERT INTO read_comments (comment, post_id) VALUES ('Comment 69 for post 38', 69);
INSERT INTO write_comments (comment, post_id) VALUES ('Comment 70 for post 38', 70);
INSERT INTO read_comments (comment, post_id) VALUES ('Comment 70 for post 38', 70);
INSERT INTO write_comments (comment, post_id) VALUES ('Comment 71 for post 38', 71);
INSERT INTO read_comments (comment, post_id) VALUES ('Comment 71 for post 38', 71);
INSERT INTO write_comments (comment, post_id) VALUES ('Comment 72 for post 38', 72);
INSERT INTO read_comments (comment, post_id) VALUES ('Comment 72 for post 38', 72);
INSERT INTO write_comments (comment, post_id) VALUES ('Comment 73 for post 38', 73);
INSERT INTO read_comments (comment, post_id) VALUES ('Comment 73 for post 38', 73);
INSERT INTO write_comments (comment, post_id) VALUES ('Comment 74 for post 38', 74);
INSERT INTO read_comments (comment, post_id) VALUES ('Comment 74 for post 38', 74);
INSERT INTO write_comments (comment, post_id) VALUES ('Comment 75 for post 38', 75);
INSERT INTO read_comments (comment, post_id) VALUES ('Comment 75 for post 38', 75);
INSERT INTO write_comments (comment, post_id) VALUES ('Comment 76 for post 38', 76);
INSERT INTO read_comments (comment, post_id) VALUES ('Comment 76 for post 38', 76);
INSERT INTO write_comments (comment, post_id) VALUES ('Comment 77 for post 38', 77);
INSERT INTO read_comments (comment, post_id) VALUES ('Comment 77 for post 38', 77);
INSERT INTO write_comments (comment, post_id) VALUES ('Comment 78 for post 38', 78);
INSERT INTO read_comments (comment, post_id) VALUES ('Comment 78 for post 38', 78);
INSERT INTO write_comments (comment, post_id) VALUES ('Comment 79 for post 38', 79);
INSERT INTO read_comments (comment, post_id) VALUES ('Comment 79 for post 38', 79);
INSERT INTO write_comments (comment, post_id) VALUES ('Comment 80 for post 38', 80);
INSERT INTO read_comments (comment, post_id) VALUES ('Comment 80 for post 38', 80);
INSERT INTO write_comments (comment, post_id) VALUES ('Comment 81 for post 38', 81);
INSERT INTO read_comments (comment, post_id) VALUES ('Comment 81 for post 38', 81);
INSERT INTO write_comments (comment, post_id) VALUES ('Comment 82 for post 38', 82);
INSERT INTO read_comments (comment, post_id) VALUES ('Comment 82 for post 38', 82);
INSERT INTO write_comments (comment, post_id) VALUES ('Comment 83 for post 38', 83);
INSERT INTO read_comments (comment, post_id) VALUES ('Comment 83 for post 38', 83);
INSERT INTO write_comments (comment, post_id) VALUES ('Comment 84 for post 38', 84);
INSERT INTO read_comments (comment, post_id) VALUES ('Comment 84 for post 38', 84);
INSERT INTO write_comments (comment, post_id) VALUES ('Comment 85 for post 38', 85);
INSERT INTO read_comments (comment, post_id) VALUES ('Comment 85 for post 38', 85);
INSERT INTO write_comments (comment, post_id) VALUES ('Comment 86 for post 38', 86);
INSERT INTO read_comments (comment, post_id) VALUES ('Comment 86 for post 38', 86);
INSERT INTO write_comments (comment, post_id) VALUES ('Comment 87 for post 38', 87);
INSERT INTO read_comments (comment, post_id) VALUES ('Comment 87 for post 38', 87);
INSERT INTO write_comments (comment, post_id) VALUES ('Comment 88 for post 38', 88);
INSERT INTO read_comments (comment, post_id) VALUES ('Comment 88 for post 38', 88);
INSERT INTO write_comments (comment, post_id) VALUES ('Comment 89 for post 38', 89);
INSERT INTO read_comments (comment, post_id) VALUES ('Comment 89 for post 38', 89);
INSERT INTO write_comments (comment, post_id) VALUES ('Comment 90 for post 38', 90);
INSERT INTO read_comments (comment, post_id) VALUES ('Comment 90 for post 38', 90);
INSERT INTO write_comments (comment, post_id) VALUES ('Comment 91 for post 38', 91);
INSERT INTO read_comments (comment, post_id) VALUES ('Comment 91 for post 38', 91);
INSERT INTO write_comments (comment, post_id) VALUES ('Comment 92 for post 38', 92);
INSERT INTO read_comments (comment, post_id) VALUES ('Comment 92 for post 38', 92);
INSERT INTO write_comments (comment, post_id) VALUES ('Comment 93 for post 38', 93);
INSERT INTO read_comments (comment, post_id) VALUES ('Comment 93 for post 38', 93);
INSERT INTO write_comments (comment, post_id) VALUES ('Comment 94 for post 38', 94);
INSERT INTO read_comments (comment, post_id) VALUES ('Comment 94 for post 38', 94);
INSERT INTO write_comments (comment, post_id) VALUES ('Comment 95 for post 38', 95);
INSERT INTO read_comments (comment, post_id) VALUES ('Comment 95 for post 38', 95);
INSERT INTO write_comments (comment, post_id) VALUES ('Comment 96 for post 38', 96);
INSERT INTO read_comments (comment, post_id) VALUES ('Comment 96 for post 38', 96);
INSERT INTO write_comments (comment, post_id) VALUES ('Comment 97 for post 38', 97);
INSERT INTO read_comments (comment, post_id) VALUES ('Comment 97 for post 38', 97);
INSERT INTO write_comments (comment, post_id) VALUES ('Comment 98 for post 38', 98);
INSERT INTO read_comments (comment, post_id) VALUES ('Comment 98 for post 38', 98);
INSERT INTO write_comments (comment, post_id) VALUES ('Comment 99 for post 38', 99);
INSERT INTO read_comments (comment, post_id) VALUES ('Comment 99 for post 38', 99);
INSERT INTO write_comments (comment, post_id) VALUES ('Comment 100 for post 38', 100);
INSERT INTO read_comments (comment, post_id) VALUES ('Comment 100 for post 38', 100);
INSERT INTO write_comments (comment, post_id) VALUES ('Comment 1 for post 39', 1);
INSERT INTO read_comments (comment, post_id) VALUES ('Comment 1 for post 39', 1);
INSERT INTO write_comments (comment, post_id) VALUES ('Comment 2 for post 39', 2);
INSERT INTO read_comments (comment, post_id) VALUES ('Comment 2 for post 39', 2);
INSERT INTO write_comments (comment, post_id) VALUES ('Comment 3 for post 39', 3);
INSERT INTO read_comments (comment, post_id) VALUES ('Comment 3 for post 39', 3);
INSERT INTO write_comments (comment, post_id) VALUES ('Comment 4 for post 39', 4);
INSERT INTO read_comments (comment, post_id) VALUES ('Comment 4 for post 39', 4);
INSERT INTO write_comments (comment, post_id) VALUES ('Comment 5 for post 39', 5);
INSERT INTO read_comments (comment, post_id) VALUES ('Comment 5 for post 39', 5);
INSERT INTO write_comments (comment, post_id) VALUES ('Comment 6 for post 39', 6);
INSERT INTO read_comments (comment, post_id) VALUES ('Comment 6 for post 39', 6);
INSERT INTO write_comments (comment, post_id) VALUES ('Comment 7 for post 39', 7);
INSERT INTO read_comments (comment, post_id) VALUES ('Comment 7 for post 39', 7);
INSERT INTO write_comments (comment, post_id) VALUES ('Comment 8 for post 39', 8);
INSERT INTO read_comments (comment, post_id) VALUES ('Comment 8 for post 39', 8);
INSERT INTO write_comments (comment, post_id) VALUES ('Comment 9 for post 39', 9);
INSERT INTO read_comments (comment, post_id) VALUES ('Comment 9 for post 39', 9);
INSERT INTO write_comments (comment, post_id) VALUES ('Comment 10 for post 39', 10);
INSERT INTO read_comments (comment, post_id) VALUES ('Comment 10 for post 39', 10);
INSERT INTO write_comments (comment, post_id) VALUES ('Comment 11 for post 39', 11);
INSERT INTO read_comments (comment, post_id) VALUES ('Comment 11 for post 39', 11);
INSERT INTO write_comments (comment, post_id) VALUES ('Comment 12 for post 39', 12);
INSERT INTO read_comments (comment, post_id) VALUES ('Comment 12 for post 39', 12);
INSERT INTO write_comments (comment, post_id) VALUES ('Comment 13 for post 39', 13);
INSERT INTO read_comments (comment, post_id) VALUES ('Comment 13 for post 39', 13);
INSERT INTO write_comments (comment, post_id) VALUES ('Comment 14 for post 39', 14);
INSERT INTO read_comments (comment, post_id) VALUES ('Comment 14 for post 39', 14);
INSERT INTO write_comments (comment, post_id) VALUES ('Comment 15 for post 39', 15);
INSERT INTO read_comments (comment, post_id) VALUES ('Comment 15 for post 39', 15);
INSERT INTO write_comments (comment, post_id) VALUES ('Comment 16 for post 39', 16);
INSERT INTO read_comments (comment, post_id) VALUES ('Comment 16 for post 39', 16);
INSERT INTO write_comments (comment, post_id) VALUES ('Comment 17 for post 39', 17);
INSERT INTO read_comments (comment, post_id) VALUES ('Comment 17 for post 39', 17);
INSERT INTO write_comments (comment, post_id) VALUES ('Comment 18 for post 39', 18);
INSERT INTO read_comments (comment, post_id) VALUES ('Comment 18 for post 39', 18);
INSERT INTO write_comments (comment, post_id) VALUES ('Comment 19 for post 39', 19);
INSERT INTO read_comments (comment, post_id) VALUES ('Comment 19 for post 39', 19);
INSERT INTO write_comments (comment, post_id) VALUES ('Comment 20 for post 39', 20);
INSERT INTO read_comments (comment, post_id) VALUES ('Comment 20 for post 39', 20);
INSERT INTO write_comments (comment, post_id) VALUES ('Comment 21 for post 39', 21);
INSERT INTO read_comments (comment, post_id) VALUES ('Comment 21 for post 39', 21);
INSERT INTO write_comments (comment, post_id) VALUES ('Comment 22 for post 39', 22);
INSERT INTO read_comments (comment, post_id) VALUES ('Comment 22 for post 39', 22);
INSERT INTO write_comments (comment, post_id) VALUES ('Comment 23 for post 39', 23);
INSERT INTO read_comments (comment, post_id) VALUES ('Comment 23 for post 39', 23);
INSERT INTO write_comments (comment, post_id) VALUES ('Comment 24 for post 39', 24);
INSERT INTO read_comments (comment, post_id) VALUES ('Comment 24 for post 39', 24);
INSERT INTO write_comments (comment, post_id) VALUES ('Comment 25 for post 39', 25);
INSERT INTO read_comments (comment, post_id) VALUES ('Comment 25 for post 39', 25);
INSERT INTO write_comments (comment, post_id) VALUES ('Comment 26 for post 39', 26);
INSERT INTO read_comments (comment, post_id) VALUES ('Comment 26 for post 39', 26);
INSERT INTO write_comments (comment, post_id) VALUES ('Comment 27 for post 39', 27);
INSERT INTO read_comments (comment, post_id) VALUES ('Comment 27 for post 39', 27);
INSERT INTO write_comments (comment, post_id) VALUES ('Comment 28 for post 39', 28);
INSERT INTO read_comments (comment, post_id) VALUES ('Comment 28 for post 39', 28);
INSERT INTO write_comments (comment, post_id) VALUES ('Comment 29 for post 39', 29);
INSERT INTO read_comments (comment, post_id) VALUES ('Comment 29 for post 39', 29);
INSERT INTO write_comments (comment, post_id) VALUES ('Comment 30 for post 39', 30);
INSERT INTO read_comments (comment, post_id) VALUES ('Comment 30 for post 39', 30);
INSERT INTO write_comments (comment, post_id) VALUES ('Comment 31 for post 39', 31);
INSERT INTO read_comments (comment, post_id) VALUES ('Comment 31 for post 39', 31);
INSERT INTO write_comments (comment, post_id) VALUES ('Comment 32 for post 39', 32);
INSERT INTO read_comments (comment, post_id) VALUES ('Comment 32 for post 39', 32);
INSERT INTO write_comments (comment, post_id) VALUES ('Comment 33 for post 39', 33);
INSERT INTO read_comments (comment, post_id) VALUES ('Comment 33 for post 39', 33);
INSERT INTO write_comments (comment, post_id) VALUES ('Comment 34 for post 39', 34);
INSERT INTO read_comments (comment, post_id) VALUES ('Comment 34 for post 39', 34);
INSERT INTO write_comments (comment, post_id) VALUES ('Comment 35 for post 39', 35);
INSERT INTO read_comments (comment, post_id) VALUES ('Comment 35 for post 39', 35);
INSERT INTO write_comments (comment, post_id) VALUES ('Comment 36 for post 39', 36);
INSERT INTO read_comments (comment, post_id) VALUES ('Comment 36 for post 39', 36);
INSERT INTO write_comments (comment, post_id) VALUES ('Comment 37 for post 39', 37);
INSERT INTO read_comments (comment, post_id) VALUES ('Comment 37 for post 39', 37);
INSERT INTO write_comments (comment, post_id) VALUES ('Comment 38 for post 39', 38);
INSERT INTO read_comments (comment, post_id) VALUES ('Comment 38 for post 39', 38);
INSERT INTO write_comments (comment, post_id) VALUES ('Comment 39 for post 39', 39);
INSERT INTO read_comments (comment, post_id) VALUES ('Comment 39 for post 39', 39);
INSERT INTO write_comments (comment, post_id) VALUES ('Comment 40 for post 39', 40);
INSERT INTO read_comments (comment, post_id) VALUES ('Comment 40 for post 39', 40);
INSERT INTO write_comments (comment, post_id) VALUES ('Comment 41 for post 39', 41);
INSERT INTO read_comments (comment, post_id) VALUES ('Comment 41 for post 39', 41);
INSERT INTO write_comments (comment, post_id) VALUES ('Comment 42 for post 39', 42);
INSERT INTO read_comments (comment, post_id) VALUES ('Comment 42 for post 39', 42);
INSERT INTO write_comments (comment, post_id) VALUES ('Comment 43 for post 39', 43);
INSERT INTO read_comments (comment, post_id) VALUES ('Comment 43 for post 39', 43);
INSERT INTO write_comments (comment, post_id) VALUES ('Comment 44 for post 39', 44);
INSERT INTO read_comments (comment, post_id) VALUES ('Comment 44 for post 39', 44);
INSERT INTO write_comments (comment, post_id) VALUES ('Comment 45 for post 39', 45);
INSERT INTO read_comments (comment, post_id) VALUES ('Comment 45 for post 39', 45);
INSERT INTO write_comments (comment, post_id) VALUES ('Comment 46 for post 39', 46);
INSERT INTO read_comments (comment, post_id) VALUES ('Comment 46 for post 39', 46);
INSERT INTO write_comments (comment, post_id) VALUES ('Comment 47 for post 39', 47);
INSERT INTO read_comments (comment, post_id) VALUES ('Comment 47 for post 39', 47);
INSERT INTO write_comments (comment, post_id) VALUES ('Comment 48 for post 39', 48);
INSERT INTO read_comments (comment, post_id) VALUES ('Comment 48 for post 39', 48);
INSERT INTO write_comments (comment, post_id) VALUES ('Comment 49 for post 39', 49);
INSERT INTO read_comments (comment, post_id) VALUES ('Comment 49 for post 39', 49);
INSERT INTO write_comments (comment, post_id) VALUES ('Comment 50 for post 39', 50);
INSERT INTO read_comments (comment, post_id) VALUES ('Comment 50 for post 39', 50);
INSERT INTO write_comments (comment, post_id) VALUES ('Comment 51 for post 39', 51);
INSERT INTO read_comments (comment, post_id) VALUES ('Comment 51 for post 39', 51);
INSERT INTO write_comments (comment, post_id) VALUES ('Comment 52 for post 39', 52);
INSERT INTO read_comments (comment, post_id) VALUES ('Comment 52 for post 39', 52);
INSERT INTO write_comments (comment, post_id) VALUES ('Comment 53 for post 39', 53);
INSERT INTO read_comments (comment, post_id) VALUES ('Comment 53 for post 39', 53);
INSERT INTO write_comments (comment, post_id) VALUES ('Comment 54 for post 39', 54);
INSERT INTO read_comments (comment, post_id) VALUES ('Comment 54 for post 39', 54);
INSERT INTO write_comments (comment, post_id) VALUES ('Comment 55 for post 39', 55);
INSERT INTO read_comments (comment, post_id) VALUES ('Comment 55 for post 39', 55);
INSERT INTO write_comments (comment, post_id) VALUES ('Comment 56 for post 39', 56);
INSERT INTO read_comments (comment, post_id) VALUES ('Comment 56 for post 39', 56);
INSERT INTO write_comments (comment, post_id) VALUES ('Comment 57 for post 39', 57);
INSERT INTO read_comments (comment, post_id) VALUES ('Comment 57 for post 39', 57);
INSERT INTO write_comments (comment, post_id) VALUES ('Comment 58 for post 39', 58);
INSERT INTO read_comments (comment, post_id) VALUES ('Comment 58 for post 39', 58);
INSERT INTO write_comments (comment, post_id) VALUES ('Comment 59 for post 39', 59);
INSERT INTO read_comments (comment, post_id) VALUES ('Comment 59 for post 39', 59);
INSERT INTO write_comments (comment, post_id) VALUES ('Comment 60 for post 39', 60);
INSERT INTO read_comments (comment, post_id) VALUES ('Comment 60 for post 39', 60);
INSERT INTO write_comments (comment, post_id) VALUES ('Comment 61 for post 39', 61);
INSERT INTO read_comments (comment, post_id) VALUES ('Comment 61 for post 39', 61);
INSERT INTO write_comments (comment, post_id) VALUES ('Comment 62 for post 39', 62);
INSERT INTO read_comments (comment, post_id) VALUES ('Comment 62 for post 39', 62);
INSERT INTO write_comments (comment, post_id) VALUES ('Comment 63 for post 39', 63);
INSERT INTO read_comments (comment, post_id) VALUES ('Comment 63 for post 39', 63);
INSERT INTO write_comments (comment, post_id) VALUES ('Comment 64 for post 39', 64);
INSERT INTO read_comments (comment, post_id) VALUES ('Comment 64 for post 39', 64);
INSERT INTO write_comments (comment, post_id) VALUES ('Comment 65 for post 39', 65);
INSERT INTO read_comments (comment, post_id) VALUES ('Comment 65 for post 39', 65);
INSERT INTO write_comments (comment, post_id) VALUES ('Comment 66 for post 39', 66);
INSERT INTO read_comments (comment, post_id) VALUES ('Comment 66 for post 39', 66);
INSERT INTO write_comments (comment, post_id) VALUES ('Comment 67 for post 39', 67);
INSERT INTO read_comments (comment, post_id) VALUES ('Comment 67 for post 39', 67);
INSERT INTO write_comments (comment, post_id) VALUES ('Comment 68 for post 39', 68);
INSERT INTO read_comments (comment, post_id) VALUES ('Comment 68 for post 39', 68);
INSERT INTO write_comments (comment, post_id) VALUES ('Comment 69 for post 39', 69);
INSERT INTO read_comments (comment, post_id) VALUES ('Comment 69 for post 39', 69);
INSERT INTO write_comments (comment, post_id) VALUES ('Comment 70 for post 39', 70);
INSERT INTO read_comments (comment, post_id) VALUES ('Comment 70 for post 39', 70);
INSERT INTO write_comments (comment, post_id) VALUES ('Comment 71 for post 39', 71);
INSERT INTO read_comments (comment, post_id) VALUES ('Comment 71 for post 39', 71);
INSERT INTO write_comments (comment, post_id) VALUES ('Comment 72 for post 39', 72);
INSERT INTO read_comments (comment, post_id) VALUES ('Comment 72 for post 39', 72);
INSERT INTO write_comments (comment, post_id) VALUES ('Comment 73 for post 39', 73);
INSERT INTO read_comments (comment, post_id) VALUES ('Comment 73 for post 39', 73);
INSERT INTO write_comments (comment, post_id) VALUES ('Comment 74 for post 39', 74);
INSERT INTO read_comments (comment, post_id) VALUES ('Comment 74 for post 39', 74);
INSERT INTO write_comments (comment, post_id) VALUES ('Comment 75 for post 39', 75);
INSERT INTO read_comments (comment, post_id) VALUES ('Comment 75 for post 39', 75);
INSERT INTO write_comments (comment, post_id) VALUES ('Comment 76 for post 39', 76);
INSERT INTO read_comments (comment, post_id) VALUES ('Comment 76 for post 39', 76);
INSERT INTO write_comments (comment, post_id) VALUES ('Comment 77 for post 39', 77);
INSERT INTO read_comments (comment, post_id) VALUES ('Comment 77 for post 39', 77);
INSERT INTO write_comments (comment, post_id) VALUES ('Comment 78 for post 39', 78);
INSERT INTO read_comments (comment, post_id) VALUES ('Comment 78 for post 39', 78);
INSERT INTO write_comments (comment, post_id) VALUES ('Comment 79 for post 39', 79);
INSERT INTO read_comments (comment, post_id) VALUES ('Comment 79 for post 39', 79);
INSERT INTO write_comments (comment, post_id) VALUES ('Comment 80 for post 39', 80);
INSERT INTO read_comments (comment, post_id) VALUES ('Comment 80 for post 39', 80);
INSERT INTO write_comments (comment, post_id) VALUES ('Comment 81 for post 39', 81);
INSERT INTO read_comments (comment, post_id) VALUES ('Comment 81 for post 39', 81);
INSERT INTO write_comments (comment, post_id) VALUES ('Comment 82 for post 39', 82);
INSERT INTO read_comments (comment, post_id) VALUES ('Comment 82 for post 39', 82);
INSERT INTO write_comments (comment, post_id) VALUES ('Comment 83 for post 39', 83);
INSERT INTO read_comments (comment, post_id) VALUES ('Comment 83 for post 39', 83);
INSERT INTO write_comments (comment, post_id) VALUES ('Comment 84 for post 39', 84);
INSERT INTO read_comments (comment, post_id) VALUES ('Comment 84 for post 39', 84);
INSERT INTO write_comments (comment, post_id) VALUES ('Comment 85 for post 39', 85);
INSERT INTO read_comments (comment, post_id) VALUES ('Comment 85 for post 39', 85);
INSERT INTO write_comments (comment, post_id) VALUES ('Comment 86 for post 39', 86);
INSERT INTO read_comments (comment, post_id) VALUES ('Comment 86 for post 39', 86);
INSERT INTO write_comments (comment, post_id) VALUES ('Comment 87 for post 39', 87);
INSERT INTO read_comments (comment, post_id) VALUES ('Comment 87 for post 39', 87);
INSERT INTO write_comments (comment, post_id) VALUES ('Comment 88 for post 39', 88);
INSERT INTO read_comments (comment, post_id) VALUES ('Comment 88 for post 39', 88);
INSERT INTO write_comments (comment, post_id) VALUES ('Comment 89 for post 39', 89);
INSERT INTO read_comments (comment, post_id) VALUES ('Comment 89 for post 39', 89);
INSERT INTO write_comments (comment, post_id) VALUES ('Comment 90 for post 39', 90);
INSERT INTO read_comments (comment, post_id) VALUES ('Comment 90 for post 39', 90);
INSERT INTO write_comments (comment, post_id) VALUES ('Comment 91 for post 39', 91);
INSERT INTO read_comments (comment, post_id) VALUES ('Comment 91 for post 39', 91);
INSERT INTO write_comments (comment, post_id) VALUES ('Comment 92 for post 39', 92);
INSERT INTO read_comments (comment, post_id) VALUES ('Comment 92 for post 39', 92);
INSERT INTO write_comments (comment, post_id) VALUES ('Comment 93 for post 39', 93);
INSERT INTO read_comments (comment, post_id) VALUES ('Comment 93 for post 39', 93);
INSERT INTO write_comments (comment, post_id) VALUES ('Comment 94 for post 39', 94);
INSERT INTO read_comments (comment, post_id) VALUES ('Comment 94 for post 39', 94);
INSERT INTO write_comments (comment, post_id) VALUES ('Comment 95 for post 39', 95);
INSERT INTO read_comments (comment, post_id) VALUES ('Comment 95 for post 39', 95);
INSERT INTO write_comments (comment, post_id) VALUES ('Comment 96 for post 39', 96);
INSERT INTO read_comments (comment, post_id) VALUES ('Comment 96 for post 39', 96);
INSERT INTO write_comments (comment, post_id) VALUES ('Comment 97 for post 39', 97);
INSERT INTO read_comments (comment, post_id) VALUES ('Comment 97 for post 39', 97);
INSERT INTO write_comments (comment, post_id) VALUES ('Comment 98 for post 39', 98);
INSERT INTO read_comments (comment, post_id) VALUES ('Comment 98 for post 39', 98);
INSERT INTO write_comments (comment, post_id) VALUES ('Comment 99 for post 39', 99);
INSERT INTO read_comments (comment, post_id) VALUES ('Comment 99 for post 39', 99);
INSERT INTO write_comments (comment, post_id) VALUES ('Comment 100 for post 39', 100);
INSERT INTO read_comments (comment, post_id) VALUES ('Comment 100 for post 39', 100);
INSERT INTO write_comments (comment, post_id) VALUES ('Comment 1 for post 40', 1);
INSERT INTO read_comments (comment, post_id) VALUES ('Comment 1 for post 40', 1);
INSERT INTO write_comments (comment, post_id) VALUES ('Comment 2 for post 40', 2);
INSERT INTO read_comments (comment, post_id) VALUES ('Comment 2 for post 40', 2);
INSERT INTO write_comments (comment, post_id) VALUES ('Comment 3 for post 40', 3);
INSERT INTO read_comments (comment, post_id) VALUES ('Comment 3 for post 40', 3);
INSERT INTO write_comments (comment, post_id) VALUES ('Comment 4 for post 40', 4);
INSERT INTO read_comments (comment, post_id) VALUES ('Comment 4 for post 40', 4);
INSERT INTO write_comments (comment, post_id) VALUES ('Comment 5 for post 40', 5);
INSERT INTO read_comments (comment, post_id) VALUES ('Comment 5 for post 40', 5);
INSERT INTO write_comments (comment, post_id) VALUES ('Comment 6 for post 40', 6);
INSERT INTO read_comments (comment, post_id) VALUES ('Comment 6 for post 40', 6);
INSERT INTO write_comments (comment, post_id) VALUES ('Comment 7 for post 40', 7);
INSERT INTO read_comments (comment, post_id) VALUES ('Comment 7 for post 40', 7);
INSERT INTO write_comments (comment, post_id) VALUES ('Comment 8 for post 40', 8);
INSERT INTO read_comments (comment, post_id) VALUES ('Comment 8 for post 40', 8);
INSERT INTO write_comments (comment, post_id) VALUES ('Comment 9 for post 40', 9);
INSERT INTO read_comments (comment, post_id) VALUES ('Comment 9 for post 40', 9);
INSERT INTO write_comments (comment, post_id) VALUES ('Comment 10 for post 40', 10);
INSERT INTO read_comments (comment, post_id) VALUES ('Comment 10 for post 40', 10);
INSERT INTO write_comments (comment, post_id) VALUES ('Comment 11 for post 40', 11);
INSERT INTO read_comments (comment, post_id) VALUES ('Comment 11 for post 40', 11);
INSERT INTO write_comments (comment, post_id) VALUES ('Comment 12 for post 40', 12);
INSERT INTO read_comments (comment, post_id) VALUES ('Comment 12 for post 40', 12);
INSERT INTO write_comments (comment, post_id) VALUES ('Comment 13 for post 40', 13);
INSERT INTO read_comments (comment, post_id) VALUES ('Comment 13 for post 40', 13);
INSERT INTO write_comments (comment, post_id) VALUES ('Comment 14 for post 40', 14);
INSERT INTO read_comments (comment, post_id) VALUES ('Comment 14 for post 40', 14);
INSERT INTO write_comments (comment, post_id) VALUES ('Comment 15 for post 40', 15);
INSERT INTO read_comments (comment, post_id) VALUES ('Comment 15 for post 40', 15);
INSERT INTO write_comments (comment, post_id) VALUES ('Comment 16 for post 40', 16);
INSERT INTO read_comments (comment, post_id) VALUES ('Comment 16 for post 40', 16);
INSERT INTO write_comments (comment, post_id) VALUES ('Comment 17 for post 40', 17);
INSERT INTO read_comments (comment, post_id) VALUES ('Comment 17 for post 40', 17);
INSERT INTO write_comments (comment, post_id) VALUES ('Comment 18 for post 40', 18);
INSERT INTO read_comments (comment, post_id) VALUES ('Comment 18 for post 40', 18);
INSERT INTO write_comments (comment, post_id) VALUES ('Comment 19 for post 40', 19);
INSERT INTO read_comments (comment, post_id) VALUES ('Comment 19 for post 40', 19);
INSERT INTO write_comments (comment, post_id) VALUES ('Comment 20 for post 40', 20);
INSERT INTO read_comments (comment, post_id) VALUES ('Comment 20 for post 40', 20);
INSERT INTO write_comments (comment, post_id) VALUES ('Comment 21 for post 40', 21);
INSERT INTO read_comments (comment, post_id) VALUES ('Comment 21 for post 40', 21);
INSERT INTO write_comments (comment, post_id) VALUES ('Comment 22 for post 40', 22);
INSERT INTO read_comments (comment, post_id) VALUES ('Comment 22 for post 40', 22);
INSERT INTO write_comments (comment, post_id) VALUES ('Comment 23 for post 40', 23);
INSERT INTO read_comments (comment, post_id) VALUES ('Comment 23 for post 40', 23);
INSERT INTO write_comments (comment, post_id) VALUES ('Comment 24 for post 40', 24);
INSERT INTO read_comments (comment, post_id) VALUES ('Comment 24 for post 40', 24);
INSERT INTO write_comments (comment, post_id) VALUES ('Comment 25 for post 40', 25);
INSERT INTO read_comments (comment, post_id) VALUES ('Comment 25 for post 40', 25);
INSERT INTO write_comments (comment, post_id) VALUES ('Comment 26 for post 40', 26);
INSERT INTO read_comments (comment, post_id) VALUES ('Comment 26 for post 40', 26);
INSERT INTO write_comments (comment, post_id) VALUES ('Comment 27 for post 40', 27);
INSERT INTO read_comments (comment, post_id) VALUES ('Comment 27 for post 40', 27);
INSERT INTO write_comments (comment, post_id) VALUES ('Comment 28 for post 40', 28);
INSERT INTO read_comments (comment, post_id) VALUES ('Comment 28 for post 40', 28);
INSERT INTO write_comments (comment, post_id) VALUES ('Comment 29 for post 40', 29);
INSERT INTO read_comments (comment, post_id) VALUES ('Comment 29 for post 40', 29);
INSERT INTO write_comments (comment, post_id) VALUES ('Comment 30 for post 40', 30);
INSERT INTO read_comments (comment, post_id) VALUES ('Comment 30 for post 40', 30);
INSERT INTO write_comments (comment, post_id) VALUES ('Comment 31 for post 40', 31);
INSERT INTO read_comments (comment, post_id) VALUES ('Comment 31 for post 40', 31);
INSERT INTO write_comments (comment, post_id) VALUES ('Comment 32 for post 40', 32);
INSERT INTO read_comments (comment, post_id) VALUES ('Comment 32 for post 40', 32);
INSERT INTO write_comments (comment, post_id) VALUES ('Comment 33 for post 40', 33);
INSERT INTO read_comments (comment, post_id) VALUES ('Comment 33 for post 40', 33);
INSERT INTO write_comments (comment, post_id) VALUES ('Comment 34 for post 40', 34);
INSERT INTO read_comments (comment, post_id) VALUES ('Comment 34 for post 40', 34);
INSERT INTO write_comments (comment, post_id) VALUES ('Comment 35 for post 40', 35);
INSERT INTO read_comments (comment, post_id) VALUES ('Comment 35 for post 40', 35);
INSERT INTO write_comments (comment, post_id) VALUES ('Comment 36 for post 40', 36);
INSERT INTO read_comments (comment, post_id) VALUES ('Comment 36 for post 40', 36);
INSERT INTO write_comments (comment, post_id) VALUES ('Comment 37 for post 40', 37);
INSERT INTO read_comments (comment, post_id) VALUES ('Comment 37 for post 40', 37);
INSERT INTO write_comments (comment, post_id) VALUES ('Comment 38 for post 40', 38);
INSERT INTO read_comments (comment, post_id) VALUES ('Comment 38 for post 40', 38);
INSERT INTO write_comments (comment, post_id) VALUES ('Comment 39 for post 40', 39);
INSERT INTO read_comments (comment, post_id) VALUES ('Comment 39 for post 40', 39);
INSERT INTO write_comments (comment, post_id) VALUES ('Comment 40 for post 40', 40);
INSERT INTO read_comments (comment, post_id) VALUES ('Comment 40 for post 40', 40);
INSERT INTO write_comments (comment, post_id) VALUES ('Comment 41 for post 40', 41);
INSERT INTO read_comments (comment, post_id) VALUES ('Comment 41 for post 40', 41);
INSERT INTO write_comments (comment, post_id) VALUES ('Comment 42 for post 40', 42);
INSERT INTO read_comments (comment, post_id) VALUES ('Comment 42 for post 40', 42);
INSERT INTO write_comments (comment, post_id) VALUES ('Comment 43 for post 40', 43);
INSERT INTO read_comments (comment, post_id) VALUES ('Comment 43 for post 40', 43);
INSERT INTO write_comments (comment, post_id) VALUES ('Comment 44 for post 40', 44);
INSERT INTO read_comments (comment, post_id) VALUES ('Comment 44 for post 40', 44);
INSERT INTO write_comments (comment, post_id) VALUES ('Comment 45 for post 40', 45);
INSERT INTO read_comments (comment, post_id) VALUES ('Comment 45 for post 40', 45);
INSERT INTO write_comments (comment, post_id) VALUES ('Comment 46 for post 40', 46);
INSERT INTO read_comments (comment, post_id) VALUES ('Comment 46 for post 40', 46);
INSERT INTO write_comments (comment, post_id) VALUES ('Comment 47 for post 40', 47);
INSERT INTO read_comments (comment, post_id) VALUES ('Comment 47 for post 40', 47);
INSERT INTO write_comments (comment, post_id) VALUES ('Comment 48 for post 40', 48);
INSERT INTO read_comments (comment, post_id) VALUES ('Comment 48 for post 40', 48);
INSERT INTO write_comments (comment, post_id) VALUES ('Comment 49 for post 40', 49);
INSERT INTO read_comments (comment, post_id) VALUES ('Comment 49 for post 40', 49);
INSERT INTO write_comments (comment, post_id) VALUES ('Comment 50 for post 40', 50);
INSERT INTO read_comments (comment, post_id) VALUES ('Comment 50 for post 40', 50);
INSERT INTO write_comments (comment, post_id) VALUES ('Comment 51 for post 40', 51);
INSERT INTO read_comments (comment, post_id) VALUES ('Comment 51 for post 40', 51);
INSERT INTO write_comments (comment, post_id) VALUES ('Comment 52 for post 40', 52);
INSERT INTO read_comments (comment, post_id) VALUES ('Comment 52 for post 40', 52);
INSERT INTO write_comments (comment, post_id) VALUES ('Comment 53 for post 40', 53);
INSERT INTO read_comments (comment, post_id) VALUES ('Comment 53 for post 40', 53);
INSERT INTO write_comments (comment, post_id) VALUES ('Comment 54 for post 40', 54);
INSERT INTO read_comments (comment, post_id) VALUES ('Comment 54 for post 40', 54);
INSERT INTO write_comments (comment, post_id) VALUES ('Comment 55 for post 40', 55);
INSERT INTO read_comments (comment, post_id) VALUES ('Comment 55 for post 40', 55);
INSERT INTO write_comments (comment, post_id) VALUES ('Comment 56 for post 40', 56);
INSERT INTO read_comments (comment, post_id) VALUES ('Comment 56 for post 40', 56);
INSERT INTO write_comments (comment, post_id) VALUES ('Comment 57 for post 40', 57);
INSERT INTO read_comments (comment, post_id) VALUES ('Comment 57 for post 40', 57);
INSERT INTO write_comments (comment, post_id) VALUES ('Comment 58 for post 40', 58);
INSERT INTO read_comments (comment, post_id) VALUES ('Comment 58 for post 40', 58);
INSERT INTO write_comments (comment, post_id) VALUES ('Comment 59 for post 40', 59);
INSERT INTO read_comments (comment, post_id) VALUES ('Comment 59 for post 40', 59);
INSERT INTO write_comments (comment, post_id) VALUES ('Comment 60 for post 40', 60);
INSERT INTO read_comments (comment, post_id) VALUES ('Comment 60 for post 40', 60);
INSERT INTO write_comments (comment, post_id) VALUES ('Comment 61 for post 40', 61);
INSERT INTO read_comments (comment, post_id) VALUES ('Comment 61 for post 40', 61);
INSERT INTO write_comments (comment, post_id) VALUES ('Comment 62 for post 40', 62);
INSERT INTO read_comments (comment, post_id) VALUES ('Comment 62 for post 40', 62);
INSERT INTO write_comments (comment, post_id) VALUES ('Comment 63 for post 40', 63);
INSERT INTO read_comments (comment, post_id) VALUES ('Comment 63 for post 40', 63);
INSERT INTO write_comments (comment, post_id) VALUES ('Comment 64 for post 40', 64);
INSERT INTO read_comments (comment, post_id) VALUES ('Comment 64 for post 40', 64);
INSERT INTO write_comments (comment, post_id) VALUES ('Comment 65 for post 40', 65);
INSERT INTO read_comments (comment, post_id) VALUES ('Comment 65 for post 40', 65);
INSERT INTO write_comments (comment, post_id) VALUES ('Comment 66 for post 40', 66);
INSERT INTO read_comments (comment, post_id) VALUES ('Comment 66 for post 40', 66);
INSERT INTO write_comments (comment, post_id) VALUES ('Comment 67 for post 40', 67);
INSERT INTO read_comments (comment, post_id) VALUES ('Comment 67 for post 40', 67);
INSERT INTO write_comments (comment, post_id) VALUES ('Comment 68 for post 40', 68);
INSERT INTO read_comments (comment, post_id) VALUES ('Comment 68 for post 40', 68);
INSERT INTO write_comments (comment, post_id) VALUES ('Comment 69 for post 40', 69);
INSERT INTO read_comments (comment, post_id) VALUES ('Comment 69 for post 40', 69);
INSERT INTO write_comments (comment, post_id) VALUES ('Comment 70 for post 40', 70);
INSERT INTO read_comments (comment, post_id) VALUES ('Comment 70 for post 40', 70);
INSERT INTO write_comments (comment, post_id) VALUES ('Comment 71 for post 40', 71);
INSERT INTO read_comments (comment, post_id) VALUES ('Comment 71 for post 40', 71);
INSERT INTO write_comments (comment, post_id) VALUES ('Comment 72 for post 40', 72);
INSERT INTO read_comments (comment, post_id) VALUES ('Comment 72 for post 40', 72);
INSERT INTO write_comments (comment, post_id) VALUES ('Comment 73 for post 40', 73);
INSERT INTO read_comments (comment, post_id) VALUES ('Comment 73 for post 40', 73);
INSERT INTO write_comments (comment, post_id) VALUES ('Comment 74 for post 40', 74);
INSERT INTO read_comments (comment, post_id) VALUES ('Comment 74 for post 40', 74);
INSERT INTO write_comments (comment, post_id) VALUES ('Comment 75 for post 40', 75);
INSERT INTO read_comments (comment, post_id) VALUES ('Comment 75 for post 40', 75);
INSERT INTO write_comments (comment, post_id) VALUES ('Comment 76 for post 40', 76);
INSERT INTO read_comments (comment, post_id) VALUES ('Comment 76 for post 40', 76);
INSERT INTO write_comments (comment, post_id) VALUES ('Comment 77 for post 40', 77);
INSERT INTO read_comments (comment, post_id) VALUES ('Comment 77 for post 40', 77);
INSERT INTO write_comments (comment, post_id) VALUES ('Comment 78 for post 40', 78);
INSERT INTO read_comments (comment, post_id) VALUES ('Comment 78 for post 40', 78);
INSERT INTO write_comments (comment, post_id) VALUES ('Comment 79 for post 40', 79);
INSERT INTO read_comments (comment, post_id) VALUES ('Comment 79 for post 40', 79);
INSERT INTO write_comments (comment, post_id) VALUES ('Comment 80 for post 40', 80);
INSERT INTO read_comments (comment, post_id) VALUES ('Comment 80 for post 40', 80);
INSERT INTO write_comments (comment, post_id) VALUES ('Comment 81 for post 40', 81);
INSERT INTO read_comments (comment, post_id) VALUES ('Comment 81 for post 40', 81);
INSERT INTO write_comments (comment, post_id) VALUES ('Comment 82 for post 40', 82);
INSERT INTO read_comments (comment, post_id) VALUES ('Comment 82 for post 40', 82);
INSERT INTO write_comments (comment, post_id) VALUES ('Comment 83 for post 40', 83);
INSERT INTO read_comments (comment, post_id) VALUES ('Comment 83 for post 40', 83);
INSERT INTO write_comments (comment, post_id) VALUES ('Comment 84 for post 40', 84);
INSERT INTO read_comments (comment, post_id) VALUES ('Comment 84 for post 40', 84);
INSERT INTO write_comments (comment, post_id) VALUES ('Comment 85 for post 40', 85);
INSERT INTO read_comments (comment, post_id) VALUES ('Comment 85 for post 40', 85);
INSERT INTO write_comments (comment, post_id) VALUES ('Comment 86 for post 40', 86);
INSERT INTO read_comments (comment, post_id) VALUES ('Comment 86 for post 40', 86);
INSERT INTO write_comments (comment, post_id) VALUES ('Comment 87 for post 40', 87);
INSERT INTO read_comments (comment, post_id) VALUES ('Comment 87 for post 40', 87);
INSERT INTO write_comments (comment, post_id) VALUES ('Comment 88 for post 40', 88);
INSERT INTO read_comments (comment, post_id) VALUES ('Comment 88 for post 40', 88);
INSERT INTO write_comments (comment, post_id) VALUES ('Comment 89 for post 40', 89);
INSERT INTO read_comments (comment, post_id) VALUES ('Comment 89 for post 40', 89);
INSERT INTO write_comments (comment, post_id) VALUES ('Comment 90 for post 40', 90);
INSERT INTO read_comments (comment, post_id) VALUES ('Comment 90 for post 40', 90);
INSERT INTO write_comments (comment, post_id) VALUES ('Comment 91 for post 40', 91);
INSERT INTO read_comments (comment, post_id) VALUES ('Comment 91 for post 40', 91);
INSERT INTO write_comments (comment, post_id) VALUES ('Comment 92 for post 40', 92);
INSERT INTO read_comments (comment, post_id) VALUES ('Comment 92 for post 40', 92);
INSERT INTO write_comments (comment, post_id) VALUES ('Comment 93 for post 40', 93);
INSERT INTO read_comments (comment, post_id) VALUES ('Comment 93 for post 40', 93);
INSERT INTO write_comments (comment, post_id) VALUES ('Comment 94 for post 40', 94);
INSERT INTO read_comments (comment, post_id) VALUES ('Comment 94 for post 40', 94);
INSERT INTO write_comments (comment, post_id) VALUES ('Comment 95 for post 40', 95);
INSERT INTO read_comments (comment, post_id) VALUES ('Comment 95 for post 40', 95);
INSERT INTO write_comments (comment, post_id) VALUES ('Comment 96 for post 40', 96);
INSERT INTO read_comments (comment, post_id) VALUES ('Comment 96 for post 40', 96);
INSERT INTO write_comments (comment, post_id) VALUES ('Comment 97 for post 40', 97);
INSERT INTO read_comments (comment, post_id) VALUES ('Comment 97 for post 40', 97);
INSERT INTO write_comments (comment, post_id) VALUES ('Comment 98 for post 40', 98);
INSERT INTO read_comments (comment, post_id) VALUES ('Comment 98 for post 40', 98);
INSERT INTO write_comments (comment, post_id) VALUES ('Comment 99 for post 40', 99);
INSERT INTO read_comments (comment, post_id) VALUES ('Comment 99 for post 40', 99);
INSERT INTO write_comments (comment, post_id) VALUES ('Comment 100 for post 40', 100);
INSERT INTO read_comments (comment, post_id) VALUES ('Comment 100 for post 40', 100);
INSERT INTO write_comments (comment, post_id) VALUES ('Comment 1 for post 41', 1);
INSERT INTO read_comments (comment, post_id) VALUES ('Comment 1 for post 41', 1);
INSERT INTO write_comments (comment, post_id) VALUES ('Comment 2 for post 41', 2);
INSERT INTO read_comments (comment, post_id) VALUES ('Comment 2 for post 41', 2);
INSERT INTO write_comments (comment, post_id) VALUES ('Comment 3 for post 41', 3);
INSERT INTO read_comments (comment, post_id) VALUES ('Comment 3 for post 41', 3);
INSERT INTO write_comments (comment, post_id) VALUES ('Comment 4 for post 41', 4);
INSERT INTO read_comments (comment, post_id) VALUES ('Comment 4 for post 41', 4);
INSERT INTO write_comments (comment, post_id) VALUES ('Comment 5 for post 41', 5);
INSERT INTO read_comments (comment, post_id) VALUES ('Comment 5 for post 41', 5);
INSERT INTO write_comments (comment, post_id) VALUES ('Comment 6 for post 41', 6);
INSERT INTO read_comments (comment, post_id) VALUES ('Comment 6 for post 41', 6);
INSERT INTO write_comments (comment, post_id) VALUES ('Comment 7 for post 41', 7);
INSERT INTO read_comments (comment, post_id) VALUES ('Comment 7 for post 41', 7);
INSERT INTO write_comments (comment, post_id) VALUES ('Comment 8 for post 41', 8);
INSERT INTO read_comments (comment, post_id) VALUES ('Comment 8 for post 41', 8);
INSERT INTO write_comments (comment, post_id) VALUES ('Comment 9 for post 41', 9);
INSERT INTO read_comments (comment, post_id) VALUES ('Comment 9 for post 41', 9);
INSERT INTO write_comments (comment, post_id) VALUES ('Comment 10 for post 41', 10);
INSERT INTO read_comments (comment, post_id) VALUES ('Comment 10 for post 41', 10);
INSERT INTO write_comments (comment, post_id) VALUES ('Comment 11 for post 41', 11);
INSERT INTO read_comments (comment, post_id) VALUES ('Comment 11 for post 41', 11);
INSERT INTO write_comments (comment, post_id) VALUES ('Comment 12 for post 41', 12);
INSERT INTO read_comments (comment, post_id) VALUES ('Comment 12 for post 41', 12);
INSERT INTO write_comments (comment, post_id) VALUES ('Comment 13 for post 41', 13);
INSERT INTO read_comments (comment, post_id) VALUES ('Comment 13 for post 41', 13);
INSERT INTO write_comments (comment, post_id) VALUES ('Comment 14 for post 41', 14);
INSERT INTO read_comments (comment, post_id) VALUES ('Comment 14 for post 41', 14);
INSERT INTO write_comments (comment, post_id) VALUES ('Comment 15 for post 41', 15);
INSERT INTO read_comments (comment, post_id) VALUES ('Comment 15 for post 41', 15);
INSERT INTO write_comments (comment, post_id) VALUES ('Comment 16 for post 41', 16);
INSERT INTO read_comments (comment, post_id) VALUES ('Comment 16 for post 41', 16);
INSERT INTO write_comments (comment, post_id) VALUES ('Comment 17 for post 41', 17);
INSERT INTO read_comments (comment, post_id) VALUES ('Comment 17 for post 41', 17);
INSERT INTO write_comments (comment, post_id) VALUES ('Comment 18 for post 41', 18);
INSERT INTO read_comments (comment, post_id) VALUES ('Comment 18 for post 41', 18);
INSERT INTO write_comments (comment, post_id) VALUES ('Comment 19 for post 41', 19);
INSERT INTO read_comments (comment, post_id) VALUES ('Comment 19 for post 41', 19);
INSERT INTO write_comments (comment, post_id) VALUES ('Comment 20 for post 41', 20);
INSERT INTO read_comments (comment, post_id) VALUES ('Comment 20 for post 41', 20);
INSERT INTO write_comments (comment, post_id) VALUES ('Comment 21 for post 41', 21);
INSERT INTO read_comments (comment, post_id) VALUES ('Comment 21 for post 41', 21);
INSERT INTO write_comments (comment, post_id) VALUES ('Comment 22 for post 41', 22);
INSERT INTO read_comments (comment, post_id) VALUES ('Comment 22 for post 41', 22);
INSERT INTO write_comments (comment, post_id) VALUES ('Comment 23 for post 41', 23);
INSERT INTO read_comments (comment, post_id) VALUES ('Comment 23 for post 41', 23);
INSERT INTO write_comments (comment, post_id) VALUES ('Comment 24 for post 41', 24);
INSERT INTO read_comments (comment, post_id) VALUES ('Comment 24 for post 41', 24);
INSERT INTO write_comments (comment, post_id) VALUES ('Comment 25 for post 41', 25);
INSERT INTO read_comments (comment, post_id) VALUES ('Comment 25 for post 41', 25);
INSERT INTO write_comments (comment, post_id) VALUES ('Comment 26 for post 41', 26);
INSERT INTO read_comments (comment, post_id) VALUES ('Comment 26 for post 41', 26);
INSERT INTO write_comments (comment, post_id) VALUES ('Comment 27 for post 41', 27);
INSERT INTO read_comments (comment, post_id) VALUES ('Comment 27 for post 41', 27);
INSERT INTO write_comments (comment, post_id) VALUES ('Comment 28 for post 41', 28);
INSERT INTO read_comments (comment, post_id) VALUES ('Comment 28 for post 41', 28);
INSERT INTO write_comments (comment, post_id) VALUES ('Comment 29 for post 41', 29);
INSERT INTO read_comments (comment, post_id) VALUES ('Comment 29 for post 41', 29);
INSERT INTO write_comments (comment, post_id) VALUES ('Comment 30 for post 41', 30);
INSERT INTO read_comments (comment, post_id) VALUES ('Comment 30 for post 41', 30);
INSERT INTO write_comments (comment, post_id) VALUES ('Comment 31 for post 41', 31);
INSERT INTO read_comments (comment, post_id) VALUES ('Comment 31 for post 41', 31);
INSERT INTO write_comments (comment, post_id) VALUES ('Comment 32 for post 41', 32);
INSERT INTO read_comments (comment, post_id) VALUES ('Comment 32 for post 41', 32);
INSERT INTO write_comments (comment, post_id) VALUES ('Comment 33 for post 41', 33);
INSERT INTO read_comments (comment, post_id) VALUES ('Comment 33 for post 41', 33);
INSERT INTO write_comments (comment, post_id) VALUES ('Comment 34 for post 41', 34);
INSERT INTO read_comments (comment, post_id) VALUES ('Comment 34 for post 41', 34);
INSERT INTO write_comments (comment, post_id) VALUES ('Comment 35 for post 41', 35);
INSERT INTO read_comments (comment, post_id) VALUES ('Comment 35 for post 41', 35);
INSERT INTO write_comments (comment, post_id) VALUES ('Comment 36 for post 41', 36);
INSERT INTO read_comments (comment, post_id) VALUES ('Comment 36 for post 41', 36);
INSERT INTO write_comments (comment, post_id) VALUES ('Comment 37 for post 41', 37);
INSERT INTO read_comments (comment, post_id) VALUES ('Comment 37 for post 41', 37);
INSERT INTO write_comments (comment, post_id) VALUES ('Comment 38 for post 41', 38);
INSERT INTO read_comments (comment, post_id) VALUES ('Comment 38 for post 41', 38);
INSERT INTO write_comments (comment, post_id) VALUES ('Comment 39 for post 41', 39);
INSERT INTO read_comments (comment, post_id) VALUES ('Comment 39 for post 41', 39);
INSERT INTO write_comments (comment, post_id) VALUES ('Comment 40 for post 41', 40);
INSERT INTO read_comments (comment, post_id) VALUES ('Comment 40 for post 41', 40);
INSERT INTO write_comments (comment, post_id) VALUES ('Comment 41 for post 41', 41);
INSERT INTO read_comments (comment, post_id) VALUES ('Comment 41 for post 41', 41);
INSERT INTO write_comments (comment, post_id) VALUES ('Comment 42 for post 41', 42);
INSERT INTO read_comments (comment, post_id) VALUES ('Comment 42 for post 41', 42);
INSERT INTO write_comments (comment, post_id) VALUES ('Comment 43 for post 41', 43);
INSERT INTO read_comments (comment, post_id) VALUES ('Comment 43 for post 41', 43);
INSERT INTO write_comments (comment, post_id) VALUES ('Comment 44 for post 41', 44);
INSERT INTO read_comments (comment, post_id) VALUES ('Comment 44 for post 41', 44);
INSERT INTO write_comments (comment, post_id) VALUES ('Comment 45 for post 41', 45);
INSERT INTO read_comments (comment, post_id) VALUES ('Comment 45 for post 41', 45);
INSERT INTO write_comments (comment, post_id) VALUES ('Comment 46 for post 41', 46);
INSERT INTO read_comments (comment, post_id) VALUES ('Comment 46 for post 41', 46);
INSERT INTO write_comments (comment, post_id) VALUES ('Comment 47 for post 41', 47);
INSERT INTO read_comments (comment, post_id) VALUES ('Comment 47 for post 41', 47);
INSERT INTO write_comments (comment, post_id) VALUES ('Comment 48 for post 41', 48);
INSERT INTO read_comments (comment, post_id) VALUES ('Comment 48 for post 41', 48);
INSERT INTO write_comments (comment, post_id) VALUES ('Comment 49 for post 41', 49);
INSERT INTO read_comments (comment, post_id) VALUES ('Comment 49 for post 41', 49);
INSERT INTO write_comments (comment, post_id) VALUES ('Comment 50 for post 41', 50);
INSERT INTO read_comments (comment, post_id) VALUES ('Comment 50 for post 41', 50);
INSERT INTO write_comments (comment, post_id) VALUES ('Comment 51 for post 41', 51);
INSERT INTO read_comments (comment, post_id) VALUES ('Comment 51 for post 41', 51);
INSERT INTO write_comments (comment, post_id) VALUES ('Comment 52 for post 41', 52);
INSERT INTO read_comments (comment, post_id) VALUES ('Comment 52 for post 41', 52);
INSERT INTO write_comments (comment, post_id) VALUES ('Comment 53 for post 41', 53);
INSERT INTO read_comments (comment, post_id) VALUES ('Comment 53 for post 41', 53);
INSERT INTO write_comments (comment, post_id) VALUES ('Comment 54 for post 41', 54);
INSERT INTO read_comments (comment, post_id) VALUES ('Comment 54 for post 41', 54);
INSERT INTO write_comments (comment, post_id) VALUES ('Comment 55 for post 41', 55);
INSERT INTO read_comments (comment, post_id) VALUES ('Comment 55 for post 41', 55);
INSERT INTO write_comments (comment, post_id) VALUES ('Comment 56 for post 41', 56);
INSERT INTO read_comments (comment, post_id) VALUES ('Comment 56 for post 41', 56);
INSERT INTO write_comments (comment, post_id) VALUES ('Comment 57 for post 41', 57);
INSERT INTO read_comments (comment, post_id) VALUES ('Comment 57 for post 41', 57);
INSERT INTO write_comments (comment, post_id) VALUES ('Comment 58 for post 41', 58);
INSERT INTO read_comments (comment, post_id) VALUES ('Comment 58 for post 41', 58);
INSERT INTO write_comments (comment, post_id) VALUES ('Comment 59 for post 41', 59);
INSERT INTO read_comments (comment, post_id) VALUES ('Comment 59 for post 41', 59);
INSERT INTO write_comments (comment, post_id) VALUES ('Comment 60 for post 41', 60);
INSERT INTO read_comments (comment, post_id) VALUES ('Comment 60 for post 41', 60);
INSERT INTO write_comments (comment, post_id) VALUES ('Comment 61 for post 41', 61);
INSERT INTO read_comments (comment, post_id) VALUES ('Comment 61 for post 41', 61);
INSERT INTO write_comments (comment, post_id) VALUES ('Comment 62 for post 41', 62);
INSERT INTO read_comments (comment, post_id) VALUES ('Comment 62 for post 41', 62);
INSERT INTO write_comments (comment, post_id) VALUES ('Comment 63 for post 41', 63);
INSERT INTO read_comments (comment, post_id) VALUES ('Comment 63 for post 41', 63);
INSERT INTO write_comments (comment, post_id) VALUES ('Comment 64 for post 41', 64);
INSERT INTO read_comments (comment, post_id) VALUES ('Comment 64 for post 41', 64);
INSERT INTO write_comments (comment, post_id) VALUES ('Comment 65 for post 41', 65);
INSERT INTO read_comments (comment, post_id) VALUES ('Comment 65 for post 41', 65);
INSERT INTO write_comments (comment, post_id) VALUES ('Comment 66 for post 41', 66);
INSERT INTO read_comments (comment, post_id) VALUES ('Comment 66 for post 41', 66);
INSERT INTO write_comments (comment, post_id) VALUES ('Comment 67 for post 41', 67);
INSERT INTO read_comments (comment, post_id) VALUES ('Comment 67 for post 41', 67);
INSERT INTO write_comments (comment, post_id) VALUES ('Comment 68 for post 41', 68);
INSERT INTO read_comments (comment, post_id) VALUES ('Comment 68 for post 41', 68);
INSERT INTO write_comments (comment, post_id) VALUES ('Comment 69 for post 41', 69);
INSERT INTO read_comments (comment, post_id) VALUES ('Comment 69 for post 41', 69);
INSERT INTO write_comments (comment, post_id) VALUES ('Comment 70 for post 41', 70);
INSERT INTO read_comments (comment, post_id) VALUES ('Comment 70 for post 41', 70);
INSERT INTO write_comments (comment, post_id) VALUES ('Comment 71 for post 41', 71);
INSERT INTO read_comments (comment, post_id) VALUES ('Comment 71 for post 41', 71);
INSERT INTO write_comments (comment, post_id) VALUES ('Comment 72 for post 41', 72);
INSERT INTO read_comments (comment, post_id) VALUES ('Comment 72 for post 41', 72);
INSERT INTO write_comments (comment, post_id) VALUES ('Comment 73 for post 41', 73);
INSERT INTO read_comments (comment, post_id) VALUES ('Comment 73 for post 41', 73);
INSERT INTO write_comments (comment, post_id) VALUES ('Comment 74 for post 41', 74);
INSERT INTO read_comments (comment, post_id) VALUES ('Comment 74 for post 41', 74);
INSERT INTO write_comments (comment, post_id) VALUES ('Comment 75 for post 41', 75);
INSERT INTO read_comments (comment, post_id) VALUES ('Comment 75 for post 41', 75);
INSERT INTO write_comments (comment, post_id) VALUES ('Comment 76 for post 41', 76);
INSERT INTO read_comments (comment, post_id) VALUES ('Comment 76 for post 41', 76);
INSERT INTO write_comments (comment, post_id) VALUES ('Comment 77 for post 41', 77);
INSERT INTO read_comments (comment, post_id) VALUES ('Comment 77 for post 41', 77);
INSERT INTO write_comments (comment, post_id) VALUES ('Comment 78 for post 41', 78);
INSERT INTO read_comments (comment, post_id) VALUES ('Comment 78 for post 41', 78);
INSERT INTO write_comments (comment, post_id) VALUES ('Comment 79 for post 41', 79);
INSERT INTO read_comments (comment, post_id) VALUES ('Comment 79 for post 41', 79);
INSERT INTO write_comments (comment, post_id) VALUES ('Comment 80 for post 41', 80);
INSERT INTO read_comments (comment, post_id) VALUES ('Comment 80 for post 41', 80);
INSERT INTO write_comments (comment, post_id) VALUES ('Comment 81 for post 41', 81);
INSERT INTO read_comments (comment, post_id) VALUES ('Comment 81 for post 41', 81);
INSERT INTO write_comments (comment, post_id) VALUES ('Comment 82 for post 41', 82);
INSERT INTO read_comments (comment, post_id) VALUES ('Comment 82 for post 41', 82);
INSERT INTO write_comments (comment, post_id) VALUES ('Comment 83 for post 41', 83);
INSERT INTO read_comments (comment, post_id) VALUES ('Comment 83 for post 41', 83);
INSERT INTO write_comments (comment, post_id) VALUES ('Comment 84 for post 41', 84);
INSERT INTO read_comments (comment, post_id) VALUES ('Comment 84 for post 41', 84);
INSERT INTO write_comments (comment, post_id) VALUES ('Comment 85 for post 41', 85);
INSERT INTO read_comments (comment, post_id) VALUES ('Comment 85 for post 41', 85);
INSERT INTO write_comments (comment, post_id) VALUES ('Comment 86 for post 41', 86);
INSERT INTO read_comments (comment, post_id) VALUES ('Comment 86 for post 41', 86);
INSERT INTO write_comments (comment, post_id) VALUES ('Comment 87 for post 41', 87);
INSERT INTO read_comments (comment, post_id) VALUES ('Comment 87 for post 41', 87);
INSERT INTO write_comments (comment, post_id) VALUES ('Comment 88 for post 41', 88);
INSERT INTO read_comments (comment, post_id) VALUES ('Comment 88 for post 41', 88);
INSERT INTO write_comments (comment, post_id) VALUES ('Comment 89 for post 41', 89);
INSERT INTO read_comments (comment, post_id) VALUES ('Comment 89 for post 41', 89);
INSERT INTO write_comments (comment, post_id) VALUES ('Comment 90 for post 41', 90);
INSERT INTO read_comments (comment, post_id) VALUES ('Comment 90 for post 41', 90);
INSERT INTO write_comments (comment, post_id) VALUES ('Comment 91 for post 41', 91);
INSERT INTO read_comments (comment, post_id) VALUES ('Comment 91 for post 41', 91);
INSERT INTO write_comments (comment, post_id) VALUES ('Comment 92 for post 41', 92);
INSERT INTO read_comments (comment, post_id) VALUES ('Comment 92 for post 41', 92);
INSERT INTO write_comments (comment, post_id) VALUES ('Comment 93 for post 41', 93);
INSERT INTO read_comments (comment, post_id) VALUES ('Comment 93 for post 41', 93);
INSERT INTO write_comments (comment, post_id) VALUES ('Comment 94 for post 41', 94);
INSERT INTO read_comments (comment, post_id) VALUES ('Comment 94 for post 41', 94);
INSERT INTO write_comments (comment, post_id) VALUES ('Comment 95 for post 41', 95);
INSERT INTO read_comments (comment, post_id) VALUES ('Comment 95 for post 41', 95);
INSERT INTO write_comments (comment, post_id) VALUES ('Comment 96 for post 41', 96);
INSERT INTO read_comments (comment, post_id) VALUES ('Comment 96 for post 41', 96);
INSERT INTO write_comments (comment, post_id) VALUES ('Comment 97 for post 41', 97);
INSERT INTO read_comments (comment, post_id) VALUES ('Comment 97 for post 41', 97);
INSERT INTO write_comments (comment, post_id) VALUES ('Comment 98 for post 41', 98);
INSERT INTO read_comments (comment, post_id) VALUES ('Comment 98 for post 41', 98);
INSERT INTO write_comments (comment, post_id) VALUES ('Comment 99 for post 41', 99);
INSERT INTO read_comments (comment, post_id) VALUES ('Comment 99 for post 41', 99);
INSERT INTO write_comments (comment, post_id) VALUES ('Comment 100 for post 41', 100);
INSERT INTO read_comments (comment, post_id) VALUES ('Comment 100 for post 41', 100);
INSERT INTO write_comments (comment, post_id) VALUES ('Comment 1 for post 42', 1);
INSERT INTO read_comments (comment, post_id) VALUES ('Comment 1 for post 42', 1);
INSERT INTO write_comments (comment, post_id) VALUES ('Comment 2 for post 42', 2);
INSERT INTO read_comments (comment, post_id) VALUES ('Comment 2 for post 42', 2);
INSERT INTO write_comments (comment, post_id) VALUES ('Comment 3 for post 42', 3);
INSERT INTO read_comments (comment, post_id) VALUES ('Comment 3 for post 42', 3);
INSERT INTO write_comments (comment, post_id) VALUES ('Comment 4 for post 42', 4);
INSERT INTO read_comments (comment, post_id) VALUES ('Comment 4 for post 42', 4);
INSERT INTO write_comments (comment, post_id) VALUES ('Comment 5 for post 42', 5);
INSERT INTO read_comments (comment, post_id) VALUES ('Comment 5 for post 42', 5);
INSERT INTO write_comments (comment, post_id) VALUES ('Comment 6 for post 42', 6);
INSERT INTO read_comments (comment, post_id) VALUES ('Comment 6 for post 42', 6);
INSERT INTO write_comments (comment, post_id) VALUES ('Comment 7 for post 42', 7);
INSERT INTO read_comments (comment, post_id) VALUES ('Comment 7 for post 42', 7);
INSERT INTO write_comments (comment, post_id) VALUES ('Comment 8 for post 42', 8);
INSERT INTO read_comments (comment, post_id) VALUES ('Comment 8 for post 42', 8);
INSERT INTO write_comments (comment, post_id) VALUES ('Comment 9 for post 42', 9);
INSERT INTO read_comments (comment, post_id) VALUES ('Comment 9 for post 42', 9);
INSERT INTO write_comments (comment, post_id) VALUES ('Comment 10 for post 42', 10);
INSERT INTO read_comments (comment, post_id) VALUES ('Comment 10 for post 42', 10);
INSERT INTO write_comments (comment, post_id) VALUES ('Comment 11 for post 42', 11);
INSERT INTO read_comments (comment, post_id) VALUES ('Comment 11 for post 42', 11);
INSERT INTO write_comments (comment, post_id) VALUES ('Comment 12 for post 42', 12);
INSERT INTO read_comments (comment, post_id) VALUES ('Comment 12 for post 42', 12);
INSERT INTO write_comments (comment, post_id) VALUES ('Comment 13 for post 42', 13);
INSERT INTO read_comments (comment, post_id) VALUES ('Comment 13 for post 42', 13);
INSERT INTO write_comments (comment, post_id) VALUES ('Comment 14 for post 42', 14);
INSERT INTO read_comments (comment, post_id) VALUES ('Comment 14 for post 42', 14);
INSERT INTO write_comments (comment, post_id) VALUES ('Comment 15 for post 42', 15);
INSERT INTO read_comments (comment, post_id) VALUES ('Comment 15 for post 42', 15);
INSERT INTO write_comments (comment, post_id) VALUES ('Comment 16 for post 42', 16);
INSERT INTO read_comments (comment, post_id) VALUES ('Comment 16 for post 42', 16);
INSERT INTO write_comments (comment, post_id) VALUES ('Comment 17 for post 42', 17);
INSERT INTO read_comments (comment, post_id) VALUES ('Comment 17 for post 42', 17);
INSERT INTO write_comments (comment, post_id) VALUES ('Comment 18 for post 42', 18);
INSERT INTO read_comments (comment, post_id) VALUES ('Comment 18 for post 42', 18);
INSERT INTO write_comments (comment, post_id) VALUES ('Comment 19 for post 42', 19);
INSERT INTO read_comments (comment, post_id) VALUES ('Comment 19 for post 42', 19);
INSERT INTO write_comments (comment, post_id) VALUES ('Comment 20 for post 42', 20);
INSERT INTO read_comments (comment, post_id) VALUES ('Comment 20 for post 42', 20);
INSERT INTO write_comments (comment, post_id) VALUES ('Comment 21 for post 42', 21);
INSERT INTO read_comments (comment, post_id) VALUES ('Comment 21 for post 42', 21);
INSERT INTO write_comments (comment, post_id) VALUES ('Comment 22 for post 42', 22);
INSERT INTO read_comments (comment, post_id) VALUES ('Comment 22 for post 42', 22);
INSERT INTO write_comments (comment, post_id) VALUES ('Comment 23 for post 42', 23);
INSERT INTO read_comments (comment, post_id) VALUES ('Comment 23 for post 42', 23);
INSERT INTO write_comments (comment, post_id) VALUES ('Comment 24 for post 42', 24);
INSERT INTO read_comments (comment, post_id) VALUES ('Comment 24 for post 42', 24);
INSERT INTO write_comments (comment, post_id) VALUES ('Comment 25 for post 42', 25);
INSERT INTO read_comments (comment, post_id) VALUES ('Comment 25 for post 42', 25);
INSERT INTO write_comments (comment, post_id) VALUES ('Comment 26 for post 42', 26);
INSERT INTO read_comments (comment, post_id) VALUES ('Comment 26 for post 42', 26);
INSERT INTO write_comments (comment, post_id) VALUES ('Comment 27 for post 42', 27);
INSERT INTO read_comments (comment, post_id) VALUES ('Comment 27 for post 42', 27);
INSERT INTO write_comments (comment, post_id) VALUES ('Comment 28 for post 42', 28);
INSERT INTO read_comments (comment, post_id) VALUES ('Comment 28 for post 42', 28);
INSERT INTO write_comments (comment, post_id) VALUES ('Comment 29 for post 42', 29);
INSERT INTO read_comments (comment, post_id) VALUES ('Comment 29 for post 42', 29);
INSERT INTO write_comments (comment, post_id) VALUES ('Comment 30 for post 42', 30);
INSERT INTO read_comments (comment, post_id) VALUES ('Comment 30 for post 42', 30);
INSERT INTO write_comments (comment, post_id) VALUES ('Comment 31 for post 42', 31);
INSERT INTO read_comments (comment, post_id) VALUES ('Comment 31 for post 42', 31);
INSERT INTO write_comments (comment, post_id) VALUES ('Comment 32 for post 42', 32);
INSERT INTO read_comments (comment, post_id) VALUES ('Comment 32 for post 42', 32);
INSERT INTO write_comments (comment, post_id) VALUES ('Comment 33 for post 42', 33);
INSERT INTO read_comments (comment, post_id) VALUES ('Comment 33 for post 42', 33);
INSERT INTO write_comments (comment, post_id) VALUES ('Comment 34 for post 42', 34);
INSERT INTO read_comments (comment, post_id) VALUES ('Comment 34 for post 42', 34);
INSERT INTO write_comments (comment, post_id) VALUES ('Comment 35 for post 42', 35);
INSERT INTO read_comments (comment, post_id) VALUES ('Comment 35 for post 42', 35);
INSERT INTO write_comments (comment, post_id) VALUES ('Comment 36 for post 42', 36);
INSERT INTO read_comments (comment, post_id) VALUES ('Comment 36 for post 42', 36);
INSERT INTO write_comments (comment, post_id) VALUES ('Comment 37 for post 42', 37);
INSERT INTO read_comments (comment, post_id) VALUES ('Comment 37 for post 42', 37);
INSERT INTO write_comments (comment, post_id) VALUES ('Comment 38 for post 42', 38);
INSERT INTO read_comments (comment, post_id) VALUES ('Comment 38 for post 42', 38);
INSERT INTO write_comments (comment, post_id) VALUES ('Comment 39 for post 42', 39);
INSERT INTO read_comments (comment, post_id) VALUES ('Comment 39 for post 42', 39);
INSERT INTO write_comments (comment, post_id) VALUES ('Comment 40 for post 42', 40);
INSERT INTO read_comments (comment, post_id) VALUES ('Comment 40 for post 42', 40);
INSERT INTO write_comments (comment, post_id) VALUES ('Comment 41 for post 42', 41);
INSERT INTO read_comments (comment, post_id) VALUES ('Comment 41 for post 42', 41);
INSERT INTO write_comments (comment, post_id) VALUES ('Comment 42 for post 42', 42);
INSERT INTO read_comments (comment, post_id) VALUES ('Comment 42 for post 42', 42);
INSERT INTO write_comments (comment, post_id) VALUES ('Comment 43 for post 42', 43);
INSERT INTO read_comments (comment, post_id) VALUES ('Comment 43 for post 42', 43);
INSERT INTO write_comments (comment, post_id) VALUES ('Comment 44 for post 42', 44);
INSERT INTO read_comments (comment, post_id) VALUES ('Comment 44 for post 42', 44);
INSERT INTO write_comments (comment, post_id) VALUES ('Comment 45 for post 42', 45);
INSERT INTO read_comments (comment, post_id) VALUES ('Comment 45 for post 42', 45);
INSERT INTO write_comments (comment, post_id) VALUES ('Comment 46 for post 42', 46);
INSERT INTO read_comments (comment, post_id) VALUES ('Comment 46 for post 42', 46);
INSERT INTO write_comments (comment, post_id) VALUES ('Comment 47 for post 42', 47);
INSERT INTO read_comments (comment, post_id) VALUES ('Comment 47 for post 42', 47);
INSERT INTO write_comments (comment, post_id) VALUES ('Comment 48 for post 42', 48);
INSERT INTO read_comments (comment, post_id) VALUES ('Comment 48 for post 42', 48);
INSERT INTO write_comments (comment, post_id) VALUES ('Comment 49 for post 42', 49);
INSERT INTO read_comments (comment, post_id) VALUES ('Comment 49 for post 42', 49);
INSERT INTO write_comments (comment, post_id) VALUES ('Comment 50 for post 42', 50);
INSERT INTO read_comments (comment, post_id) VALUES ('Comment 50 for post 42', 50);
INSERT INTO write_comments (comment, post_id) VALUES ('Comment 51 for post 42', 51);
INSERT INTO read_comments (comment, post_id) VALUES ('Comment 51 for post 42', 51);
INSERT INTO write_comments (comment, post_id) VALUES ('Comment 52 for post 42', 52);
INSERT INTO read_comments (comment, post_id) VALUES ('Comment 52 for post 42', 52);
INSERT INTO write_comments (comment, post_id) VALUES ('Comment 53 for post 42', 53);
INSERT INTO read_comments (comment, post_id) VALUES ('Comment 53 for post 42', 53);
INSERT INTO write_comments (comment, post_id) VALUES ('Comment 54 for post 42', 54);
INSERT INTO read_comments (comment, post_id) VALUES ('Comment 54 for post 42', 54);
INSERT INTO write_comments (comment, post_id) VALUES ('Comment 55 for post 42', 55);
INSERT INTO read_comments (comment, post_id) VALUES ('Comment 55 for post 42', 55);
INSERT INTO write_comments (comment, post_id) VALUES ('Comment 56 for post 42', 56);
INSERT INTO read_comments (comment, post_id) VALUES ('Comment 56 for post 42', 56);
INSERT INTO write_comments (comment, post_id) VALUES ('Comment 57 for post 42', 57);
INSERT INTO read_comments (comment, post_id) VALUES ('Comment 57 for post 42', 57);
INSERT INTO write_comments (comment, post_id) VALUES ('Comment 58 for post 42', 58);
INSERT INTO read_comments (comment, post_id) VALUES ('Comment 58 for post 42', 58);
INSERT INTO write_comments (comment, post_id) VALUES ('Comment 59 for post 42', 59);
INSERT INTO read_comments (comment, post_id) VALUES ('Comment 59 for post 42', 59);
INSERT INTO write_comments (comment, post_id) VALUES ('Comment 60 for post 42', 60);
INSERT INTO read_comments (comment, post_id) VALUES ('Comment 60 for post 42', 60);
INSERT INTO write_comments (comment, post_id) VALUES ('Comment 61 for post 42', 61);
INSERT INTO read_comments (comment, post_id) VALUES ('Comment 61 for post 42', 61);
INSERT INTO write_comments (comment, post_id) VALUES ('Comment 62 for post 42', 62);
INSERT INTO read_comments (comment, post_id) VALUES ('Comment 62 for post 42', 62);
INSERT INTO write_comments (comment, post_id) VALUES ('Comment 63 for post 42', 63);
INSERT INTO read_comments (comment, post_id) VALUES ('Comment 63 for post 42', 63);
INSERT INTO write_comments (comment, post_id) VALUES ('Comment 64 for post 42', 64);
INSERT INTO read_comments (comment, post_id) VALUES ('Comment 64 for post 42', 64);
INSERT INTO write_comments (comment, post_id) VALUES ('Comment 65 for post 42', 65);
INSERT INTO read_comments (comment, post_id) VALUES ('Comment 65 for post 42', 65);
INSERT INTO write_comments (comment, post_id) VALUES ('Comment 66 for post 42', 66);
INSERT INTO read_comments (comment, post_id) VALUES ('Comment 66 for post 42', 66);
INSERT INTO write_comments (comment, post_id) VALUES ('Comment 67 for post 42', 67);
INSERT INTO read_comments (comment, post_id) VALUES ('Comment 67 for post 42', 67);
INSERT INTO write_comments (comment, post_id) VALUES ('Comment 68 for post 42', 68);
INSERT INTO read_comments (comment, post_id) VALUES ('Comment 68 for post 42', 68);
INSERT INTO write_comments (comment, post_id) VALUES ('Comment 69 for post 42', 69);
INSERT INTO read_comments (comment, post_id) VALUES ('Comment 69 for post 42', 69);
INSERT INTO write_comments (comment, post_id) VALUES ('Comment 70 for post 42', 70);
INSERT INTO read_comments (comment, post_id) VALUES ('Comment 70 for post 42', 70);
INSERT INTO write_comments (comment, post_id) VALUES ('Comment 71 for post 42', 71);
INSERT INTO read_comments (comment, post_id) VALUES ('Comment 71 for post 42', 71);
INSERT INTO write_comments (comment, post_id) VALUES ('Comment 72 for post 42', 72);
INSERT INTO read_comments (comment, post_id) VALUES ('Comment 72 for post 42', 72);
INSERT INTO write_comments (comment, post_id) VALUES ('Comment 73 for post 42', 73);
INSERT INTO read_comments (comment, post_id) VALUES ('Comment 73 for post 42', 73);
INSERT INTO write_comments (comment, post_id) VALUES ('Comment 74 for post 42', 74);
INSERT INTO read_comments (comment, post_id) VALUES ('Comment 74 for post 42', 74);
INSERT INTO write_comments (comment, post_id) VALUES ('Comment 75 for post 42', 75);
INSERT INTO read_comments (comment, post_id) VALUES ('Comment 75 for post 42', 75);
INSERT INTO write_comments (comment, post_id) VALUES ('Comment 76 for post 42', 76);
INSERT INTO read_comments (comment, post_id) VALUES ('Comment 76 for post 42', 76);
INSERT INTO write_comments (comment, post_id) VALUES ('Comment 77 for post 42', 77);
INSERT INTO read_comments (comment, post_id) VALUES ('Comment 77 for post 42', 77);
INSERT INTO write_comments (comment, post_id) VALUES ('Comment 78 for post 42', 78);
INSERT INTO read_comments (comment, post_id) VALUES ('Comment 78 for post 42', 78);
INSERT INTO write_comments (comment, post_id) VALUES ('Comment 79 for post 42', 79);
INSERT INTO read_comments (comment, post_id) VALUES ('Comment 79 for post 42', 79);
INSERT INTO write_comments (comment, post_id) VALUES ('Comment 80 for post 42', 80);
INSERT INTO read_comments (comment, post_id) VALUES ('Comment 80 for post 42', 80);
INSERT INTO write_comments (comment, post_id) VALUES ('Comment 81 for post 42', 81);
INSERT INTO read_comments (comment, post_id) VALUES ('Comment 81 for post 42', 81);
INSERT INTO write_comments (comment, post_id) VALUES ('Comment 82 for post 42', 82);
INSERT INTO read_comments (comment, post_id) VALUES ('Comment 82 for post 42', 82);
INSERT INTO write_comments (comment, post_id) VALUES ('Comment 83 for post 42', 83);
INSERT INTO read_comments (comment, post_id) VALUES ('Comment 83 for post 42', 83);
INSERT INTO write_comments (comment, post_id) VALUES ('Comment 84 for post 42', 84);
INSERT INTO read_comments (comment, post_id) VALUES ('Comment 84 for post 42', 84);
INSERT INTO write_comments (comment, post_id) VALUES ('Comment 85 for post 42', 85);
INSERT INTO read_comments (comment, post_id) VALUES ('Comment 85 for post 42', 85);
INSERT INTO write_comments (comment, post_id) VALUES ('Comment 86 for post 42', 86);
INSERT INTO read_comments (comment, post_id) VALUES ('Comment 86 for post 42', 86);
INSERT INTO write_comments (comment, post_id) VALUES ('Comment 87 for post 42', 87);
INSERT INTO read_comments (comment, post_id) VALUES ('Comment 87 for post 42', 87);
INSERT INTO write_comments (comment, post_id) VALUES ('Comment 88 for post 42', 88);
INSERT INTO read_comments (comment, post_id) VALUES ('Comment 88 for post 42', 88);
INSERT INTO write_comments (comment, post_id) VALUES ('Comment 89 for post 42', 89);
INSERT INTO read_comments (comment, post_id) VALUES ('Comment 89 for post 42', 89);
INSERT INTO write_comments (comment, post_id) VALUES ('Comment 90 for post 42', 90);
INSERT INTO read_comments (comment, post_id) VALUES ('Comment 90 for post 42', 90);
INSERT INTO write_comments (comment, post_id) VALUES ('Comment 91 for post 42', 91);
INSERT INTO read_comments (comment, post_id) VALUES ('Comment 91 for post 42', 91);
INSERT INTO write_comments (comment, post_id) VALUES ('Comment 92 for post 42', 92);
INSERT INTO read_comments (comment, post_id) VALUES ('Comment 92 for post 42', 92);
INSERT INTO write_comments (comment, post_id) VALUES ('Comment 93 for post 42', 93);
INSERT INTO read_comments (comment, post_id) VALUES ('Comment 93 for post 42', 93);
INSERT INTO write_comments (comment, post_id) VALUES ('Comment 94 for post 42', 94);
INSERT INTO read_comments (comment, post_id) VALUES ('Comment 94 for post 42', 94);
INSERT INTO write_comments (comment, post_id) VALUES ('Comment 95 for post 42', 95);
INSERT INTO read_comments (comment, post_id) VALUES ('Comment 95 for post 42', 95);
INSERT INTO write_comments (comment, post_id) VALUES ('Comment 96 for post 42', 96);
INSERT INTO read_comments (comment, post_id) VALUES ('Comment 96 for post 42', 96);
INSERT INTO write_comments (comment, post_id) VALUES ('Comment 97 for post 42', 97);
INSERT INTO read_comments (comment, post_id) VALUES ('Comment 97 for post 42', 97);
INSERT INTO write_comments (comment, post_id) VALUES ('Comment 98 for post 42', 98);
INSERT INTO read_comments (comment, post_id) VALUES ('Comment 98 for post 42', 98);
INSERT INTO write_comments (comment, post_id) VALUES ('Comment 99 for post 42', 99);
INSERT INTO read_comments (comment, post_id) VALUES ('Comment 99 for post 42', 99);
INSERT INTO write_comments (comment, post_id) VALUES ('Comment 100 for post 42', 100);
INSERT INTO read_comments (comment, post_id) VALUES ('Comment 100 for post 42', 100);
INSERT INTO write_comments (comment, post_id) VALUES ('Comment 1 for post 43', 1);
INSERT INTO read_comments (comment, post_id) VALUES ('Comment 1 for post 43', 1);
INSERT INTO write_comments (comment, post_id) VALUES ('Comment 2 for post 43', 2);
INSERT INTO read_comments (comment, post_id) VALUES ('Comment 2 for post 43', 2);
INSERT INTO write_comments (comment, post_id) VALUES ('Comment 3 for post 43', 3);
INSERT INTO read_comments (comment, post_id) VALUES ('Comment 3 for post 43', 3);
INSERT INTO write_comments (comment, post_id) VALUES ('Comment 4 for post 43', 4);
INSERT INTO read_comments (comment, post_id) VALUES ('Comment 4 for post 43', 4);
INSERT INTO write_comments (comment, post_id) VALUES ('Comment 5 for post 43', 5);
INSERT INTO read_comments (comment, post_id) VALUES ('Comment 5 for post 43', 5);
INSERT INTO write_comments (comment, post_id) VALUES ('Comment 6 for post 43', 6);
INSERT INTO read_comments (comment, post_id) VALUES ('Comment 6 for post 43', 6);
INSERT INTO write_comments (comment, post_id) VALUES ('Comment 7 for post 43', 7);
INSERT INTO read_comments (comment, post_id) VALUES ('Comment 7 for post 43', 7);
INSERT INTO write_comments (comment, post_id) VALUES ('Comment 8 for post 43', 8);
INSERT INTO read_comments (comment, post_id) VALUES ('Comment 8 for post 43', 8);
INSERT INTO write_comments (comment, post_id) VALUES ('Comment 9 for post 43', 9);
INSERT INTO read_comments (comment, post_id) VALUES ('Comment 9 for post 43', 9);
INSERT INTO write_comments (comment, post_id) VALUES ('Comment 10 for post 43', 10);
INSERT INTO read_comments (comment, post_id) VALUES ('Comment 10 for post 43', 10);
INSERT INTO write_comments (comment, post_id) VALUES ('Comment 11 for post 43', 11);
INSERT INTO read_comments (comment, post_id) VALUES ('Comment 11 for post 43', 11);
INSERT INTO write_comments (comment, post_id) VALUES ('Comment 12 for post 43', 12);
INSERT INTO read_comments (comment, post_id) VALUES ('Comment 12 for post 43', 12);
INSERT INTO write_comments (comment, post_id) VALUES ('Comment 13 for post 43', 13);
INSERT INTO read_comments (comment, post_id) VALUES ('Comment 13 for post 43', 13);
INSERT INTO write_comments (comment, post_id) VALUES ('Comment 14 for post 43', 14);
INSERT INTO read_comments (comment, post_id) VALUES ('Comment 14 for post 43', 14);
INSERT INTO write_comments (comment, post_id) VALUES ('Comment 15 for post 43', 15);
INSERT INTO read_comments (comment, post_id) VALUES ('Comment 15 for post 43', 15);
INSERT INTO write_comments (comment, post_id) VALUES ('Comment 16 for post 43', 16);
INSERT INTO read_comments (comment, post_id) VALUES ('Comment 16 for post 43', 16);
INSERT INTO write_comments (comment, post_id) VALUES ('Comment 17 for post 43', 17);
INSERT INTO read_comments (comment, post_id) VALUES ('Comment 17 for post 43', 17);
INSERT INTO write_comments (comment, post_id) VALUES ('Comment 18 for post 43', 18);
INSERT INTO read_comments (comment, post_id) VALUES ('Comment 18 for post 43', 18);
INSERT INTO write_comments (comment, post_id) VALUES ('Comment 19 for post 43', 19);
INSERT INTO read_comments (comment, post_id) VALUES ('Comment 19 for post 43', 19);
INSERT INTO write_comments (comment, post_id) VALUES ('Comment 20 for post 43', 20);
INSERT INTO read_comments (comment, post_id) VALUES ('Comment 20 for post 43', 20);
INSERT INTO write_comments (comment, post_id) VALUES ('Comment 21 for post 43', 21);
INSERT INTO read_comments (comment, post_id) VALUES ('Comment 21 for post 43', 21);
INSERT INTO write_comments (comment, post_id) VALUES ('Comment 22 for post 43', 22);
INSERT INTO read_comments (comment, post_id) VALUES ('Comment 22 for post 43', 22);
INSERT INTO write_comments (comment, post_id) VALUES ('Comment 23 for post 43', 23);
INSERT INTO read_comments (comment, post_id) VALUES ('Comment 23 for post 43', 23);
INSERT INTO write_comments (comment, post_id) VALUES ('Comment 24 for post 43', 24);
INSERT INTO read_comments (comment, post_id) VALUES ('Comment 24 for post 43', 24);
INSERT INTO write_comments (comment, post_id) VALUES ('Comment 25 for post 43', 25);
INSERT INTO read_comments (comment, post_id) VALUES ('Comment 25 for post 43', 25);
INSERT INTO write_comments (comment, post_id) VALUES ('Comment 26 for post 43', 26);
INSERT INTO read_comments (comment, post_id) VALUES ('Comment 26 for post 43', 26);
INSERT INTO write_comments (comment, post_id) VALUES ('Comment 27 for post 43', 27);
INSERT INTO read_comments (comment, post_id) VALUES ('Comment 27 for post 43', 27);
INSERT INTO write_comments (comment, post_id) VALUES ('Comment 28 for post 43', 28);
INSERT INTO read_comments (comment, post_id) VALUES ('Comment 28 for post 43', 28);
INSERT INTO write_comments (comment, post_id) VALUES ('Comment 29 for post 43', 29);
INSERT INTO read_comments (comment, post_id) VALUES ('Comment 29 for post 43', 29);
INSERT INTO write_comments (comment, post_id) VALUES ('Comment 30 for post 43', 30);
INSERT INTO read_comments (comment, post_id) VALUES ('Comment 30 for post 43', 30);
INSERT INTO write_comments (comment, post_id) VALUES ('Comment 31 for post 43', 31);
INSERT INTO read_comments (comment, post_id) VALUES ('Comment 31 for post 43', 31);
INSERT INTO write_comments (comment, post_id) VALUES ('Comment 32 for post 43', 32);
INSERT INTO read_comments (comment, post_id) VALUES ('Comment 32 for post 43', 32);
INSERT INTO write_comments (comment, post_id) VALUES ('Comment 33 for post 43', 33);
INSERT INTO read_comments (comment, post_id) VALUES ('Comment 33 for post 43', 33);
INSERT INTO write_comments (comment, post_id) VALUES ('Comment 34 for post 43', 34);
INSERT INTO read_comments (comment, post_id) VALUES ('Comment 34 for post 43', 34);
INSERT INTO write_comments (comment, post_id) VALUES ('Comment 35 for post 43', 35);
INSERT INTO read_comments (comment, post_id) VALUES ('Comment 35 for post 43', 35);
INSERT INTO write_comments (comment, post_id) VALUES ('Comment 36 for post 43', 36);
INSERT INTO read_comments (comment, post_id) VALUES ('Comment 36 for post 43', 36);
INSERT INTO write_comments (comment, post_id) VALUES ('Comment 37 for post 43', 37);
INSERT INTO read_comments (comment, post_id) VALUES ('Comment 37 for post 43', 37);
INSERT INTO write_comments (comment, post_id) VALUES ('Comment 38 for post 43', 38);
INSERT INTO read_comments (comment, post_id) VALUES ('Comment 38 for post 43', 38);
INSERT INTO write_comments (comment, post_id) VALUES ('Comment 39 for post 43', 39);
INSERT INTO read_comments (comment, post_id) VALUES ('Comment 39 for post 43', 39);
INSERT INTO write_comments (comment, post_id) VALUES ('Comment 40 for post 43', 40);
INSERT INTO read_comments (comment, post_id) VALUES ('Comment 40 for post 43', 40);
INSERT INTO write_comments (comment, post_id) VALUES ('Comment 41 for post 43', 41);
INSERT INTO read_comments (comment, post_id) VALUES ('Comment 41 for post 43', 41);
INSERT INTO write_comments (comment, post_id) VALUES ('Comment 42 for post 43', 42);
INSERT INTO read_comments (comment, post_id) VALUES ('Comment 42 for post 43', 42);
INSERT INTO write_comments (comment, post_id) VALUES ('Comment 43 for post 43', 43);
INSERT INTO read_comments (comment, post_id) VALUES ('Comment 43 for post 43', 43);
INSERT INTO write_comments (comment, post_id) VALUES ('Comment 44 for post 43', 44);
INSERT INTO read_comments (comment, post_id) VALUES ('Comment 44 for post 43', 44);
INSERT INTO write_comments (comment, post_id) VALUES ('Comment 45 for post 43', 45);
INSERT INTO read_comments (comment, post_id) VALUES ('Comment 45 for post 43', 45);
INSERT INTO write_comments (comment, post_id) VALUES ('Comment 46 for post 43', 46);
INSERT INTO read_comments (comment, post_id) VALUES ('Comment 46 for post 43', 46);
INSERT INTO write_comments (comment, post_id) VALUES ('Comment 47 for post 43', 47);
INSERT INTO read_comments (comment, post_id) VALUES ('Comment 47 for post 43', 47);
INSERT INTO write_comments (comment, post_id) VALUES ('Comment 48 for post 43', 48);
INSERT INTO read_comments (comment, post_id) VALUES ('Comment 48 for post 43', 48);
INSERT INTO write_comments (comment, post_id) VALUES ('Comment 49 for post 43', 49);
INSERT INTO read_comments (comment, post_id) VALUES ('Comment 49 for post 43', 49);
INSERT INTO write_comments (comment, post_id) VALUES ('Comment 50 for post 43', 50);
INSERT INTO read_comments (comment, post_id) VALUES ('Comment 50 for post 43', 50);
INSERT INTO write_comments (comment, post_id) VALUES ('Comment 51 for post 43', 51);
INSERT INTO read_comments (comment, post_id) VALUES ('Comment 51 for post 43', 51);
INSERT INTO write_comments (comment, post_id) VALUES ('Comment 52 for post 43', 52);
INSERT INTO read_comments (comment, post_id) VALUES ('Comment 52 for post 43', 52);
INSERT INTO write_comments (comment, post_id) VALUES ('Comment 53 for post 43', 53);
INSERT INTO read_comments (comment, post_id) VALUES ('Comment 53 for post 43', 53);
INSERT INTO write_comments (comment, post_id) VALUES ('Comment 54 for post 43', 54);
INSERT INTO read_comments (comment, post_id) VALUES ('Comment 54 for post 43', 54);
INSERT INTO write_comments (comment, post_id) VALUES ('Comment 55 for post 43', 55);
INSERT INTO read_comments (comment, post_id) VALUES ('Comment 55 for post 43', 55);
INSERT INTO write_comments (comment, post_id) VALUES ('Comment 56 for post 43', 56);
INSERT INTO read_comments (comment, post_id) VALUES ('Comment 56 for post 43', 56);
INSERT INTO write_comments (comment, post_id) VALUES ('Comment 57 for post 43', 57);
INSERT INTO read_comments (comment, post_id) VALUES ('Comment 57 for post 43', 57);
INSERT INTO write_comments (comment, post_id) VALUES ('Comment 58 for post 43', 58);
INSERT INTO read_comments (comment, post_id) VALUES ('Comment 58 for post 43', 58);
INSERT INTO write_comments (comment, post_id) VALUES ('Comment 59 for post 43', 59);
INSERT INTO read_comments (comment, post_id) VALUES ('Comment 59 for post 43', 59);
INSERT INTO write_comments (comment, post_id) VALUES ('Comment 60 for post 43', 60);
INSERT INTO read_comments (comment, post_id) VALUES ('Comment 60 for post 43', 60);
INSERT INTO write_comments (comment, post_id) VALUES ('Comment 61 for post 43', 61);
INSERT INTO read_comments (comment, post_id) VALUES ('Comment 61 for post 43', 61);
INSERT INTO write_comments (comment, post_id) VALUES ('Comment 62 for post 43', 62);
INSERT INTO read_comments (comment, post_id) VALUES ('Comment 62 for post 43', 62);
INSERT INTO write_comments (comment, post_id) VALUES ('Comment 63 for post 43', 63);
INSERT INTO read_comments (comment, post_id) VALUES ('Comment 63 for post 43', 63);
INSERT INTO write_comments (comment, post_id) VALUES ('Comment 64 for post 43', 64);
INSERT INTO read_comments (comment, post_id) VALUES ('Comment 64 for post 43', 64);
INSERT INTO write_comments (comment, post_id) VALUES ('Comment 65 for post 43', 65);
INSERT INTO read_comments (comment, post_id) VALUES ('Comment 65 for post 43', 65);
INSERT INTO write_comments (comment, post_id) VALUES ('Comment 66 for post 43', 66);
INSERT INTO read_comments (comment, post_id) VALUES ('Comment 66 for post 43', 66);
INSERT INTO write_comments (comment, post_id) VALUES ('Comment 67 for post 43', 67);
INSERT INTO read_comments (comment, post_id) VALUES ('Comment 67 for post 43', 67);
INSERT INTO write_comments (comment, post_id) VALUES ('Comment 68 for post 43', 68);
INSERT INTO read_comments (comment, post_id) VALUES ('Comment 68 for post 43', 68);
INSERT INTO write_comments (comment, post_id) VALUES ('Comment 69 for post 43', 69);
INSERT INTO read_comments (comment, post_id) VALUES ('Comment 69 for post 43', 69);
INSERT INTO write_comments (comment, post_id) VALUES ('Comment 70 for post 43', 70);
INSERT INTO read_comments (comment, post_id) VALUES ('Comment 70 for post 43', 70);
INSERT INTO write_comments (comment, post_id) VALUES ('Comment 71 for post 43', 71);
INSERT INTO read_comments (comment, post_id) VALUES ('Comment 71 for post 43', 71);
INSERT INTO write_comments (comment, post_id) VALUES ('Comment 72 for post 43', 72);
INSERT INTO read_comments (comment, post_id) VALUES ('Comment 72 for post 43', 72);
INSERT INTO write_comments (comment, post_id) VALUES ('Comment 73 for post 43', 73);
INSERT INTO read_comments (comment, post_id) VALUES ('Comment 73 for post 43', 73);
INSERT INTO write_comments (comment, post_id) VALUES ('Comment 74 for post 43', 74);
INSERT INTO read_comments (comment, post_id) VALUES ('Comment 74 for post 43', 74);
INSERT INTO write_comments (comment, post_id) VALUES ('Comment 75 for post 43', 75);
INSERT INTO read_comments (comment, post_id) VALUES ('Comment 75 for post 43', 75);
INSERT INTO write_comments (comment, post_id) VALUES ('Comment 76 for post 43', 76);
INSERT INTO read_comments (comment, post_id) VALUES ('Comment 76 for post 43', 76);
INSERT INTO write_comments (comment, post_id) VALUES ('Comment 77 for post 43', 77);
INSERT INTO read_comments (comment, post_id) VALUES ('Comment 77 for post 43', 77);
INSERT INTO write_comments (comment, post_id) VALUES ('Comment 78 for post 43', 78);
INSERT INTO read_comments (comment, post_id) VALUES ('Comment 78 for post 43', 78);
INSERT INTO write_comments (comment, post_id) VALUES ('Comment 79 for post 43', 79);
INSERT INTO read_comments (comment, post_id) VALUES ('Comment 79 for post 43', 79);
INSERT INTO write_comments (comment, post_id) VALUES ('Comment 80 for post 43', 80);
INSERT INTO read_comments (comment, post_id) VALUES ('Comment 80 for post 43', 80);
INSERT INTO write_comments (comment, post_id) VALUES ('Comment 81 for post 43', 81);
INSERT INTO read_comments (comment, post_id) VALUES ('Comment 81 for post 43', 81);
INSERT INTO write_comments (comment, post_id) VALUES ('Comment 82 for post 43', 82);
INSERT INTO read_comments (comment, post_id) VALUES ('Comment 82 for post 43', 82);
INSERT INTO write_comments (comment, post_id) VALUES ('Comment 83 for post 43', 83);
INSERT INTO read_comments (comment, post_id) VALUES ('Comment 83 for post 43', 83);
INSERT INTO write_comments (comment, post_id) VALUES ('Comment 84 for post 43', 84);
INSERT INTO read_comments (comment, post_id) VALUES ('Comment 84 for post 43', 84);
INSERT INTO write_comments (comment, post_id) VALUES ('Comment 85 for post 43', 85);
INSERT INTO read_comments (comment, post_id) VALUES ('Comment 85 for post 43', 85);
INSERT INTO write_comments (comment, post_id) VALUES ('Comment 86 for post 43', 86);
INSERT INTO read_comments (comment, post_id) VALUES ('Comment 86 for post 43', 86);
INSERT INTO write_comments (comment, post_id) VALUES ('Comment 87 for post 43', 87);
INSERT INTO read_comments (comment, post_id) VALUES ('Comment 87 for post 43', 87);
INSERT INTO write_comments (comment, post_id) VALUES ('Comment 88 for post 43', 88);
INSERT INTO read_comments (comment, post_id) VALUES ('Comment 88 for post 43', 88);
INSERT INTO write_comments (comment, post_id) VALUES ('Comment 89 for post 43', 89);
INSERT INTO read_comments (comment, post_id) VALUES ('Comment 89 for post 43', 89);
INSERT INTO write_comments (comment, post_id) VALUES ('Comment 90 for post 43', 90);
INSERT INTO read_comments (comment, post_id) VALUES ('Comment 90 for post 43', 90);
INSERT INTO write_comments (comment, post_id) VALUES ('Comment 91 for post 43', 91);
INSERT INTO read_comments (comment, post_id) VALUES ('Comment 91 for post 43', 91);
INSERT INTO write_comments (comment, post_id) VALUES ('Comment 92 for post 43', 92);
INSERT INTO read_comments (comment, post_id) VALUES ('Comment 92 for post 43', 92);
INSERT INTO write_comments (comment, post_id) VALUES ('Comment 93 for post 43', 93);
INSERT INTO read_comments (comment, post_id) VALUES ('Comment 93 for post 43', 93);
INSERT INTO write_comments (comment, post_id) VALUES ('Comment 94 for post 43', 94);
INSERT INTO read_comments (comment, post_id) VALUES ('Comment 94 for post 43', 94);
INSERT INTO write_comments (comment, post_id) VALUES ('Comment 95 for post 43', 95);
INSERT INTO read_comments (comment, post_id) VALUES ('Comment 95 for post 43', 95);
INSERT INTO write_comments (comment, post_id) VALUES ('Comment 96 for post 43', 96);
INSERT INTO read_comments (comment, post_id) VALUES ('Comment 96 for post 43', 96);
INSERT INTO write_comments (comment, post_id) VALUES ('Comment 97 for post 43', 97);
INSERT INTO read_comments (comment, post_id) VALUES ('Comment 97 for post 43', 97);
INSERT INTO write_comments (comment, post_id) VALUES ('Comment 98 for post 43', 98);
INSERT INTO read_comments (comment, post_id) VALUES ('Comment 98 for post 43', 98);
INSERT INTO write_comments (comment, post_id) VALUES ('Comment 99 for post 43', 99);
INSERT INTO read_comments (comment, post_id) VALUES ('Comment 99 for post 43', 99);
INSERT INTO write_comments (comment, post_id) VALUES ('Comment 100 for post 43', 100);
INSERT INTO read_comments (comment, post_id) VALUES ('Comment 100 for post 43', 100);
INSERT INTO write_comments (comment, post_id) VALUES ('Comment 1 for post 44', 1);
INSERT INTO read_comments (comment, post_id) VALUES ('Comment 1 for post 44', 1);
INSERT INTO write_comments (comment, post_id) VALUES ('Comment 2 for post 44', 2);
INSERT INTO read_comments (comment, post_id) VALUES ('Comment 2 for post 44', 2);
INSERT INTO write_comments (comment, post_id) VALUES ('Comment 3 for post 44', 3);
INSERT INTO read_comments (comment, post_id) VALUES ('Comment 3 for post 44', 3);
INSERT INTO write_comments (comment, post_id) VALUES ('Comment 4 for post 44', 4);
INSERT INTO read_comments (comment, post_id) VALUES ('Comment 4 for post 44', 4);
INSERT INTO write_comments (comment, post_id) VALUES ('Comment 5 for post 44', 5);
INSERT INTO read_comments (comment, post_id) VALUES ('Comment 5 for post 44', 5);
INSERT INTO write_comments (comment, post_id) VALUES ('Comment 6 for post 44', 6);
INSERT INTO read_comments (comment, post_id) VALUES ('Comment 6 for post 44', 6);
INSERT INTO write_comments (comment, post_id) VALUES ('Comment 7 for post 44', 7);
INSERT INTO read_comments (comment, post_id) VALUES ('Comment 7 for post 44', 7);
INSERT INTO write_comments (comment, post_id) VALUES ('Comment 8 for post 44', 8);
INSERT INTO read_comments (comment, post_id) VALUES ('Comment 8 for post 44', 8);
INSERT INTO write_comments (comment, post_id) VALUES ('Comment 9 for post 44', 9);
INSERT INTO read_comments (comment, post_id) VALUES ('Comment 9 for post 44', 9);
INSERT INTO write_comments (comment, post_id) VALUES ('Comment 10 for post 44', 10);
INSERT INTO read_comments (comment, post_id) VALUES ('Comment 10 for post 44', 10);
INSERT INTO write_comments (comment, post_id) VALUES ('Comment 11 for post 44', 11);
INSERT INTO read_comments (comment, post_id) VALUES ('Comment 11 for post 44', 11);
INSERT INTO write_comments (comment, post_id) VALUES ('Comment 12 for post 44', 12);
INSERT INTO read_comments (comment, post_id) VALUES ('Comment 12 for post 44', 12);
INSERT INTO write_comments (comment, post_id) VALUES ('Comment 13 for post 44', 13);
INSERT INTO read_comments (comment, post_id) VALUES ('Comment 13 for post 44', 13);
INSERT INTO write_comments (comment, post_id) VALUES ('Comment 14 for post 44', 14);
INSERT INTO read_comments (comment, post_id) VALUES ('Comment 14 for post 44', 14);
INSERT INTO write_comments (comment, post_id) VALUES ('Comment 15 for post 44', 15);
INSERT INTO read_comments (comment, post_id) VALUES ('Comment 15 for post 44', 15);
INSERT INTO write_comments (comment, post_id) VALUES ('Comment 16 for post 44', 16);
INSERT INTO read_comments (comment, post_id) VALUES ('Comment 16 for post 44', 16);
INSERT INTO write_comments (comment, post_id) VALUES ('Comment 17 for post 44', 17);
INSERT INTO read_comments (comment, post_id) VALUES ('Comment 17 for post 44', 17);
INSERT INTO write_comments (comment, post_id) VALUES ('Comment 18 for post 44', 18);
INSERT INTO read_comments (comment, post_id) VALUES ('Comment 18 for post 44', 18);
INSERT INTO write_comments (comment, post_id) VALUES ('Comment 19 for post 44', 19);
INSERT INTO read_comments (comment, post_id) VALUES ('Comment 19 for post 44', 19);
INSERT INTO write_comments (comment, post_id) VALUES ('Comment 20 for post 44', 20);
INSERT INTO read_comments (comment, post_id) VALUES ('Comment 20 for post 44', 20);
INSERT INTO write_comments (comment, post_id) VALUES ('Comment 21 for post 44', 21);
INSERT INTO read_comments (comment, post_id) VALUES ('Comment 21 for post 44', 21);
INSERT INTO write_comments (comment, post_id) VALUES ('Comment 22 for post 44', 22);
INSERT INTO read_comments (comment, post_id) VALUES ('Comment 22 for post 44', 22);
INSERT INTO write_comments (comment, post_id) VALUES ('Comment 23 for post 44', 23);
INSERT INTO read_comments (comment, post_id) VALUES ('Comment 23 for post 44', 23);
INSERT INTO write_comments (comment, post_id) VALUES ('Comment 24 for post 44', 24);
INSERT INTO read_comments (comment, post_id) VALUES ('Comment 24 for post 44', 24);
INSERT INTO write_comments (comment, post_id) VALUES ('Comment 25 for post 44', 25);
INSERT INTO read_comments (comment, post_id) VALUES ('Comment 25 for post 44', 25);
INSERT INTO write_comments (comment, post_id) VALUES ('Comment 26 for post 44', 26);
INSERT INTO read_comments (comment, post_id) VALUES ('Comment 26 for post 44', 26);
INSERT INTO write_comments (comment, post_id) VALUES ('Comment 27 for post 44', 27);
INSERT INTO read_comments (comment, post_id) VALUES ('Comment 27 for post 44', 27);
INSERT INTO write_comments (comment, post_id) VALUES ('Comment 28 for post 44', 28);
INSERT INTO read_comments (comment, post_id) VALUES ('Comment 28 for post 44', 28);
INSERT INTO write_comments (comment, post_id) VALUES ('Comment 29 for post 44', 29);
INSERT INTO read_comments (comment, post_id) VALUES ('Comment 29 for post 44', 29);
INSERT INTO write_comments (comment, post_id) VALUES ('Comment 30 for post 44', 30);
INSERT INTO read_comments (comment, post_id) VALUES ('Comment 30 for post 44', 30);
INSERT INTO write_comments (comment, post_id) VALUES ('Comment 31 for post 44', 31);
INSERT INTO read_comments (comment, post_id) VALUES ('Comment 31 for post 44', 31);
INSERT INTO write_comments (comment, post_id) VALUES ('Comment 32 for post 44', 32);
INSERT INTO read_comments (comment, post_id) VALUES ('Comment 32 for post 44', 32);
INSERT INTO write_comments (comment, post_id) VALUES ('Comment 33 for post 44', 33);
INSERT INTO read_comments (comment, post_id) VALUES ('Comment 33 for post 44', 33);
INSERT INTO write_comments (comment, post_id) VALUES ('Comment 34 for post 44', 34);
INSERT INTO read_comments (comment, post_id) VALUES ('Comment 34 for post 44', 34);
INSERT INTO write_comments (comment, post_id) VALUES ('Comment 35 for post 44', 35);
INSERT INTO read_comments (comment, post_id) VALUES ('Comment 35 for post 44', 35);
INSERT INTO write_comments (comment, post_id) VALUES ('Comment 36 for post 44', 36);
INSERT INTO read_comments (comment, post_id) VALUES ('Comment 36 for post 44', 36);
INSERT INTO write_comments (comment, post_id) VALUES ('Comment 37 for post 44', 37);
INSERT INTO read_comments (comment, post_id) VALUES ('Comment 37 for post 44', 37);
INSERT INTO write_comments (comment, post_id) VALUES ('Comment 38 for post 44', 38);
INSERT INTO read_comments (comment, post_id) VALUES ('Comment 38 for post 44', 38);
INSERT INTO write_comments (comment, post_id) VALUES ('Comment 39 for post 44', 39);
INSERT INTO read_comments (comment, post_id) VALUES ('Comment 39 for post 44', 39);
INSERT INTO write_comments (comment, post_id) VALUES ('Comment 40 for post 44', 40);
INSERT INTO read_comments (comment, post_id) VALUES ('Comment 40 for post 44', 40);
INSERT INTO write_comments (comment, post_id) VALUES ('Comment 41 for post 44', 41);
INSERT INTO read_comments (comment, post_id) VALUES ('Comment 41 for post 44', 41);
INSERT INTO write_comments (comment, post_id) VALUES ('Comment 42 for post 44', 42);
INSERT INTO read_comments (comment, post_id) VALUES ('Comment 42 for post 44', 42);
INSERT INTO write_comments (comment, post_id) VALUES ('Comment 43 for post 44', 43);
INSERT INTO read_comments (comment, post_id) VALUES ('Comment 43 for post 44', 43);
INSERT INTO write_comments (comment, post_id) VALUES ('Comment 44 for post 44', 44);
INSERT INTO read_comments (comment, post_id) VALUES ('Comment 44 for post 44', 44);
INSERT INTO write_comments (comment, post_id) VALUES ('Comment 45 for post 44', 45);
INSERT INTO read_comments (comment, post_id) VALUES ('Comment 45 for post 44', 45);
INSERT INTO write_comments (comment, post_id) VALUES ('Comment 46 for post 44', 46);
INSERT INTO read_comments (comment, post_id) VALUES ('Comment 46 for post 44', 46);
INSERT INTO write_comments (comment, post_id) VALUES ('Comment 47 for post 44', 47);
INSERT INTO read_comments (comment, post_id) VALUES ('Comment 47 for post 44', 47);
INSERT INTO write_comments (comment, post_id) VALUES ('Comment 48 for post 44', 48);
INSERT INTO read_comments (comment, post_id) VALUES ('Comment 48 for post 44', 48);
INSERT INTO write_comments (comment, post_id) VALUES ('Comment 49 for post 44', 49);
INSERT INTO read_comments (comment, post_id) VALUES ('Comment 49 for post 44', 49);
INSERT INTO write_comments (comment, post_id) VALUES ('Comment 50 for post 44', 50);
INSERT INTO read_comments (comment, post_id) VALUES ('Comment 50 for post 44', 50);
INSERT INTO write_comments (comment, post_id) VALUES ('Comment 51 for post 44', 51);
INSERT INTO read_comments (comment, post_id) VALUES ('Comment 51 for post 44', 51);
INSERT INTO write_comments (comment, post_id) VALUES ('Comment 52 for post 44', 52);
INSERT INTO read_comments (comment, post_id) VALUES ('Comment 52 for post 44', 52);
INSERT INTO write_comments (comment, post_id) VALUES ('Comment 53 for post 44', 53);
INSERT INTO read_comments (comment, post_id) VALUES ('Comment 53 for post 44', 53);
INSERT INTO write_comments (comment, post_id) VALUES ('Comment 54 for post 44', 54);
INSERT INTO read_comments (comment, post_id) VALUES ('Comment 54 for post 44', 54);
INSERT INTO write_comments (comment, post_id) VALUES ('Comment 55 for post 44', 55);
INSERT INTO read_comments (comment, post_id) VALUES ('Comment 55 for post 44', 55);
INSERT INTO write_comments (comment, post_id) VALUES ('Comment 56 for post 44', 56);
INSERT INTO read_comments (comment, post_id) VALUES ('Comment 56 for post 44', 56);
INSERT INTO write_comments (comment, post_id) VALUES ('Comment 57 for post 44', 57);
INSERT INTO read_comments (comment, post_id) VALUES ('Comment 57 for post 44', 57);
INSERT INTO write_comments (comment, post_id) VALUES ('Comment 58 for post 44', 58);
INSERT INTO read_comments (comment, post_id) VALUES ('Comment 58 for post 44', 58);
INSERT INTO write_comments (comment, post_id) VALUES ('Comment 59 for post 44', 59);
INSERT INTO read_comments (comment, post_id) VALUES ('Comment 59 for post 44', 59);
INSERT INTO write_comments (comment, post_id) VALUES ('Comment 60 for post 44', 60);
INSERT INTO read_comments (comment, post_id) VALUES ('Comment 60 for post 44', 60);
INSERT INTO write_comments (comment, post_id) VALUES ('Comment 61 for post 44', 61);
INSERT INTO read_comments (comment, post_id) VALUES ('Comment 61 for post 44', 61);
INSERT INTO write_comments (comment, post_id) VALUES ('Comment 62 for post 44', 62);
INSERT INTO read_comments (comment, post_id) VALUES ('Comment 62 for post 44', 62);
INSERT INTO write_comments (comment, post_id) VALUES ('Comment 63 for post 44', 63);
INSERT INTO read_comments (comment, post_id) VALUES ('Comment 63 for post 44', 63);
INSERT INTO write_comments (comment, post_id) VALUES ('Comment 64 for post 44', 64);
INSERT INTO read_comments (comment, post_id) VALUES ('Comment 64 for post 44', 64);
INSERT INTO write_comments (comment, post_id) VALUES ('Comment 65 for post 44', 65);
INSERT INTO read_comments (comment, post_id) VALUES ('Comment 65 for post 44', 65);
INSERT INTO write_comments (comment, post_id) VALUES ('Comment 66 for post 44', 66);
INSERT INTO read_comments (comment, post_id) VALUES ('Comment 66 for post 44', 66);
INSERT INTO write_comments (comment, post_id) VALUES ('Comment 67 for post 44', 67);
INSERT INTO read_comments (comment, post_id) VALUES ('Comment 67 for post 44', 67);
INSERT INTO write_comments (comment, post_id) VALUES ('Comment 68 for post 44', 68);
INSERT INTO read_comments (comment, post_id) VALUES ('Comment 68 for post 44', 68);
INSERT INTO write_comments (comment, post_id) VALUES ('Comment 69 for post 44', 69);
INSERT INTO read_comments (comment, post_id) VALUES ('Comment 69 for post 44', 69);
INSERT INTO write_comments (comment, post_id) VALUES ('Comment 70 for post 44', 70);
INSERT INTO read_comments (comment, post_id) VALUES ('Comment 70 for post 44', 70);
INSERT INTO write_comments (comment, post_id) VALUES ('Comment 71 for post 44', 71);
INSERT INTO read_comments (comment, post_id) VALUES ('Comment 71 for post 44', 71);
INSERT INTO write_comments (comment, post_id) VALUES ('Comment 72 for post 44', 72);
INSERT INTO read_comments (comment, post_id) VALUES ('Comment 72 for post 44', 72);
INSERT INTO write_comments (comment, post_id) VALUES ('Comment 73 for post 44', 73);
INSERT INTO read_comments (comment, post_id) VALUES ('Comment 73 for post 44', 73);
INSERT INTO write_comments (comment, post_id) VALUES ('Comment 74 for post 44', 74);
INSERT INTO read_comments (comment, post_id) VALUES ('Comment 74 for post 44', 74);
INSERT INTO write_comments (comment, post_id) VALUES ('Comment 75 for post 44', 75);
INSERT INTO read_comments (comment, post_id) VALUES ('Comment 75 for post 44', 75);
INSERT INTO write_comments (comment, post_id) VALUES ('Comment 76 for post 44', 76);
INSERT INTO read_comments (comment, post_id) VALUES ('Comment 76 for post 44', 76);
INSERT INTO write_comments (comment, post_id) VALUES ('Comment 77 for post 44', 77);
INSERT INTO read_comments (comment, post_id) VALUES ('Comment 77 for post 44', 77);
INSERT INTO write_comments (comment, post_id) VALUES ('Comment 78 for post 44', 78);
INSERT INTO read_comments (comment, post_id) VALUES ('Comment 78 for post 44', 78);
INSERT INTO write_comments (comment, post_id) VALUES ('Comment 79 for post 44', 79);
INSERT INTO read_comments (comment, post_id) VALUES ('Comment 79 for post 44', 79);
INSERT INTO write_comments (comment, post_id) VALUES ('Comment 80 for post 44', 80);
INSERT INTO read_comments (comment, post_id) VALUES ('Comment 80 for post 44', 80);
INSERT INTO write_comments (comment, post_id) VALUES ('Comment 81 for post 44', 81);
INSERT INTO read_comments (comment, post_id) VALUES ('Comment 81 for post 44', 81);
INSERT INTO write_comments (comment, post_id) VALUES ('Comment 82 for post 44', 82);
INSERT INTO read_comments (comment, post_id) VALUES ('Comment 82 for post 44', 82);
INSERT INTO write_comments (comment, post_id) VALUES ('Comment 83 for post 44', 83);
INSERT INTO read_comments (comment, post_id) VALUES ('Comment 83 for post 44', 83);
INSERT INTO write_comments (comment, post_id) VALUES ('Comment 84 for post 44', 84);
INSERT INTO read_comments (comment, post_id) VALUES ('Comment 84 for post 44', 84);
INSERT INTO write_comments (comment, post_id) VALUES ('Comment 85 for post 44', 85);
INSERT INTO read_comments (comment, post_id) VALUES ('Comment 85 for post 44', 85);
INSERT INTO write_comments (comment, post_id) VALUES ('Comment 86 for post 44', 86);
INSERT INTO read_comments (comment, post_id) VALUES ('Comment 86 for post 44', 86);
INSERT INTO write_comments (comment, post_id) VALUES ('Comment 87 for post 44', 87);
INSERT INTO read_comments (comment, post_id) VALUES ('Comment 87 for post 44', 87);
INSERT INTO write_comments (comment, post_id) VALUES ('Comment 88 for post 44', 88);
INSERT INTO read_comments (comment, post_id) VALUES ('Comment 88 for post 44', 88);
INSERT INTO write_comments (comment, post_id) VALUES ('Comment 89 for post 44', 89);
INSERT INTO read_comments (comment, post_id) VALUES ('Comment 89 for post 44', 89);
INSERT INTO write_comments (comment, post_id) VALUES ('Comment 90 for post 44', 90);
INSERT INTO read_comments (comment, post_id) VALUES ('Comment 90 for post 44', 90);
INSERT INTO write_comments (comment, post_id) VALUES ('Comment 91 for post 44', 91);
INSERT INTO read_comments (comment, post_id) VALUES ('Comment 91 for post 44', 91);
INSERT INTO write_comments (comment, post_id) VALUES ('Comment 92 for post 44', 92);
INSERT INTO read_comments (comment, post_id) VALUES ('Comment 92 for post 44', 92);
INSERT INTO write_comments (comment, post_id) VALUES ('Comment 93 for post 44', 93);
INSERT INTO read_comments (comment, post_id) VALUES ('Comment 93 for post 44', 93);
INSERT INTO write_comments (comment, post_id) VALUES ('Comment 94 for post 44', 94);
INSERT INTO read_comments (comment, post_id) VALUES ('Comment 94 for post 44', 94);
INSERT INTO write_comments (comment, post_id) VALUES ('Comment 95 for post 44', 95);
INSERT INTO read_comments (comment, post_id) VALUES ('Comment 95 for post 44', 95);
INSERT INTO write_comments (comment, post_id) VALUES ('Comment 96 for post 44', 96);
INSERT INTO read_comments (comment, post_id) VALUES ('Comment 96 for post 44', 96);
INSERT INTO write_comments (comment, post_id) VALUES ('Comment 97 for post 44', 97);
INSERT INTO read_comments (comment, post_id) VALUES ('Comment 97 for post 44', 97);
INSERT INTO write_comments (comment, post_id) VALUES ('Comment 98 for post 44', 98);
INSERT INTO read_comments (comment, post_id) VALUES ('Comment 98 for post 44', 98);
INSERT INTO write_comments (comment, post_id) VALUES ('Comment 99 for post 44', 99);
INSERT INTO read_comments (comment, post_id) VALUES ('Comment 99 for post 44', 99);
INSERT INTO write_comments (comment, post_id) VALUES ('Comment 100 for post 44', 100);
INSERT INTO read_comments (comment, post_id) VALUES ('Comment 100 for post 44', 100);
INSERT INTO write_comments (comment, post_id) VALUES ('Comment 1 for post 45', 1);
INSERT INTO read_comments (comment, post_id) VALUES ('Comment 1 for post 45', 1);
INSERT INTO write_comments (comment, post_id) VALUES ('Comment 2 for post 45', 2);
INSERT INTO read_comments (comment, post_id) VALUES ('Comment 2 for post 45', 2);
INSERT INTO write_comments (comment, post_id) VALUES ('Comment 3 for post 45', 3);
INSERT INTO read_comments (comment, post_id) VALUES ('Comment 3 for post 45', 3);
INSERT INTO write_comments (comment, post_id) VALUES ('Comment 4 for post 45', 4);
INSERT INTO read_comments (comment, post_id) VALUES ('Comment 4 for post 45', 4);
INSERT INTO write_comments (comment, post_id) VALUES ('Comment 5 for post 45', 5);
INSERT INTO read_comments (comment, post_id) VALUES ('Comment 5 for post 45', 5);
INSERT INTO write_comments (comment, post_id) VALUES ('Comment 6 for post 45', 6);
INSERT INTO read_comments (comment, post_id) VALUES ('Comment 6 for post 45', 6);
INSERT INTO write_comments (comment, post_id) VALUES ('Comment 7 for post 45', 7);
INSERT INTO read_comments (comment, post_id) VALUES ('Comment 7 for post 45', 7);
INSERT INTO write_comments (comment, post_id) VALUES ('Comment 8 for post 45', 8);
INSERT INTO read_comments (comment, post_id) VALUES ('Comment 8 for post 45', 8);
INSERT INTO write_comments (comment, post_id) VALUES ('Comment 9 for post 45', 9);
INSERT INTO read_comments (comment, post_id) VALUES ('Comment 9 for post 45', 9);
INSERT INTO write_comments (comment, post_id) VALUES ('Comment 10 for post 45', 10);
INSERT INTO read_comments (comment, post_id) VALUES ('Comment 10 for post 45', 10);
INSERT INTO write_comments (comment, post_id) VALUES ('Comment 11 for post 45', 11);
INSERT INTO read_comments (comment, post_id) VALUES ('Comment 11 for post 45', 11);
INSERT INTO write_comments (comment, post_id) VALUES ('Comment 12 for post 45', 12);
INSERT INTO read_comments (comment, post_id) VALUES ('Comment 12 for post 45', 12);
INSERT INTO write_comments (comment, post_id) VALUES ('Comment 13 for post 45', 13);
INSERT INTO read_comments (comment, post_id) VALUES ('Comment 13 for post 45', 13);
INSERT INTO write_comments (comment, post_id) VALUES ('Comment 14 for post 45', 14);
INSERT INTO read_comments (comment, post_id) VALUES ('Comment 14 for post 45', 14);
INSERT INTO write_comments (comment, post_id) VALUES ('Comment 15 for post 45', 15);
INSERT INTO read_comments (comment, post_id) VALUES ('Comment 15 for post 45', 15);
INSERT INTO write_comments (comment, post_id) VALUES ('Comment 16 for post 45', 16);
INSERT INTO read_comments (comment, post_id) VALUES ('Comment 16 for post 45', 16);
INSERT INTO write_comments (comment, post_id) VALUES ('Comment 17 for post 45', 17);
INSERT INTO read_comments (comment, post_id) VALUES ('Comment 17 for post 45', 17);
INSERT INTO write_comments (comment, post_id) VALUES ('Comment 18 for post 45', 18);
INSERT INTO read_comments (comment, post_id) VALUES ('Comment 18 for post 45', 18);
INSERT INTO write_comments (comment, post_id) VALUES ('Comment 19 for post 45', 19);
INSERT INTO read_comments (comment, post_id) VALUES ('Comment 19 for post 45', 19);
INSERT INTO write_comments (comment, post_id) VALUES ('Comment 20 for post 45', 20);
INSERT INTO read_comments (comment, post_id) VALUES ('Comment 20 for post 45', 20);
INSERT INTO write_comments (comment, post_id) VALUES ('Comment 21 for post 45', 21);
INSERT INTO read_comments (comment, post_id) VALUES ('Comment 21 for post 45', 21);
INSERT INTO write_comments (comment, post_id) VALUES ('Comment 22 for post 45', 22);
INSERT INTO read_comments (comment, post_id) VALUES ('Comment 22 for post 45', 22);
INSERT INTO write_comments (comment, post_id) VALUES ('Comment 23 for post 45', 23);
INSERT INTO read_comments (comment, post_id) VALUES ('Comment 23 for post 45', 23);
INSERT INTO write_comments (comment, post_id) VALUES ('Comment 24 for post 45', 24);
INSERT INTO read_comments (comment, post_id) VALUES ('Comment 24 for post 45', 24);
INSERT INTO write_comments (comment, post_id) VALUES ('Comment 25 for post 45', 25);
INSERT INTO read_comments (comment, post_id) VALUES ('Comment 25 for post 45', 25);
INSERT INTO write_comments (comment, post_id) VALUES ('Comment 26 for post 45', 26);
INSERT INTO read_comments (comment, post_id) VALUES ('Comment 26 for post 45', 26);
INSERT INTO write_comments (comment, post_id) VALUES ('Comment 27 for post 45', 27);
INSERT INTO read_comments (comment, post_id) VALUES ('Comment 27 for post 45', 27);
INSERT INTO write_comments (comment, post_id) VALUES ('Comment 28 for post 45', 28);
INSERT INTO read_comments (comment, post_id) VALUES ('Comment 28 for post 45', 28);
INSERT INTO write_comments (comment, post_id) VALUES ('Comment 29 for post 45', 29);
INSERT INTO read_comments (comment, post_id) VALUES ('Comment 29 for post 45', 29);
INSERT INTO write_comments (comment, post_id) VALUES ('Comment 30 for post 45', 30);
INSERT INTO read_comments (comment, post_id) VALUES ('Comment 30 for post 45', 30);
INSERT INTO write_comments (comment, post_id) VALUES ('Comment 31 for post 45', 31);
INSERT INTO read_comments (comment, post_id) VALUES ('Comment 31 for post 45', 31);
INSERT INTO write_comments (comment, post_id) VALUES ('Comment 32 for post 45', 32);
INSERT INTO read_comments (comment, post_id) VALUES ('Comment 32 for post 45', 32);
INSERT INTO write_comments (comment, post_id) VALUES ('Comment 33 for post 45', 33);
INSERT INTO read_comments (comment, post_id) VALUES ('Comment 33 for post 45', 33);
INSERT INTO write_comments (comment, post_id) VALUES ('Comment 34 for post 45', 34);
INSERT INTO read_comments (comment, post_id) VALUES ('Comment 34 for post 45', 34);
INSERT INTO write_comments (comment, post_id) VALUES ('Comment 35 for post 45', 35);
INSERT INTO read_comments (comment, post_id) VALUES ('Comment 35 for post 45', 35);
INSERT INTO write_comments (comment, post_id) VALUES ('Comment 36 for post 45', 36);
INSERT INTO read_comments (comment, post_id) VALUES ('Comment 36 for post 45', 36);
INSERT INTO write_comments (comment, post_id) VALUES ('Comment 37 for post 45', 37);
INSERT INTO read_comments (comment, post_id) VALUES ('Comment 37 for post 45', 37);
INSERT INTO write_comments (comment, post_id) VALUES ('Comment 38 for post 45', 38);
INSERT INTO read_comments (comment, post_id) VALUES ('Comment 38 for post 45', 38);
INSERT INTO write_comments (comment, post_id) VALUES ('Comment 39 for post 45', 39);
INSERT INTO read_comments (comment, post_id) VALUES ('Comment 39 for post 45', 39);
INSERT INTO write_comments (comment, post_id) VALUES ('Comment 40 for post 45', 40);
INSERT INTO read_comments (comment, post_id) VALUES ('Comment 40 for post 45', 40);
INSERT INTO write_comments (comment, post_id) VALUES ('Comment 41 for post 45', 41);
INSERT INTO read_comments (comment, post_id) VALUES ('Comment 41 for post 45', 41);
INSERT INTO write_comments (comment, post_id) VALUES ('Comment 42 for post 45', 42);
INSERT INTO read_comments (comment, post_id) VALUES ('Comment 42 for post 45', 42);
INSERT INTO write_comments (comment, post_id) VALUES ('Comment 43 for post 45', 43);
INSERT INTO read_comments (comment, post_id) VALUES ('Comment 43 for post 45', 43);
INSERT INTO write_comments (comment, post_id) VALUES ('Comment 44 for post 45', 44);
INSERT INTO read_comments (comment, post_id) VALUES ('Comment 44 for post 45', 44);
INSERT INTO write_comments (comment, post_id) VALUES ('Comment 45 for post 45', 45);
INSERT INTO read_comments (comment, post_id) VALUES ('Comment 45 for post 45', 45);
INSERT INTO write_comments (comment, post_id) VALUES ('Comment 46 for post 45', 46);
INSERT INTO read_comments (comment, post_id) VALUES ('Comment 46 for post 45', 46);
INSERT INTO write_comments (comment, post_id) VALUES ('Comment 47 for post 45', 47);
INSERT INTO read_comments (comment, post_id) VALUES ('Comment 47 for post 45', 47);
INSERT INTO write_comments (comment, post_id) VALUES ('Comment 48 for post 45', 48);
INSERT INTO read_comments (comment, post_id) VALUES ('Comment 48 for post 45', 48);
INSERT INTO write_comments (comment, post_id) VALUES ('Comment 49 for post 45', 49);
INSERT INTO read_comments (comment, post_id) VALUES ('Comment 49 for post 45', 49);
INSERT INTO write_comments (comment, post_id) VALUES ('Comment 50 for post 45', 50);
INSERT INTO read_comments (comment, post_id) VALUES ('Comment 50 for post 45', 50);
INSERT INTO write_comments (comment, post_id) VALUES ('Comment 51 for post 45', 51);
INSERT INTO read_comments (comment, post_id) VALUES ('Comment 51 for post 45', 51);
INSERT INTO write_comments (comment, post_id) VALUES ('Comment 52 for post 45', 52);
INSERT INTO read_comments (comment, post_id) VALUES ('Comment 52 for post 45', 52);
INSERT INTO write_comments (comment, post_id) VALUES ('Comment 53 for post 45', 53);
INSERT INTO read_comments (comment, post_id) VALUES ('Comment 53 for post 45', 53);
INSERT INTO write_comments (comment, post_id) VALUES ('Comment 54 for post 45', 54);
INSERT INTO read_comments (comment, post_id) VALUES ('Comment 54 for post 45', 54);
INSERT INTO write_comments (comment, post_id) VALUES ('Comment 55 for post 45', 55);
INSERT INTO read_comments (comment, post_id) VALUES ('Comment 55 for post 45', 55);
INSERT INTO write_comments (comment, post_id) VALUES ('Comment 56 for post 45', 56);
INSERT INTO read_comments (comment, post_id) VALUES ('Comment 56 for post 45', 56);
INSERT INTO write_comments (comment, post_id) VALUES ('Comment 57 for post 45', 57);
INSERT INTO read_comments (comment, post_id) VALUES ('Comment 57 for post 45', 57);
INSERT INTO write_comments (comment, post_id) VALUES ('Comment 58 for post 45', 58);
INSERT INTO read_comments (comment, post_id) VALUES ('Comment 58 for post 45', 58);
INSERT INTO write_comments (comment, post_id) VALUES ('Comment 59 for post 45', 59);
INSERT INTO read_comments (comment, post_id) VALUES ('Comment 59 for post 45', 59);
INSERT INTO write_comments (comment, post_id) VALUES ('Comment 60 for post 45', 60);
INSERT INTO read_comments (comment, post_id) VALUES ('Comment 60 for post 45', 60);
INSERT INTO write_comments (comment, post_id) VALUES ('Comment 61 for post 45', 61);
INSERT INTO read_comments (comment, post_id) VALUES ('Comment 61 for post 45', 61);
INSERT INTO write_comments (comment, post_id) VALUES ('Comment 62 for post 45', 62);
INSERT INTO read_comments (comment, post_id) VALUES ('Comment 62 for post 45', 62);
INSERT INTO write_comments (comment, post_id) VALUES ('Comment 63 for post 45', 63);
INSERT INTO read_comments (comment, post_id) VALUES ('Comment 63 for post 45', 63);
INSERT INTO write_comments (comment, post_id) VALUES ('Comment 64 for post 45', 64);
INSERT INTO read_comments (comment, post_id) VALUES ('Comment 64 for post 45', 64);
INSERT INTO write_comments (comment, post_id) VALUES ('Comment 65 for post 45', 65);
INSERT INTO read_comments (comment, post_id) VALUES ('Comment 65 for post 45', 65);
INSERT INTO write_comments (comment, post_id) VALUES ('Comment 66 for post 45', 66);
INSERT INTO read_comments (comment, post_id) VALUES ('Comment 66 for post 45', 66);
INSERT INTO write_comments (comment, post_id) VALUES ('Comment 67 for post 45', 67);
INSERT INTO read_comments (comment, post_id) VALUES ('Comment 67 for post 45', 67);
INSERT INTO write_comments (comment, post_id) VALUES ('Comment 68 for post 45', 68);
INSERT INTO read_comments (comment, post_id) VALUES ('Comment 68 for post 45', 68);
INSERT INTO write_comments (comment, post_id) VALUES ('Comment 69 for post 45', 69);
INSERT INTO read_comments (comment, post_id) VALUES ('Comment 69 for post 45', 69);
INSERT INTO write_comments (comment, post_id) VALUES ('Comment 70 for post 45', 70);
INSERT INTO read_comments (comment, post_id) VALUES ('Comment 70 for post 45', 70);
INSERT INTO write_comments (comment, post_id) VALUES ('Comment 71 for post 45', 71);
INSERT INTO read_comments (comment, post_id) VALUES ('Comment 71 for post 45', 71);
INSERT INTO write_comments (comment, post_id) VALUES ('Comment 72 for post 45', 72);
INSERT INTO read_comments (comment, post_id) VALUES ('Comment 72 for post 45', 72);
INSERT INTO write_comments (comment, post_id) VALUES ('Comment 73 for post 45', 73);
INSERT INTO read_comments (comment, post_id) VALUES ('Comment 73 for post 45', 73);
INSERT INTO write_comments (comment, post_id) VALUES ('Comment 74 for post 45', 74);
INSERT INTO read_comments (comment, post_id) VALUES ('Comment 74 for post 45', 74);
INSERT INTO write_comments (comment, post_id) VALUES ('Comment 75 for post 45', 75);
INSERT INTO read_comments (comment, post_id) VALUES ('Comment 75 for post 45', 75);
INSERT INTO write_comments (comment, post_id) VALUES ('Comment 76 for post 45', 76);
INSERT INTO read_comments (comment, post_id) VALUES ('Comment 76 for post 45', 76);
INSERT INTO write_comments (comment, post_id) VALUES ('Comment 77 for post 45', 77);
INSERT INTO read_comments (comment, post_id) VALUES ('Comment 77 for post 45', 77);
INSERT INTO write_comments (comment, post_id) VALUES ('Comment 78 for post 45', 78);
INSERT INTO read_comments (comment, post_id) VALUES ('Comment 78 for post 45', 78);
INSERT INTO write_comments (comment, post_id) VALUES ('Comment 79 for post 45', 79);
INSERT INTO read_comments (comment, post_id) VALUES ('Comment 79 for post 45', 79);
INSERT INTO write_comments (comment, post_id) VALUES ('Comment 80 for post 45', 80);
INSERT INTO read_comments (comment, post_id) VALUES ('Comment 80 for post 45', 80);
INSERT INTO write_comments (comment, post_id) VALUES ('Comment 81 for post 45', 81);
INSERT INTO read_comments (comment, post_id) VALUES ('Comment 81 for post 45', 81);
INSERT INTO write_comments (comment, post_id) VALUES ('Comment 82 for post 45', 82);
INSERT INTO read_comments (comment, post_id) VALUES ('Comment 82 for post 45', 82);
INSERT INTO write_comments (comment, post_id) VALUES ('Comment 83 for post 45', 83);
INSERT INTO read_comments (comment, post_id) VALUES ('Comment 83 for post 45', 83);
INSERT INTO write_comments (comment, post_id) VALUES ('Comment 84 for post 45', 84);
INSERT INTO read_comments (comment, post_id) VALUES ('Comment 84 for post 45', 84);
INSERT INTO write_comments (comment, post_id) VALUES ('Comment 85 for post 45', 85);
INSERT INTO read_comments (comment, post_id) VALUES ('Comment 85 for post 45', 85);
INSERT INTO write_comments (comment, post_id) VALUES ('Comment 86 for post 45', 86);
INSERT INTO read_comments (comment, post_id) VALUES ('Comment 86 for post 45', 86);
INSERT INTO write_comments (comment, post_id) VALUES ('Comment 87 for post 45', 87);
INSERT INTO read_comments (comment, post_id) VALUES ('Comment 87 for post 45', 87);
INSERT INTO write_comments (comment, post_id) VALUES ('Comment 88 for post 45', 88);
INSERT INTO read_comments (comment, post_id) VALUES ('Comment 88 for post 45', 88);
INSERT INTO write_comments (comment, post_id) VALUES ('Comment 89 for post 45', 89);
INSERT INTO read_comments (comment, post_id) VALUES ('Comment 89 for post 45', 89);
INSERT INTO write_comments (comment, post_id) VALUES ('Comment 90 for post 45', 90);
INSERT INTO read_comments (comment, post_id) VALUES ('Comment 90 for post 45', 90);
INSERT INTO write_comments (comment, post_id) VALUES ('Comment 91 for post 45', 91);
INSERT INTO read_comments (comment, post_id) VALUES ('Comment 91 for post 45', 91);
INSERT INTO write_comments (comment, post_id) VALUES ('Comment 92 for post 45', 92);
INSERT INTO read_comments (comment, post_id) VALUES ('Comment 92 for post 45', 92);
INSERT INTO write_comments (comment, post_id) VALUES ('Comment 93 for post 45', 93);
INSERT INTO read_comments (comment, post_id) VALUES ('Comment 93 for post 45', 93);
INSERT INTO write_comments (comment, post_id) VALUES ('Comment 94 for post 45', 94);
INSERT INTO read_comments (comment, post_id) VALUES ('Comment 94 for post 45', 94);
INSERT INTO write_comments (comment, post_id) VALUES ('Comment 95 for post 45', 95);
INSERT INTO read_comments (comment, post_id) VALUES ('Comment 95 for post 45', 95);
INSERT INTO write_comments (comment, post_id) VALUES ('Comment 96 for post 45', 96);
INSERT INTO read_comments (comment, post_id) VALUES ('Comment 96 for post 45', 96);
INSERT INTO write_comments (comment, post_id) VALUES ('Comment 97 for post 45', 97);
INSERT INTO read_comments (comment, post_id) VALUES ('Comment 97 for post 45', 97);
INSERT INTO write_comments (comment, post_id) VALUES ('Comment 98 for post 45', 98);
INSERT INTO read_comments (comment, post_id) VALUES ('Comment 98 for post 45', 98);
INSERT INTO write_comments (comment, post_id) VALUES ('Comment 99 for post 45', 99);
INSERT INTO read_comments (comment, post_id) VALUES ('Comment 99 for post 45', 99);
INSERT INTO write_comments (comment, post_id) VALUES ('Comment 100 for post 45', 100);
INSERT INTO read_comments (comment, post_id) VALUES ('Comment 100 for post 45', 100);
INSERT INTO write_comments (comment, post_id) VALUES ('Comment 1 for post 46', 1);
INSERT INTO read_comments (comment, post_id) VALUES ('Comment 1 for post 46', 1);
INSERT INTO write_comments (comment, post_id) VALUES ('Comment 2 for post 46', 2);
INSERT INTO read_comments (comment, post_id) VALUES ('Comment 2 for post 46', 2);
INSERT INTO write_comments (comment, post_id) VALUES ('Comment 3 for post 46', 3);
INSERT INTO read_comments (comment, post_id) VALUES ('Comment 3 for post 46', 3);
INSERT INTO write_comments (comment, post_id) VALUES ('Comment 4 for post 46', 4);
INSERT INTO read_comments (comment, post_id) VALUES ('Comment 4 for post 46', 4);
INSERT INTO write_comments (comment, post_id) VALUES ('Comment 5 for post 46', 5);
INSERT INTO read_comments (comment, post_id) VALUES ('Comment 5 for post 46', 5);
INSERT INTO write_comments (comment, post_id) VALUES ('Comment 6 for post 46', 6);
INSERT INTO read_comments (comment, post_id) VALUES ('Comment 6 for post 46', 6);
INSERT INTO write_comments (comment, post_id) VALUES ('Comment 7 for post 46', 7);
INSERT INTO read_comments (comment, post_id) VALUES ('Comment 7 for post 46', 7);
INSERT INTO write_comments (comment, post_id) VALUES ('Comment 8 for post 46', 8);
INSERT INTO read_comments (comment, post_id) VALUES ('Comment 8 for post 46', 8);
INSERT INTO write_comments (comment, post_id) VALUES ('Comment 9 for post 46', 9);
INSERT INTO read_comments (comment, post_id) VALUES ('Comment 9 for post 46', 9);
INSERT INTO write_comments (comment, post_id) VALUES ('Comment 10 for post 46', 10);
INSERT INTO read_comments (comment, post_id) VALUES ('Comment 10 for post 46', 10);
INSERT INTO write_comments (comment, post_id) VALUES ('Comment 11 for post 46', 11);
INSERT INTO read_comments (comment, post_id) VALUES ('Comment 11 for post 46', 11);
INSERT INTO write_comments (comment, post_id) VALUES ('Comment 12 for post 46', 12);
INSERT INTO read_comments (comment, post_id) VALUES ('Comment 12 for post 46', 12);
INSERT INTO write_comments (comment, post_id) VALUES ('Comment 13 for post 46', 13);
INSERT INTO read_comments (comment, post_id) VALUES ('Comment 13 for post 46', 13);
INSERT INTO write_comments (comment, post_id) VALUES ('Comment 14 for post 46', 14);
INSERT INTO read_comments (comment, post_id) VALUES ('Comment 14 for post 46', 14);
INSERT INTO write_comments (comment, post_id) VALUES ('Comment 15 for post 46', 15);
INSERT INTO read_comments (comment, post_id) VALUES ('Comment 15 for post 46', 15);
INSERT INTO write_comments (comment, post_id) VALUES ('Comment 16 for post 46', 16);
INSERT INTO read_comments (comment, post_id) VALUES ('Comment 16 for post 46', 16);
INSERT INTO write_comments (comment, post_id) VALUES ('Comment 17 for post 46', 17);
INSERT INTO read_comments (comment, post_id) VALUES ('Comment 17 for post 46', 17);
INSERT INTO write_comments (comment, post_id) VALUES ('Comment 18 for post 46', 18);
INSERT INTO read_comments (comment, post_id) VALUES ('Comment 18 for post 46', 18);
INSERT INTO write_comments (comment, post_id) VALUES ('Comment 19 for post 46', 19);
INSERT INTO read_comments (comment, post_id) VALUES ('Comment 19 for post 46', 19);
INSERT INTO write_comments (comment, post_id) VALUES ('Comment 20 for post 46', 20);
INSERT INTO read_comments (comment, post_id) VALUES ('Comment 20 for post 46', 20);
INSERT INTO write_comments (comment, post_id) VALUES ('Comment 21 for post 46', 21);
INSERT INTO read_comments (comment, post_id) VALUES ('Comment 21 for post 46', 21);
INSERT INTO write_comments (comment, post_id) VALUES ('Comment 22 for post 46', 22);
INSERT INTO read_comments (comment, post_id) VALUES ('Comment 22 for post 46', 22);
INSERT INTO write_comments (comment, post_id) VALUES ('Comment 23 for post 46', 23);
INSERT INTO read_comments (comment, post_id) VALUES ('Comment 23 for post 46', 23);
INSERT INTO write_comments (comment, post_id) VALUES ('Comment 24 for post 46', 24);
INSERT INTO read_comments (comment, post_id) VALUES ('Comment 24 for post 46', 24);
INSERT INTO write_comments (comment, post_id) VALUES ('Comment 25 for post 46', 25);
INSERT INTO read_comments (comment, post_id) VALUES ('Comment 25 for post 46', 25);
INSERT INTO write_comments (comment, post_id) VALUES ('Comment 26 for post 46', 26);
INSERT INTO read_comments (comment, post_id) VALUES ('Comment 26 for post 46', 26);
INSERT INTO write_comments (comment, post_id) VALUES ('Comment 27 for post 46', 27);
INSERT INTO read_comments (comment, post_id) VALUES ('Comment 27 for post 46', 27);
INSERT INTO write_comments (comment, post_id) VALUES ('Comment 28 for post 46', 28);
INSERT INTO read_comments (comment, post_id) VALUES ('Comment 28 for post 46', 28);
INSERT INTO write_comments (comment, post_id) VALUES ('Comment 29 for post 46', 29);
INSERT INTO read_comments (comment, post_id) VALUES ('Comment 29 for post 46', 29);
INSERT INTO write_comments (comment, post_id) VALUES ('Comment 30 for post 46', 30);
INSERT INTO read_comments (comment, post_id) VALUES ('Comment 30 for post 46', 30);
INSERT INTO write_comments (comment, post_id) VALUES ('Comment 31 for post 46', 31);
INSERT INTO read_comments (comment, post_id) VALUES ('Comment 31 for post 46', 31);
INSERT INTO write_comments (comment, post_id) VALUES ('Comment 32 for post 46', 32);
INSERT INTO read_comments (comment, post_id) VALUES ('Comment 32 for post 46', 32);
INSERT INTO write_comments (comment, post_id) VALUES ('Comment 33 for post 46', 33);
INSERT INTO read_comments (comment, post_id) VALUES ('Comment 33 for post 46', 33);
INSERT INTO write_comments (comment, post_id) VALUES ('Comment 34 for post 46', 34);
INSERT INTO read_comments (comment, post_id) VALUES ('Comment 34 for post 46', 34);
INSERT INTO write_comments (comment, post_id) VALUES ('Comment 35 for post 46', 35);
INSERT INTO read_comments (comment, post_id) VALUES ('Comment 35 for post 46', 35);
INSERT INTO write_comments (comment, post_id) VALUES ('Comment 36 for post 46', 36);
INSERT INTO read_comments (comment, post_id) VALUES ('Comment 36 for post 46', 36);
INSERT INTO write_comments (comment, post_id) VALUES ('Comment 37 for post 46', 37);
INSERT INTO read_comments (comment, post_id) VALUES ('Comment 37 for post 46', 37);
INSERT INTO write_comments (comment, post_id) VALUES ('Comment 38 for post 46', 38);
INSERT INTO read_comments (comment, post_id) VALUES ('Comment 38 for post 46', 38);
INSERT INTO write_comments (comment, post_id) VALUES ('Comment 39 for post 46', 39);
INSERT INTO read_comments (comment, post_id) VALUES ('Comment 39 for post 46', 39);
INSERT INTO write_comments (comment, post_id) VALUES ('Comment 40 for post 46', 40);
INSERT INTO read_comments (comment, post_id) VALUES ('Comment 40 for post 46', 40);
INSERT INTO write_comments (comment, post_id) VALUES ('Comment 41 for post 46', 41);
INSERT INTO read_comments (comment, post_id) VALUES ('Comment 41 for post 46', 41);
INSERT INTO write_comments (comment, post_id) VALUES ('Comment 42 for post 46', 42);
INSERT INTO read_comments (comment, post_id) VALUES ('Comment 42 for post 46', 42);
INSERT INTO write_comments (comment, post_id) VALUES ('Comment 43 for post 46', 43);
INSERT INTO read_comments (comment, post_id) VALUES ('Comment 43 for post 46', 43);
INSERT INTO write_comments (comment, post_id) VALUES ('Comment 44 for post 46', 44);
INSERT INTO read_comments (comment, post_id) VALUES ('Comment 44 for post 46', 44);
INSERT INTO write_comments (comment, post_id) VALUES ('Comment 45 for post 46', 45);
INSERT INTO read_comments (comment, post_id) VALUES ('Comment 45 for post 46', 45);
INSERT INTO write_comments (comment, post_id) VALUES ('Comment 46 for post 46', 46);
INSERT INTO read_comments (comment, post_id) VALUES ('Comment 46 for post 46', 46);
INSERT INTO write_comments (comment, post_id) VALUES ('Comment 47 for post 46', 47);
INSERT INTO read_comments (comment, post_id) VALUES ('Comment 47 for post 46', 47);
INSERT INTO write_comments (comment, post_id) VALUES ('Comment 48 for post 46', 48);
INSERT INTO read_comments (comment, post_id) VALUES ('Comment 48 for post 46', 48);
INSERT INTO write_comments (comment, post_id) VALUES ('Comment 49 for post 46', 49);
INSERT INTO read_comments (comment, post_id) VALUES ('Comment 49 for post 46', 49);
INSERT INTO write_comments (comment, post_id) VALUES ('Comment 50 for post 46', 50);
INSERT INTO read_comments (comment, post_id) VALUES ('Comment 50 for post 46', 50);
INSERT INTO write_comments (comment, post_id) VALUES ('Comment 51 for post 46', 51);
INSERT INTO read_comments (comment, post_id) VALUES ('Comment 51 for post 46', 51);
INSERT INTO write_comments (comment, post_id) VALUES ('Comment 52 for post 46', 52);
INSERT INTO read_comments (comment, post_id) VALUES ('Comment 52 for post 46', 52);
INSERT INTO write_comments (comment, post_id) VALUES ('Comment 53 for post 46', 53);
INSERT INTO read_comments (comment, post_id) VALUES ('Comment 53 for post 46', 53);
INSERT INTO write_comments (comment, post_id) VALUES ('Comment 54 for post 46', 54);
INSERT INTO read_comments (comment, post_id) VALUES ('Comment 54 for post 46', 54);
INSERT INTO write_comments (comment, post_id) VALUES ('Comment 55 for post 46', 55);
INSERT INTO read_comments (comment, post_id) VALUES ('Comment 55 for post 46', 55);
INSERT INTO write_comments (comment, post_id) VALUES ('Comment 56 for post 46', 56);
INSERT INTO read_comments (comment, post_id) VALUES ('Comment 56 for post 46', 56);
INSERT INTO write_comments (comment, post_id) VALUES ('Comment 57 for post 46', 57);
INSERT INTO read_comments (comment, post_id) VALUES ('Comment 57 for post 46', 57);
INSERT INTO write_comments (comment, post_id) VALUES ('Comment 58 for post 46', 58);
INSERT INTO read_comments (comment, post_id) VALUES ('Comment 58 for post 46', 58);
INSERT INTO write_comments (comment, post_id) VALUES ('Comment 59 for post 46', 59);
INSERT INTO read_comments (comment, post_id) VALUES ('Comment 59 for post 46', 59);
INSERT INTO write_comments (comment, post_id) VALUES ('Comment 60 for post 46', 60);
INSERT INTO read_comments (comment, post_id) VALUES ('Comment 60 for post 46', 60);
INSERT INTO write_comments (comment, post_id) VALUES ('Comment 61 for post 46', 61);
INSERT INTO read_comments (comment, post_id) VALUES ('Comment 61 for post 46', 61);
INSERT INTO write_comments (comment, post_id) VALUES ('Comment 62 for post 46', 62);
INSERT INTO read_comments (comment, post_id) VALUES ('Comment 62 for post 46', 62);
INSERT INTO write_comments (comment, post_id) VALUES ('Comment 63 for post 46', 63);
INSERT INTO read_comments (comment, post_id) VALUES ('Comment 63 for post 46', 63);
INSERT INTO write_comments (comment, post_id) VALUES ('Comment 64 for post 46', 64);
INSERT INTO read_comments (comment, post_id) VALUES ('Comment 64 for post 46', 64);
INSERT INTO write_comments (comment, post_id) VALUES ('Comment 65 for post 46', 65);
INSERT INTO read_comments (comment, post_id) VALUES ('Comment 65 for post 46', 65);
INSERT INTO write_comments (comment, post_id) VALUES ('Comment 66 for post 46', 66);
INSERT INTO read_comments (comment, post_id) VALUES ('Comment 66 for post 46', 66);
INSERT INTO write_comments (comment, post_id) VALUES ('Comment 67 for post 46', 67);
INSERT INTO read_comments (comment, post_id) VALUES ('Comment 67 for post 46', 67);
INSERT INTO write_comments (comment, post_id) VALUES ('Comment 68 for post 46', 68);
INSERT INTO read_comments (comment, post_id) VALUES ('Comment 68 for post 46', 68);
INSERT INTO write_comments (comment, post_id) VALUES ('Comment 69 for post 46', 69);
INSERT INTO read_comments (comment, post_id) VALUES ('Comment 69 for post 46', 69);
INSERT INTO write_comments (comment, post_id) VALUES ('Comment 70 for post 46', 70);
INSERT INTO read_comments (comment, post_id) VALUES ('Comment 70 for post 46', 70);
INSERT INTO write_comments (comment, post_id) VALUES ('Comment 71 for post 46', 71);
INSERT INTO read_comments (comment, post_id) VALUES ('Comment 71 for post 46', 71);
INSERT INTO write_comments (comment, post_id) VALUES ('Comment 72 for post 46', 72);
INSERT INTO read_comments (comment, post_id) VALUES ('Comment 72 for post 46', 72);
INSERT INTO write_comments (comment, post_id) VALUES ('Comment 73 for post 46', 73);
INSERT INTO read_comments (comment, post_id) VALUES ('Comment 73 for post 46', 73);
INSERT INTO write_comments (comment, post_id) VALUES ('Comment 74 for post 46', 74);
INSERT INTO read_comments (comment, post_id) VALUES ('Comment 74 for post 46', 74);
INSERT INTO write_comments (comment, post_id) VALUES ('Comment 75 for post 46', 75);
INSERT INTO read_comments (comment, post_id) VALUES ('Comment 75 for post 46', 75);
INSERT INTO write_comments (comment, post_id) VALUES ('Comment 76 for post 46', 76);
INSERT INTO read_comments (comment, post_id) VALUES ('Comment 76 for post 46', 76);
INSERT INTO write_comments (comment, post_id) VALUES ('Comment 77 for post 46', 77);
INSERT INTO read_comments (comment, post_id) VALUES ('Comment 77 for post 46', 77);
INSERT INTO write_comments (comment, post_id) VALUES ('Comment 78 for post 46', 78);
INSERT INTO read_comments (comment, post_id) VALUES ('Comment 78 for post 46', 78);
INSERT INTO write_comments (comment, post_id) VALUES ('Comment 79 for post 46', 79);
INSERT INTO read_comments (comment, post_id) VALUES ('Comment 79 for post 46', 79);
INSERT INTO write_comments (comment, post_id) VALUES ('Comment 80 for post 46', 80);
INSERT INTO read_comments (comment, post_id) VALUES ('Comment 80 for post 46', 80);
INSERT INTO write_comments (comment, post_id) VALUES ('Comment 81 for post 46', 81);
INSERT INTO read_comments (comment, post_id) VALUES ('Comment 81 for post 46', 81);
INSERT INTO write_comments (comment, post_id) VALUES ('Comment 82 for post 46', 82);
INSERT INTO read_comments (comment, post_id) VALUES ('Comment 82 for post 46', 82);
INSERT INTO write_comments (comment, post_id) VALUES ('Comment 83 for post 46', 83);
INSERT INTO read_comments (comment, post_id) VALUES ('Comment 83 for post 46', 83);
INSERT INTO write_comments (comment, post_id) VALUES ('Comment 84 for post 46', 84);
INSERT INTO read_comments (comment, post_id) VALUES ('Comment 84 for post 46', 84);
INSERT INTO write_comments (comment, post_id) VALUES ('Comment 85 for post 46', 85);
INSERT INTO read_comments (comment, post_id) VALUES ('Comment 85 for post 46', 85);
INSERT INTO write_comments (comment, post_id) VALUES ('Comment 86 for post 46', 86);
INSERT INTO read_comments (comment, post_id) VALUES ('Comment 86 for post 46', 86);
INSERT INTO write_comments (comment, post_id) VALUES ('Comment 87 for post 46', 87);
INSERT INTO read_comments (comment, post_id) VALUES ('Comment 87 for post 46', 87);
INSERT INTO write_comments (comment, post_id) VALUES ('Comment 88 for post 46', 88);
INSERT INTO read_comments (comment, post_id) VALUES ('Comment 88 for post 46', 88);
INSERT INTO write_comments (comment, post_id) VALUES ('Comment 89 for post 46', 89);
INSERT INTO read_comments (comment, post_id) VALUES ('Comment 89 for post 46', 89);
INSERT INTO write_comments (comment, post_id) VALUES ('Comment 90 for post 46', 90);
INSERT INTO read_comments (comment, post_id) VALUES ('Comment 90 for post 46', 90);
INSERT INTO write_comments (comment, post_id) VALUES ('Comment 91 for post 46', 91);
INSERT INTO read_comments (comment, post_id) VALUES ('Comment 91 for post 46', 91);
INSERT INTO write_comments (comment, post_id) VALUES ('Comment 92 for post 46', 92);
INSERT INTO read_comments (comment, post_id) VALUES ('Comment 92 for post 46', 92);
INSERT INTO write_comments (comment, post_id) VALUES ('Comment 93 for post 46', 93);
INSERT INTO read_comments (comment, post_id) VALUES ('Comment 93 for post 46', 93);
INSERT INTO write_comments (comment, post_id) VALUES ('Comment 94 for post 46', 94);
INSERT INTO read_comments (comment, post_id) VALUES ('Comment 94 for post 46', 94);
INSERT INTO write_comments (comment, post_id) VALUES ('Comment 95 for post 46', 95);
INSERT INTO read_comments (comment, post_id) VALUES ('Comment 95 for post 46', 95);
INSERT INTO write_comments (comment, post_id) VALUES ('Comment 96 for post 46', 96);
INSERT INTO read_comments (comment, post_id) VALUES ('Comment 96 for post 46', 96);
INSERT INTO write_comments (comment, post_id) VALUES ('Comment 97 for post 46', 97);
INSERT INTO read_comments (comment, post_id) VALUES ('Comment 97 for post 46', 97);
INSERT INTO write_comments (comment, post_id) VALUES ('Comment 98 for post 46', 98);
INSERT INTO read_comments (comment, post_id) VALUES ('Comment 98 for post 46', 98);
INSERT INTO write_comments (comment, post_id) VALUES ('Comment 99 for post 46', 99);
INSERT INTO read_comments (comment, post_id) VALUES ('Comment 99 for post 46', 99);
INSERT INTO write_comments (comment, post_id) VALUES ('Comment 100 for post 46', 100);
INSERT INTO read_comments (comment, post_id) VALUES ('Comment 100 for post 46', 100);
INSERT INTO write_comments (comment, post_id) VALUES ('Comment 1 for post 47', 1);
INSERT INTO read_comments (comment, post_id) VALUES ('Comment 1 for post 47', 1);
INSERT INTO write_comments (comment, post_id) VALUES ('Comment 2 for post 47', 2);
INSERT INTO read_comments (comment, post_id) VALUES ('Comment 2 for post 47', 2);
INSERT INTO write_comments (comment, post_id) VALUES ('Comment 3 for post 47', 3);
INSERT INTO read_comments (comment, post_id) VALUES ('Comment 3 for post 47', 3);
INSERT INTO write_comments (comment, post_id) VALUES ('Comment 4 for post 47', 4);
INSERT INTO read_comments (comment, post_id) VALUES ('Comment 4 for post 47', 4);
INSERT INTO write_comments (comment, post_id) VALUES ('Comment 5 for post 47', 5);
INSERT INTO read_comments (comment, post_id) VALUES ('Comment 5 for post 47', 5);
INSERT INTO write_comments (comment, post_id) VALUES ('Comment 6 for post 47', 6);
INSERT INTO read_comments (comment, post_id) VALUES ('Comment 6 for post 47', 6);
INSERT INTO write_comments (comment, post_id) VALUES ('Comment 7 for post 47', 7);
INSERT INTO read_comments (comment, post_id) VALUES ('Comment 7 for post 47', 7);
INSERT INTO write_comments (comment, post_id) VALUES ('Comment 8 for post 47', 8);
INSERT INTO read_comments (comment, post_id) VALUES ('Comment 8 for post 47', 8);
INSERT INTO write_comments (comment, post_id) VALUES ('Comment 9 for post 47', 9);
INSERT INTO read_comments (comment, post_id) VALUES ('Comment 9 for post 47', 9);
INSERT INTO write_comments (comment, post_id) VALUES ('Comment 10 for post 47', 10);
INSERT INTO read_comments (comment, post_id) VALUES ('Comment 10 for post 47', 10);
INSERT INTO write_comments (comment, post_id) VALUES ('Comment 11 for post 47', 11);
INSERT INTO read_comments (comment, post_id) VALUES ('Comment 11 for post 47', 11);
INSERT INTO write_comments (comment, post_id) VALUES ('Comment 12 for post 47', 12);
INSERT INTO read_comments (comment, post_id) VALUES ('Comment 12 for post 47', 12);
INSERT INTO write_comments (comment, post_id) VALUES ('Comment 13 for post 47', 13);
INSERT INTO read_comments (comment, post_id) VALUES ('Comment 13 for post 47', 13);
INSERT INTO write_comments (comment, post_id) VALUES ('Comment 14 for post 47', 14);
INSERT INTO read_comments (comment, post_id) VALUES ('Comment 14 for post 47', 14);
INSERT INTO write_comments (comment, post_id) VALUES ('Comment 15 for post 47', 15);
INSERT INTO read_comments (comment, post_id) VALUES ('Comment 15 for post 47', 15);
INSERT INTO write_comments (comment, post_id) VALUES ('Comment 16 for post 47', 16);
INSERT INTO read_comments (comment, post_id) VALUES ('Comment 16 for post 47', 16);
INSERT INTO write_comments (comment, post_id) VALUES ('Comment 17 for post 47', 17);
INSERT INTO read_comments (comment, post_id) VALUES ('Comment 17 for post 47', 17);
INSERT INTO write_comments (comment, post_id) VALUES ('Comment 18 for post 47', 18);
INSERT INTO read_comments (comment, post_id) VALUES ('Comment 18 for post 47', 18);
INSERT INTO write_comments (comment, post_id) VALUES ('Comment 19 for post 47', 19);
INSERT INTO read_comments (comment, post_id) VALUES ('Comment 19 for post 47', 19);
INSERT INTO write_comments (comment, post_id) VALUES ('Comment 20 for post 47', 20);
INSERT INTO read_comments (comment, post_id) VALUES ('Comment 20 for post 47', 20);
INSERT INTO write_comments (comment, post_id) VALUES ('Comment 21 for post 47', 21);
INSERT INTO read_comments (comment, post_id) VALUES ('Comment 21 for post 47', 21);
INSERT INTO write_comments (comment, post_id) VALUES ('Comment 22 for post 47', 22);
INSERT INTO read_comments (comment, post_id) VALUES ('Comment 22 for post 47', 22);
INSERT INTO write_comments (comment, post_id) VALUES ('Comment 23 for post 47', 23);
INSERT INTO read_comments (comment, post_id) VALUES ('Comment 23 for post 47', 23);
INSERT INTO write_comments (comment, post_id) VALUES ('Comment 24 for post 47', 24);
INSERT INTO read_comments (comment, post_id) VALUES ('Comment 24 for post 47', 24);
INSERT INTO write_comments (comment, post_id) VALUES ('Comment 25 for post 47', 25);
INSERT INTO read_comments (comment, post_id) VALUES ('Comment 25 for post 47', 25);
INSERT INTO write_comments (comment, post_id) VALUES ('Comment 26 for post 47', 26);
INSERT INTO read_comments (comment, post_id) VALUES ('Comment 26 for post 47', 26);
INSERT INTO write_comments (comment, post_id) VALUES ('Comment 27 for post 47', 27);
INSERT INTO read_comments (comment, post_id) VALUES ('Comment 27 for post 47', 27);
INSERT INTO write_comments (comment, post_id) VALUES ('Comment 28 for post 47', 28);
INSERT INTO read_comments (comment, post_id) VALUES ('Comment 28 for post 47', 28);
INSERT INTO write_comments (comment, post_id) VALUES ('Comment 29 for post 47', 29);
INSERT INTO read_comments (comment, post_id) VALUES ('Comment 29 for post 47', 29);
INSERT INTO write_comments (comment, post_id) VALUES ('Comment 30 for post 47', 30);
INSERT INTO read_comments (comment, post_id) VALUES ('Comment 30 for post 47', 30);
INSERT INTO write_comments (comment, post_id) VALUES ('Comment 31 for post 47', 31);
INSERT INTO read_comments (comment, post_id) VALUES ('Comment 31 for post 47', 31);
INSERT INTO write_comments (comment, post_id) VALUES ('Comment 32 for post 47', 32);
INSERT INTO read_comments (comment, post_id) VALUES ('Comment 32 for post 47', 32);
INSERT INTO write_comments (comment, post_id) VALUES ('Comment 33 for post 47', 33);
INSERT INTO read_comments (comment, post_id) VALUES ('Comment 33 for post 47', 33);
INSERT INTO write_comments (comment, post_id) VALUES ('Comment 34 for post 47', 34);
INSERT INTO read_comments (comment, post_id) VALUES ('Comment 34 for post 47', 34);
INSERT INTO write_comments (comment, post_id) VALUES ('Comment 35 for post 47', 35);
INSERT INTO read_comments (comment, post_id) VALUES ('Comment 35 for post 47', 35);
INSERT INTO write_comments (comment, post_id) VALUES ('Comment 36 for post 47', 36);
INSERT INTO read_comments (comment, post_id) VALUES ('Comment 36 for post 47', 36);
INSERT INTO write_comments (comment, post_id) VALUES ('Comment 37 for post 47', 37);
INSERT INTO read_comments (comment, post_id) VALUES ('Comment 37 for post 47', 37);
INSERT INTO write_comments (comment, post_id) VALUES ('Comment 38 for post 47', 38);
INSERT INTO read_comments (comment, post_id) VALUES ('Comment 38 for post 47', 38);
INSERT INTO write_comments (comment, post_id) VALUES ('Comment 39 for post 47', 39);
INSERT INTO read_comments (comment, post_id) VALUES ('Comment 39 for post 47', 39);
INSERT INTO write_comments (comment, post_id) VALUES ('Comment 40 for post 47', 40);
INSERT INTO read_comments (comment, post_id) VALUES ('Comment 40 for post 47', 40);
INSERT INTO write_comments (comment, post_id) VALUES ('Comment 41 for post 47', 41);
INSERT INTO read_comments (comment, post_id) VALUES ('Comment 41 for post 47', 41);
INSERT INTO write_comments (comment, post_id) VALUES ('Comment 42 for post 47', 42);
INSERT INTO read_comments (comment, post_id) VALUES ('Comment 42 for post 47', 42);
INSERT INTO write_comments (comment, post_id) VALUES ('Comment 43 for post 47', 43);
INSERT INTO read_comments (comment, post_id) VALUES ('Comment 43 for post 47', 43);
INSERT INTO write_comments (comment, post_id) VALUES ('Comment 44 for post 47', 44);
INSERT INTO read_comments (comment, post_id) VALUES ('Comment 44 for post 47', 44);
INSERT INTO write_comments (comment, post_id) VALUES ('Comment 45 for post 47', 45);
INSERT INTO read_comments (comment, post_id) VALUES ('Comment 45 for post 47', 45);
INSERT INTO write_comments (comment, post_id) VALUES ('Comment 46 for post 47', 46);
INSERT INTO read_comments (comment, post_id) VALUES ('Comment 46 for post 47', 46);
INSERT INTO write_comments (comment, post_id) VALUES ('Comment 47 for post 47', 47);
INSERT INTO read_comments (comment, post_id) VALUES ('Comment 47 for post 47', 47);
INSERT INTO write_comments (comment, post_id) VALUES ('Comment 48 for post 47', 48);
INSERT INTO read_comments (comment, post_id) VALUES ('Comment 48 for post 47', 48);
INSERT INTO write_comments (comment, post_id) VALUES ('Comment 49 for post 47', 49);
INSERT INTO read_comments (comment, post_id) VALUES ('Comment 49 for post 47', 49);
INSERT INTO write_comments (comment, post_id) VALUES ('Comment 50 for post 47', 50);
INSERT INTO read_comments (comment, post_id) VALUES ('Comment 50 for post 47', 50);
INSERT INTO write_comments (comment, post_id) VALUES ('Comment 51 for post 47', 51);
INSERT INTO read_comments (comment, post_id) VALUES ('Comment 51 for post 47', 51);
INSERT INTO write_comments (comment, post_id) VALUES ('Comment 52 for post 47', 52);
INSERT INTO read_comments (comment, post_id) VALUES ('Comment 52 for post 47', 52);
INSERT INTO write_comments (comment, post_id) VALUES ('Comment 53 for post 47', 53);
INSERT INTO read_comments (comment, post_id) VALUES ('Comment 53 for post 47', 53);
INSERT INTO write_comments (comment, post_id) VALUES ('Comment 54 for post 47', 54);
INSERT INTO read_comments (comment, post_id) VALUES ('Comment 54 for post 47', 54);
INSERT INTO write_comments (comment, post_id) VALUES ('Comment 55 for post 47', 55);
INSERT INTO read_comments (comment, post_id) VALUES ('Comment 55 for post 47', 55);
INSERT INTO write_comments (comment, post_id) VALUES ('Comment 56 for post 47', 56);
INSERT INTO read_comments (comment, post_id) VALUES ('Comment 56 for post 47', 56);
INSERT INTO write_comments (comment, post_id) VALUES ('Comment 57 for post 47', 57);
INSERT INTO read_comments (comment, post_id) VALUES ('Comment 57 for post 47', 57);
INSERT INTO write_comments (comment, post_id) VALUES ('Comment 58 for post 47', 58);
INSERT INTO read_comments (comment, post_id) VALUES ('Comment 58 for post 47', 58);
INSERT INTO write_comments (comment, post_id) VALUES ('Comment 59 for post 47', 59);
INSERT INTO read_comments (comment, post_id) VALUES ('Comment 59 for post 47', 59);
INSERT INTO write_comments (comment, post_id) VALUES ('Comment 60 for post 47', 60);
INSERT INTO read_comments (comment, post_id) VALUES ('Comment 60 for post 47', 60);
INSERT INTO write_comments (comment, post_id) VALUES ('Comment 61 for post 47', 61);
INSERT INTO read_comments (comment, post_id) VALUES ('Comment 61 for post 47', 61);
INSERT INTO write_comments (comment, post_id) VALUES ('Comment 62 for post 47', 62);
INSERT INTO read_comments (comment, post_id) VALUES ('Comment 62 for post 47', 62);
INSERT INTO write_comments (comment, post_id) VALUES ('Comment 63 for post 47', 63);
INSERT INTO read_comments (comment, post_id) VALUES ('Comment 63 for post 47', 63);
INSERT INTO write_comments (comment, post_id) VALUES ('Comment 64 for post 47', 64);
INSERT INTO read_comments (comment, post_id) VALUES ('Comment 64 for post 47', 64);
INSERT INTO write_comments (comment, post_id) VALUES ('Comment 65 for post 47', 65);
INSERT INTO read_comments (comment, post_id) VALUES ('Comment 65 for post 47', 65);
INSERT INTO write_comments (comment, post_id) VALUES ('Comment 66 for post 47', 66);
INSERT INTO read_comments (comment, post_id) VALUES ('Comment 66 for post 47', 66);
INSERT INTO write_comments (comment, post_id) VALUES ('Comment 67 for post 47', 67);
INSERT INTO read_comments (comment, post_id) VALUES ('Comment 67 for post 47', 67);
INSERT INTO write_comments (comment, post_id) VALUES ('Comment 68 for post 47', 68);
INSERT INTO read_comments (comment, post_id) VALUES ('Comment 68 for post 47', 68);
INSERT INTO write_comments (comment, post_id) VALUES ('Comment 69 for post 47', 69);
INSERT INTO read_comments (comment, post_id) VALUES ('Comment 69 for post 47', 69);
INSERT INTO write_comments (comment, post_id) VALUES ('Comment 70 for post 47', 70);
INSERT INTO read_comments (comment, post_id) VALUES ('Comment 70 for post 47', 70);
INSERT INTO write_comments (comment, post_id) VALUES ('Comment 71 for post 47', 71);
INSERT INTO read_comments (comment, post_id) VALUES ('Comment 71 for post 47', 71);
INSERT INTO write_comments (comment, post_id) VALUES ('Comment 72 for post 47', 72);
INSERT INTO read_comments (comment, post_id) VALUES ('Comment 72 for post 47', 72);
INSERT INTO write_comments (comment, post_id) VALUES ('Comment 73 for post 47', 73);
INSERT INTO read_comments (comment, post_id) VALUES ('Comment 73 for post 47', 73);
INSERT INTO write_comments (comment, post_id) VALUES ('Comment 74 for post 47', 74);
INSERT INTO read_comments (comment, post_id) VALUES ('Comment 74 for post 47', 74);
INSERT INTO write_comments (comment, post_id) VALUES ('Comment 75 for post 47', 75);
INSERT INTO read_comments (comment, post_id) VALUES ('Comment 75 for post 47', 75);
INSERT INTO write_comments (comment, post_id) VALUES ('Comment 76 for post 47', 76);
INSERT INTO read_comments (comment, post_id) VALUES ('Comment 76 for post 47', 76);
INSERT INTO write_comments (comment, post_id) VALUES ('Comment 77 for post 47', 77);
INSERT INTO read_comments (comment, post_id) VALUES ('Comment 77 for post 47', 77);
INSERT INTO write_comments (comment, post_id) VALUES ('Comment 78 for post 47', 78);
INSERT INTO read_comments (comment, post_id) VALUES ('Comment 78 for post 47', 78);
INSERT INTO write_comments (comment, post_id) VALUES ('Comment 79 for post 47', 79);
INSERT INTO read_comments (comment, post_id) VALUES ('Comment 79 for post 47', 79);
INSERT INTO write_comments (comment, post_id) VALUES ('Comment 80 for post 47', 80);
INSERT INTO read_comments (comment, post_id) VALUES ('Comment 80 for post 47', 80);
INSERT INTO write_comments (comment, post_id) VALUES ('Comment 81 for post 47', 81);
INSERT INTO read_comments (comment, post_id) VALUES ('Comment 81 for post 47', 81);
INSERT INTO write_comments (comment, post_id) VALUES ('Comment 82 for post 47', 82);
INSERT INTO read_comments (comment, post_id) VALUES ('Comment 82 for post 47', 82);
INSERT INTO write_comments (comment, post_id) VALUES ('Comment 83 for post 47', 83);
INSERT INTO read_comments (comment, post_id) VALUES ('Comment 83 for post 47', 83);
INSERT INTO write_comments (comment, post_id) VALUES ('Comment 84 for post 47', 84);
INSERT INTO read_comments (comment, post_id) VALUES ('Comment 84 for post 47', 84);
INSERT INTO write_comments (comment, post_id) VALUES ('Comment 85 for post 47', 85);
INSERT INTO read_comments (comment, post_id) VALUES ('Comment 85 for post 47', 85);
INSERT INTO write_comments (comment, post_id) VALUES ('Comment 86 for post 47', 86);
INSERT INTO read_comments (comment, post_id) VALUES ('Comment 86 for post 47', 86);
INSERT INTO write_comments (comment, post_id) VALUES ('Comment 87 for post 47', 87);
INSERT INTO read_comments (comment, post_id) VALUES ('Comment 87 for post 47', 87);
INSERT INTO write_comments (comment, post_id) VALUES ('Comment 88 for post 47', 88);
INSERT INTO read_comments (comment, post_id) VALUES ('Comment 88 for post 47', 88);
INSERT INTO write_comments (comment, post_id) VALUES ('Comment 89 for post 47', 89);
INSERT INTO read_comments (comment, post_id) VALUES ('Comment 89 for post 47', 89);
INSERT INTO write_comments (comment, post_id) VALUES ('Comment 90 for post 47', 90);
INSERT INTO read_comments (comment, post_id) VALUES ('Comment 90 for post 47', 90);
INSERT INTO write_comments (comment, post_id) VALUES ('Comment 91 for post 47', 91);
INSERT INTO read_comments (comment, post_id) VALUES ('Comment 91 for post 47', 91);
INSERT INTO write_comments (comment, post_id) VALUES ('Comment 92 for post 47', 92);
INSERT INTO read_comments (comment, post_id) VALUES ('Comment 92 for post 47', 92);
INSERT INTO write_comments (comment, post_id) VALUES ('Comment 93 for post 47', 93);
INSERT INTO read_comments (comment, post_id) VALUES ('Comment 93 for post 47', 93);
INSERT INTO write_comments (comment, post_id) VALUES ('Comment 94 for post 47', 94);
INSERT INTO read_comments (comment, post_id) VALUES ('Comment 94 for post 47', 94);
INSERT INTO write_comments (comment, post_id) VALUES ('Comment 95 for post 47', 95);
INSERT INTO read_comments (comment, post_id) VALUES ('Comment 95 for post 47', 95);
INSERT INTO write_comments (comment, post_id) VALUES ('Comment 96 for post 47', 96);
INSERT INTO read_comments (comment, post_id) VALUES ('Comment 96 for post 47', 96);
INSERT INTO write_comments (comment, post_id) VALUES ('Comment 97 for post 47', 97);
INSERT INTO read_comments (comment, post_id) VALUES ('Comment 97 for post 47', 97);
INSERT INTO write_comments (comment, post_id) VALUES ('Comment 98 for post 47', 98);
INSERT INTO read_comments (comment, post_id) VALUES ('Comment 98 for post 47', 98);
INSERT INTO write_comments (comment, post_id) VALUES ('Comment 99 for post 47', 99);
INSERT INTO read_comments (comment, post_id) VALUES ('Comment 99 for post 47', 99);
INSERT INTO write_comments (comment, post_id) VALUES ('Comment 100 for post 47', 100);
INSERT INTO read_comments (comment, post_id) VALUES ('Comment 100 for post 47', 100);
INSERT INTO write_comments (comment, post_id) VALUES ('Comment 1 for post 48', 1);
INSERT INTO read_comments (comment, post_id) VALUES ('Comment 1 for post 48', 1);
INSERT INTO write_comments (comment, post_id) VALUES ('Comment 2 for post 48', 2);
INSERT INTO read_comments (comment, post_id) VALUES ('Comment 2 for post 48', 2);
INSERT INTO write_comments (comment, post_id) VALUES ('Comment 3 for post 48', 3);
INSERT INTO read_comments (comment, post_id) VALUES ('Comment 3 for post 48', 3);
INSERT INTO write_comments (comment, post_id) VALUES ('Comment 4 for post 48', 4);
INSERT INTO read_comments (comment, post_id) VALUES ('Comment 4 for post 48', 4);
INSERT INTO write_comments (comment, post_id) VALUES ('Comment 5 for post 48', 5);
INSERT INTO read_comments (comment, post_id) VALUES ('Comment 5 for post 48', 5);
INSERT INTO write_comments (comment, post_id) VALUES ('Comment 6 for post 48', 6);
INSERT INTO read_comments (comment, post_id) VALUES ('Comment 6 for post 48', 6);
INSERT INTO write_comments (comment, post_id) VALUES ('Comment 7 for post 48', 7);
INSERT INTO read_comments (comment, post_id) VALUES ('Comment 7 for post 48', 7);
INSERT INTO write_comments (comment, post_id) VALUES ('Comment 8 for post 48', 8);
INSERT INTO read_comments (comment, post_id) VALUES ('Comment 8 for post 48', 8);
INSERT INTO write_comments (comment, post_id) VALUES ('Comment 9 for post 48', 9);
INSERT INTO read_comments (comment, post_id) VALUES ('Comment 9 for post 48', 9);
INSERT INTO write_comments (comment, post_id) VALUES ('Comment 10 for post 48', 10);
INSERT INTO read_comments (comment, post_id) VALUES ('Comment 10 for post 48', 10);
INSERT INTO write_comments (comment, post_id) VALUES ('Comment 11 for post 48', 11);
INSERT INTO read_comments (comment, post_id) VALUES ('Comment 11 for post 48', 11);
INSERT INTO write_comments (comment, post_id) VALUES ('Comment 12 for post 48', 12);
INSERT INTO read_comments (comment, post_id) VALUES ('Comment 12 for post 48', 12);
INSERT INTO write_comments (comment, post_id) VALUES ('Comment 13 for post 48', 13);
INSERT INTO read_comments (comment, post_id) VALUES ('Comment 13 for post 48', 13);
INSERT INTO write_comments (comment, post_id) VALUES ('Comment 14 for post 48', 14);
INSERT INTO read_comments (comment, post_id) VALUES ('Comment 14 for post 48', 14);
INSERT INTO write_comments (comment, post_id) VALUES ('Comment 15 for post 48', 15);
INSERT INTO read_comments (comment, post_id) VALUES ('Comment 15 for post 48', 15);
INSERT INTO write_comments (comment, post_id) VALUES ('Comment 16 for post 48', 16);
INSERT INTO read_comments (comment, post_id) VALUES ('Comment 16 for post 48', 16);
INSERT INTO write_comments (comment, post_id) VALUES ('Comment 17 for post 48', 17);
INSERT INTO read_comments (comment, post_id) VALUES ('Comment 17 for post 48', 17);
INSERT INTO write_comments (comment, post_id) VALUES ('Comment 18 for post 48', 18);
INSERT INTO read_comments (comment, post_id) VALUES ('Comment 18 for post 48', 18);
INSERT INTO write_comments (comment, post_id) VALUES ('Comment 19 for post 48', 19);
INSERT INTO read_comments (comment, post_id) VALUES ('Comment 19 for post 48', 19);
INSERT INTO write_comments (comment, post_id) VALUES ('Comment 20 for post 48', 20);
INSERT INTO read_comments (comment, post_id) VALUES ('Comment 20 for post 48', 20);
INSERT INTO write_comments (comment, post_id) VALUES ('Comment 21 for post 48', 21);
INSERT INTO read_comments (comment, post_id) VALUES ('Comment 21 for post 48', 21);
INSERT INTO write_comments (comment, post_id) VALUES ('Comment 22 for post 48', 22);
INSERT INTO read_comments (comment, post_id) VALUES ('Comment 22 for post 48', 22);
INSERT INTO write_comments (comment, post_id) VALUES ('Comment 23 for post 48', 23);
INSERT INTO read_comments (comment, post_id) VALUES ('Comment 23 for post 48', 23);
INSERT INTO write_comments (comment, post_id) VALUES ('Comment 24 for post 48', 24);
INSERT INTO read_comments (comment, post_id) VALUES ('Comment 24 for post 48', 24);
INSERT INTO write_comments (comment, post_id) VALUES ('Comment 25 for post 48', 25);
INSERT INTO read_comments (comment, post_id) VALUES ('Comment 25 for post 48', 25);
INSERT INTO write_comments (comment, post_id) VALUES ('Comment 26 for post 48', 26);
INSERT INTO read_comments (comment, post_id) VALUES ('Comment 26 for post 48', 26);
INSERT INTO write_comments (comment, post_id) VALUES ('Comment 27 for post 48', 27);
INSERT INTO read_comments (comment, post_id) VALUES ('Comment 27 for post 48', 27);
INSERT INTO write_comments (comment, post_id) VALUES ('Comment 28 for post 48', 28);
INSERT INTO read_comments (comment, post_id) VALUES ('Comment 28 for post 48', 28);
INSERT INTO write_comments (comment, post_id) VALUES ('Comment 29 for post 48', 29);
INSERT INTO read_comments (comment, post_id) VALUES ('Comment 29 for post 48', 29);
INSERT INTO write_comments (comment, post_id) VALUES ('Comment 30 for post 48', 30);
INSERT INTO read_comments (comment, post_id) VALUES ('Comment 30 for post 48', 30);
INSERT INTO write_comments (comment, post_id) VALUES ('Comment 31 for post 48', 31);
INSERT INTO read_comments (comment, post_id) VALUES ('Comment 31 for post 48', 31);
INSERT INTO write_comments (comment, post_id) VALUES ('Comment 32 for post 48', 32);
INSERT INTO read_comments (comment, post_id) VALUES ('Comment 32 for post 48', 32);
INSERT INTO write_comments (comment, post_id) VALUES ('Comment 33 for post 48', 33);
INSERT INTO read_comments (comment, post_id) VALUES ('Comment 33 for post 48', 33);
INSERT INTO write_comments (comment, post_id) VALUES ('Comment 34 for post 48', 34);
INSERT INTO read_comments (comment, post_id) VALUES ('Comment 34 for post 48', 34);
INSERT INTO write_comments (comment, post_id) VALUES ('Comment 35 for post 48', 35);
INSERT INTO read_comments (comment, post_id) VALUES ('Comment 35 for post 48', 35);
INSERT INTO write_comments (comment, post_id) VALUES ('Comment 36 for post 48', 36);
INSERT INTO read_comments (comment, post_id) VALUES ('Comment 36 for post 48', 36);
INSERT INTO write_comments (comment, post_id) VALUES ('Comment 37 for post 48', 37);
INSERT INTO read_comments (comment, post_id) VALUES ('Comment 37 for post 48', 37);
INSERT INTO write_comments (comment, post_id) VALUES ('Comment 38 for post 48', 38);
INSERT INTO read_comments (comment, post_id) VALUES ('Comment 38 for post 48', 38);
INSERT INTO write_comments (comment, post_id) VALUES ('Comment 39 for post 48', 39);
INSERT INTO read_comments (comment, post_id) VALUES ('Comment 39 for post 48', 39);
INSERT INTO write_comments (comment, post_id) VALUES ('Comment 40 for post 48', 40);
INSERT INTO read_comments (comment, post_id) VALUES ('Comment 40 for post 48', 40);
INSERT INTO write_comments (comment, post_id) VALUES ('Comment 41 for post 48', 41);
INSERT INTO read_comments (comment, post_id) VALUES ('Comment 41 for post 48', 41);
INSERT INTO write_comments (comment, post_id) VALUES ('Comment 42 for post 48', 42);
INSERT INTO read_comments (comment, post_id) VALUES ('Comment 42 for post 48', 42);
INSERT INTO write_comments (comment, post_id) VALUES ('Comment 43 for post 48', 43);
INSERT INTO read_comments (comment, post_id) VALUES ('Comment 43 for post 48', 43);
INSERT INTO write_comments (comment, post_id) VALUES ('Comment 44 for post 48', 44);
INSERT INTO read_comments (comment, post_id) VALUES ('Comment 44 for post 48', 44);
INSERT INTO write_comments (comment, post_id) VALUES ('Comment 45 for post 48', 45);
INSERT INTO read_comments (comment, post_id) VALUES ('Comment 45 for post 48', 45);
INSERT INTO write_comments (comment, post_id) VALUES ('Comment 46 for post 48', 46);
INSERT INTO read_comments (comment, post_id) VALUES ('Comment 46 for post 48', 46);
INSERT INTO write_comments (comment, post_id) VALUES ('Comment 47 for post 48', 47);
INSERT INTO read_comments (comment, post_id) VALUES ('Comment 47 for post 48', 47);
INSERT INTO write_comments (comment, post_id) VALUES ('Comment 48 for post 48', 48);
INSERT INTO read_comments (comment, post_id) VALUES ('Comment 48 for post 48', 48);
INSERT INTO write_comments (comment, post_id) VALUES ('Comment 49 for post 48', 49);
INSERT INTO read_comments (comment, post_id) VALUES ('Comment 49 for post 48', 49);
INSERT INTO write_comments (comment, post_id) VALUES ('Comment 50 for post 48', 50);
INSERT INTO read_comments (comment, post_id) VALUES ('Comment 50 for post 48', 50);
INSERT INTO write_comments (comment, post_id) VALUES ('Comment 51 for post 48', 51);
INSERT INTO read_comments (comment, post_id) VALUES ('Comment 51 for post 48', 51);
INSERT INTO write_comments (comment, post_id) VALUES ('Comment 52 for post 48', 52);
INSERT INTO read_comments (comment, post_id) VALUES ('Comment 52 for post 48', 52);
INSERT INTO write_comments (comment, post_id) VALUES ('Comment 53 for post 48', 53);
INSERT INTO read_comments (comment, post_id) VALUES ('Comment 53 for post 48', 53);
INSERT INTO write_comments (comment, post_id) VALUES ('Comment 54 for post 48', 54);
INSERT INTO read_comments (comment, post_id) VALUES ('Comment 54 for post 48', 54);
INSERT INTO write_comments (comment, post_id) VALUES ('Comment 55 for post 48', 55);
INSERT INTO read_comments (comment, post_id) VALUES ('Comment 55 for post 48', 55);
INSERT INTO write_comments (comment, post_id) VALUES ('Comment 56 for post 48', 56);
INSERT INTO read_comments (comment, post_id) VALUES ('Comment 56 for post 48', 56);
INSERT INTO write_comments (comment, post_id) VALUES ('Comment 57 for post 48', 57);
INSERT INTO read_comments (comment, post_id) VALUES ('Comment 57 for post 48', 57);
INSERT INTO write_comments (comment, post_id) VALUES ('Comment 58 for post 48', 58);
INSERT INTO read_comments (comment, post_id) VALUES ('Comment 58 for post 48', 58);
INSERT INTO write_comments (comment, post_id) VALUES ('Comment 59 for post 48', 59);
INSERT INTO read_comments (comment, post_id) VALUES ('Comment 59 for post 48', 59);
INSERT INTO write_comments (comment, post_id) VALUES ('Comment 60 for post 48', 60);
INSERT INTO read_comments (comment, post_id) VALUES ('Comment 60 for post 48', 60);
INSERT INTO write_comments (comment, post_id) VALUES ('Comment 61 for post 48', 61);
INSERT INTO read_comments (comment, post_id) VALUES ('Comment 61 for post 48', 61);
INSERT INTO write_comments (comment, post_id) VALUES ('Comment 62 for post 48', 62);
INSERT INTO read_comments (comment, post_id) VALUES ('Comment 62 for post 48', 62);
INSERT INTO write_comments (comment, post_id) VALUES ('Comment 63 for post 48', 63);
INSERT INTO read_comments (comment, post_id) VALUES ('Comment 63 for post 48', 63);
INSERT INTO write_comments (comment, post_id) VALUES ('Comment 64 for post 48', 64);
INSERT INTO read_comments (comment, post_id) VALUES ('Comment 64 for post 48', 64);
INSERT INTO write_comments (comment, post_id) VALUES ('Comment 65 for post 48', 65);
INSERT INTO read_comments (comment, post_id) VALUES ('Comment 65 for post 48', 65);
INSERT INTO write_comments (comment, post_id) VALUES ('Comment 66 for post 48', 66);
INSERT INTO read_comments (comment, post_id) VALUES ('Comment 66 for post 48', 66);
INSERT INTO write_comments (comment, post_id) VALUES ('Comment 67 for post 48', 67);
INSERT INTO read_comments (comment, post_id) VALUES ('Comment 67 for post 48', 67);
INSERT INTO write_comments (comment, post_id) VALUES ('Comment 68 for post 48', 68);
INSERT INTO read_comments (comment, post_id) VALUES ('Comment 68 for post 48', 68);
INSERT INTO write_comments (comment, post_id) VALUES ('Comment 69 for post 48', 69);
INSERT INTO read_comments (comment, post_id) VALUES ('Comment 69 for post 48', 69);
INSERT INTO write_comments (comment, post_id) VALUES ('Comment 70 for post 48', 70);
INSERT INTO read_comments (comment, post_id) VALUES ('Comment 70 for post 48', 70);
INSERT INTO write_comments (comment, post_id) VALUES ('Comment 71 for post 48', 71);
INSERT INTO read_comments (comment, post_id) VALUES ('Comment 71 for post 48', 71);
INSERT INTO write_comments (comment, post_id) VALUES ('Comment 72 for post 48', 72);
INSERT INTO read_comments (comment, post_id) VALUES ('Comment 72 for post 48', 72);
INSERT INTO write_comments (comment, post_id) VALUES ('Comment 73 for post 48', 73);
INSERT INTO read_comments (comment, post_id) VALUES ('Comment 73 for post 48', 73);
INSERT INTO write_comments (comment, post_id) VALUES ('Comment 74 for post 48', 74);
INSERT INTO read_comments (comment, post_id) VALUES ('Comment 74 for post 48', 74);
INSERT INTO write_comments (comment, post_id) VALUES ('Comment 75 for post 48', 75);
INSERT INTO read_comments (comment, post_id) VALUES ('Comment 75 for post 48', 75);
INSERT INTO write_comments (comment, post_id) VALUES ('Comment 76 for post 48', 76);
INSERT INTO read_comments (comment, post_id) VALUES ('Comment 76 for post 48', 76);
INSERT INTO write_comments (comment, post_id) VALUES ('Comment 77 for post 48', 77);
INSERT INTO read_comments (comment, post_id) VALUES ('Comment 77 for post 48', 77);
INSERT INTO write_comments (comment, post_id) VALUES ('Comment 78 for post 48', 78);
INSERT INTO read_comments (comment, post_id) VALUES ('Comment 78 for post 48', 78);
INSERT INTO write_comments (comment, post_id) VALUES ('Comment 79 for post 48', 79);
INSERT INTO read_comments (comment, post_id) VALUES ('Comment 79 for post 48', 79);
INSERT INTO write_comments (comment, post_id) VALUES ('Comment 80 for post 48', 80);
INSERT INTO read_comments (comment, post_id) VALUES ('Comment 80 for post 48', 80);
INSERT INTO write_comments (comment, post_id) VALUES ('Comment 81 for post 48', 81);
INSERT INTO read_comments (comment, post_id) VALUES ('Comment 81 for post 48', 81);
INSERT INTO write_comments (comment, post_id) VALUES ('Comment 82 for post 48', 82);
INSERT INTO read_comments (comment, post_id) VALUES ('Comment 82 for post 48', 82);
INSERT INTO write_comments (comment, post_id) VALUES ('Comment 83 for post 48', 83);
INSERT INTO read_comments (comment, post_id) VALUES ('Comment 83 for post 48', 83);
INSERT INTO write_comments (comment, post_id) VALUES ('Comment 84 for post 48', 84);
INSERT INTO read_comments (comment, post_id) VALUES ('Comment 84 for post 48', 84);
INSERT INTO write_comments (comment, post_id) VALUES ('Comment 85 for post 48', 85);
INSERT INTO read_comments (comment, post_id) VALUES ('Comment 85 for post 48', 85);
INSERT INTO write_comments (comment, post_id) VALUES ('Comment 86 for post 48', 86);
INSERT INTO read_comments (comment, post_id) VALUES ('Comment 86 for post 48', 86);
INSERT INTO write_comments (comment, post_id) VALUES ('Comment 87 for post 48', 87);
INSERT INTO read_comments (comment, post_id) VALUES ('Comment 87 for post 48', 87);
INSERT INTO write_comments (comment, post_id) VALUES ('Comment 88 for post 48', 88);
INSERT INTO read_comments (comment, post_id) VALUES ('Comment 88 for post 48', 88);
INSERT INTO write_comments (comment, post_id) VALUES ('Comment 89 for post 48', 89);
INSERT INTO read_comments (comment, post_id) VALUES ('Comment 89 for post 48', 89);
INSERT INTO write_comments (comment, post_id) VALUES ('Comment 90 for post 48', 90);
INSERT INTO read_comments (comment, post_id) VALUES ('Comment 90 for post 48', 90);
INSERT INTO write_comments (comment, post_id) VALUES ('Comment 91 for post 48', 91);
INSERT INTO read_comments (comment, post_id) VALUES ('Comment 91 for post 48', 91);
INSERT INTO write_comments (comment, post_id) VALUES ('Comment 92 for post 48', 92);
INSERT INTO read_comments (comment, post_id) VALUES ('Comment 92 for post 48', 92);
INSERT INTO write_comments (comment, post_id) VALUES ('Comment 93 for post 48', 93);
INSERT INTO read_comments (comment, post_id) VALUES ('Comment 93 for post 48', 93);
INSERT INTO write_comments (comment, post_id) VALUES ('Comment 94 for post 48', 94);
INSERT INTO read_comments (comment, post_id) VALUES ('Comment 94 for post 48', 94);
INSERT INTO write_comments (comment, post_id) VALUES ('Comment 95 for post 48', 95);
INSERT INTO read_comments (comment, post_id) VALUES ('Comment 95 for post 48', 95);
INSERT INTO write_comments (comment, post_id) VALUES ('Comment 96 for post 48', 96);
INSERT INTO read_comments (comment, post_id) VALUES ('Comment 96 for post 48', 96);
INSERT INTO write_comments (comment, post_id) VALUES ('Comment 97 for post 48', 97);
INSERT INTO read_comments (comment, post_id) VALUES ('Comment 97 for post 48', 97);
INSERT INTO write_comments (comment, post_id) VALUES ('Comment 98 for post 48', 98);
INSERT INTO read_comments (comment, post_id) VALUES ('Comment 98 for post 48', 98);
INSERT INTO write_comments (comment, post_id) VALUES ('Comment 99 for post 48', 99);
INSERT INTO read_comments (comment, post_id) VALUES ('Comment 99 for post 48', 99);
INSERT INTO write_comments (comment, post_id) VALUES ('Comment 100 for post 48', 100);
INSERT INTO read_comments (comment, post_id) VALUES ('Comment 100 for post 48', 100);
INSERT INTO write_comments (comment, post_id) VALUES ('Comment 1 for post 49', 1);
INSERT INTO read_comments (comment, post_id) VALUES ('Comment 1 for post 49', 1);
INSERT INTO write_comments (comment, post_id) VALUES ('Comment 2 for post 49', 2);
INSERT INTO read_comments (comment, post_id) VALUES ('Comment 2 for post 49', 2);
INSERT INTO write_comments (comment, post_id) VALUES ('Comment 3 for post 49', 3);
INSERT INTO read_comments (comment, post_id) VALUES ('Comment 3 for post 49', 3);
INSERT INTO write_comments (comment, post_id) VALUES ('Comment 4 for post 49', 4);
INSERT INTO read_comments (comment, post_id) VALUES ('Comment 4 for post 49', 4);
INSERT INTO write_comments (comment, post_id) VALUES ('Comment 5 for post 49', 5);
INSERT INTO read_comments (comment, post_id) VALUES ('Comment 5 for post 49', 5);
INSERT INTO write_comments (comment, post_id) VALUES ('Comment 6 for post 49', 6);
INSERT INTO read_comments (comment, post_id) VALUES ('Comment 6 for post 49', 6);
INSERT INTO write_comments (comment, post_id) VALUES ('Comment 7 for post 49', 7);
INSERT INTO read_comments (comment, post_id) VALUES ('Comment 7 for post 49', 7);
INSERT INTO write_comments (comment, post_id) VALUES ('Comment 8 for post 49', 8);
INSERT INTO read_comments (comment, post_id) VALUES ('Comment 8 for post 49', 8);
INSERT INTO write_comments (comment, post_id) VALUES ('Comment 9 for post 49', 9);
INSERT INTO read_comments (comment, post_id) VALUES ('Comment 9 for post 49', 9);
INSERT INTO write_comments (comment, post_id) VALUES ('Comment 10 for post 49', 10);
INSERT INTO read_comments (comment, post_id) VALUES ('Comment 10 for post 49', 10);
INSERT INTO write_comments (comment, post_id) VALUES ('Comment 11 for post 49', 11);
INSERT INTO read_comments (comment, post_id) VALUES ('Comment 11 for post 49', 11);
INSERT INTO write_comments (comment, post_id) VALUES ('Comment 12 for post 49', 12);
INSERT INTO read_comments (comment, post_id) VALUES ('Comment 12 for post 49', 12);
INSERT INTO write_comments (comment, post_id) VALUES ('Comment 13 for post 49', 13);
INSERT INTO read_comments (comment, post_id) VALUES ('Comment 13 for post 49', 13);
INSERT INTO write_comments (comment, post_id) VALUES ('Comment 14 for post 49', 14);
INSERT INTO read_comments (comment, post_id) VALUES ('Comment 14 for post 49', 14);
INSERT INTO write_comments (comment, post_id) VALUES ('Comment 15 for post 49', 15);
INSERT INTO read_comments (comment, post_id) VALUES ('Comment 15 for post 49', 15);
INSERT INTO write_comments (comment, post_id) VALUES ('Comment 16 for post 49', 16);
INSERT INTO read_comments (comment, post_id) VALUES ('Comment 16 for post 49', 16);
INSERT INTO write_comments (comment, post_id) VALUES ('Comment 17 for post 49', 17);
INSERT INTO read_comments (comment, post_id) VALUES ('Comment 17 for post 49', 17);
INSERT INTO write_comments (comment, post_id) VALUES ('Comment 18 for post 49', 18);
INSERT INTO read_comments (comment, post_id) VALUES ('Comment 18 for post 49', 18);
INSERT INTO write_comments (comment, post_id) VALUES ('Comment 19 for post 49', 19);
INSERT INTO read_comments (comment, post_id) VALUES ('Comment 19 for post 49', 19);
INSERT INTO write_comments (comment, post_id) VALUES ('Comment 20 for post 49', 20);
INSERT INTO read_comments (comment, post_id) VALUES ('Comment 20 for post 49', 20);
INSERT INTO write_comments (comment, post_id) VALUES ('Comment 21 for post 49', 21);
INSERT INTO read_comments (comment, post_id) VALUES ('Comment 21 for post 49', 21);
INSERT INTO write_comments (comment, post_id) VALUES ('Comment 22 for post 49', 22);
INSERT INTO read_comments (comment, post_id) VALUES ('Comment 22 for post 49', 22);
INSERT INTO write_comments (comment, post_id) VALUES ('Comment 23 for post 49', 23);
INSERT INTO read_comments (comment, post_id) VALUES ('Comment 23 for post 49', 23);
INSERT INTO write_comments (comment, post_id) VALUES ('Comment 24 for post 49', 24);
INSERT INTO read_comments (comment, post_id) VALUES ('Comment 24 for post 49', 24);
INSERT INTO write_comments (comment, post_id) VALUES ('Comment 25 for post 49', 25);
INSERT INTO read_comments (comment, post_id) VALUES ('Comment 25 for post 49', 25);
INSERT INTO write_comments (comment, post_id) VALUES ('Comment 26 for post 49', 26);
INSERT INTO read_comments (comment, post_id) VALUES ('Comment 26 for post 49', 26);
INSERT INTO write_comments (comment, post_id) VALUES ('Comment 27 for post 49', 27);
INSERT INTO read_comments (comment, post_id) VALUES ('Comment 27 for post 49', 27);
INSERT INTO write_comments (comment, post_id) VALUES ('Comment 28 for post 49', 28);
INSERT INTO read_comments (comment, post_id) VALUES ('Comment 28 for post 49', 28);
INSERT INTO write_comments (comment, post_id) VALUES ('Comment 29 for post 49', 29);
INSERT INTO read_comments (comment, post_id) VALUES ('Comment 29 for post 49', 29);
INSERT INTO write_comments (comment, post_id) VALUES ('Comment 30 for post 49', 30);
INSERT INTO read_comments (comment, post_id) VALUES ('Comment 30 for post 49', 30);
INSERT INTO write_comments (comment, post_id) VALUES ('Comment 31 for post 49', 31);
INSERT INTO read_comments (comment, post_id) VALUES ('Comment 31 for post 49', 31);
INSERT INTO write_comments (comment, post_id) VALUES ('Comment 32 for post 49', 32);
INSERT INTO read_comments (comment, post_id) VALUES ('Comment 32 for post 49', 32);
INSERT INTO write_comments (comment, post_id) VALUES ('Comment 33 for post 49', 33);
INSERT INTO read_comments (comment, post_id) VALUES ('Comment 33 for post 49', 33);
INSERT INTO write_comments (comment, post_id) VALUES ('Comment 34 for post 49', 34);
INSERT INTO read_comments (comment, post_id) VALUES ('Comment 34 for post 49', 34);
INSERT INTO write_comments (comment, post_id) VALUES ('Comment 35 for post 49', 35);
INSERT INTO read_comments (comment, post_id) VALUES ('Comment 35 for post 49', 35);
INSERT INTO write_comments (comment, post_id) VALUES ('Comment 36 for post 49', 36);
INSERT INTO read_comments (comment, post_id) VALUES ('Comment 36 for post 49', 36);
INSERT INTO write_comments (comment, post_id) VALUES ('Comment 37 for post 49', 37);
INSERT INTO read_comments (comment, post_id) VALUES ('Comment 37 for post 49', 37);
INSERT INTO write_comments (comment, post_id) VALUES ('Comment 38 for post 49', 38);
INSERT INTO read_comments (comment, post_id) VALUES ('Comment 38 for post 49', 38);
INSERT INTO write_comments (comment, post_id) VALUES ('Comment 39 for post 49', 39);
INSERT INTO read_comments (comment, post_id) VALUES ('Comment 39 for post 49', 39);
INSERT INTO write_comments (comment, post_id) VALUES ('Comment 40 for post 49', 40);
INSERT INTO read_comments (comment, post_id) VALUES ('Comment 40 for post 49', 40);
INSERT INTO write_comments (comment, post_id) VALUES ('Comment 41 for post 49', 41);
INSERT INTO read_comments (comment, post_id) VALUES ('Comment 41 for post 49', 41);
INSERT INTO write_comments (comment, post_id) VALUES ('Comment 42 for post 49', 42);
INSERT INTO read_comments (comment, post_id) VALUES ('Comment 42 for post 49', 42);
INSERT INTO write_comments (comment, post_id) VALUES ('Comment 43 for post 49', 43);
INSERT INTO read_comments (comment, post_id) VALUES ('Comment 43 for post 49', 43);
INSERT INTO write_comments (comment, post_id) VALUES ('Comment 44 for post 49', 44);
INSERT INTO read_comments (comment, post_id) VALUES ('Comment 44 for post 49', 44);
INSERT INTO write_comments (comment, post_id) VALUES ('Comment 45 for post 49', 45);
INSERT INTO read_comments (comment, post_id) VALUES ('Comment 45 for post 49', 45);
INSERT INTO write_comments (comment, post_id) VALUES ('Comment 46 for post 49', 46);
INSERT INTO read_comments (comment, post_id) VALUES ('Comment 46 for post 49', 46);
INSERT INTO write_comments (comment, post_id) VALUES ('Comment 47 for post 49', 47);
INSERT INTO read_comments (comment, post_id) VALUES ('Comment 47 for post 49', 47);
INSERT INTO write_comments (comment, post_id) VALUES ('Comment 48 for post 49', 48);
INSERT INTO read_comments (comment, post_id) VALUES ('Comment 48 for post 49', 48);
INSERT INTO write_comments (comment, post_id) VALUES ('Comment 49 for post 49', 49);
INSERT INTO read_comments (comment, post_id) VALUES ('Comment 49 for post 49', 49);
INSERT INTO write_comments (comment, post_id) VALUES ('Comment 50 for post 49', 50);
INSERT INTO read_comments (comment, post_id) VALUES ('Comment 50 for post 49', 50);
INSERT INTO write_comments (comment, post_id) VALUES ('Comment 51 for post 49', 51);
INSERT INTO read_comments (comment, post_id) VALUES ('Comment 51 for post 49', 51);
INSERT INTO write_comments (comment, post_id) VALUES ('Comment 52 for post 49', 52);
INSERT INTO read_comments (comment, post_id) VALUES ('Comment 52 for post 49', 52);
INSERT INTO write_comments (comment, post_id) VALUES ('Comment 53 for post 49', 53);
INSERT INTO read_comments (comment, post_id) VALUES ('Comment 53 for post 49', 53);
INSERT INTO write_comments (comment, post_id) VALUES ('Comment 54 for post 49', 54);
INSERT INTO read_comments (comment, post_id) VALUES ('Comment 54 for post 49', 54);
INSERT INTO write_comments (comment, post_id) VALUES ('Comment 55 for post 49', 55);
INSERT INTO read_comments (comment, post_id) VALUES ('Comment 55 for post 49', 55);
INSERT INTO write_comments (comment, post_id) VALUES ('Comment 56 for post 49', 56);
INSERT INTO read_comments (comment, post_id) VALUES ('Comment 56 for post 49', 56);
INSERT INTO write_comments (comment, post_id) VALUES ('Comment 57 for post 49', 57);
INSERT INTO read_comments (comment, post_id) VALUES ('Comment 57 for post 49', 57);
INSERT INTO write_comments (comment, post_id) VALUES ('Comment 58 for post 49', 58);
INSERT INTO read_comments (comment, post_id) VALUES ('Comment 58 for post 49', 58);
INSERT INTO write_comments (comment, post_id) VALUES ('Comment 59 for post 49', 59);
INSERT INTO read_comments (comment, post_id) VALUES ('Comment 59 for post 49', 59);
INSERT INTO write_comments (comment, post_id) VALUES ('Comment 60 for post 49', 60);
INSERT INTO read_comments (comment, post_id) VALUES ('Comment 60 for post 49', 60);
INSERT INTO write_comments (comment, post_id) VALUES ('Comment 61 for post 49', 61);
INSERT INTO read_comments (comment, post_id) VALUES ('Comment 61 for post 49', 61);
INSERT INTO write_comments (comment, post_id) VALUES ('Comment 62 for post 49', 62);
INSERT INTO read_comments (comment, post_id) VALUES ('Comment 62 for post 49', 62);
INSERT INTO write_comments (comment, post_id) VALUES ('Comment 63 for post 49', 63);
INSERT INTO read_comments (comment, post_id) VALUES ('Comment 63 for post 49', 63);
INSERT INTO write_comments (comment, post_id) VALUES ('Comment 64 for post 49', 64);
INSERT INTO read_comments (comment, post_id) VALUES ('Comment 64 for post 49', 64);
INSERT INTO write_comments (comment, post_id) VALUES ('Comment 65 for post 49', 65);
INSERT INTO read_comments (comment, post_id) VALUES ('Comment 65 for post 49', 65);
INSERT INTO write_comments (comment, post_id) VALUES ('Comment 66 for post 49', 66);
INSERT INTO read_comments (comment, post_id) VALUES ('Comment 66 for post 49', 66);
INSERT INTO write_comments (comment, post_id) VALUES ('Comment 67 for post 49', 67);
INSERT INTO read_comments (comment, post_id) VALUES ('Comment 67 for post 49', 67);
INSERT INTO write_comments (comment, post_id) VALUES ('Comment 68 for post 49', 68);
INSERT INTO read_comments (comment, post_id) VALUES ('Comment 68 for post 49', 68);
INSERT INTO write_comments (comment, post_id) VALUES ('Comment 69 for post 49', 69);
INSERT INTO read_comments (comment, post_id) VALUES ('Comment 69 for post 49', 69);
INSERT INTO write_comments (comment, post_id) VALUES ('Comment 70 for post 49', 70);
INSERT INTO read_comments (comment, post_id) VALUES ('Comment 70 for post 49', 70);
INSERT INTO write_comments (comment, post_id) VALUES ('Comment 71 for post 49', 71);
INSERT INTO read_comments (comment, post_id) VALUES ('Comment 71 for post 49', 71);
INSERT INTO write_comments (comment, post_id) VALUES ('Comment 72 for post 49', 72);
INSERT INTO read_comments (comment, post_id) VALUES ('Comment 72 for post 49', 72);
INSERT INTO write_comments (comment, post_id) VALUES ('Comment 73 for post 49', 73);
INSERT INTO read_comments (comment, post_id) VALUES ('Comment 73 for post 49', 73);
INSERT INTO write_comments (comment, post_id) VALUES ('Comment 74 for post 49', 74);
INSERT INTO read_comments (comment, post_id) VALUES ('Comment 74 for post 49', 74);
INSERT INTO write_comments (comment, post_id) VALUES ('Comment 75 for post 49', 75);
INSERT INTO read_comments (comment, post_id) VALUES ('Comment 75 for post 49', 75);
INSERT INTO write_comments (comment, post_id) VALUES ('Comment 76 for post 49', 76);
INSERT INTO read_comments (comment, post_id) VALUES ('Comment 76 for post 49', 76);
INSERT INTO write_comments (comment, post_id) VALUES ('Comment 77 for post 49', 77);
INSERT INTO read_comments (comment, post_id) VALUES ('Comment 77 for post 49', 77);
INSERT INTO write_comments (comment, post_id) VALUES ('Comment 78 for post 49', 78);
INSERT INTO read_comments (comment, post_id) VALUES ('Comment 78 for post 49', 78);
INSERT INTO write_comments (comment, post_id) VALUES ('Comment 79 for post 49', 79);
INSERT INTO read_comments (comment, post_id) VALUES ('Comment 79 for post 49', 79);
INSERT INTO write_comments (comment, post_id) VALUES ('Comment 80 for post 49', 80);
INSERT INTO read_comments (comment, post_id) VALUES ('Comment 80 for post 49', 80);
INSERT INTO write_comments (comment, post_id) VALUES ('Comment 81 for post 49', 81);
INSERT INTO read_comments (comment, post_id) VALUES ('Comment 81 for post 49', 81);
INSERT INTO write_comments (comment, post_id) VALUES ('Comment 82 for post 49', 82);
INSERT INTO read_comments (comment, post_id) VALUES ('Comment 82 for post 49', 82);
INSERT INTO write_comments (comment, post_id) VALUES ('Comment 83 for post 49', 83);
INSERT INTO read_comments (comment, post_id) VALUES ('Comment 83 for post 49', 83);
INSERT INTO write_comments (comment, post_id) VALUES ('Comment 84 for post 49', 84);
INSERT INTO read_comments (comment, post_id) VALUES ('Comment 84 for post 49', 84);
INSERT INTO write_comments (comment, post_id) VALUES ('Comment 85 for post 49', 85);
INSERT INTO read_comments (comment, post_id) VALUES ('Comment 85 for post 49', 85);
INSERT INTO write_comments (comment, post_id) VALUES ('Comment 86 for post 49', 86);
INSERT INTO read_comments (comment, post_id) VALUES ('Comment 86 for post 49', 86);
INSERT INTO write_comments (comment, post_id) VALUES ('Comment 87 for post 49', 87);
INSERT INTO read_comments (comment, post_id) VALUES ('Comment 87 for post 49', 87);
INSERT INTO write_comments (comment, post_id) VALUES ('Comment 88 for post 49', 88);
INSERT INTO read_comments (comment, post_id) VALUES ('Comment 88 for post 49', 88);
INSERT INTO write_comments (comment, post_id) VALUES ('Comment 89 for post 49', 89);
INSERT INTO read_comments (comment, post_id) VALUES ('Comment 89 for post 49', 89);
INSERT INTO write_comments (comment, post_id) VALUES ('Comment 90 for post 49', 90);
INSERT INTO read_comments (comment, post_id) VALUES ('Comment 90 for post 49', 90);
INSERT INTO write_comments (comment, post_id) VALUES ('Comment 91 for post 49', 91);
INSERT INTO read_comments (comment, post_id) VALUES ('Comment 91 for post 49', 91);
INSERT INTO write_comments (comment, post_id) VALUES ('Comment 92 for post 49', 92);
INSERT INTO read_comments (comment, post_id) VALUES ('Comment 92 for post 49', 92);
INSERT INTO write_comments (comment, post_id) VALUES ('Comment 93 for post 49', 93);
INSERT INTO read_comments (comment, post_id) VALUES ('Comment 93 for post 49', 93);
INSERT INTO write_comments (comment, post_id) VALUES ('Comment 94 for post 49', 94);
INSERT INTO read_comments (comment, post_id) VALUES ('Comment 94 for post 49', 94);
INSERT INTO write_comments (comment, post_id) VALUES ('Comment 95 for post 49', 95);
INSERT INTO read_comments (comment, post_id) VALUES ('Comment 95 for post 49', 95);
INSERT INTO write_comments (comment, post_id) VALUES ('Comment 96 for post 49', 96);
INSERT INTO read_comments (comment, post_id) VALUES ('Comment 96 for post 49', 96);
INSERT INTO write_comments (comment, post_id) VALUES ('Comment 97 for post 49', 97);
INSERT INTO read_comments (comment, post_id) VALUES ('Comment 97 for post 49', 97);
INSERT INTO write_comments (comment, post_id) VALUES ('Comment 98 for post 49', 98);
INSERT INTO read_comments (comment, post_id) VALUES ('Comment 98 for post 49', 98);
INSERT INTO write_comments (comment, post_id) VALUES ('Comment 99 for post 49', 99);
INSERT INTO read_comments (comment, post_id) VALUES ('Comment 99 for post 49', 99);
INSERT INTO write_comments (comment, post_id) VALUES ('Comment 100 for post 49', 100);
INSERT INTO read_comments (comment, post_id) VALUES ('Comment 100 for post 49', 100);
INSERT INTO write_comments (comment, post_id) VALUES ('Comment 1 for post 50', 1);
INSERT INTO read_comments (comment, post_id) VALUES ('Comment 1 for post 50', 1);
INSERT INTO write_comments (comment, post_id) VALUES ('Comment 2 for post 50', 2);
INSERT INTO read_comments (comment, post_id) VALUES ('Comment 2 for post 50', 2);
INSERT INTO write_comments (comment, post_id) VALUES ('Comment 3 for post 50', 3);
INSERT INTO read_comments (comment, post_id) VALUES ('Comment 3 for post 50', 3);
INSERT INTO write_comments (comment, post_id) VALUES ('Comment 4 for post 50', 4);
INSERT INTO read_comments (comment, post_id) VALUES ('Comment 4 for post 50', 4);
INSERT INTO write_comments (comment, post_id) VALUES ('Comment 5 for post 50', 5);
INSERT INTO read_comments (comment, post_id) VALUES ('Comment 5 for post 50', 5);
INSERT INTO write_comments (comment, post_id) VALUES ('Comment 6 for post 50', 6);
INSERT INTO read_comments (comment, post_id) VALUES ('Comment 6 for post 50', 6);
INSERT INTO write_comments (comment, post_id) VALUES ('Comment 7 for post 50', 7);
INSERT INTO read_comments (comment, post_id) VALUES ('Comment 7 for post 50', 7);
INSERT INTO write_comments (comment, post_id) VALUES ('Comment 8 for post 50', 8);
INSERT INTO read_comments (comment, post_id) VALUES ('Comment 8 for post 50', 8);
INSERT INTO write_comments (comment, post_id) VALUES ('Comment 9 for post 50', 9);
INSERT INTO read_comments (comment, post_id) VALUES ('Comment 9 for post 50', 9);
INSERT INTO write_comments (comment, post_id) VALUES ('Comment 10 for post 50', 10);
INSERT INTO read_comments (comment, post_id) VALUES ('Comment 10 for post 50', 10);
INSERT INTO write_comments (comment, post_id) VALUES ('Comment 11 for post 50', 11);
INSERT INTO read_comments (comment, post_id) VALUES ('Comment 11 for post 50', 11);
INSERT INTO write_comments (comment, post_id) VALUES ('Comment 12 for post 50', 12);
INSERT INTO read_comments (comment, post_id) VALUES ('Comment 12 for post 50', 12);
INSERT INTO write_comments (comment, post_id) VALUES ('Comment 13 for post 50', 13);
INSERT INTO read_comments (comment, post_id) VALUES ('Comment 13 for post 50', 13);
INSERT INTO write_comments (comment, post_id) VALUES ('Comment 14 for post 50', 14);
INSERT INTO read_comments (comment, post_id) VALUES ('Comment 14 for post 50', 14);
INSERT INTO write_comments (comment, post_id) VALUES ('Comment 15 for post 50', 15);
INSERT INTO read_comments (comment, post_id) VALUES ('Comment 15 for post 50', 15);
INSERT INTO write_comments (comment, post_id) VALUES ('Comment 16 for post 50', 16);
INSERT INTO read_comments (comment, post_id) VALUES ('Comment 16 for post 50', 16);
INSERT INTO write_comments (comment, post_id) VALUES ('Comment 17 for post 50', 17);
INSERT INTO read_comments (comment, post_id) VALUES ('Comment 17 for post 50', 17);
INSERT INTO write_comments (comment, post_id) VALUES ('Comment 18 for post 50', 18);
INSERT INTO read_comments (comment, post_id) VALUES ('Comment 18 for post 50', 18);
INSERT INTO write_comments (comment, post_id) VALUES ('Comment 19 for post 50', 19);
INSERT INTO read_comments (comment, post_id) VALUES ('Comment 19 for post 50', 19);
INSERT INTO write_comments (comment, post_id) VALUES ('Comment 20 for post 50', 20);
INSERT INTO read_comments (comment, post_id) VALUES ('Comment 20 for post 50', 20);
INSERT INTO write_comments (comment, post_id) VALUES ('Comment 21 for post 50', 21);
INSERT INTO read_comments (comment, post_id) VALUES ('Comment 21 for post 50', 21);
INSERT INTO write_comments (comment, post_id) VALUES ('Comment 22 for post 50', 22);
INSERT INTO read_comments (comment, post_id) VALUES ('Comment 22 for post 50', 22);
INSERT INTO write_comments (comment, post_id) VALUES ('Comment 23 for post 50', 23);
INSERT INTO read_comments (comment, post_id) VALUES ('Comment 23 for post 50', 23);
INSERT INTO write_comments (comment, post_id) VALUES ('Comment 24 for post 50', 24);
INSERT INTO read_comments (comment, post_id) VALUES ('Comment 24 for post 50', 24);
INSERT INTO write_comments (comment, post_id) VALUES ('Comment 25 for post 50', 25);
INSERT INTO read_comments (comment, post_id) VALUES ('Comment 25 for post 50', 25);
INSERT INTO write_comments (comment, post_id) VALUES ('Comment 26 for post 50', 26);
INSERT INTO read_comments (comment, post_id) VALUES ('Comment 26 for post 50', 26);
INSERT INTO write_comments (comment, post_id) VALUES ('Comment 27 for post 50', 27);
INSERT INTO read_comments (comment, post_id) VALUES ('Comment 27 for post 50', 27);
INSERT INTO write_comments (comment, post_id) VALUES ('Comment 28 for post 50', 28);
INSERT INTO read_comments (comment, post_id) VALUES ('Comment 28 for post 50', 28);
INSERT INTO write_comments (comment, post_id) VALUES ('Comment 29 for post 50', 29);
INSERT INTO read_comments (comment, post_id) VALUES ('Comment 29 for post 50', 29);
INSERT INTO write_comments (comment, post_id) VALUES ('Comment 30 for post 50', 30);
INSERT INTO read_comments (comment, post_id) VALUES ('Comment 30 for post 50', 30);
INSERT INTO write_comments (comment, post_id) VALUES ('Comment 31 for post 50', 31);
INSERT INTO read_comments (comment, post_id) VALUES ('Comment 31 for post 50', 31);
INSERT INTO write_comments (comment, post_id) VALUES ('Comment 32 for post 50', 32);
INSERT INTO read_comments (comment, post_id) VALUES ('Comment 32 for post 50', 32);
INSERT INTO write_comments (comment, post_id) VALUES ('Comment 33 for post 50', 33);
INSERT INTO read_comments (comment, post_id) VALUES ('Comment 33 for post 50', 33);
INSERT INTO write_comments (comment, post_id) VALUES ('Comment 34 for post 50', 34);
INSERT INTO read_comments (comment, post_id) VALUES ('Comment 34 for post 50', 34);
INSERT INTO write_comments (comment, post_id) VALUES ('Comment 35 for post 50', 35);
INSERT INTO read_comments (comment, post_id) VALUES ('Comment 35 for post 50', 35);
INSERT INTO write_comments (comment, post_id) VALUES ('Comment 36 for post 50', 36);
INSERT INTO read_comments (comment, post_id) VALUES ('Comment 36 for post 50', 36);
INSERT INTO write_comments (comment, post_id) VALUES ('Comment 37 for post 50', 37);
INSERT INTO read_comments (comment, post_id) VALUES ('Comment 37 for post 50', 37);
INSERT INTO write_comments (comment, post_id) VALUES ('Comment 38 for post 50', 38);
INSERT INTO read_comments (comment, post_id) VALUES ('Comment 38 for post 50', 38);
INSERT INTO write_comments (comment, post_id) VALUES ('Comment 39 for post 50', 39);
INSERT INTO read_comments (comment, post_id) VALUES ('Comment 39 for post 50', 39);
INSERT INTO write_comments (comment, post_id) VALUES ('Comment 40 for post 50', 40);
INSERT INTO read_comments (comment, post_id) VALUES ('Comment 40 for post 50', 40);
INSERT INTO write_comments (comment, post_id) VALUES ('Comment 41 for post 50', 41);
INSERT INTO read_comments (comment, post_id) VALUES ('Comment 41 for post 50', 41);
INSERT INTO write_comments (comment, post_id) VALUES ('Comment 42 for post 50', 42);
INSERT INTO read_comments (comment, post_id) VALUES ('Comment 42 for post 50', 42);
INSERT INTO write_comments (comment, post_id) VALUES ('Comment 43 for post 50', 43);
INSERT INTO read_comments (comment, post_id) VALUES ('Comment 43 for post 50', 43);
INSERT INTO write_comments (comment, post_id) VALUES ('Comment 44 for post 50', 44);
INSERT INTO read_comments (comment, post_id) VALUES ('Comment 44 for post 50', 44);
INSERT INTO write_comments (comment, post_id) VALUES ('Comment 45 for post 50', 45);
INSERT INTO read_comments (comment, post_id) VALUES ('Comment 45 for post 50', 45);
INSERT INTO write_comments (comment, post_id) VALUES ('Comment 46 for post 50', 46);
INSERT INTO read_comments (comment, post_id) VALUES ('Comment 46 for post 50', 46);
INSERT INTO write_comments (comment, post_id) VALUES ('Comment 47 for post 50', 47);
INSERT INTO read_comments (comment, post_id) VALUES ('Comment 47 for post 50', 47);
INSERT INTO write_comments (comment, post_id) VALUES ('Comment 48 for post 50', 48);
INSERT INTO read_comments (comment, post_id) VALUES ('Comment 48 for post 50', 48);
INSERT INTO write_comments (comment, post_id) VALUES ('Comment 49 for post 50', 49);
INSERT INTO read_comments (comment, post_id) VALUES ('Comment 49 for post 50', 49);
INSERT INTO write_comments (comment, post_id) VALUES ('Comment 50 for post 50', 50);
INSERT INTO read_comments (comment, post_id) VALUES ('Comment 50 for post 50', 50);
INSERT INTO write_comments (comment, post_id) VALUES ('Comment 51 for post 50', 51);
INSERT INTO read_comments (comment, post_id) VALUES ('Comment 51 for post 50', 51);
INSERT INTO write_comments (comment, post_id) VALUES ('Comment 52 for post 50', 52);
INSERT INTO read_comments (comment, post_id) VALUES ('Comment 52 for post 50', 52);
INSERT INTO write_comments (comment, post_id) VALUES ('Comment 53 for post 50', 53);
INSERT INTO read_comments (comment, post_id) VALUES ('Comment 53 for post 50', 53);
INSERT INTO write_comments (comment, post_id) VALUES ('Comment 54 for post 50', 54);
INSERT INTO read_comments (comment, post_id) VALUES ('Comment 54 for post 50', 54);
INSERT INTO write_comments (comment, post_id) VALUES ('Comment 55 for post 50', 55);
INSERT INTO read_comments (comment, post_id) VALUES ('Comment 55 for post 50', 55);
INSERT INTO write_comments (comment, post_id) VALUES ('Comment 56 for post 50', 56);
INSERT INTO read_comments (comment, post_id) VALUES ('Comment 56 for post 50', 56);
INSERT INTO write_comments (comment, post_id) VALUES ('Comment 57 for post 50', 57);
INSERT INTO read_comments (comment, post_id) VALUES ('Comment 57 for post 50', 57);
INSERT INTO write_comments (comment, post_id) VALUES ('Comment 58 for post 50', 58);
INSERT INTO read_comments (comment, post_id) VALUES ('Comment 58 for post 50', 58);
INSERT INTO write_comments (comment, post_id) VALUES ('Comment 59 for post 50', 59);
INSERT INTO read_comments (comment, post_id) VALUES ('Comment 59 for post 50', 59);
INSERT INTO write_comments (comment, post_id) VALUES ('Comment 60 for post 50', 60);
INSERT INTO read_comments (comment, post_id) VALUES ('Comment 60 for post 50', 60);
INSERT INTO write_comments (comment, post_id) VALUES ('Comment 61 for post 50', 61);
INSERT INTO read_comments (comment, post_id) VALUES ('Comment 61 for post 50', 61);
INSERT INTO write_comments (comment, post_id) VALUES ('Comment 62 for post 50', 62);
INSERT INTO read_comments (comment, post_id) VALUES ('Comment 62 for post 50', 62);
INSERT INTO write_comments (comment, post_id) VALUES ('Comment 63 for post 50', 63);
INSERT INTO read_comments (comment, post_id) VALUES ('Comment 63 for post 50', 63);
INSERT INTO write_comments (comment, post_id) VALUES ('Comment 64 for post 50', 64);
INSERT INTO read_comments (comment, post_id) VALUES ('Comment 64 for post 50', 64);
INSERT INTO write_comments (comment, post_id) VALUES ('Comment 65 for post 50', 65);
INSERT INTO read_comments (comment, post_id) VALUES ('Comment 65 for post 50', 65);
INSERT INTO write_comments (comment, post_id) VALUES ('Comment 66 for post 50', 66);
INSERT INTO read_comments (comment, post_id) VALUES ('Comment 66 for post 50', 66);
INSERT INTO write_comments (comment, post_id) VALUES ('Comment 67 for post 50', 67);
INSERT INTO read_comments (comment, post_id) VALUES ('Comment 67 for post 50', 67);
INSERT INTO write_comments (comment, post_id) VALUES ('Comment 68 for post 50', 68);
INSERT INTO read_comments (comment, post_id) VALUES ('Comment 68 for post 50', 68);
INSERT INTO write_comments (comment, post_id) VALUES ('Comment 69 for post 50', 69);
INSERT INTO read_comments (comment, post_id) VALUES ('Comment 69 for post 50', 69);
INSERT INTO write_comments (comment, post_id) VALUES ('Comment 70 for post 50', 70);
INSERT INTO read_comments (comment, post_id) VALUES ('Comment 70 for post 50', 70);
INSERT INTO write_comments (comment, post_id) VALUES ('Comment 71 for post 50', 71);
INSERT INTO read_comments (comment, post_id) VALUES ('Comment 71 for post 50', 71);
INSERT INTO write_comments (comment, post_id) VALUES ('Comment 72 for post 50', 72);
INSERT INTO read_comments (comment, post_id) VALUES ('Comment 72 for post 50', 72);
INSERT INTO write_comments (comment, post_id) VALUES ('Comment 73 for post 50', 73);
INSERT INTO read_comments (comment, post_id) VALUES ('Comment 73 for post 50', 73);
INSERT INTO write_comments (comment, post_id) VALUES ('Comment 74 for post 50', 74);
INSERT INTO read_comments (comment, post_id) VALUES ('Comment 74 for post 50', 74);
INSERT INTO write_comments (comment, post_id) VALUES ('Comment 75 for post 50', 75);
INSERT INTO read_comments (comment, post_id) VALUES ('Comment 75 for post 50', 75);
INSERT INTO write_comments (comment, post_id) VALUES ('Comment 76 for post 50', 76);
INSERT INTO read_comments (comment, post_id) VALUES ('Comment 76 for post 50', 76);
INSERT INTO write_comments (comment, post_id) VALUES ('Comment 77 for post 50', 77);
INSERT INTO read_comments (comment, post_id) VALUES ('Comment 77 for post 50', 77);
INSERT INTO write_comments (comment, post_id) VALUES ('Comment 78 for post 50', 78);
INSERT INTO read_comments (comment, post_id) VALUES ('Comment 78 for post 50', 78);
INSERT INTO write_comments (comment, post_id) VALUES ('Comment 79 for post 50', 79);
INSERT INTO read_comments (comment, post_id) VALUES ('Comment 79 for post 50', 79);
INSERT INTO write_comments (comment, post_id) VALUES ('Comment 80 for post 50', 80);
INSERT INTO read_comments (comment, post_id) VALUES ('Comment 80 for post 50', 80);
INSERT INTO write_comments (comment, post_id) VALUES ('Comment 81 for post 50', 81);
INSERT INTO read_comments (comment, post_id) VALUES ('Comment 81 for post 50', 81);
INSERT INTO write_comments (comment, post_id) VALUES ('Comment 82 for post 50', 82);
INSERT INTO read_comments (comment, post_id) VALUES ('Comment 82 for post 50', 82);
INSERT INTO write_comments (comment, post_id) VALUES ('Comment 83 for post 50', 83);
INSERT INTO read_comments (comment, post_id) VALUES ('Comment 83 for post 50', 83);
INSERT INTO write_comments (comment, post_id) VALUES ('Comment 84 for post 50', 84);
INSERT INTO read_comments (comment, post_id) VALUES ('Comment 84 for post 50', 84);
INSERT INTO write_comments (comment, post_id) VALUES ('Comment 85 for post 50', 85);
INSERT INTO read_comments (comment, post_id) VALUES ('Comment 85 for post 50', 85);
INSERT INTO write_comments (comment, post_id) VALUES ('Comment 86 for post 50', 86);
INSERT INTO read_comments (comment, post_id) VALUES ('Comment 86 for post 50', 86);
INSERT INTO write_comments (comment, post_id) VALUES ('Comment 87 for post 50', 87);
INSERT INTO read_comments (comment, post_id) VALUES ('Comment 87 for post 50', 87);
INSERT INTO write_comments (comment, post_id) VALUES ('Comment 88 for post 50', 88);
INSERT INTO read_comments (comment, post_id) VALUES ('Comment 88 for post 50', 88);
INSERT INTO write_comments (comment, post_id) VALUES ('Comment 89 for post 50', 89);
INSERT INTO read_comments (comment, post_id) VALUES ('Comment 89 for post 50', 89);
INSERT INTO write_comments (comment, post_id) VALUES ('Comment 90 for post 50', 90);
INSERT INTO read_comments (comment, post_id) VALUES ('Comment 90 for post 50', 90);
INSERT INTO write_comments (comment, post_id) VALUES ('Comment 91 for post 50', 91);
INSERT INTO read_comments (comment, post_id) VALUES ('Comment 91 for post 50', 91);
INSERT INTO write_comments (comment, post_id) VALUES ('Comment 92 for post 50', 92);
INSERT INTO read_comments (comment, post_id) VALUES ('Comment 92 for post 50', 92);
INSERT INTO write_comments (comment, post_id) VALUES ('Comment 93 for post 50', 93);
INSERT INTO read_comments (comment, post_id) VALUES ('Comment 93 for post 50', 93);
INSERT INTO write_comments (comment, post_id) VALUES ('Comment 94 for post 50', 94);
INSERT INTO read_comments (comment, post_id) VALUES ('Comment 94 for post 50', 94);
INSERT INTO write_comments (comment, post_id) VALUES ('Comment 95 for post 50', 95);
INSERT INTO read_comments (comment, post_id) VALUES ('Comment 95 for post 50', 95);
INSERT INTO write_comments (comment, post_id) VALUES ('Comment 96 for post 50', 96);
INSERT INTO read_comments (comment, post_id) VALUES ('Comment 96 for post 50', 96);
INSERT INTO write_comments (comment, post_id) VALUES ('Comment 97 for post 50', 97);
INSERT INTO read_comments (comment, post_id) VALUES ('Comment 97 for post 50', 97);
INSERT INTO write_comments (comment, post_id) VALUES ('Comment 98 for post 50', 98);
INSERT INTO read_comments (comment, post_id) VALUES ('Comment 98 for post 50', 98);
INSERT INTO write_comments (comment, post_id) VALUES ('Comment 99 for post 50', 99);
INSERT INTO read_comments (comment, post_id) VALUES ('Comment 99 for post 50', 99);
INSERT INTO write_comments (comment, post_id) VALUES ('Comment 100 for post 50', 100);
INSERT INTO read_comments (comment, post_id) VALUES ('Comment 100 for post 50', 100);
INSERT INTO write_comments (comment, post_id) VALUES ('Comment 1 for post 51', 1);
INSERT INTO read_comments (comment, post_id) VALUES ('Comment 1 for post 51', 1);
INSERT INTO write_comments (comment, post_id) VALUES ('Comment 2 for post 51', 2);
INSERT INTO read_comments (comment, post_id) VALUES ('Comment 2 for post 51', 2);
INSERT INTO write_comments (comment, post_id) VALUES ('Comment 3 for post 51', 3);
INSERT INTO read_comments (comment, post_id) VALUES ('Comment 3 for post 51', 3);
INSERT INTO write_comments (comment, post_id) VALUES ('Comment 4 for post 51', 4);
INSERT INTO read_comments (comment, post_id) VALUES ('Comment 4 for post 51', 4);
INSERT INTO write_comments (comment, post_id) VALUES ('Comment 5 for post 51', 5);
INSERT INTO read_comments (comment, post_id) VALUES ('Comment 5 for post 51', 5);
INSERT INTO write_comments (comment, post_id) VALUES ('Comment 6 for post 51', 6);
INSERT INTO read_comments (comment, post_id) VALUES ('Comment 6 for post 51', 6);
INSERT INTO write_comments (comment, post_id) VALUES ('Comment 7 for post 51', 7);
INSERT INTO read_comments (comment, post_id) VALUES ('Comment 7 for post 51', 7);
INSERT INTO write_comments (comment, post_id) VALUES ('Comment 8 for post 51', 8);
INSERT INTO read_comments (comment, post_id) VALUES ('Comment 8 for post 51', 8);
INSERT INTO write_comments (comment, post_id) VALUES ('Comment 9 for post 51', 9);
INSERT INTO read_comments (comment, post_id) VALUES ('Comment 9 for post 51', 9);
INSERT INTO write_comments (comment, post_id) VALUES ('Comment 10 for post 51', 10);
INSERT INTO read_comments (comment, post_id) VALUES ('Comment 10 for post 51', 10);
INSERT INTO write_comments (comment, post_id) VALUES ('Comment 11 for post 51', 11);
INSERT INTO read_comments (comment, post_id) VALUES ('Comment 11 for post 51', 11);
INSERT INTO write_comments (comment, post_id) VALUES ('Comment 12 for post 51', 12);
INSERT INTO read_comments (comment, post_id) VALUES ('Comment 12 for post 51', 12);
INSERT INTO write_comments (comment, post_id) VALUES ('Comment 13 for post 51', 13);
INSERT INTO read_comments (comment, post_id) VALUES ('Comment 13 for post 51', 13);
INSERT INTO write_comments (comment, post_id) VALUES ('Comment 14 for post 51', 14);
INSERT INTO read_comments (comment, post_id) VALUES ('Comment 14 for post 51', 14);
INSERT INTO write_comments (comment, post_id) VALUES ('Comment 15 for post 51', 15);
INSERT INTO read_comments (comment, post_id) VALUES ('Comment 15 for post 51', 15);
INSERT INTO write_comments (comment, post_id) VALUES ('Comment 16 for post 51', 16);
INSERT INTO read_comments (comment, post_id) VALUES ('Comment 16 for post 51', 16);
INSERT INTO write_comments (comment, post_id) VALUES ('Comment 17 for post 51', 17);
INSERT INTO read_comments (comment, post_id) VALUES ('Comment 17 for post 51', 17);
INSERT INTO write_comments (comment, post_id) VALUES ('Comment 18 for post 51', 18);
INSERT INTO read_comments (comment, post_id) VALUES ('Comment 18 for post 51', 18);
INSERT INTO write_comments (comment, post_id) VALUES ('Comment 19 for post 51', 19);
INSERT INTO read_comments (comment, post_id) VALUES ('Comment 19 for post 51', 19);
INSERT INTO write_comments (comment, post_id) VALUES ('Comment 20 for post 51', 20);
INSERT INTO read_comments (comment, post_id) VALUES ('Comment 20 for post 51', 20);
INSERT INTO write_comments (comment, post_id) VALUES ('Comment 21 for post 51', 21);
INSERT INTO read_comments (comment, post_id) VALUES ('Comment 21 for post 51', 21);
INSERT INTO write_comments (comment, post_id) VALUES ('Comment 22 for post 51', 22);
INSERT INTO read_comments (comment, post_id) VALUES ('Comment 22 for post 51', 22);
INSERT INTO write_comments (comment, post_id) VALUES ('Comment 23 for post 51', 23);
INSERT INTO read_comments (comment, post_id) VALUES ('Comment 23 for post 51', 23);
INSERT INTO write_comments (comment, post_id) VALUES ('Comment 24 for post 51', 24);
INSERT INTO read_comments (comment, post_id) VALUES ('Comment 24 for post 51', 24);
INSERT INTO write_comments (comment, post_id) VALUES ('Comment 25 for post 51', 25);
INSERT INTO read_comments (comment, post_id) VALUES ('Comment 25 for post 51', 25);
INSERT INTO write_comments (comment, post_id) VALUES ('Comment 26 for post 51', 26);
INSERT INTO read_comments (comment, post_id) VALUES ('Comment 26 for post 51', 26);
INSERT INTO write_comments (comment, post_id) VALUES ('Comment 27 for post 51', 27);
INSERT INTO read_comments (comment, post_id) VALUES ('Comment 27 for post 51', 27);
INSERT INTO write_comments (comment, post_id) VALUES ('Comment 28 for post 51', 28);
INSERT INTO read_comments (comment, post_id) VALUES ('Comment 28 for post 51', 28);
INSERT INTO write_comments (comment, post_id) VALUES ('Comment 29 for post 51', 29);
INSERT INTO read_comments (comment, post_id) VALUES ('Comment 29 for post 51', 29);
INSERT INTO write_comments (comment, post_id) VALUES ('Comment 30 for post 51', 30);
INSERT INTO read_comments (comment, post_id) VALUES ('Comment 30 for post 51', 30);
INSERT INTO write_comments (comment, post_id) VALUES ('Comment 31 for post 51', 31);
INSERT INTO read_comments (comment, post_id) VALUES ('Comment 31 for post 51', 31);
INSERT INTO write_comments (comment, post_id) VALUES ('Comment 32 for post 51', 32);
INSERT INTO read_comments (comment, post_id) VALUES ('Comment 32 for post 51', 32);
INSERT INTO write_comments (comment, post_id) VALUES ('Comment 33 for post 51', 33);
INSERT INTO read_comments (comment, post_id) VALUES ('Comment 33 for post 51', 33);
INSERT INTO write_comments (comment, post_id) VALUES ('Comment 34 for post 51', 34);
INSERT INTO read_comments (comment, post_id) VALUES ('Comment 34 for post 51', 34);
INSERT INTO write_comments (comment, post_id) VALUES ('Comment 35 for post 51', 35);
INSERT INTO read_comments (comment, post_id) VALUES ('Comment 35 for post 51', 35);
INSERT INTO write_comments (comment, post_id) VALUES ('Comment 36 for post 51', 36);
INSERT INTO read_comments (comment, post_id) VALUES ('Comment 36 for post 51', 36);
INSERT INTO write_comments (comment, post_id) VALUES ('Comment 37 for post 51', 37);
INSERT INTO read_comments (comment, post_id) VALUES ('Comment 37 for post 51', 37);
INSERT INTO write_comments (comment, post_id) VALUES ('Comment 38 for post 51', 38);
INSERT INTO read_comments (comment, post_id) VALUES ('Comment 38 for post 51', 38);
INSERT INTO write_comments (comment, post_id) VALUES ('Comment 39 for post 51', 39);
INSERT INTO read_comments (comment, post_id) VALUES ('Comment 39 for post 51', 39);
INSERT INTO write_comments (comment, post_id) VALUES ('Comment 40 for post 51', 40);
INSERT INTO read_comments (comment, post_id) VALUES ('Comment 40 for post 51', 40);
INSERT INTO write_comments (comment, post_id) VALUES ('Comment 41 for post 51', 41);
INSERT INTO read_comments (comment, post_id) VALUES ('Comment 41 for post 51', 41);
INSERT INTO write_comments (comment, post_id) VALUES ('Comment 42 for post 51', 42);
INSERT INTO read_comments (comment, post_id) VALUES ('Comment 42 for post 51', 42);
INSERT INTO write_comments (comment, post_id) VALUES ('Comment 43 for post 51', 43);
INSERT INTO read_comments (comment, post_id) VALUES ('Comment 43 for post 51', 43);
INSERT INTO write_comments (comment, post_id) VALUES ('Comment 44 for post 51', 44);
INSERT INTO read_comments (comment, post_id) VALUES ('Comment 44 for post 51', 44);
INSERT INTO write_comments (comment, post_id) VALUES ('Comment 45 for post 51', 45);
INSERT INTO read_comments (comment, post_id) VALUES ('Comment 45 for post 51', 45);
INSERT INTO write_comments (comment, post_id) VALUES ('Comment 46 for post 51', 46);
INSERT INTO read_comments (comment, post_id) VALUES ('Comment 46 for post 51', 46);
INSERT INTO write_comments (comment, post_id) VALUES ('Comment 47 for post 51', 47);
INSERT INTO read_comments (comment, post_id) VALUES ('Comment 47 for post 51', 47);
INSERT INTO write_comments (comment, post_id) VALUES ('Comment 48 for post 51', 48);
INSERT INTO read_comments (comment, post_id) VALUES ('Comment 48 for post 51', 48);
INSERT INTO write_comments (comment, post_id) VALUES ('Comment 49 for post 51', 49);
INSERT INTO read_comments (comment, post_id) VALUES ('Comment 49 for post 51', 49);
INSERT INTO write_comments (comment, post_id) VALUES ('Comment 50 for post 51', 50);
INSERT INTO read_comments (comment, post_id) VALUES ('Comment 50 for post 51', 50);
INSERT INTO write_comments (comment, post_id) VALUES ('Comment 51 for post 51', 51);
INSERT INTO read_comments (comment, post_id) VALUES ('Comment 51 for post 51', 51);
INSERT INTO write_comments (comment, post_id) VALUES ('Comment 52 for post 51', 52);
INSERT INTO read_comments (comment, post_id) VALUES ('Comment 52 for post 51', 52);
INSERT INTO write_comments (comment, post_id) VALUES ('Comment 53 for post 51', 53);
INSERT INTO read_comments (comment, post_id) VALUES ('Comment 53 for post 51', 53);
INSERT INTO write_comments (comment, post_id) VALUES ('Comment 54 for post 51', 54);
INSERT INTO read_comments (comment, post_id) VALUES ('Comment 54 for post 51', 54);
INSERT INTO write_comments (comment, post_id) VALUES ('Comment 55 for post 51', 55);
INSERT INTO read_comments (comment, post_id) VALUES ('Comment 55 for post 51', 55);
INSERT INTO write_comments (comment, post_id) VALUES ('Comment 56 for post 51', 56);
INSERT INTO read_comments (comment, post_id) VALUES ('Comment 56 for post 51', 56);
INSERT INTO write_comments (comment, post_id) VALUES ('Comment 57 for post 51', 57);
INSERT INTO read_comments (comment, post_id) VALUES ('Comment 57 for post 51', 57);
INSERT INTO write_comments (comment, post_id) VALUES ('Comment 58 for post 51', 58);
INSERT INTO read_comments (comment, post_id) VALUES ('Comment 58 for post 51', 58);
INSERT INTO write_comments (comment, post_id) VALUES ('Comment 59 for post 51', 59);
INSERT INTO read_comments (comment, post_id) VALUES ('Comment 59 for post 51', 59);
INSERT INTO write_comments (comment, post_id) VALUES ('Comment 60 for post 51', 60);
INSERT INTO read_comments (comment, post_id) VALUES ('Comment 60 for post 51', 60);
INSERT INTO write_comments (comment, post_id) VALUES ('Comment 61 for post 51', 61);
INSERT INTO read_comments (comment, post_id) VALUES ('Comment 61 for post 51', 61);
INSERT INTO write_comments (comment, post_id) VALUES ('Comment 62 for post 51', 62);
INSERT INTO read_comments (comment, post_id) VALUES ('Comment 62 for post 51', 62);
INSERT INTO write_comments (comment, post_id) VALUES ('Comment 63 for post 51', 63);
INSERT INTO read_comments (comment, post_id) VALUES ('Comment 63 for post 51', 63);
INSERT INTO write_comments (comment, post_id) VALUES ('Comment 64 for post 51', 64);
INSERT INTO read_comments (comment, post_id) VALUES ('Comment 64 for post 51', 64);
INSERT INTO write_comments (comment, post_id) VALUES ('Comment 65 for post 51', 65);
INSERT INTO read_comments (comment, post_id) VALUES ('Comment 65 for post 51', 65);
INSERT INTO write_comments (comment, post_id) VALUES ('Comment 66 for post 51', 66);
INSERT INTO read_comments (comment, post_id) VALUES ('Comment 66 for post 51', 66);
INSERT INTO write_comments (comment, post_id) VALUES ('Comment 67 for post 51', 67);
INSERT INTO read_comments (comment, post_id) VALUES ('Comment 67 for post 51', 67);
INSERT INTO write_comments (comment, post_id) VALUES ('Comment 68 for post 51', 68);
INSERT INTO read_comments (comment, post_id) VALUES ('Comment 68 for post 51', 68);
INSERT INTO write_comments (comment, post_id) VALUES ('Comment 69 for post 51', 69);
INSERT INTO read_comments (comment, post_id) VALUES ('Comment 69 for post 51', 69);
INSERT INTO write_comments (comment, post_id) VALUES ('Comment 70 for post 51', 70);
INSERT INTO read_comments (comment, post_id) VALUES ('Comment 70 for post 51', 70);
INSERT INTO write_comments (comment, post_id) VALUES ('Comment 71 for post 51', 71);
INSERT INTO read_comments (comment, post_id) VALUES ('Comment 71 for post 51', 71);
INSERT INTO write_comments (comment, post_id) VALUES ('Comment 72 for post 51', 72);
INSERT INTO read_comments (comment, post_id) VALUES ('Comment 72 for post 51', 72);
INSERT INTO write_comments (comment, post_id) VALUES ('Comment 73 for post 51', 73);
INSERT INTO read_comments (comment, post_id) VALUES ('Comment 73 for post 51', 73);
INSERT INTO write_comments (comment, post_id) VALUES ('Comment 74 for post 51', 74);
INSERT INTO read_comments (comment, post_id) VALUES ('Comment 74 for post 51', 74);
INSERT INTO write_comments (comment, post_id) VALUES ('Comment 75 for post 51', 75);
INSERT INTO read_comments (comment, post_id) VALUES ('Comment 75 for post 51', 75);
INSERT INTO write_comments (comment, post_id) VALUES ('Comment 76 for post 51', 76);
INSERT INTO read_comments (comment, post_id) VALUES ('Comment 76 for post 51', 76);
INSERT INTO write_comments (comment, post_id) VALUES ('Comment 77 for post 51', 77);
INSERT INTO read_comments (comment, post_id) VALUES ('Comment 77 for post 51', 77);
INSERT INTO write_comments (comment, post_id) VALUES ('Comment 78 for post 51', 78);
INSERT INTO read_comments (comment, post_id) VALUES ('Comment 78 for post 51', 78);
INSERT INTO write_comments (comment, post_id) VALUES ('Comment 79 for post 51', 79);
INSERT INTO read_comments (comment, post_id) VALUES ('Comment 79 for post 51', 79);
INSERT INTO write_comments (comment, post_id) VALUES ('Comment 80 for post 51', 80);
INSERT INTO read_comments (comment, post_id) VALUES ('Comment 80 for post 51', 80);
INSERT INTO write_comments (comment, post_id) VALUES ('Comment 81 for post 51', 81);
INSERT INTO read_comments (comment, post_id) VALUES ('Comment 81 for post 51', 81);
INSERT INTO write_comments (comment, post_id) VALUES ('Comment 82 for post 51', 82);
INSERT INTO read_comments (comment, post_id) VALUES ('Comment 82 for post 51', 82);
INSERT INTO write_comments (comment, post_id) VALUES ('Comment 83 for post 51', 83);
INSERT INTO read_comments (comment, post_id) VALUES ('Comment 83 for post 51', 83);
INSERT INTO write_comments (comment, post_id) VALUES ('Comment 84 for post 51', 84);
INSERT INTO read_comments (comment, post_id) VALUES ('Comment 84 for post 51', 84);
INSERT INTO write_comments (comment, post_id) VALUES ('Comment 85 for post 51', 85);
INSERT INTO read_comments (comment, post_id) VALUES ('Comment 85 for post 51', 85);
INSERT INTO write_comments (comment, post_id) VALUES ('Comment 86 for post 51', 86);
INSERT INTO read_comments (comment, post_id) VALUES ('Comment 86 for post 51', 86);
INSERT INTO write_comments (comment, post_id) VALUES ('Comment 87 for post 51', 87);
INSERT INTO read_comments (comment, post_id) VALUES ('Comment 87 for post 51', 87);
INSERT INTO write_comments (comment, post_id) VALUES ('Comment 88 for post 51', 88);
INSERT INTO read_comments (comment, post_id) VALUES ('Comment 88 for post 51', 88);
INSERT INTO write_comments (comment, post_id) VALUES ('Comment 89 for post 51', 89);
INSERT INTO read_comments (comment, post_id) VALUES ('Comment 89 for post 51', 89);
INSERT INTO write_comments (comment, post_id) VALUES ('Comment 90 for post 51', 90);
INSERT INTO read_comments (comment, post_id) VALUES ('Comment 90 for post 51', 90);
INSERT INTO write_comments (comment, post_id) VALUES ('Comment 91 for post 51', 91);
INSERT INTO read_comments (comment, post_id) VALUES ('Comment 91 for post 51', 91);
INSERT INTO write_comments (comment, post_id) VALUES ('Comment 92 for post 51', 92);
INSERT INTO read_comments (comment, post_id) VALUES ('Comment 92 for post 51', 92);
INSERT INTO write_comments (comment, post_id) VALUES ('Comment 93 for post 51', 93);
INSERT INTO read_comments (comment, post_id) VALUES ('Comment 93 for post 51', 93);
INSERT INTO write_comments (comment, post_id) VALUES ('Comment 94 for post 51', 94);
INSERT INTO read_comments (comment, post_id) VALUES ('Comment 94 for post 51', 94);
INSERT INTO write_comments (comment, post_id) VALUES ('Comment 95 for post 51', 95);
INSERT INTO read_comments (comment, post_id) VALUES ('Comment 95 for post 51', 95);
INSERT INTO write_comments (comment, post_id) VALUES ('Comment 96 for post 51', 96);
INSERT INTO read_comments (comment, post_id) VALUES ('Comment 96 for post 51', 96);
INSERT INTO write_comments (comment, post_id) VALUES ('Comment 97 for post 51', 97);
INSERT INTO read_comments (comment, post_id) VALUES ('Comment 97 for post 51', 97);
INSERT INTO write_comments (comment, post_id) VALUES ('Comment 98 for post 51', 98);
INSERT INTO read_comments (comment, post_id) VALUES ('Comment 98 for post 51', 98);
INSERT INTO write_comments (comment, post_id) VALUES ('Comment 99 for post 51', 99);
INSERT INTO read_comments (comment, post_id) VALUES ('Comment 99 for post 51', 99);
INSERT INTO write_comments (comment, post_id) VALUES ('Comment 100 for post 51', 100);
INSERT INTO read_comments (comment, post_id) VALUES ('Comment 100 for post 51', 100);
INSERT INTO write_comments (comment, post_id) VALUES ('Comment 1 for post 52', 1);
INSERT INTO read_comments (comment, post_id) VALUES ('Comment 1 for post 52', 1);
INSERT INTO write_comments (comment, post_id) VALUES ('Comment 2 for post 52', 2);
INSERT INTO read_comments (comment, post_id) VALUES ('Comment 2 for post 52', 2);
INSERT INTO write_comments (comment, post_id) VALUES ('Comment 3 for post 52', 3);
INSERT INTO read_comments (comment, post_id) VALUES ('Comment 3 for post 52', 3);
INSERT INTO write_comments (comment, post_id) VALUES ('Comment 4 for post 52', 4);
INSERT INTO read_comments (comment, post_id) VALUES ('Comment 4 for post 52', 4);
INSERT INTO write_comments (comment, post_id) VALUES ('Comment 5 for post 52', 5);
INSERT INTO read_comments (comment, post_id) VALUES ('Comment 5 for post 52', 5);
INSERT INTO write_comments (comment, post_id) VALUES ('Comment 6 for post 52', 6);
INSERT INTO read_comments (comment, post_id) VALUES ('Comment 6 for post 52', 6);
INSERT INTO write_comments (comment, post_id) VALUES ('Comment 7 for post 52', 7);
INSERT INTO read_comments (comment, post_id) VALUES ('Comment 7 for post 52', 7);
INSERT INTO write_comments (comment, post_id) VALUES ('Comment 8 for post 52', 8);
INSERT INTO read_comments (comment, post_id) VALUES ('Comment 8 for post 52', 8);
INSERT INTO write_comments (comment, post_id) VALUES ('Comment 9 for post 52', 9);
INSERT INTO read_comments (comment, post_id) VALUES ('Comment 9 for post 52', 9);
INSERT INTO write_comments (comment, post_id) VALUES ('Comment 10 for post 52', 10);
INSERT INTO read_comments (comment, post_id) VALUES ('Comment 10 for post 52', 10);
INSERT INTO write_comments (comment, post_id) VALUES ('Comment 11 for post 52', 11);
INSERT INTO read_comments (comment, post_id) VALUES ('Comment 11 for post 52', 11);
INSERT INTO write_comments (comment, post_id) VALUES ('Comment 12 for post 52', 12);
INSERT INTO read_comments (comment, post_id) VALUES ('Comment 12 for post 52', 12);
INSERT INTO write_comments (comment, post_id) VALUES ('Comment 13 for post 52', 13);
INSERT INTO read_comments (comment, post_id) VALUES ('Comment 13 for post 52', 13);
INSERT INTO write_comments (comment, post_id) VALUES ('Comment 14 for post 52', 14);
INSERT INTO read_comments (comment, post_id) VALUES ('Comment 14 for post 52', 14);
INSERT INTO write_comments (comment, post_id) VALUES ('Comment 15 for post 52', 15);
INSERT INTO read_comments (comment, post_id) VALUES ('Comment 15 for post 52', 15);
INSERT INTO write_comments (comment, post_id) VALUES ('Comment 16 for post 52', 16);
INSERT INTO read_comments (comment, post_id) VALUES ('Comment 16 for post 52', 16);
INSERT INTO write_comments (comment, post_id) VALUES ('Comment 17 for post 52', 17);
INSERT INTO read_comments (comment, post_id) VALUES ('Comment 17 for post 52', 17);
INSERT INTO write_comments (comment, post_id) VALUES ('Comment 18 for post 52', 18);
INSERT INTO read_comments (comment, post_id) VALUES ('Comment 18 for post 52', 18);
INSERT INTO write_comments (comment, post_id) VALUES ('Comment 19 for post 52', 19);
INSERT INTO read_comments (comment, post_id) VALUES ('Comment 19 for post 52', 19);
INSERT INTO write_comments (comment, post_id) VALUES ('Comment 20 for post 52', 20);
INSERT INTO read_comments (comment, post_id) VALUES ('Comment 20 for post 52', 20);
INSERT INTO write_comments (comment, post_id) VALUES ('Comment 21 for post 52', 21);
INSERT INTO read_comments (comment, post_id) VALUES ('Comment 21 for post 52', 21);
INSERT INTO write_comments (comment, post_id) VALUES ('Comment 22 for post 52', 22);
INSERT INTO read_comments (comment, post_id) VALUES ('Comment 22 for post 52', 22);
INSERT INTO write_comments (comment, post_id) VALUES ('Comment 23 for post 52', 23);
INSERT INTO read_comments (comment, post_id) VALUES ('Comment 23 for post 52', 23);
INSERT INTO write_comments (comment, post_id) VALUES ('Comment 24 for post 52', 24);
INSERT INTO read_comments (comment, post_id) VALUES ('Comment 24 for post 52', 24);
INSERT INTO write_comments (comment, post_id) VALUES ('Comment 25 for post 52', 25);
INSERT INTO read_comments (comment, post_id) VALUES ('Comment 25 for post 52', 25);
INSERT INTO write_comments (comment, post_id) VALUES ('Comment 26 for post 52', 26);
INSERT INTO read_comments (comment, post_id) VALUES ('Comment 26 for post 52', 26);
INSERT INTO write_comments (comment, post_id) VALUES ('Comment 27 for post 52', 27);
INSERT INTO read_comments (comment, post_id) VALUES ('Comment 27 for post 52', 27);
INSERT INTO write_comments (comment, post_id) VALUES ('Comment 28 for post 52', 28);
INSERT INTO read_comments (comment, post_id) VALUES ('Comment 28 for post 52', 28);
INSERT INTO write_comments (comment, post_id) VALUES ('Comment 29 for post 52', 29);
INSERT INTO read_comments (comment, post_id) VALUES ('Comment 29 for post 52', 29);
INSERT INTO write_comments (comment, post_id) VALUES ('Comment 30 for post 52', 30);
INSERT INTO read_comments (comment, post_id) VALUES ('Comment 30 for post 52', 30);
INSERT INTO write_comments (comment, post_id) VALUES ('Comment 31 for post 52', 31);
INSERT INTO read_comments (comment, post_id) VALUES ('Comment 31 for post 52', 31);
INSERT INTO write_comments (comment, post_id) VALUES ('Comment 32 for post 52', 32);
INSERT INTO read_comments (comment, post_id) VALUES ('Comment 32 for post 52', 32);
INSERT INTO write_comments (comment, post_id) VALUES ('Comment 33 for post 52', 33);
INSERT INTO read_comments (comment, post_id) VALUES ('Comment 33 for post 52', 33);
INSERT INTO write_comments (comment, post_id) VALUES ('Comment 34 for post 52', 34);
INSERT INTO read_comments (comment, post_id) VALUES ('Comment 34 for post 52', 34);
INSERT INTO write_comments (comment, post_id) VALUES ('Comment 35 for post 52', 35);
INSERT INTO read_comments (comment, post_id) VALUES ('Comment 35 for post 52', 35);
INSERT INTO write_comments (comment, post_id) VALUES ('Comment 36 for post 52', 36);
INSERT INTO read_comments (comment, post_id) VALUES ('Comment 36 for post 52', 36);
INSERT INTO write_comments (comment, post_id) VALUES ('Comment 37 for post 52', 37);
INSERT INTO read_comments (comment, post_id) VALUES ('Comment 37 for post 52', 37);
INSERT INTO write_comments (comment, post_id) VALUES ('Comment 38 for post 52', 38);
INSERT INTO read_comments (comment, post_id) VALUES ('Comment 38 for post 52', 38);
INSERT INTO write_comments (comment, post_id) VALUES ('Comment 39 for post 52', 39);
INSERT INTO read_comments (comment, post_id) VALUES ('Comment 39 for post 52', 39);
INSERT INTO write_comments (comment, post_id) VALUES ('Comment 40 for post 52', 40);
INSERT INTO read_comments (comment, post_id) VALUES ('Comment 40 for post 52', 40);
INSERT INTO write_comments (comment, post_id) VALUES ('Comment 41 for post 52', 41);
INSERT INTO read_comments (comment, post_id) VALUES ('Comment 41 for post 52', 41);
INSERT INTO write_comments (comment, post_id) VALUES ('Comment 42 for post 52', 42);
INSERT INTO read_comments (comment, post_id) VALUES ('Comment 42 for post 52', 42);
INSERT INTO write_comments (comment, post_id) VALUES ('Comment 43 for post 52', 43);
INSERT INTO read_comments (comment, post_id) VALUES ('Comment 43 for post 52', 43);
INSERT INTO write_comments (comment, post_id) VALUES ('Comment 44 for post 52', 44);
INSERT INTO read_comments (comment, post_id) VALUES ('Comment 44 for post 52', 44);
INSERT INTO write_comments (comment, post_id) VALUES ('Comment 45 for post 52', 45);
INSERT INTO read_comments (comment, post_id) VALUES ('Comment 45 for post 52', 45);
INSERT INTO write_comments (comment, post_id) VALUES ('Comment 46 for post 52', 46);
INSERT INTO read_comments (comment, post_id) VALUES ('Comment 46 for post 52', 46);
INSERT INTO write_comments (comment, post_id) VALUES ('Comment 47 for post 52', 47);
INSERT INTO read_comments (comment, post_id) VALUES ('Comment 47 for post 52', 47);
INSERT INTO write_comments (comment, post_id) VALUES ('Comment 48 for post 52', 48);
INSERT INTO read_comments (comment, post_id) VALUES ('Comment 48 for post 52', 48);
INSERT INTO write_comments (comment, post_id) VALUES ('Comment 49 for post 52', 49);
INSERT INTO read_comments (comment, post_id) VALUES ('Comment 49 for post 52', 49);
INSERT INTO write_comments (comment, post_id) VALUES ('Comment 50 for post 52', 50);
INSERT INTO read_comments (comment, post_id) VALUES ('Comment 50 for post 52', 50);
INSERT INTO write_comments (comment, post_id) VALUES ('Comment 51 for post 52', 51);
INSERT INTO read_comments (comment, post_id) VALUES ('Comment 51 for post 52', 51);
INSERT INTO write_comments (comment, post_id) VALUES ('Comment 52 for post 52', 52);
INSERT INTO read_comments (comment, post_id) VALUES ('Comment 52 for post 52', 52);
INSERT INTO write_comments (comment, post_id) VALUES ('Comment 53 for post 52', 53);
INSERT INTO read_comments (comment, post_id) VALUES ('Comment 53 for post 52', 53);
INSERT INTO write_comments (comment, post_id) VALUES ('Comment 54 for post 52', 54);
INSERT INTO read_comments (comment, post_id) VALUES ('Comment 54 for post 52', 54);
INSERT INTO write_comments (comment, post_id) VALUES ('Comment 55 for post 52', 55);
INSERT INTO read_comments (comment, post_id) VALUES ('Comment 55 for post 52', 55);
INSERT INTO write_comments (comment, post_id) VALUES ('Comment 56 for post 52', 56);
INSERT INTO read_comments (comment, post_id) VALUES ('Comment 56 for post 52', 56);
INSERT INTO write_comments (comment, post_id) VALUES ('Comment 57 for post 52', 57);
INSERT INTO read_comments (comment, post_id) VALUES ('Comment 57 for post 52', 57);
INSERT INTO write_comments (comment, post_id) VALUES ('Comment 58 for post 52', 58);
INSERT INTO read_comments (comment, post_id) VALUES ('Comment 58 for post 52', 58);
INSERT INTO write_comments (comment, post_id) VALUES ('Comment 59 for post 52', 59);
INSERT INTO read_comments (comment, post_id) VALUES ('Comment 59 for post 52', 59);
INSERT INTO write_comments (comment, post_id) VALUES ('Comment 60 for post 52', 60);
INSERT INTO read_comments (comment, post_id) VALUES ('Comment 60 for post 52', 60);
INSERT INTO write_comments (comment, post_id) VALUES ('Comment 61 for post 52', 61);
INSERT INTO read_comments (comment, post_id) VALUES ('Comment 61 for post 52', 61);
INSERT INTO write_comments (comment, post_id) VALUES ('Comment 62 for post 52', 62);
INSERT INTO read_comments (comment, post_id) VALUES ('Comment 62 for post 52', 62);
INSERT INTO write_comments (comment, post_id) VALUES ('Comment 63 for post 52', 63);
INSERT INTO read_comments (comment, post_id) VALUES ('Comment 63 for post 52', 63);
INSERT INTO write_comments (comment, post_id) VALUES ('Comment 64 for post 52', 64);
INSERT INTO read_comments (comment, post_id) VALUES ('Comment 64 for post 52', 64);
INSERT INTO write_comments (comment, post_id) VALUES ('Comment 65 for post 52', 65);
INSERT INTO read_comments (comment, post_id) VALUES ('Comment 65 for post 52', 65);
INSERT INTO write_comments (comment, post_id) VALUES ('Comment 66 for post 52', 66);
INSERT INTO read_comments (comment, post_id) VALUES ('Comment 66 for post 52', 66);
INSERT INTO write_comments (comment, post_id) VALUES ('Comment 67 for post 52', 67);
INSERT INTO read_comments (comment, post_id) VALUES ('Comment 67 for post 52', 67);
INSERT INTO write_comments (comment, post_id) VALUES ('Comment 68 for post 52', 68);
INSERT INTO read_comments (comment, post_id) VALUES ('Comment 68 for post 52', 68);
INSERT INTO write_comments (comment, post_id) VALUES ('Comment 69 for post 52', 69);
INSERT INTO read_comments (comment, post_id) VALUES ('Comment 69 for post 52', 69);
INSERT INTO write_comments (comment, post_id) VALUES ('Comment 70 for post 52', 70);
INSERT INTO read_comments (comment, post_id) VALUES ('Comment 70 for post 52', 70);
INSERT INTO write_comments (comment, post_id) VALUES ('Comment 71 for post 52', 71);
INSERT INTO read_comments (comment, post_id) VALUES ('Comment 71 for post 52', 71);
INSERT INTO write_comments (comment, post_id) VALUES ('Comment 72 for post 52', 72);
INSERT INTO read_comments (comment, post_id) VALUES ('Comment 72 for post 52', 72);
INSERT INTO write_comments (comment, post_id) VALUES ('Comment 73 for post 52', 73);
INSERT INTO read_comments (comment, post_id) VALUES ('Comment 73 for post 52', 73);
INSERT INTO write_comments (comment, post_id) VALUES ('Comment 74 for post 52', 74);
INSERT INTO read_comments (comment, post_id) VALUES ('Comment 74 for post 52', 74);
INSERT INTO write_comments (comment, post_id) VALUES ('Comment 75 for post 52', 75);
INSERT INTO read_comments (comment, post_id) VALUES ('Comment 75 for post 52', 75);
INSERT INTO write_comments (comment, post_id) VALUES ('Comment 76 for post 52', 76);
INSERT INTO read_comments (comment, post_id) VALUES ('Comment 76 for post 52', 76);
INSERT INTO write_comments (comment, post_id) VALUES ('Comment 77 for post 52', 77);
INSERT INTO read_comments (comment, post_id) VALUES ('Comment 77 for post 52', 77);
INSERT INTO write_comments (comment, post_id) VALUES ('Comment 78 for post 52', 78);
INSERT INTO read_comments (comment, post_id) VALUES ('Comment 78 for post 52', 78);
INSERT INTO write_comments (comment, post_id) VALUES ('Comment 79 for post 52', 79);
INSERT INTO read_comments (comment, post_id) VALUES ('Comment 79 for post 52', 79);
INSERT INTO write_comments (comment, post_id) VALUES ('Comment 80 for post 52', 80);
INSERT INTO read_comments (comment, post_id) VALUES ('Comment 80 for post 52', 80);
INSERT INTO write_comments (comment, post_id) VALUES ('Comment 81 for post 52', 81);
INSERT INTO read_comments (comment, post_id) VALUES ('Comment 81 for post 52', 81);
INSERT INTO write_comments (comment, post_id) VALUES ('Comment 82 for post 52', 82);
INSERT INTO read_comments (comment, post_id) VALUES ('Comment 82 for post 52', 82);
INSERT INTO write_comments (comment, post_id) VALUES ('Comment 83 for post 52', 83);
INSERT INTO read_comments (comment, post_id) VALUES ('Comment 83 for post 52', 83);
INSERT INTO write_comments (comment, post_id) VALUES ('Comment 84 for post 52', 84);
INSERT INTO read_comments (comment, post_id) VALUES ('Comment 84 for post 52', 84);
INSERT INTO write_comments (comment, post_id) VALUES ('Comment 85 for post 52', 85);
INSERT INTO read_comments (comment, post_id) VALUES ('Comment 85 for post 52', 85);
INSERT INTO write_comments (comment, post_id) VALUES ('Comment 86 for post 52', 86);
INSERT INTO read_comments (comment, post_id) VALUES ('Comment 86 for post 52', 86);
INSERT INTO write_comments (comment, post_id) VALUES ('Comment 87 for post 52', 87);
INSERT INTO read_comments (comment, post_id) VALUES ('Comment 87 for post 52', 87);
INSERT INTO write_comments (comment, post_id) VALUES ('Comment 88 for post 52', 88);
INSERT INTO read_comments (comment, post_id) VALUES ('Comment 88 for post 52', 88);
INSERT INTO write_comments (comment, post_id) VALUES ('Comment 89 for post 52', 89);
INSERT INTO read_comments (comment, post_id) VALUES ('Comment 89 for post 52', 89);
INSERT INTO write_comments (comment, post_id) VALUES ('Comment 90 for post 52', 90);
INSERT INTO read_comments (comment, post_id) VALUES ('Comment 90 for post 52', 90);
INSERT INTO write_comments (comment, post_id) VALUES ('Comment 91 for post 52', 91);
INSERT INTO read_comments (comment, post_id) VALUES ('Comment 91 for post 52', 91);
INSERT INTO write_comments (comment, post_id) VALUES ('Comment 92 for post 52', 92);
INSERT INTO read_comments (comment, post_id) VALUES ('Comment 92 for post 52', 92);
INSERT INTO write_comments (comment, post_id) VALUES ('Comment 93 for post 52', 93);
INSERT INTO read_comments (comment, post_id) VALUES ('Comment 93 for post 52', 93);
INSERT INTO write_comments (comment, post_id) VALUES ('Comment 94 for post 52', 94);
INSERT INTO read_comments (comment, post_id) VALUES ('Comment 94 for post 52', 94);
INSERT INTO write_comments (comment, post_id) VALUES ('Comment 95 for post 52', 95);
INSERT INTO read_comments (comment, post_id) VALUES ('Comment 95 for post 52', 95);
INSERT INTO write_comments (comment, post_id) VALUES ('Comment 96 for post 52', 96);
INSERT INTO read_comments (comment, post_id) VALUES ('Comment 96 for post 52', 96);
INSERT INTO write_comments (comment, post_id) VALUES ('Comment 97 for post 52', 97);
INSERT INTO read_comments (comment, post_id) VALUES ('Comment 97 for post 52', 97);
INSERT INTO write_comments (comment, post_id) VALUES ('Comment 98 for post 52', 98);
INSERT INTO read_comments (comment, post_id) VALUES ('Comment 98 for post 52', 98);
INSERT INTO write_comments (comment, post_id) VALUES ('Comment 99 for post 52', 99);
INSERT INTO read_comments (comment, post_id) VALUES ('Comment 99 for post 52', 99);
INSERT INTO write_comments (comment, post_id) VALUES ('Comment 100 for post 52', 100);
INSERT INTO read_comments (comment, post_id) VALUES ('Comment 100 for post 52', 100);
INSERT INTO write_comments (comment, post_id) VALUES ('Comment 1 for post 53', 1);
INSERT INTO read_comments (comment, post_id) VALUES ('Comment 1 for post 53', 1);
INSERT INTO write_comments (comment, post_id) VALUES ('Comment 2 for post 53', 2);
INSERT INTO read_comments (comment, post_id) VALUES ('Comment 2 for post 53', 2);
INSERT INTO write_comments (comment, post_id) VALUES ('Comment 3 for post 53', 3);
INSERT INTO read_comments (comment, post_id) VALUES ('Comment 3 for post 53', 3);
INSERT INTO write_comments (comment, post_id) VALUES ('Comment 4 for post 53', 4);
INSERT INTO read_comments (comment, post_id) VALUES ('Comment 4 for post 53', 4);
INSERT INTO write_comments (comment, post_id) VALUES ('Comment 5 for post 53', 5);
INSERT INTO read_comments (comment, post_id) VALUES ('Comment 5 for post 53', 5);
INSERT INTO write_comments (comment, post_id) VALUES ('Comment 6 for post 53', 6);
INSERT INTO read_comments (comment, post_id) VALUES ('Comment 6 for post 53', 6);
INSERT INTO write_comments (comment, post_id) VALUES ('Comment 7 for post 53', 7);
INSERT INTO read_comments (comment, post_id) VALUES ('Comment 7 for post 53', 7);
INSERT INTO write_comments (comment, post_id) VALUES ('Comment 8 for post 53', 8);
INSERT INTO read_comments (comment, post_id) VALUES ('Comment 8 for post 53', 8);
INSERT INTO write_comments (comment, post_id) VALUES ('Comment 9 for post 53', 9);
INSERT INTO read_comments (comment, post_id) VALUES ('Comment 9 for post 53', 9);
INSERT INTO write_comments (comment, post_id) VALUES ('Comment 10 for post 53', 10);
INSERT INTO read_comments (comment, post_id) VALUES ('Comment 10 for post 53', 10);
INSERT INTO write_comments (comment, post_id) VALUES ('Comment 11 for post 53', 11);
INSERT INTO read_comments (comment, post_id) VALUES ('Comment 11 for post 53', 11);
INSERT INTO write_comments (comment, post_id) VALUES ('Comment 12 for post 53', 12);
INSERT INTO read_comments (comment, post_id) VALUES ('Comment 12 for post 53', 12);
INSERT INTO write_comments (comment, post_id) VALUES ('Comment 13 for post 53', 13);
INSERT INTO read_comments (comment, post_id) VALUES ('Comment 13 for post 53', 13);
INSERT INTO write_comments (comment, post_id) VALUES ('Comment 14 for post 53', 14);
INSERT INTO read_comments (comment, post_id) VALUES ('Comment 14 for post 53', 14);
INSERT INTO write_comments (comment, post_id) VALUES ('Comment 15 for post 53', 15);
INSERT INTO read_comments (comment, post_id) VALUES ('Comment 15 for post 53', 15);
INSERT INTO write_comments (comment, post_id) VALUES ('Comment 16 for post 53', 16);
INSERT INTO read_comments (comment, post_id) VALUES ('Comment 16 for post 53', 16);
INSERT INTO write_comments (comment, post_id) VALUES ('Comment 17 for post 53', 17);
INSERT INTO read_comments (comment, post_id) VALUES ('Comment 17 for post 53', 17);
INSERT INTO write_comments (comment, post_id) VALUES ('Comment 18 for post 53', 18);
INSERT INTO read_comments (comment, post_id) VALUES ('Comment 18 for post 53', 18);
INSERT INTO write_comments (comment, post_id) VALUES ('Comment 19 for post 53', 19);
INSERT INTO read_comments (comment, post_id) VALUES ('Comment 19 for post 53', 19);
INSERT INTO write_comments (comment, post_id) VALUES ('Comment 20 for post 53', 20);
INSERT INTO read_comments (comment, post_id) VALUES ('Comment 20 for post 53', 20);
INSERT INTO write_comments (comment, post_id) VALUES ('Comment 21 for post 53', 21);
INSERT INTO read_comments (comment, post_id) VALUES ('Comment 21 for post 53', 21);
INSERT INTO write_comments (comment, post_id) VALUES ('Comment 22 for post 53', 22);
INSERT INTO read_comments (comment, post_id) VALUES ('Comment 22 for post 53', 22);
INSERT INTO write_comments (comment, post_id) VALUES ('Comment 23 for post 53', 23);
INSERT INTO read_comments (comment, post_id) VALUES ('Comment 23 for post 53', 23);
INSERT INTO write_comments (comment, post_id) VALUES ('Comment 24 for post 53', 24);
INSERT INTO read_comments (comment, post_id) VALUES ('Comment 24 for post 53', 24);
INSERT INTO write_comments (comment, post_id) VALUES ('Comment 25 for post 53', 25);
INSERT INTO read_comments (comment, post_id) VALUES ('Comment 25 for post 53', 25);
INSERT INTO write_comments (comment, post_id) VALUES ('Comment 26 for post 53', 26);
INSERT INTO read_comments (comment, post_id) VALUES ('Comment 26 for post 53', 26);
INSERT INTO write_comments (comment, post_id) VALUES ('Comment 27 for post 53', 27);
INSERT INTO read_comments (comment, post_id) VALUES ('Comment 27 for post 53', 27);
INSERT INTO write_comments (comment, post_id) VALUES ('Comment 28 for post 53', 28);
INSERT INTO read_comments (comment, post_id) VALUES ('Comment 28 for post 53', 28);
INSERT INTO write_comments (comment, post_id) VALUES ('Comment 29 for post 53', 29);
INSERT INTO read_comments (comment, post_id) VALUES ('Comment 29 for post 53', 29);
INSERT INTO write_comments (comment, post_id) VALUES ('Comment 30 for post 53', 30);
INSERT INTO read_comments (comment, post_id) VALUES ('Comment 30 for post 53', 30);
INSERT INTO write_comments (comment, post_id) VALUES ('Comment 31 for post 53', 31);
INSERT INTO read_comments (comment, post_id) VALUES ('Comment 31 for post 53', 31);
INSERT INTO write_comments (comment, post_id) VALUES ('Comment 32 for post 53', 32);
INSERT INTO read_comments (comment, post_id) VALUES ('Comment 32 for post 53', 32);
INSERT INTO write_comments (comment, post_id) VALUES ('Comment 33 for post 53', 33);
INSERT INTO read_comments (comment, post_id) VALUES ('Comment 33 for post 53', 33);
INSERT INTO write_comments (comment, post_id) VALUES ('Comment 34 for post 53', 34);
INSERT INTO read_comments (comment, post_id) VALUES ('Comment 34 for post 53', 34);
INSERT INTO write_comments (comment, post_id) VALUES ('Comment 35 for post 53', 35);
INSERT INTO read_comments (comment, post_id) VALUES ('Comment 35 for post 53', 35);
INSERT INTO write_comments (comment, post_id) VALUES ('Comment 36 for post 53', 36);
INSERT INTO read_comments (comment, post_id) VALUES ('Comment 36 for post 53', 36);
INSERT INTO write_comments (comment, post_id) VALUES ('Comment 37 for post 53', 37);
INSERT INTO read_comments (comment, post_id) VALUES ('Comment 37 for post 53', 37);
INSERT INTO write_comments (comment, post_id) VALUES ('Comment 38 for post 53', 38);
INSERT INTO read_comments (comment, post_id) VALUES ('Comment 38 for post 53', 38);
INSERT INTO write_comments (comment, post_id) VALUES ('Comment 39 for post 53', 39);
INSERT INTO read_comments (comment, post_id) VALUES ('Comment 39 for post 53', 39);
INSERT INTO write_comments (comment, post_id) VALUES ('Comment 40 for post 53', 40);
INSERT INTO read_comments (comment, post_id) VALUES ('Comment 40 for post 53', 40);
INSERT INTO write_comments (comment, post_id) VALUES ('Comment 41 for post 53', 41);
INSERT INTO read_comments (comment, post_id) VALUES ('Comment 41 for post 53', 41);
INSERT INTO write_comments (comment, post_id) VALUES ('Comment 42 for post 53', 42);
INSERT INTO read_comments (comment, post_id) VALUES ('Comment 42 for post 53', 42);
INSERT INTO write_comments (comment, post_id) VALUES ('Comment 43 for post 53', 43);
INSERT INTO read_comments (comment, post_id) VALUES ('Comment 43 for post 53', 43);
INSERT INTO write_comments (comment, post_id) VALUES ('Comment 44 for post 53', 44);
INSERT INTO read_comments (comment, post_id) VALUES ('Comment 44 for post 53', 44);
INSERT INTO write_comments (comment, post_id) VALUES ('Comment 45 for post 53', 45);
INSERT INTO read_comments (comment, post_id) VALUES ('Comment 45 for post 53', 45);
INSERT INTO write_comments (comment, post_id) VALUES ('Comment 46 for post 53', 46);
INSERT INTO read_comments (comment, post_id) VALUES ('Comment 46 for post 53', 46);
INSERT INTO write_comments (comment, post_id) VALUES ('Comment 47 for post 53', 47);
INSERT INTO read_comments (comment, post_id) VALUES ('Comment 47 for post 53', 47);
INSERT INTO write_comments (comment, post_id) VALUES ('Comment 48 for post 53', 48);
INSERT INTO read_comments (comment, post_id) VALUES ('Comment 48 for post 53', 48);
INSERT INTO write_comments (comment, post_id) VALUES ('Comment 49 for post 53', 49);
INSERT INTO read_comments (comment, post_id) VALUES ('Comment 49 for post 53', 49);
INSERT INTO write_comments (comment, post_id) VALUES ('Comment 50 for post 53', 50);
INSERT INTO read_comments (comment, post_id) VALUES ('Comment 50 for post 53', 50);
INSERT INTO write_comments (comment, post_id) VALUES ('Comment 51 for post 53', 51);
INSERT INTO read_comments (comment, post_id) VALUES ('Comment 51 for post 53', 51);
INSERT INTO write_comments (comment, post_id) VALUES ('Comment 52 for post 53', 52);
INSERT INTO read_comments (comment, post_id) VALUES ('Comment 52 for post 53', 52);
INSERT INTO write_comments (comment, post_id) VALUES ('Comment 53 for post 53', 53);
INSERT INTO read_comments (comment, post_id) VALUES ('Comment 53 for post 53', 53);
INSERT INTO write_comments (comment, post_id) VALUES ('Comment 54 for post 53', 54);
INSERT INTO read_comments (comment, post_id) VALUES ('Comment 54 for post 53', 54);
INSERT INTO write_comments (comment, post_id) VALUES ('Comment 55 for post 53', 55);
INSERT INTO read_comments (comment, post_id) VALUES ('Comment 55 for post 53', 55);
INSERT INTO write_comments (comment, post_id) VALUES ('Comment 56 for post 53', 56);
INSERT INTO read_comments (comment, post_id) VALUES ('Comment 56 for post 53', 56);
INSERT INTO write_comments (comment, post_id) VALUES ('Comment 57 for post 53', 57);
INSERT INTO read_comments (comment, post_id) VALUES ('Comment 57 for post 53', 57);
INSERT INTO write_comments (comment, post_id) VALUES ('Comment 58 for post 53', 58);
INSERT INTO read_comments (comment, post_id) VALUES ('Comment 58 for post 53', 58);
INSERT INTO write_comments (comment, post_id) VALUES ('Comment 59 for post 53', 59);
INSERT INTO read_comments (comment, post_id) VALUES ('Comment 59 for post 53', 59);
INSERT INTO write_comments (comment, post_id) VALUES ('Comment 60 for post 53', 60);
INSERT INTO read_comments (comment, post_id) VALUES ('Comment 60 for post 53', 60);
INSERT INTO write_comments (comment, post_id) VALUES ('Comment 61 for post 53', 61);
INSERT INTO read_comments (comment, post_id) VALUES ('Comment 61 for post 53', 61);
INSERT INTO write_comments (comment, post_id) VALUES ('Comment 62 for post 53', 62);
INSERT INTO read_comments (comment, post_id) VALUES ('Comment 62 for post 53', 62);
INSERT INTO write_comments (comment, post_id) VALUES ('Comment 63 for post 53', 63);
INSERT INTO read_comments (comment, post_id) VALUES ('Comment 63 for post 53', 63);
INSERT INTO write_comments (comment, post_id) VALUES ('Comment 64 for post 53', 64);
INSERT INTO read_comments (comment, post_id) VALUES ('Comment 64 for post 53', 64);
INSERT INTO write_comments (comment, post_id) VALUES ('Comment 65 for post 53', 65);
INSERT INTO read_comments (comment, post_id) VALUES ('Comment 65 for post 53', 65);
INSERT INTO write_comments (comment, post_id) VALUES ('Comment 66 for post 53', 66);
INSERT INTO read_comments (comment, post_id) VALUES ('Comment 66 for post 53', 66);
INSERT INTO write_comments (comment, post_id) VALUES ('Comment 67 for post 53', 67);
INSERT INTO read_comments (comment, post_id) VALUES ('Comment 67 for post 53', 67);
INSERT INTO write_comments (comment, post_id) VALUES ('Comment 68 for post 53', 68);
INSERT INTO read_comments (comment, post_id) VALUES ('Comment 68 for post 53', 68);
INSERT INTO write_comments (comment, post_id) VALUES ('Comment 69 for post 53', 69);
INSERT INTO read_comments (comment, post_id) VALUES ('Comment 69 for post 53', 69);
INSERT INTO write_comments (comment, post_id) VALUES ('Comment 70 for post 53', 70);
INSERT INTO read_comments (comment, post_id) VALUES ('Comment 70 for post 53', 70);
INSERT INTO write_comments (comment, post_id) VALUES ('Comment 71 for post 53', 71);
INSERT INTO read_comments (comment, post_id) VALUES ('Comment 71 for post 53', 71);
INSERT INTO write_comments (comment, post_id) VALUES ('Comment 72 for post 53', 72);
INSERT INTO read_comments (comment, post_id) VALUES ('Comment 72 for post 53', 72);
INSERT INTO write_comments (comment, post_id) VALUES ('Comment 73 for post 53', 73);
INSERT INTO read_comments (comment, post_id) VALUES ('Comment 73 for post 53', 73);
INSERT INTO write_comments (comment, post_id) VALUES ('Comment 74 for post 53', 74);
INSERT INTO read_comments (comment, post_id) VALUES ('Comment 74 for post 53', 74);
INSERT INTO write_comments (comment, post_id) VALUES ('Comment 75 for post 53', 75);
INSERT INTO read_comments (comment, post_id) VALUES ('Comment 75 for post 53', 75);
INSERT INTO write_comments (comment, post_id) VALUES ('Comment 76 for post 53', 76);
INSERT INTO read_comments (comment, post_id) VALUES ('Comment 76 for post 53', 76);
INSERT INTO write_comments (comment, post_id) VALUES ('Comment 77 for post 53', 77);
INSERT INTO read_comments (comment, post_id) VALUES ('Comment 77 for post 53', 77);
INSERT INTO write_comments (comment, post_id) VALUES ('Comment 78 for post 53', 78);
INSERT INTO read_comments (comment, post_id) VALUES ('Comment 78 for post 53', 78);
INSERT INTO write_comments (comment, post_id) VALUES ('Comment 79 for post 53', 79);
INSERT INTO read_comments (comment, post_id) VALUES ('Comment 79 for post 53', 79);
INSERT INTO write_comments (comment, post_id) VALUES ('Comment 80 for post 53', 80);
INSERT INTO read_comments (comment, post_id) VALUES ('Comment 80 for post 53', 80);
INSERT INTO write_comments (comment, post_id) VALUES ('Comment 81 for post 53', 81);
INSERT INTO read_comments (comment, post_id) VALUES ('Comment 81 for post 53', 81);
INSERT INTO write_comments (comment, post_id) VALUES ('Comment 82 for post 53', 82);
INSERT INTO read_comments (comment, post_id) VALUES ('Comment 82 for post 53', 82);
INSERT INTO write_comments (comment, post_id) VALUES ('Comment 83 for post 53', 83);
INSERT INTO read_comments (comment, post_id) VALUES ('Comment 83 for post 53', 83);
INSERT INTO write_comments (comment, post_id) VALUES ('Comment 84 for post 53', 84);
INSERT INTO read_comments (comment, post_id) VALUES ('Comment 84 for post 53', 84);
INSERT INTO write_comments (comment, post_id) VALUES ('Comment 85 for post 53', 85);
INSERT INTO read_comments (comment, post_id) VALUES ('Comment 85 for post 53', 85);
INSERT INTO write_comments (comment, post_id) VALUES ('Comment 86 for post 53', 86);
INSERT INTO read_comments (comment, post_id) VALUES ('Comment 86 for post 53', 86);
INSERT INTO write_comments (comment, post_id) VALUES ('Comment 87 for post 53', 87);
INSERT INTO read_comments (comment, post_id) VALUES ('Comment 87 for post 53', 87);
INSERT INTO write_comments (comment, post_id) VALUES ('Comment 88 for post 53', 88);
INSERT INTO read_comments (comment, post_id) VALUES ('Comment 88 for post 53', 88);
INSERT INTO write_comments (comment, post_id) VALUES ('Comment 89 for post 53', 89);
INSERT INTO read_comments (comment, post_id) VALUES ('Comment 89 for post 53', 89);
INSERT INTO write_comments (comment, post_id) VALUES ('Comment 90 for post 53', 90);
INSERT INTO read_comments (comment, post_id) VALUES ('Comment 90 for post 53', 90);
INSERT INTO write_comments (comment, post_id) VALUES ('Comment 91 for post 53', 91);
INSERT INTO read_comments (comment, post_id) VALUES ('Comment 91 for post 53', 91);
INSERT INTO write_comments (comment, post_id) VALUES ('Comment 92 for post 53', 92);
INSERT INTO read_comments (comment, post_id) VALUES ('Comment 92 for post 53', 92);
INSERT INTO write_comments (comment, post_id) VALUES ('Comment 93 for post 53', 93);
INSERT INTO read_comments (comment, post_id) VALUES ('Comment 93 for post 53', 93);
INSERT INTO write_comments (comment, post_id) VALUES ('Comment 94 for post 53', 94);
INSERT INTO read_comments (comment, post_id) VALUES ('Comment 94 for post 53', 94);
INSERT INTO write_comments (comment, post_id) VALUES ('Comment 95 for post 53', 95);
INSERT INTO read_comments (comment, post_id) VALUES ('Comment 95 for post 53', 95);
INSERT INTO write_comments (comment, post_id) VALUES ('Comment 96 for post 53', 96);
INSERT INTO read_comments (comment, post_id) VALUES ('Comment 96 for post 53', 96);
INSERT INTO write_comments (comment, post_id) VALUES ('Comment 97 for post 53', 97);
INSERT INTO read_comments (comment, post_id) VALUES ('Comment 97 for post 53', 97);
INSERT INTO write_comments (comment, post_id) VALUES ('Comment 98 for post 53', 98);
INSERT INTO read_comments (comment, post_id) VALUES ('Comment 98 for post 53', 98);
INSERT INTO write_comments (comment, post_id) VALUES ('Comment 99 for post 53', 99);
INSERT INTO read_comments (comment, post_id) VALUES ('Comment 99 for post 53', 99);
INSERT INTO write_comments (comment, post_id) VALUES ('Comment 100 for post 53', 100);
INSERT INTO read_comments (comment, post_id) VALUES ('Comment 100 for post 53', 100);
INSERT INTO write_comments (comment, post_id) VALUES ('Comment 1 for post 54', 1);
INSERT INTO read_comments (comment, post_id) VALUES ('Comment 1 for post 54', 1);
INSERT INTO write_comments (comment, post_id) VALUES ('Comment 2 for post 54', 2);
INSERT INTO read_comments (comment, post_id) VALUES ('Comment 2 for post 54', 2);
INSERT INTO write_comments (comment, post_id) VALUES ('Comment 3 for post 54', 3);
INSERT INTO read_comments (comment, post_id) VALUES ('Comment 3 for post 54', 3);
INSERT INTO write_comments (comment, post_id) VALUES ('Comment 4 for post 54', 4);
INSERT INTO read_comments (comment, post_id) VALUES ('Comment 4 for post 54', 4);
INSERT INTO write_comments (comment, post_id) VALUES ('Comment 5 for post 54', 5);
INSERT INTO read_comments (comment, post_id) VALUES ('Comment 5 for post 54', 5);
INSERT INTO write_comments (comment, post_id) VALUES ('Comment 6 for post 54', 6);
INSERT INTO read_comments (comment, post_id) VALUES ('Comment 6 for post 54', 6);
INSERT INTO write_comments (comment, post_id) VALUES ('Comment 7 for post 54', 7);
INSERT INTO read_comments (comment, post_id) VALUES ('Comment 7 for post 54', 7);
INSERT INTO write_comments (comment, post_id) VALUES ('Comment 8 for post 54', 8);
INSERT INTO read_comments (comment, post_id) VALUES ('Comment 8 for post 54', 8);
INSERT INTO write_comments (comment, post_id) VALUES ('Comment 9 for post 54', 9);
INSERT INTO read_comments (comment, post_id) VALUES ('Comment 9 for post 54', 9);
INSERT INTO write_comments (comment, post_id) VALUES ('Comment 10 for post 54', 10);
INSERT INTO read_comments (comment, post_id) VALUES ('Comment 10 for post 54', 10);
INSERT INTO write_comments (comment, post_id) VALUES ('Comment 11 for post 54', 11);
INSERT INTO read_comments (comment, post_id) VALUES ('Comment 11 for post 54', 11);
INSERT INTO write_comments (comment, post_id) VALUES ('Comment 12 for post 54', 12);
INSERT INTO read_comments (comment, post_id) VALUES ('Comment 12 for post 54', 12);
INSERT INTO write_comments (comment, post_id) VALUES ('Comment 13 for post 54', 13);
INSERT INTO read_comments (comment, post_id) VALUES ('Comment 13 for post 54', 13);
INSERT INTO write_comments (comment, post_id) VALUES ('Comment 14 for post 54', 14);
INSERT INTO read_comments (comment, post_id) VALUES ('Comment 14 for post 54', 14);
INSERT INTO write_comments (comment, post_id) VALUES ('Comment 15 for post 54', 15);
INSERT INTO read_comments (comment, post_id) VALUES ('Comment 15 for post 54', 15);
INSERT INTO write_comments (comment, post_id) VALUES ('Comment 16 for post 54', 16);
INSERT INTO read_comments (comment, post_id) VALUES ('Comment 16 for post 54', 16);
INSERT INTO write_comments (comment, post_id) VALUES ('Comment 17 for post 54', 17);
INSERT INTO read_comments (comment, post_id) VALUES ('Comment 17 for post 54', 17);
INSERT INTO write_comments (comment, post_id) VALUES ('Comment 18 for post 54', 18);
INSERT INTO read_comments (comment, post_id) VALUES ('Comment 18 for post 54', 18);
INSERT INTO write_comments (comment, post_id) VALUES ('Comment 19 for post 54', 19);
INSERT INTO read_comments (comment, post_id) VALUES ('Comment 19 for post 54', 19);
INSERT INTO write_comments (comment, post_id) VALUES ('Comment 20 for post 54', 20);
INSERT INTO read_comments (comment, post_id) VALUES ('Comment 20 for post 54', 20);
INSERT INTO write_comments (comment, post_id) VALUES ('Comment 21 for post 54', 21);
INSERT INTO read_comments (comment, post_id) VALUES ('Comment 21 for post 54', 21);
INSERT INTO write_comments (comment, post_id) VALUES ('Comment 22 for post 54', 22);
INSERT INTO read_comments (comment, post_id) VALUES ('Comment 22 for post 54', 22);
INSERT INTO write_comments (comment, post_id) VALUES ('Comment 23 for post 54', 23);
INSERT INTO read_comments (comment, post_id) VALUES ('Comment 23 for post 54', 23);
INSERT INTO write_comments (comment, post_id) VALUES ('Comment 24 for post 54', 24);
INSERT INTO read_comments (comment, post_id) VALUES ('Comment 24 for post 54', 24);
INSERT INTO write_comments (comment, post_id) VALUES ('Comment 25 for post 54', 25);
INSERT INTO read_comments (comment, post_id) VALUES ('Comment 25 for post 54', 25);
INSERT INTO write_comments (comment, post_id) VALUES ('Comment 26 for post 54', 26);
INSERT INTO read_comments (comment, post_id) VALUES ('Comment 26 for post 54', 26);
INSERT INTO write_comments (comment, post_id) VALUES ('Comment 27 for post 54', 27);
INSERT INTO read_comments (comment, post_id) VALUES ('Comment 27 for post 54', 27);
INSERT INTO write_comments (comment, post_id) VALUES ('Comment 28 for post 54', 28);
INSERT INTO read_comments (comment, post_id) VALUES ('Comment 28 for post 54', 28);
INSERT INTO write_comments (comment, post_id) VALUES ('Comment 29 for post 54', 29);
INSERT INTO read_comments (comment, post_id) VALUES ('Comment 29 for post 54', 29);
INSERT INTO write_comments (comment, post_id) VALUES ('Comment 30 for post 54', 30);
INSERT INTO read_comments (comment, post_id) VALUES ('Comment 30 for post 54', 30);
INSERT INTO write_comments (comment, post_id) VALUES ('Comment 31 for post 54', 31);
INSERT INTO read_comments (comment, post_id) VALUES ('Comment 31 for post 54', 31);
INSERT INTO write_comments (comment, post_id) VALUES ('Comment 32 for post 54', 32);
INSERT INTO read_comments (comment, post_id) VALUES ('Comment 32 for post 54', 32);
INSERT INTO write_comments (comment, post_id) VALUES ('Comment 33 for post 54', 33);
INSERT INTO read_comments (comment, post_id) VALUES ('Comment 33 for post 54', 33);
INSERT INTO write_comments (comment, post_id) VALUES ('Comment 34 for post 54', 34);
INSERT INTO read_comments (comment, post_id) VALUES ('Comment 34 for post 54', 34);
INSERT INTO write_comments (comment, post_id) VALUES ('Comment 35 for post 54', 35);
INSERT INTO read_comments (comment, post_id) VALUES ('Comment 35 for post 54', 35);
INSERT INTO write_comments (comment, post_id) VALUES ('Comment 36 for post 54', 36);
INSERT INTO read_comments (comment, post_id) VALUES ('Comment 36 for post 54', 36);
INSERT INTO write_comments (comment, post_id) VALUES ('Comment 37 for post 54', 37);
INSERT INTO read_comments (comment, post_id) VALUES ('Comment 37 for post 54', 37);
INSERT INTO write_comments (comment, post_id) VALUES ('Comment 38 for post 54', 38);
INSERT INTO read_comments (comment, post_id) VALUES ('Comment 38 for post 54', 38);
INSERT INTO write_comments (comment, post_id) VALUES ('Comment 39 for post 54', 39);
INSERT INTO read_comments (comment, post_id) VALUES ('Comment 39 for post 54', 39);
INSERT INTO write_comments (comment, post_id) VALUES ('Comment 40 for post 54', 40);
INSERT INTO read_comments (comment, post_id) VALUES ('Comment 40 for post 54', 40);
INSERT INTO write_comments (comment, post_id) VALUES ('Comment 41 for post 54', 41);
INSERT INTO read_comments (comment, post_id) VALUES ('Comment 41 for post 54', 41);
INSERT INTO write_comments (comment, post_id) VALUES ('Comment 42 for post 54', 42);
INSERT INTO read_comments (comment, post_id) VALUES ('Comment 42 for post 54', 42);
INSERT INTO write_comments (comment, post_id) VALUES ('Comment 43 for post 54', 43);
INSERT INTO read_comments (comment, post_id) VALUES ('Comment 43 for post 54', 43);
INSERT INTO write_comments (comment, post_id) VALUES ('Comment 44 for post 54', 44);
INSERT INTO read_comments (comment, post_id) VALUES ('Comment 44 for post 54', 44);
INSERT INTO write_comments (comment, post_id) VALUES ('Comment 45 for post 54', 45);
INSERT INTO read_comments (comment, post_id) VALUES ('Comment 45 for post 54', 45);
INSERT INTO write_comments (comment, post_id) VALUES ('Comment 46 for post 54', 46);
INSERT INTO read_comments (comment, post_id) VALUES ('Comment 46 for post 54', 46);
INSERT INTO write_comments (comment, post_id) VALUES ('Comment 47 for post 54', 47);
INSERT INTO read_comments (comment, post_id) VALUES ('Comment 47 for post 54', 47);
INSERT INTO write_comments (comment, post_id) VALUES ('Comment 48 for post 54', 48);
INSERT INTO read_comments (comment, post_id) VALUES ('Comment 48 for post 54', 48);
INSERT INTO write_comments (comment, post_id) VALUES ('Comment 49 for post 54', 49);
INSERT INTO read_comments (comment, post_id) VALUES ('Comment 49 for post 54', 49);
INSERT INTO write_comments (comment, post_id) VALUES ('Comment 50 for post 54', 50);
INSERT INTO read_comments (comment, post_id) VALUES ('Comment 50 for post 54', 50);
INSERT INTO write_comments (comment, post_id) VALUES ('Comment 51 for post 54', 51);
INSERT INTO read_comments (comment, post_id) VALUES ('Comment 51 for post 54', 51);
INSERT INTO write_comments (comment, post_id) VALUES ('Comment 52 for post 54', 52);
INSERT INTO read_comments (comment, post_id) VALUES ('Comment 52 for post 54', 52);
INSERT INTO write_comments (comment, post_id) VALUES ('Comment 53 for post 54', 53);
INSERT INTO read_comments (comment, post_id) VALUES ('Comment 53 for post 54', 53);
INSERT INTO write_comments (comment, post_id) VALUES ('Comment 54 for post 54', 54);
INSERT INTO read_comments (comment, post_id) VALUES ('Comment 54 for post 54', 54);
INSERT INTO write_comments (comment, post_id) VALUES ('Comment 55 for post 54', 55);
INSERT INTO read_comments (comment, post_id) VALUES ('Comment 55 for post 54', 55);
INSERT INTO write_comments (comment, post_id) VALUES ('Comment 56 for post 54', 56);
INSERT INTO read_comments (comment, post_id) VALUES ('Comment 56 for post 54', 56);
INSERT INTO write_comments (comment, post_id) VALUES ('Comment 57 for post 54', 57);
INSERT INTO read_comments (comment, post_id) VALUES ('Comment 57 for post 54', 57);
INSERT INTO write_comments (comment, post_id) VALUES ('Comment 58 for post 54', 58);
INSERT INTO read_comments (comment, post_id) VALUES ('Comment 58 for post 54', 58);
INSERT INTO write_comments (comment, post_id) VALUES ('Comment 59 for post 54', 59);
INSERT INTO read_comments (comment, post_id) VALUES ('Comment 59 for post 54', 59);
INSERT INTO write_comments (comment, post_id) VALUES ('Comment 60 for post 54', 60);
INSERT INTO read_comments (comment, post_id) VALUES ('Comment 60 for post 54', 60);
INSERT INTO write_comments (comment, post_id) VALUES ('Comment 61 for post 54', 61);
INSERT INTO read_comments (comment, post_id) VALUES ('Comment 61 for post 54', 61);
INSERT INTO write_comments (comment, post_id) VALUES ('Comment 62 for post 54', 62);
INSERT INTO read_comments (comment, post_id) VALUES ('Comment 62 for post 54', 62);
INSERT INTO write_comments (comment, post_id) VALUES ('Comment 63 for post 54', 63);
INSERT INTO read_comments (comment, post_id) VALUES ('Comment 63 for post 54', 63);
INSERT INTO write_comments (comment, post_id) VALUES ('Comment 64 for post 54', 64);
INSERT INTO read_comments (comment, post_id) VALUES ('Comment 64 for post 54', 64);
INSERT INTO write_comments (comment, post_id) VALUES ('Comment 65 for post 54', 65);
INSERT INTO read_comments (comment, post_id) VALUES ('Comment 65 for post 54', 65);
INSERT INTO write_comments (comment, post_id) VALUES ('Comment 66 for post 54', 66);
INSERT INTO read_comments (comment, post_id) VALUES ('Comment 66 for post 54', 66);
INSERT INTO write_comments (comment, post_id) VALUES ('Comment 67 for post 54', 67);
INSERT INTO read_comments (comment, post_id) VALUES ('Comment 67 for post 54', 67);
INSERT INTO write_comments (comment, post_id) VALUES ('Comment 68 for post 54', 68);
INSERT INTO read_comments (comment, post_id) VALUES ('Comment 68 for post 54', 68);
INSERT INTO write_comments (comment, post_id) VALUES ('Comment 69 for post 54', 69);
INSERT INTO read_comments (comment, post_id) VALUES ('Comment 69 for post 54', 69);
INSERT INTO write_comments (comment, post_id) VALUES ('Comment 70 for post 54', 70);
INSERT INTO read_comments (comment, post_id) VALUES ('Comment 70 for post 54', 70);
INSERT INTO write_comments (comment, post_id) VALUES ('Comment 71 for post 54', 71);
INSERT INTO read_comments (comment, post_id) VALUES ('Comment 71 for post 54', 71);
INSERT INTO write_comments (comment, post_id) VALUES ('Comment 72 for post 54', 72);
INSERT INTO read_comments (comment, post_id) VALUES ('Comment 72 for post 54', 72);
INSERT INTO write_comments (comment, post_id) VALUES ('Comment 73 for post 54', 73);
INSERT INTO read_comments (comment, post_id) VALUES ('Comment 73 for post 54', 73);
INSERT INTO write_comments (comment, post_id) VALUES ('Comment 74 for post 54', 74);
INSERT INTO read_comments (comment, post_id) VALUES ('Comment 74 for post 54', 74);
INSERT INTO write_comments (comment, post_id) VALUES ('Comment 75 for post 54', 75);
INSERT INTO read_comments (comment, post_id) VALUES ('Comment 75 for post 54', 75);
INSERT INTO write_comments (comment, post_id) VALUES ('Comment 76 for post 54', 76);
INSERT INTO read_comments (comment, post_id) VALUES ('Comment 76 for post 54', 76);
INSERT INTO write_comments (comment, post_id) VALUES ('Comment 77 for post 54', 77);
INSERT INTO read_comments (comment, post_id) VALUES ('Comment 77 for post 54', 77);
INSERT INTO write_comments (comment, post_id) VALUES ('Comment 78 for post 54', 78);
INSERT INTO read_comments (comment, post_id) VALUES ('Comment 78 for post 54', 78);
INSERT INTO write_comments (comment, post_id) VALUES ('Comment 79 for post 54', 79);
INSERT INTO read_comments (comment, post_id) VALUES ('Comment 79 for post 54', 79);
INSERT INTO write_comments (comment, post_id) VALUES ('Comment 80 for post 54', 80);
INSERT INTO read_comments (comment, post_id) VALUES ('Comment 80 for post 54', 80);
INSERT INTO write_comments (comment, post_id) VALUES ('Comment 81 for post 54', 81);
INSERT INTO read_comments (comment, post_id) VALUES ('Comment 81 for post 54', 81);
INSERT INTO write_comments (comment, post_id) VALUES ('Comment 82 for post 54', 82);
INSERT INTO read_comments (comment, post_id) VALUES ('Comment 82 for post 54', 82);
INSERT INTO write_comments (comment, post_id) VALUES ('Comment 83 for post 54', 83);
INSERT INTO read_comments (comment, post_id) VALUES ('Comment 83 for post 54', 83);
INSERT INTO write_comments (comment, post_id) VALUES ('Comment 84 for post 54', 84);
INSERT INTO read_comments (comment, post_id) VALUES ('Comment 84 for post 54', 84);
INSERT INTO write_comments (comment, post_id) VALUES ('Comment 85 for post 54', 85);
INSERT INTO read_comments (comment, post_id) VALUES ('Comment 85 for post 54', 85);
INSERT INTO write_comments (comment, post_id) VALUES ('Comment 86 for post 54', 86);
INSERT INTO read_comments (comment, post_id) VALUES ('Comment 86 for post 54', 86);
INSERT INTO write_comments (comment, post_id) VALUES ('Comment 87 for post 54', 87);
INSERT INTO read_comments (comment, post_id) VALUES ('Comment 87 for post 54', 87);
INSERT INTO write_comments (comment, post_id) VALUES ('Comment 88 for post 54', 88);
INSERT INTO read_comments (comment, post_id) VALUES ('Comment 88 for post 54', 88);
INSERT INTO write_comments (comment, post_id) VALUES ('Comment 89 for post 54', 89);
INSERT INTO read_comments (comment, post_id) VALUES ('Comment 89 for post 54', 89);
INSERT INTO write_comments (comment, post_id) VALUES ('Comment 90 for post 54', 90);
INSERT INTO read_comments (comment, post_id) VALUES ('Comment 90 for post 54', 90);
INSERT INTO write_comments (comment, post_id) VALUES ('Comment 91 for post 54', 91);
INSERT INTO read_comments (comment, post_id) VALUES ('Comment 91 for post 54', 91);
INSERT INTO write_comments (comment, post_id) VALUES ('Comment 92 for post 54', 92);
INSERT INTO read_comments (comment, post_id) VALUES ('Comment 92 for post 54', 92);
INSERT INTO write_comments (comment, post_id) VALUES ('Comment 93 for post 54', 93);
INSERT INTO read_comments (comment, post_id) VALUES ('Comment 93 for post 54', 93);
INSERT INTO write_comments (comment, post_id) VALUES ('Comment 94 for post 54', 94);
INSERT INTO read_comments (comment, post_id) VALUES ('Comment 94 for post 54', 94);
INSERT INTO write_comments (comment, post_id) VALUES ('Comment 95 for post 54', 95);
INSERT INTO read_comments (comment, post_id) VALUES ('Comment 95 for post 54', 95);
INSERT INTO write_comments (comment, post_id) VALUES ('Comment 96 for post 54', 96);
INSERT INTO read_comments (comment, post_id) VALUES ('Comment 96 for post 54', 96);
INSERT INTO write_comments (comment, post_id) VALUES ('Comment 97 for post 54', 97);
INSERT INTO read_comments (comment, post_id) VALUES ('Comment 97 for post 54', 97);
INSERT INTO write_comments (comment, post_id) VALUES ('Comment 98 for post 54', 98);
INSERT INTO read_comments (comment, post_id) VALUES ('Comment 98 for post 54', 98);
INSERT INTO write_comments (comment, post_id) VALUES ('Comment 99 for post 54', 99);
INSERT INTO read_comments (comment, post_id) VALUES ('Comment 99 for post 54', 99);
INSERT INTO write_comments (comment, post_id) VALUES ('Comment 100 for post 54', 100);
INSERT INTO read_comments (comment, post_id) VALUES ('Comment 100 for post 54', 100);
INSERT INTO write_comments (comment, post_id) VALUES ('Comment 1 for post 55', 1);
INSERT INTO read_comments (comment, post_id) VALUES ('Comment 1 for post 55', 1);
INSERT INTO write_comments (comment, post_id) VALUES ('Comment 2 for post 55', 2);
INSERT INTO read_comments (comment, post_id) VALUES ('Comment 2 for post 55', 2);
INSERT INTO write_comments (comment, post_id) VALUES ('Comment 3 for post 55', 3);
INSERT INTO read_comments (comment, post_id) VALUES ('Comment 3 for post 55', 3);
INSERT INTO write_comments (comment, post_id) VALUES ('Comment 4 for post 55', 4);
INSERT INTO read_comments (comment, post_id) VALUES ('Comment 4 for post 55', 4);
INSERT INTO write_comments (comment, post_id) VALUES ('Comment 5 for post 55', 5);
INSERT INTO read_comments (comment, post_id) VALUES ('Comment 5 for post 55', 5);
INSERT INTO write_comments (comment, post_id) VALUES ('Comment 6 for post 55', 6);
INSERT INTO read_comments (comment, post_id) VALUES ('Comment 6 for post 55', 6);
INSERT INTO write_comments (comment, post_id) VALUES ('Comment 7 for post 55', 7);
INSERT INTO read_comments (comment, post_id) VALUES ('Comment 7 for post 55', 7);
INSERT INTO write_comments (comment, post_id) VALUES ('Comment 8 for post 55', 8);
INSERT INTO read_comments (comment, post_id) VALUES ('Comment 8 for post 55', 8);
INSERT INTO write_comments (comment, post_id) VALUES ('Comment 9 for post 55', 9);
INSERT INTO read_comments (comment, post_id) VALUES ('Comment 9 for post 55', 9);
INSERT INTO write_comments (comment, post_id) VALUES ('Comment 10 for post 55', 10);
INSERT INTO read_comments (comment, post_id) VALUES ('Comment 10 for post 55', 10);
INSERT INTO write_comments (comment, post_id) VALUES ('Comment 11 for post 55', 11);
INSERT INTO read_comments (comment, post_id) VALUES ('Comment 11 for post 55', 11);
INSERT INTO write_comments (comment, post_id) VALUES ('Comment 12 for post 55', 12);
INSERT INTO read_comments (comment, post_id) VALUES ('Comment 12 for post 55', 12);
INSERT INTO write_comments (comment, post_id) VALUES ('Comment 13 for post 55', 13);
INSERT INTO read_comments (comment, post_id) VALUES ('Comment 13 for post 55', 13);
INSERT INTO write_comments (comment, post_id) VALUES ('Comment 14 for post 55', 14);
INSERT INTO read_comments (comment, post_id) VALUES ('Comment 14 for post 55', 14);
INSERT INTO write_comments (comment, post_id) VALUES ('Comment 15 for post 55', 15);
INSERT INTO read_comments (comment, post_id) VALUES ('Comment 15 for post 55', 15);
INSERT INTO write_comments (comment, post_id) VALUES ('Comment 16 for post 55', 16);
INSERT INTO read_comments (comment, post_id) VALUES ('Comment 16 for post 55', 16);
INSERT INTO write_comments (comment, post_id) VALUES ('Comment 17 for post 55', 17);
INSERT INTO read_comments (comment, post_id) VALUES ('Comment 17 for post 55', 17);
INSERT INTO write_comments (comment, post_id) VALUES ('Comment 18 for post 55', 18);
INSERT INTO read_comments (comment, post_id) VALUES ('Comment 18 for post 55', 18);
INSERT INTO write_comments (comment, post_id) VALUES ('Comment 19 for post 55', 19);
INSERT INTO read_comments (comment, post_id) VALUES ('Comment 19 for post 55', 19);
INSERT INTO write_comments (comment, post_id) VALUES ('Comment 20 for post 55', 20);
INSERT INTO read_comments (comment, post_id) VALUES ('Comment 20 for post 55', 20);
INSERT INTO write_comments (comment, post_id) VALUES ('Comment 21 for post 55', 21);
INSERT INTO read_comments (comment, post_id) VALUES ('Comment 21 for post 55', 21);
INSERT INTO write_comments (comment, post_id) VALUES ('Comment 22 for post 55', 22);
INSERT INTO read_comments (comment, post_id) VALUES ('Comment 22 for post 55', 22);
INSERT INTO write_comments (comment, post_id) VALUES ('Comment 23 for post 55', 23);
INSERT INTO read_comments (comment, post_id) VALUES ('Comment 23 for post 55', 23);
INSERT INTO write_comments (comment, post_id) VALUES ('Comment 24 for post 55', 24);
INSERT INTO read_comments (comment, post_id) VALUES ('Comment 24 for post 55', 24);
INSERT INTO write_comments (comment, post_id) VALUES ('Comment 25 for post 55', 25);
INSERT INTO read_comments (comment, post_id) VALUES ('Comment 25 for post 55', 25);
INSERT INTO write_comments (comment, post_id) VALUES ('Comment 26 for post 55', 26);
INSERT INTO read_comments (comment, post_id) VALUES ('Comment 26 for post 55', 26);
INSERT INTO write_comments (comment, post_id) VALUES ('Comment 27 for post 55', 27);
INSERT INTO read_comments (comment, post_id) VALUES ('Comment 27 for post 55', 27);
INSERT INTO write_comments (comment, post_id) VALUES ('Comment 28 for post 55', 28);
INSERT INTO read_comments (comment, post_id) VALUES ('Comment 28 for post 55', 28);
INSERT INTO write_comments (comment, post_id) VALUES ('Comment 29 for post 55', 29);
INSERT INTO read_comments (comment, post_id) VALUES ('Comment 29 for post 55', 29);
INSERT INTO write_comments (comment, post_id) VALUES ('Comment 30 for post 55', 30);
INSERT INTO read_comments (comment, post_id) VALUES ('Comment 30 for post 55', 30);
INSERT INTO write_comments (comment, post_id) VALUES ('Comment 31 for post 55', 31);
INSERT INTO read_comments (comment, post_id) VALUES ('Comment 31 for post 55', 31);
INSERT INTO write_comments (comment, post_id) VALUES ('Comment 32 for post 55', 32);
INSERT INTO read_comments (comment, post_id) VALUES ('Comment 32 for post 55', 32);
INSERT INTO write_comments (comment, post_id) VALUES ('Comment 33 for post 55', 33);
INSERT INTO read_comments (comment, post_id) VALUES ('Comment 33 for post 55', 33);
INSERT INTO write_comments (comment, post_id) VALUES ('Comment 34 for post 55', 34);
INSERT INTO read_comments (comment, post_id) VALUES ('Comment 34 for post 55', 34);
INSERT INTO write_comments (comment, post_id) VALUES ('Comment 35 for post 55', 35);
INSERT INTO read_comments (comment, post_id) VALUES ('Comment 35 for post 55', 35);
INSERT INTO write_comments (comment, post_id) VALUES ('Comment 36 for post 55', 36);
INSERT INTO read_comments (comment, post_id) VALUES ('Comment 36 for post 55', 36);
INSERT INTO write_comments (comment, post_id) VALUES ('Comment 37 for post 55', 37);
INSERT INTO read_comments (comment, post_id) VALUES ('Comment 37 for post 55', 37);
INSERT INTO write_comments (comment, post_id) VALUES ('Comment 38 for post 55', 38);
INSERT INTO read_comments (comment, post_id) VALUES ('Comment 38 for post 55', 38);
INSERT INTO write_comments (comment, post_id) VALUES ('Comment 39 for post 55', 39);
INSERT INTO read_comments (comment, post_id) VALUES ('Comment 39 for post 55', 39);
INSERT INTO write_comments (comment, post_id) VALUES ('Comment 40 for post 55', 40);
INSERT INTO read_comments (comment, post_id) VALUES ('Comment 40 for post 55', 40);
INSERT INTO write_comments (comment, post_id) VALUES ('Comment 41 for post 55', 41);
INSERT INTO read_comments (comment, post_id) VALUES ('Comment 41 for post 55', 41);
INSERT INTO write_comments (comment, post_id) VALUES ('Comment 42 for post 55', 42);
INSERT INTO read_comments (comment, post_id) VALUES ('Comment 42 for post 55', 42);
INSERT INTO write_comments (comment, post_id) VALUES ('Comment 43 for post 55', 43);
INSERT INTO read_comments (comment, post_id) VALUES ('Comment 43 for post 55', 43);
INSERT INTO write_comments (comment, post_id) VALUES ('Comment 44 for post 55', 44);
INSERT INTO read_comments (comment, post_id) VALUES ('Comment 44 for post 55', 44);
INSERT INTO write_comments (comment, post_id) VALUES ('Comment 45 for post 55', 45);
INSERT INTO read_comments (comment, post_id) VALUES ('Comment 45 for post 55', 45);
INSERT INTO write_comments (comment, post_id) VALUES ('Comment 46 for post 55', 46);
INSERT INTO read_comments (comment, post_id) VALUES ('Comment 46 for post 55', 46);
INSERT INTO write_comments (comment, post_id) VALUES ('Comment 47 for post 55', 47);
INSERT INTO read_comments (comment, post_id) VALUES ('Comment 47 for post 55', 47);
INSERT INTO write_comments (comment, post_id) VALUES ('Comment 48 for post 55', 48);
INSERT INTO read_comments (comment, post_id) VALUES ('Comment 48 for post 55', 48);
INSERT INTO write_comments (comment, post_id) VALUES ('Comment 49 for post 55', 49);
INSERT INTO read_comments (comment, post_id) VALUES ('Comment 49 for post 55', 49);
INSERT INTO write_comments (comment, post_id) VALUES ('Comment 50 for post 55', 50);
INSERT INTO read_comments (comment, post_id) VALUES ('Comment 50 for post 55', 50);
INSERT INTO write_comments (comment, post_id) VALUES ('Comment 51 for post 55', 51);
INSERT INTO read_comments (comment, post_id) VALUES ('Comment 51 for post 55', 51);
INSERT INTO write_comments (comment, post_id) VALUES ('Comment 52 for post 55', 52);
INSERT INTO read_comments (comment, post_id) VALUES ('Comment 52 for post 55', 52);
INSERT INTO write_comments (comment, post_id) VALUES ('Comment 53 for post 55', 53);
INSERT INTO read_comments (comment, post_id) VALUES ('Comment 53 for post 55', 53);
INSERT INTO write_comments (comment, post_id) VALUES ('Comment 54 for post 55', 54);
INSERT INTO read_comments (comment, post_id) VALUES ('Comment 54 for post 55', 54);
INSERT INTO write_comments (comment, post_id) VALUES ('Comment 55 for post 55', 55);
INSERT INTO read_comments (comment, post_id) VALUES ('Comment 55 for post 55', 55);
INSERT INTO write_comments (comment, post_id) VALUES ('Comment 56 for post 55', 56);
INSERT INTO read_comments (comment, post_id) VALUES ('Comment 56 for post 55', 56);
INSERT INTO write_comments (comment, post_id) VALUES ('Comment 57 for post 55', 57);
INSERT INTO read_comments (comment, post_id) VALUES ('Comment 57 for post 55', 57);
INSERT INTO write_comments (comment, post_id) VALUES ('Comment 58 for post 55', 58);
INSERT INTO read_comments (comment, post_id) VALUES ('Comment 58 for post 55', 58);
INSERT INTO write_comments (comment, post_id) VALUES ('Comment 59 for post 55', 59);
INSERT INTO read_comments (comment, post_id) VALUES ('Comment 59 for post 55', 59);
INSERT INTO write_comments (comment, post_id) VALUES ('Comment 60 for post 55', 60);
INSERT INTO read_comments (comment, post_id) VALUES ('Comment 60 for post 55', 60);
INSERT INTO write_comments (comment, post_id) VALUES ('Comment 61 for post 55', 61);
INSERT INTO read_comments (comment, post_id) VALUES ('Comment 61 for post 55', 61);
INSERT INTO write_comments (comment, post_id) VALUES ('Comment 62 for post 55', 62);
INSERT INTO read_comments (comment, post_id) VALUES ('Comment 62 for post 55', 62);
INSERT INTO write_comments (comment, post_id) VALUES ('Comment 63 for post 55', 63);
INSERT INTO read_comments (comment, post_id) VALUES ('Comment 63 for post 55', 63);
INSERT INTO write_comments (comment, post_id) VALUES ('Comment 64 for post 55', 64);
INSERT INTO read_comments (comment, post_id) VALUES ('Comment 64 for post 55', 64);
INSERT INTO write_comments (comment, post_id) VALUES ('Comment 65 for post 55', 65);
INSERT INTO read_comments (comment, post_id) VALUES ('Comment 65 for post 55', 65);
INSERT INTO write_comments (comment, post_id) VALUES ('Comment 66 for post 55', 66);
INSERT INTO read_comments (comment, post_id) VALUES ('Comment 66 for post 55', 66);
INSERT INTO write_comments (comment, post_id) VALUES ('Comment 67 for post 55', 67);
INSERT INTO read_comments (comment, post_id) VALUES ('Comment 67 for post 55', 67);
INSERT INTO write_comments (comment, post_id) VALUES ('Comment 68 for post 55', 68);
INSERT INTO read_comments (comment, post_id) VALUES ('Comment 68 for post 55', 68);
INSERT INTO write_comments (comment, post_id) VALUES ('Comment 69 for post 55', 69);
INSERT INTO read_comments (comment, post_id) VALUES ('Comment 69 for post 55', 69);
INSERT INTO write_comments (comment, post_id) VALUES ('Comment 70 for post 55', 70);
INSERT INTO read_comments (comment, post_id) VALUES ('Comment 70 for post 55', 70);
INSERT INTO write_comments (comment, post_id) VALUES ('Comment 71 for post 55', 71);
INSERT INTO read_comments (comment, post_id) VALUES ('Comment 71 for post 55', 71);
INSERT INTO write_comments (comment, post_id) VALUES ('Comment 72 for post 55', 72);
INSERT INTO read_comments (comment, post_id) VALUES ('Comment 72 for post 55', 72);
INSERT INTO write_comments (comment, post_id) VALUES ('Comment 73 for post 55', 73);
INSERT INTO read_comments (comment, post_id) VALUES ('Comment 73 for post 55', 73);
INSERT INTO write_comments (comment, post_id) VALUES ('Comment 74 for post 55', 74);
INSERT INTO read_comments (comment, post_id) VALUES ('Comment 74 for post 55', 74);
INSERT INTO write_comments (comment, post_id) VALUES ('Comment 75 for post 55', 75);
INSERT INTO read_comments (comment, post_id) VALUES ('Comment 75 for post 55', 75);
INSERT INTO write_comments (comment, post_id) VALUES ('Comment 76 for post 55', 76);
INSERT INTO read_comments (comment, post_id) VALUES ('Comment 76 for post 55', 76);
INSERT INTO write_comments (comment, post_id) VALUES ('Comment 77 for post 55', 77);
INSERT INTO read_comments (comment, post_id) VALUES ('Comment 77 for post 55', 77);
INSERT INTO write_comments (comment, post_id) VALUES ('Comment 78 for post 55', 78);
INSERT INTO read_comments (comment, post_id) VALUES ('Comment 78 for post 55', 78);
INSERT INTO write_comments (comment, post_id) VALUES ('Comment 79 for post 55', 79);
INSERT INTO read_comments (comment, post_id) VALUES ('Comment 79 for post 55', 79);
INSERT INTO write_comments (comment, post_id) VALUES ('Comment 80 for post 55', 80);
INSERT INTO read_comments (comment, post_id) VALUES ('Comment 80 for post 55', 80);
INSERT INTO write_comments (comment, post_id) VALUES ('Comment 81 for post 55', 81);
INSERT INTO read_comments (comment, post_id) VALUES ('Comment 81 for post 55', 81);
INSERT INTO write_comments (comment, post_id) VALUES ('Comment 82 for post 55', 82);
INSERT INTO read_comments (comment, post_id) VALUES ('Comment 82 for post 55', 82);
INSERT INTO write_comments (comment, post_id) VALUES ('Comment 83 for post 55', 83);
INSERT INTO read_comments (comment, post_id) VALUES ('Comment 83 for post 55', 83);
INSERT INTO write_comments (comment, post_id) VALUES ('Comment 84 for post 55', 84);
INSERT INTO read_comments (comment, post_id) VALUES ('Comment 84 for post 55', 84);
INSERT INTO write_comments (comment, post_id) VALUES ('Comment 85 for post 55', 85);
INSERT INTO read_comments (comment, post_id) VALUES ('Comment 85 for post 55', 85);
INSERT INTO write_comments (comment, post_id) VALUES ('Comment 86 for post 55', 86);
INSERT INTO read_comments (comment, post_id) VALUES ('Comment 86 for post 55', 86);
INSERT INTO write_comments (comment, post_id) VALUES ('Comment 87 for post 55', 87);
INSERT INTO read_comments (comment, post_id) VALUES ('Comment 87 for post 55', 87);
INSERT INTO write_comments (comment, post_id) VALUES ('Comment 88 for post 55', 88);
INSERT INTO read_comments (comment, post_id) VALUES ('Comment 88 for post 55', 88);
INSERT INTO write_comments (comment, post_id) VALUES ('Comment 89 for post 55', 89);
INSERT INTO read_comments (comment, post_id) VALUES ('Comment 89 for post 55', 89);
INSERT INTO write_comments (comment, post_id) VALUES ('Comment 90 for post 55', 90);
INSERT INTO read_comments (comment, post_id) VALUES ('Comment 90 for post 55', 90);
INSERT INTO write_comments (comment, post_id) VALUES ('Comment 91 for post 55', 91);
INSERT INTO read_comments (comment, post_id) VALUES ('Comment 91 for post 55', 91);
INSERT INTO write_comments (comment, post_id) VALUES ('Comment 92 for post 55', 92);
INSERT INTO read_comments (comment, post_id) VALUES ('Comment 92 for post 55', 92);
INSERT INTO write_comments (comment, post_id) VALUES ('Comment 93 for post 55', 93);
INSERT INTO read_comments (comment, post_id) VALUES ('Comment 93 for post 55', 93);
INSERT INTO write_comments (comment, post_id) VALUES ('Comment 94 for post 55', 94);
INSERT INTO read_comments (comment, post_id) VALUES ('Comment 94 for post 55', 94);
INSERT INTO write_comments (comment, post_id) VALUES ('Comment 95 for post 55', 95);
INSERT INTO read_comments (comment, post_id) VALUES ('Comment 95 for post 55', 95);
INSERT INTO write_comments (comment, post_id) VALUES ('Comment 96 for post 55', 96);
INSERT INTO read_comments (comment, post_id) VALUES ('Comment 96 for post 55', 96);
INSERT INTO write_comments (comment, post_id) VALUES ('Comment 97 for post 55', 97);
INSERT INTO read_comments (comment, post_id) VALUES ('Comment 97 for post 55', 97);
INSERT INTO write_comments (comment, post_id) VALUES ('Comment 98 for post 55', 98);
INSERT INTO read_comments (comment, post_id) VALUES ('Comment 98 for post 55', 98);
INSERT INTO write_comments (comment, post_id) VALUES ('Comment 99 for post 55', 99);
INSERT INTO read_comments (comment, post_id) VALUES ('Comment 99 for post 55', 99);
INSERT INTO write_comments (comment, post_id) VALUES ('Comment 100 for post 55', 100);
INSERT INTO read_comments (comment, post_id) VALUES ('Comment 100 for post 55', 100);
INSERT INTO write_comments (comment, post_id) VALUES ('Comment 1 for post 56', 1);
INSERT INTO read_comments (comment, post_id) VALUES ('Comment 1 for post 56', 1);
INSERT INTO write_comments (comment, post_id) VALUES ('Comment 2 for post 56', 2);
INSERT INTO read_comments (comment, post_id) VALUES ('Comment 2 for post 56', 2);
INSERT INTO write_comments (comment, post_id) VALUES ('Comment 3 for post 56', 3);
INSERT INTO read_comments (comment, post_id) VALUES ('Comment 3 for post 56', 3);
INSERT INTO write_comments (comment, post_id) VALUES ('Comment 4 for post 56', 4);
INSERT INTO read_comments (comment, post_id) VALUES ('Comment 4 for post 56', 4);
INSERT INTO write_comments (comment, post_id) VALUES ('Comment 5 for post 56', 5);
INSERT INTO read_comments (comment, post_id) VALUES ('Comment 5 for post 56', 5);
INSERT INTO write_comments (comment, post_id) VALUES ('Comment 6 for post 56', 6);
INSERT INTO read_comments (comment, post_id) VALUES ('Comment 6 for post 56', 6);
INSERT INTO write_comments (comment, post_id) VALUES ('Comment 7 for post 56', 7);
INSERT INTO read_comments (comment, post_id) VALUES ('Comment 7 for post 56', 7);
INSERT INTO write_comments (comment, post_id) VALUES ('Comment 8 for post 56', 8);
INSERT INTO read_comments (comment, post_id) VALUES ('Comment 8 for post 56', 8);
INSERT INTO write_comments (comment, post_id) VALUES ('Comment 9 for post 56', 9);
INSERT INTO read_comments (comment, post_id) VALUES ('Comment 9 for post 56', 9);
INSERT INTO write_comments (comment, post_id) VALUES ('Comment 10 for post 56', 10);
INSERT INTO read_comments (comment, post_id) VALUES ('Comment 10 for post 56', 10);
INSERT INTO write_comments (comment, post_id) VALUES ('Comment 11 for post 56', 11);
INSERT INTO read_comments (comment, post_id) VALUES ('Comment 11 for post 56', 11);
INSERT INTO write_comments (comment, post_id) VALUES ('Comment 12 for post 56', 12);
INSERT INTO read_comments (comment, post_id) VALUES ('Comment 12 for post 56', 12);
INSERT INTO write_comments (comment, post_id) VALUES ('Comment 13 for post 56', 13);
INSERT INTO read_comments (comment, post_id) VALUES ('Comment 13 for post 56', 13);
INSERT INTO write_comments (comment, post_id) VALUES ('Comment 14 for post 56', 14);
INSERT INTO read_comments (comment, post_id) VALUES ('Comment 14 for post 56', 14);
INSERT INTO write_comments (comment, post_id) VALUES ('Comment 15 for post 56', 15);
INSERT INTO read_comments (comment, post_id) VALUES ('Comment 15 for post 56', 15);
INSERT INTO write_comments (comment, post_id) VALUES ('Comment 16 for post 56', 16);
INSERT INTO read_comments (comment, post_id) VALUES ('Comment 16 for post 56', 16);
INSERT INTO write_comments (comment, post_id) VALUES ('Comment 17 for post 56', 17);
INSERT INTO read_comments (comment, post_id) VALUES ('Comment 17 for post 56', 17);
INSERT INTO write_comments (comment, post_id) VALUES ('Comment 18 for post 56', 18);
INSERT INTO read_comments (comment, post_id) VALUES ('Comment 18 for post 56', 18);
INSERT INTO write_comments (comment, post_id) VALUES ('Comment 19 for post 56', 19);
INSERT INTO read_comments (comment, post_id) VALUES ('Comment 19 for post 56', 19);
INSERT INTO write_comments (comment, post_id) VALUES ('Comment 20 for post 56', 20);
INSERT INTO read_comments (comment, post_id) VALUES ('Comment 20 for post 56', 20);
INSERT INTO write_comments (comment, post_id) VALUES ('Comment 21 for post 56', 21);
INSERT INTO read_comments (comment, post_id) VALUES ('Comment 21 for post 56', 21);
INSERT INTO write_comments (comment, post_id) VALUES ('Comment 22 for post 56', 22);
INSERT INTO read_comments (comment, post_id) VALUES ('Comment 22 for post 56', 22);
INSERT INTO write_comments (comment, post_id) VALUES ('Comment 23 for post 56', 23);
INSERT INTO read_comments (comment, post_id) VALUES ('Comment 23 for post 56', 23);
INSERT INTO write_comments (comment, post_id) VALUES ('Comment 24 for post 56', 24);
INSERT INTO read_comments (comment, post_id) VALUES ('Comment 24 for post 56', 24);
INSERT INTO write_comments (comment, post_id) VALUES ('Comment 25 for post 56', 25);
INSERT INTO read_comments (comment, post_id) VALUES ('Comment 25 for post 56', 25);
INSERT INTO write_comments (comment, post_id) VALUES ('Comment 26 for post 56', 26);
INSERT INTO read_comments (comment, post_id) VALUES ('Comment 26 for post 56', 26);
INSERT INTO write_comments (comment, post_id) VALUES ('Comment 27 for post 56', 27);
INSERT INTO read_comments (comment, post_id) VALUES ('Comment 27 for post 56', 27);
INSERT INTO write_comments (comment, post_id) VALUES ('Comment 28 for post 56', 28);
INSERT INTO read_comments (comment, post_id) VALUES ('Comment 28 for post 56', 28);
INSERT INTO write_comments (comment, post_id) VALUES ('Comment 29 for post 56', 29);
INSERT INTO read_comments (comment, post_id) VALUES ('Comment 29 for post 56', 29);
INSERT INTO write_comments (comment, post_id) VALUES ('Comment 30 for post 56', 30);
INSERT INTO read_comments (comment, post_id) VALUES ('Comment 30 for post 56', 30);
INSERT INTO write_comments (comment, post_id) VALUES ('Comment 31 for post 56', 31);
INSERT INTO read_comments (comment, post_id) VALUES ('Comment 31 for post 56', 31);
INSERT INTO write_comments (comment, post_id) VALUES ('Comment 32 for post 56', 32);
INSERT INTO read_comments (comment, post_id) VALUES ('Comment 32 for post 56', 32);
INSERT INTO write_comments (comment, post_id) VALUES ('Comment 33 for post 56', 33);
INSERT INTO read_comments (comment, post_id) VALUES ('Comment 33 for post 56', 33);
INSERT INTO write_comments (comment, post_id) VALUES ('Comment 34 for post 56', 34);
INSERT INTO read_comments (comment, post_id) VALUES ('Comment 34 for post 56', 34);
INSERT INTO write_comments (comment, post_id) VALUES ('Comment 35 for post 56', 35);
INSERT INTO read_comments (comment, post_id) VALUES ('Comment 35 for post 56', 35);
INSERT INTO write_comments (comment, post_id) VALUES ('Comment 36 for post 56', 36);
INSERT INTO read_comments (comment, post_id) VALUES ('Comment 36 for post 56', 36);
INSERT INTO write_comments (comment, post_id) VALUES ('Comment 37 for post 56', 37);
INSERT INTO read_comments (comment, post_id) VALUES ('Comment 37 for post 56', 37);
INSERT INTO write_comments (comment, post_id) VALUES ('Comment 38 for post 56', 38);
INSERT INTO read_comments (comment, post_id) VALUES ('Comment 38 for post 56', 38);
INSERT INTO write_comments (comment, post_id) VALUES ('Comment 39 for post 56', 39);
INSERT INTO read_comments (comment, post_id) VALUES ('Comment 39 for post 56', 39);
INSERT INTO write_comments (comment, post_id) VALUES ('Comment 40 for post 56', 40);
INSERT INTO read_comments (comment, post_id) VALUES ('Comment 40 for post 56', 40);
INSERT INTO write_comments (comment, post_id) VALUES ('Comment 41 for post 56', 41);
INSERT INTO read_comments (comment, post_id) VALUES ('Comment 41 for post 56', 41);
INSERT INTO write_comments (comment, post_id) VALUES ('Comment 42 for post 56', 42);
INSERT INTO read_comments (comment, post_id) VALUES ('Comment 42 for post 56', 42);
INSERT INTO write_comments (comment, post_id) VALUES ('Comment 43 for post 56', 43);
INSERT INTO read_comments (comment, post_id) VALUES ('Comment 43 for post 56', 43);
INSERT INTO write_comments (comment, post_id) VALUES ('Comment 44 for post 56', 44);
INSERT INTO read_comments (comment, post_id) VALUES ('Comment 44 for post 56', 44);
INSERT INTO write_comments (comment, post_id) VALUES ('Comment 45 for post 56', 45);
INSERT INTO read_comments (comment, post_id) VALUES ('Comment 45 for post 56', 45);
INSERT INTO write_comments (comment, post_id) VALUES ('Comment 46 for post 56', 46);
INSERT INTO read_comments (comment, post_id) VALUES ('Comment 46 for post 56', 46);
INSERT INTO write_comments (comment, post_id) VALUES ('Comment 47 for post 56', 47);
INSERT INTO read_comments (comment, post_id) VALUES ('Comment 47 for post 56', 47);
INSERT INTO write_comments (comment, post_id) VALUES ('Comment 48 for post 56', 48);
INSERT INTO read_comments (comment, post_id) VALUES ('Comment 48 for post 56', 48);
INSERT INTO write_comments (comment, post_id) VALUES ('Comment 49 for post 56', 49);
INSERT INTO read_comments (comment, post_id) VALUES ('Comment 49 for post 56', 49);
INSERT INTO write_comments (comment, post_id) VALUES ('Comment 50 for post 56', 50);
INSERT INTO read_comments (comment, post_id) VALUES ('Comment 50 for post 56', 50);
INSERT INTO write_comments (comment, post_id) VALUES ('Comment 51 for post 56', 51);
INSERT INTO read_comments (comment, post_id) VALUES ('Comment 51 for post 56', 51);
INSERT INTO write_comments (comment, post_id) VALUES ('Comment 52 for post 56', 52);
INSERT INTO read_comments (comment, post_id) VALUES ('Comment 52 for post 56', 52);
INSERT INTO write_comments (comment, post_id) VALUES ('Comment 53 for post 56', 53);
INSERT INTO read_comments (comment, post_id) VALUES ('Comment 53 for post 56', 53);
INSERT INTO write_comments (comment, post_id) VALUES ('Comment 54 for post 56', 54);
INSERT INTO read_comments (comment, post_id) VALUES ('Comment 54 for post 56', 54);
INSERT INTO write_comments (comment, post_id) VALUES ('Comment 55 for post 56', 55);
INSERT INTO read_comments (comment, post_id) VALUES ('Comment 55 for post 56', 55);
INSERT INTO write_comments (comment, post_id) VALUES ('Comment 56 for post 56', 56);
INSERT INTO read_comments (comment, post_id) VALUES ('Comment 56 for post 56', 56);
INSERT INTO write_comments (comment, post_id) VALUES ('Comment 57 for post 56', 57);
INSERT INTO read_comments (comment, post_id) VALUES ('Comment 57 for post 56', 57);
INSERT INTO write_comments (comment, post_id) VALUES ('Comment 58 for post 56', 58);
INSERT INTO read_comments (comment, post_id) VALUES ('Comment 58 for post 56', 58);
INSERT INTO write_comments (comment, post_id) VALUES ('Comment 59 for post 56', 59);
INSERT INTO read_comments (comment, post_id) VALUES ('Comment 59 for post 56', 59);
INSERT INTO write_comments (comment, post_id) VALUES ('Comment 60 for post 56', 60);
INSERT INTO read_comments (comment, post_id) VALUES ('Comment 60 for post 56', 60);
INSERT INTO write_comments (comment, post_id) VALUES ('Comment 61 for post 56', 61);
INSERT INTO read_comments (comment, post_id) VALUES ('Comment 61 for post 56', 61);
INSERT INTO write_comments (comment, post_id) VALUES ('Comment 62 for post 56', 62);
INSERT INTO read_comments (comment, post_id) VALUES ('Comment 62 for post 56', 62);
INSERT INTO write_comments (comment, post_id) VALUES ('Comment 63 for post 56', 63);
INSERT INTO read_comments (comment, post_id) VALUES ('Comment 63 for post 56', 63);
INSERT INTO write_comments (comment, post_id) VALUES ('Comment 64 for post 56', 64);
INSERT INTO read_comments (comment, post_id) VALUES ('Comment 64 for post 56', 64);
INSERT INTO write_comments (comment, post_id) VALUES ('Comment 65 for post 56', 65);
INSERT INTO read_comments (comment, post_id) VALUES ('Comment 65 for post 56', 65);
INSERT INTO write_comments (comment, post_id) VALUES ('Comment 66 for post 56', 66);
INSERT INTO read_comments (comment, post_id) VALUES ('Comment 66 for post 56', 66);
INSERT INTO write_comments (comment, post_id) VALUES ('Comment 67 for post 56', 67);
INSERT INTO read_comments (comment, post_id) VALUES ('Comment 67 for post 56', 67);
INSERT INTO write_comments (comment, post_id) VALUES ('Comment 68 for post 56', 68);
INSERT INTO read_comments (comment, post_id) VALUES ('Comment 68 for post 56', 68);
INSERT INTO write_comments (comment, post_id) VALUES ('Comment 69 for post 56', 69);
INSERT INTO read_comments (comment, post_id) VALUES ('Comment 69 for post 56', 69);
INSERT INTO write_comments (comment, post_id) VALUES ('Comment 70 for post 56', 70);
INSERT INTO read_comments (comment, post_id) VALUES ('Comment 70 for post 56', 70);
INSERT INTO write_comments (comment, post_id) VALUES ('Comment 71 for post 56', 71);
INSERT INTO read_comments (comment, post_id) VALUES ('Comment 71 for post 56', 71);
INSERT INTO write_comments (comment, post_id) VALUES ('Comment 72 for post 56', 72);
INSERT INTO read_comments (comment, post_id) VALUES ('Comment 72 for post 56', 72);
INSERT INTO write_comments (comment, post_id) VALUES ('Comment 73 for post 56', 73);
INSERT INTO read_comments (comment, post_id) VALUES ('Comment 73 for post 56', 73);
INSERT INTO write_comments (comment, post_id) VALUES ('Comment 74 for post 56', 74);
INSERT INTO read_comments (comment, post_id) VALUES ('Comment 74 for post 56', 74);
INSERT INTO write_comments (comment, post_id) VALUES ('Comment 75 for post 56', 75);
INSERT INTO read_comments (comment, post_id) VALUES ('Comment 75 for post 56', 75);
INSERT INTO write_comments (comment, post_id) VALUES ('Comment 76 for post 56', 76);
INSERT INTO read_comments (comment, post_id) VALUES ('Comment 76 for post 56', 76);
INSERT INTO write_comments (comment, post_id) VALUES ('Comment 77 for post 56', 77);
INSERT INTO read_comments (comment, post_id) VALUES ('Comment 77 for post 56', 77);
INSERT INTO write_comments (comment, post_id) VALUES ('Comment 78 for post 56', 78);
INSERT INTO read_comments (comment, post_id) VALUES ('Comment 78 for post 56', 78);
INSERT INTO write_comments (comment, post_id) VALUES ('Comment 79 for post 56', 79);
INSERT INTO read_comments (comment, post_id) VALUES ('Comment 79 for post 56', 79);
INSERT INTO write_comments (comment, post_id) VALUES ('Comment 80 for post 56', 80);
INSERT INTO read_comments (comment, post_id) VALUES ('Comment 80 for post 56', 80);
INSERT INTO write_comments (comment, post_id) VALUES ('Comment 81 for post 56', 81);
INSERT INTO read_comments (comment, post_id) VALUES ('Comment 81 for post 56', 81);
INSERT INTO write_comments (comment, post_id) VALUES ('Comment 82 for post 56', 82);
INSERT INTO read_comments (comment, post_id) VALUES ('Comment 82 for post 56', 82);
INSERT INTO write_comments (comment, post_id) VALUES ('Comment 83 for post 56', 83);
INSERT INTO read_comments (comment, post_id) VALUES ('Comment 83 for post 56', 83);
INSERT INTO write_comments (comment, post_id) VALUES ('Comment 84 for post 56', 84);
INSERT INTO read_comments (comment, post_id) VALUES ('Comment 84 for post 56', 84);
INSERT INTO write_comments (comment, post_id) VALUES ('Comment 85 for post 56', 85);
INSERT INTO read_comments (comment, post_id) VALUES ('Comment 85 for post 56', 85);
INSERT INTO write_comments (comment, post_id) VALUES ('Comment 86 for post 56', 86);
INSERT INTO read_comments (comment, post_id) VALUES ('Comment 86 for post 56', 86);
INSERT INTO write_comments (comment, post_id) VALUES ('Comment 87 for post 56', 87);
INSERT INTO read_comments (comment, post_id) VALUES ('Comment 87 for post 56', 87);
INSERT INTO write_comments (comment, post_id) VALUES ('Comment 88 for post 56', 88);
INSERT INTO read_comments (comment, post_id) VALUES ('Comment 88 for post 56', 88);
INSERT INTO write_comments (comment, post_id) VALUES ('Comment 89 for post 56', 89);
INSERT INTO read_comments (comment, post_id) VALUES ('Comment 89 for post 56', 89);
INSERT INTO write_comments (comment, post_id) VALUES ('Comment 90 for post 56', 90);
INSERT INTO read_comments (comment, post_id) VALUES ('Comment 90 for post 56', 90);
INSERT INTO write_comments (comment, post_id) VALUES ('Comment 91 for post 56', 91);
INSERT INTO read_comments (comment, post_id) VALUES ('Comment 91 for post 56', 91);
INSERT INTO write_comments (comment, post_id) VALUES ('Comment 92 for post 56', 92);
INSERT INTO read_comments (comment, post_id) VALUES ('Comment 92 for post 56', 92);
INSERT INTO write_comments (comment, post_id) VALUES ('Comment 93 for post 56', 93);
INSERT INTO read_comments (comment, post_id) VALUES ('Comment 93 for post 56', 93);
INSERT INTO write_comments (comment, post_id) VALUES ('Comment 94 for post 56', 94);
INSERT INTO read_comments (comment, post_id) VALUES ('Comment 94 for post 56', 94);
INSERT INTO write_comments (comment, post_id) VALUES ('Comment 95 for post 56', 95);
INSERT INTO read_comments (comment, post_id) VALUES ('Comment 95 for post 56', 95);
INSERT INTO write_comments (comment, post_id) VALUES ('Comment 96 for post 56', 96);
INSERT INTO read_comments (comment, post_id) VALUES ('Comment 96 for post 56', 96);
INSERT INTO write_comments (comment, post_id) VALUES ('Comment 97 for post 56', 97);
INSERT INTO read_comments (comment, post_id) VALUES ('Comment 97 for post 56', 97);
INSERT INTO write_comments (comment, post_id) VALUES ('Comment 98 for post 56', 98);
INSERT INTO read_comments (comment, post_id) VALUES ('Comment 98 for post 56', 98);
INSERT INTO write_comments (comment, post_id) VALUES ('Comment 99 for post 56', 99);
INSERT INTO read_comments (comment, post_id) VALUES ('Comment 99 for post 56', 99);
INSERT INTO write_comments (comment, post_id) VALUES ('Comment 100 for post 56', 100);
INSERT INTO read_comments (comment, post_id) VALUES ('Comment 100 for post 56', 100);
INSERT INTO write_comments (comment, post_id) VALUES ('Comment 1 for post 57', 1);
INSERT INTO read_comments (comment, post_id) VALUES ('Comment 1 for post 57', 1);
INSERT INTO write_comments (comment, post_id) VALUES ('Comment 2 for post 57', 2);
INSERT INTO read_comments (comment, post_id) VALUES ('Comment 2 for post 57', 2);
INSERT INTO write_comments (comment, post_id) VALUES ('Comment 3 for post 57', 3);
INSERT INTO read_comments (comment, post_id) VALUES ('Comment 3 for post 57', 3);
INSERT INTO write_comments (comment, post_id) VALUES ('Comment 4 for post 57', 4);
INSERT INTO read_comments (comment, post_id) VALUES ('Comment 4 for post 57', 4);
INSERT INTO write_comments (comment, post_id) VALUES ('Comment 5 for post 57', 5);
INSERT INTO read_comments (comment, post_id) VALUES ('Comment 5 for post 57', 5);
INSERT INTO write_comments (comment, post_id) VALUES ('Comment 6 for post 57', 6);
INSERT INTO read_comments (comment, post_id) VALUES ('Comment 6 for post 57', 6);
INSERT INTO write_comments (comment, post_id) VALUES ('Comment 7 for post 57', 7);
INSERT INTO read_comments (comment, post_id) VALUES ('Comment 7 for post 57', 7);
INSERT INTO write_comments (comment, post_id) VALUES ('Comment 8 for post 57', 8);
INSERT INTO read_comments (comment, post_id) VALUES ('Comment 8 for post 57', 8);
INSERT INTO write_comments (comment, post_id) VALUES ('Comment 9 for post 57', 9);
INSERT INTO read_comments (comment, post_id) VALUES ('Comment 9 for post 57', 9);
INSERT INTO write_comments (comment, post_id) VALUES ('Comment 10 for post 57', 10);
INSERT INTO read_comments (comment, post_id) VALUES ('Comment 10 for post 57', 10);
INSERT INTO write_comments (comment, post_id) VALUES ('Comment 11 for post 57', 11);
INSERT INTO read_comments (comment, post_id) VALUES ('Comment 11 for post 57', 11);
INSERT INTO write_comments (comment, post_id) VALUES ('Comment 12 for post 57', 12);
INSERT INTO read_comments (comment, post_id) VALUES ('Comment 12 for post 57', 12);
INSERT INTO write_comments (comment, post_id) VALUES ('Comment 13 for post 57', 13);
INSERT INTO read_comments (comment, post_id) VALUES ('Comment 13 for post 57', 13);
INSERT INTO write_comments (comment, post_id) VALUES ('Comment 14 for post 57', 14);
INSERT INTO read_comments (comment, post_id) VALUES ('Comment 14 for post 57', 14);
INSERT INTO write_comments (comment, post_id) VALUES ('Comment 15 for post 57', 15);
INSERT INTO read_comments (comment, post_id) VALUES ('Comment 15 for post 57', 15);
INSERT INTO write_comments (comment, post_id) VALUES ('Comment 16 for post 57', 16);
INSERT INTO read_comments (comment, post_id) VALUES ('Comment 16 for post 57', 16);
INSERT INTO write_comments (comment, post_id) VALUES ('Comment 17 for post 57', 17);
INSERT INTO read_comments (comment, post_id) VALUES ('Comment 17 for post 57', 17);
INSERT INTO write_comments (comment, post_id) VALUES ('Comment 18 for post 57', 18);
INSERT INTO read_comments (comment, post_id) VALUES ('Comment 18 for post 57', 18);
INSERT INTO write_comments (comment, post_id) VALUES ('Comment 19 for post 57', 19);
INSERT INTO read_comments (comment, post_id) VALUES ('Comment 19 for post 57', 19);
INSERT INTO write_comments (comment, post_id) VALUES ('Comment 20 for post 57', 20);
INSERT INTO read_comments (comment, post_id) VALUES ('Comment 20 for post 57', 20);
INSERT INTO write_comments (comment, post_id) VALUES ('Comment 21 for post 57', 21);
INSERT INTO read_comments (comment, post_id) VALUES ('Comment 21 for post 57', 21);
INSERT INTO write_comments (comment, post_id) VALUES ('Comment 22 for post 57', 22);
INSERT INTO read_comments (comment, post_id) VALUES ('Comment 22 for post 57', 22);
INSERT INTO write_comments (comment, post_id) VALUES ('Comment 23 for post 57', 23);
INSERT INTO read_comments (comment, post_id) VALUES ('Comment 23 for post 57', 23);
INSERT INTO write_comments (comment, post_id) VALUES ('Comment 24 for post 57', 24);
INSERT INTO read_comments (comment, post_id) VALUES ('Comment 24 for post 57', 24);
INSERT INTO write_comments (comment, post_id) VALUES ('Comment 25 for post 57', 25);
INSERT INTO read_comments (comment, post_id) VALUES ('Comment 25 for post 57', 25);
INSERT INTO write_comments (comment, post_id) VALUES ('Comment 26 for post 57', 26);
INSERT INTO read_comments (comment, post_id) VALUES ('Comment 26 for post 57', 26);
INSERT INTO write_comments (comment, post_id) VALUES ('Comment 27 for post 57', 27);
INSERT INTO read_comments (comment, post_id) VALUES ('Comment 27 for post 57', 27);
INSERT INTO write_comments (comment, post_id) VALUES ('Comment 28 for post 57', 28);
INSERT INTO read_comments (comment, post_id) VALUES ('Comment 28 for post 57', 28);
INSERT INTO write_comments (comment, post_id) VALUES ('Comment 29 for post 57', 29);
INSERT INTO read_comments (comment, post_id) VALUES ('Comment 29 for post 57', 29);
INSERT INTO write_comments (comment, post_id) VALUES ('Comment 30 for post 57', 30);
INSERT INTO read_comments (comment, post_id) VALUES ('Comment 30 for post 57', 30);
INSERT INTO write_comments (comment, post_id) VALUES ('Comment 31 for post 57', 31);
INSERT INTO read_comments (comment, post_id) VALUES ('Comment 31 for post 57', 31);
INSERT INTO write_comments (comment, post_id) VALUES ('Comment 32 for post 57', 32);
INSERT INTO read_comments (comment, post_id) VALUES ('Comment 32 for post 57', 32);
INSERT INTO write_comments (comment, post_id) VALUES ('Comment 33 for post 57', 33);
INSERT INTO read_comments (comment, post_id) VALUES ('Comment 33 for post 57', 33);
INSERT INTO write_comments (comment, post_id) VALUES ('Comment 34 for post 57', 34);
INSERT INTO read_comments (comment, post_id) VALUES ('Comment 34 for post 57', 34);
INSERT INTO write_comments (comment, post_id) VALUES ('Comment 35 for post 57', 35);
INSERT INTO read_comments (comment, post_id) VALUES ('Comment 35 for post 57', 35);
INSERT INTO write_comments (comment, post_id) VALUES ('Comment 36 for post 57', 36);
INSERT INTO read_comments (comment, post_id) VALUES ('Comment 36 for post 57', 36);
INSERT INTO write_comments (comment, post_id) VALUES ('Comment 37 for post 57', 37);
INSERT INTO read_comments (comment, post_id) VALUES ('Comment 37 for post 57', 37);
INSERT INTO write_comments (comment, post_id) VALUES ('Comment 38 for post 57', 38);
INSERT INTO read_comments (comment, post_id) VALUES ('Comment 38 for post 57', 38);
INSERT INTO write_comments (comment, post_id) VALUES ('Comment 39 for post 57', 39);
INSERT INTO read_comments (comment, post_id) VALUES ('Comment 39 for post 57', 39);
INSERT INTO write_comments (comment, post_id) VALUES ('Comment 40 for post 57', 40);
INSERT INTO read_comments (comment, post_id) VALUES ('Comment 40 for post 57', 40);
INSERT INTO write_comments (comment, post_id) VALUES ('Comment 41 for post 57', 41);
INSERT INTO read_comments (comment, post_id) VALUES ('Comment 41 for post 57', 41);
INSERT INTO write_comments (comment, post_id) VALUES ('Comment 42 for post 57', 42);
INSERT INTO read_comments (comment, post_id) VALUES ('Comment 42 for post 57', 42);
INSERT INTO write_comments (comment, post_id) VALUES ('Comment 43 for post 57', 43);
INSERT INTO read_comments (comment, post_id) VALUES ('Comment 43 for post 57', 43);
INSERT INTO write_comments (comment, post_id) VALUES ('Comment 44 for post 57', 44);
INSERT INTO read_comments (comment, post_id) VALUES ('Comment 44 for post 57', 44);
INSERT INTO write_comments (comment, post_id) VALUES ('Comment 45 for post 57', 45);
INSERT INTO read_comments (comment, post_id) VALUES ('Comment 45 for post 57', 45);
INSERT INTO write_comments (comment, post_id) VALUES ('Comment 46 for post 57', 46);
INSERT INTO read_comments (comment, post_id) VALUES ('Comment 46 for post 57', 46);
INSERT INTO write_comments (comment, post_id) VALUES ('Comment 47 for post 57', 47);
INSERT INTO read_comments (comment, post_id) VALUES ('Comment 47 for post 57', 47);
INSERT INTO write_comments (comment, post_id) VALUES ('Comment 48 for post 57', 48);
INSERT INTO read_comments (comment, post_id) VALUES ('Comment 48 for post 57', 48);
INSERT INTO write_comments (comment, post_id) VALUES ('Comment 49 for post 57', 49);
INSERT INTO read_comments (comment, post_id) VALUES ('Comment 49 for post 57', 49);
INSERT INTO write_comments (comment, post_id) VALUES ('Comment 50 for post 57', 50);
INSERT INTO read_comments (comment, post_id) VALUES ('Comment 50 for post 57', 50);
INSERT INTO write_comments (comment, post_id) VALUES ('Comment 51 for post 57', 51);
INSERT INTO read_comments (comment, post_id) VALUES ('Comment 51 for post 57', 51);
INSERT INTO write_comments (comment, post_id) VALUES ('Comment 52 for post 57', 52);
INSERT INTO read_comments (comment, post_id) VALUES ('Comment 52 for post 57', 52);
INSERT INTO write_comments (comment, post_id) VALUES ('Comment 53 for post 57', 53);
INSERT INTO read_comments (comment, post_id) VALUES ('Comment 53 for post 57', 53);
INSERT INTO write_comments (comment, post_id) VALUES ('Comment 54 for post 57', 54);
INSERT INTO read_comments (comment, post_id) VALUES ('Comment 54 for post 57', 54);
INSERT INTO write_comments (comment, post_id) VALUES ('Comment 55 for post 57', 55);
INSERT INTO read_comments (comment, post_id) VALUES ('Comment 55 for post 57', 55);
INSERT INTO write_comments (comment, post_id) VALUES ('Comment 56 for post 57', 56);
INSERT INTO read_comments (comment, post_id) VALUES ('Comment 56 for post 57', 56);
INSERT INTO write_comments (comment, post_id) VALUES ('Comment 57 for post 57', 57);
INSERT INTO read_comments (comment, post_id) VALUES ('Comment 57 for post 57', 57);
INSERT INTO write_comments (comment, post_id) VALUES ('Comment 58 for post 57', 58);
INSERT INTO read_comments (comment, post_id) VALUES ('Comment 58 for post 57', 58);
INSERT INTO write_comments (comment, post_id) VALUES ('Comment 59 for post 57', 59);
INSERT INTO read_comments (comment, post_id) VALUES ('Comment 59 for post 57', 59);
INSERT INTO write_comments (comment, post_id) VALUES ('Comment 60 for post 57', 60);
INSERT INTO read_comments (comment, post_id) VALUES ('Comment 60 for post 57', 60);
INSERT INTO write_comments (comment, post_id) VALUES ('Comment 61 for post 57', 61);
INSERT INTO read_comments (comment, post_id) VALUES ('Comment 61 for post 57', 61);
INSERT INTO write_comments (comment, post_id) VALUES ('Comment 62 for post 57', 62);
INSERT INTO read_comments (comment, post_id) VALUES ('Comment 62 for post 57', 62);
INSERT INTO write_comments (comment, post_id) VALUES ('Comment 63 for post 57', 63);
INSERT INTO read_comments (comment, post_id) VALUES ('Comment 63 for post 57', 63);
INSERT INTO write_comments (comment, post_id) VALUES ('Comment 64 for post 57', 64);
INSERT INTO read_comments (comment, post_id) VALUES ('Comment 64 for post 57', 64);
INSERT INTO write_comments (comment, post_id) VALUES ('Comment 65 for post 57', 65);
INSERT INTO read_comments (comment, post_id) VALUES ('Comment 65 for post 57', 65);
INSERT INTO write_comments (comment, post_id) VALUES ('Comment 66 for post 57', 66);
INSERT INTO read_comments (comment, post_id) VALUES ('Comment 66 for post 57', 66);
INSERT INTO write_comments (comment, post_id) VALUES ('Comment 67 for post 57', 67);
INSERT INTO read_comments (comment, post_id) VALUES ('Comment 67 for post 57', 67);
INSERT INTO write_comments (comment, post_id) VALUES ('Comment 68 for post 57', 68);
INSERT INTO read_comments (comment, post_id) VALUES ('Comment 68 for post 57', 68);
INSERT INTO write_comments (comment, post_id) VALUES ('Comment 69 for post 57', 69);
INSERT INTO read_comments (comment, post_id) VALUES ('Comment 69 for post 57', 69);
INSERT INTO write_comments (comment, post_id) VALUES ('Comment 70 for post 57', 70);
INSERT INTO read_comments (comment, post_id) VALUES ('Comment 70 for post 57', 70);
INSERT INTO write_comments (comment, post_id) VALUES ('Comment 71 for post 57', 71);
INSERT INTO read_comments (comment, post_id) VALUES ('Comment 71 for post 57', 71);
INSERT INTO write_comments (comment, post_id) VALUES ('Comment 72 for post 57', 72);
INSERT INTO read_comments (comment, post_id) VALUES ('Comment 72 for post 57', 72);
INSERT INTO write_comments (comment, post_id) VALUES ('Comment 73 for post 57', 73);
INSERT INTO read_comments (comment, post_id) VALUES ('Comment 73 for post 57', 73);
INSERT INTO write_comments (comment, post_id) VALUES ('Comment 74 for post 57', 74);
INSERT INTO read_comments (comment, post_id) VALUES ('Comment 74 for post 57', 74);
INSERT INTO write_comments (comment, post_id) VALUES ('Comment 75 for post 57', 75);
INSERT INTO read_comments (comment, post_id) VALUES ('Comment 75 for post 57', 75);
INSERT INTO write_comments (comment, post_id) VALUES ('Comment 76 for post 57', 76);
INSERT INTO read_comments (comment, post_id) VALUES ('Comment 76 for post 57', 76);
INSERT INTO write_comments (comment, post_id) VALUES ('Comment 77 for post 57', 77);
INSERT INTO read_comments (comment, post_id) VALUES ('Comment 77 for post 57', 77);
INSERT INTO write_comments (comment, post_id) VALUES ('Comment 78 for post 57', 78);
INSERT INTO read_comments (comment, post_id) VALUES ('Comment 78 for post 57', 78);
INSERT INTO write_comments (comment, post_id) VALUES ('Comment 79 for post 57', 79);
INSERT INTO read_comments (comment, post_id) VALUES ('Comment 79 for post 57', 79);
INSERT INTO write_comments (comment, post_id) VALUES ('Comment 80 for post 57', 80);
INSERT INTO read_comments (comment, post_id) VALUES ('Comment 80 for post 57', 80);
INSERT INTO write_comments (comment, post_id) VALUES ('Comment 81 for post 57', 81);
INSERT INTO read_comments (comment, post_id) VALUES ('Comment 81 for post 57', 81);
INSERT INTO write_comments (comment, post_id) VALUES ('Comment 82 for post 57', 82);
INSERT INTO read_comments (comment, post_id) VALUES ('Comment 82 for post 57', 82);
INSERT INTO write_comments (comment, post_id) VALUES ('Comment 83 for post 57', 83);
INSERT INTO read_comments (comment, post_id) VALUES ('Comment 83 for post 57', 83);
INSERT INTO write_comments (comment, post_id) VALUES ('Comment 84 for post 57', 84);
INSERT INTO read_comments (comment, post_id) VALUES ('Comment 84 for post 57', 84);
INSERT INTO write_comments (comment, post_id) VALUES ('Comment 85 for post 57', 85);
INSERT INTO read_comments (comment, post_id) VALUES ('Comment 85 for post 57', 85);
INSERT INTO write_comments (comment, post_id) VALUES ('Comment 86 for post 57', 86);
INSERT INTO read_comments (comment, post_id) VALUES ('Comment 86 for post 57', 86);
INSERT INTO write_comments (comment, post_id) VALUES ('Comment 87 for post 57', 87);
INSERT INTO read_comments (comment, post_id) VALUES ('Comment 87 for post 57', 87);
INSERT INTO write_comments (comment, post_id) VALUES ('Comment 88 for post 57', 88);
INSERT INTO read_comments (comment, post_id) VALUES ('Comment 88 for post 57', 88);
INSERT INTO write_comments (comment, post_id) VALUES ('Comment 89 for post 57', 89);
INSERT INTO read_comments (comment, post_id) VALUES ('Comment 89 for post 57', 89);
INSERT INTO write_comments (comment, post_id) VALUES ('Comment 90 for post 57', 90);
INSERT INTO read_comments (comment, post_id) VALUES ('Comment 90 for post 57', 90);
INSERT INTO write_comments (comment, post_id) VALUES ('Comment 91 for post 57', 91);
INSERT INTO read_comments (comment, post_id) VALUES ('Comment 91 for post 57', 91);
INSERT INTO write_comments (comment, post_id) VALUES ('Comment 92 for post 57', 92);
INSERT INTO read_comments (comment, post_id) VALUES ('Comment 92 for post 57', 92);
INSERT INTO write_comments (comment, post_id) VALUES ('Comment 93 for post 57', 93);
INSERT INTO read_comments (comment, post_id) VALUES ('Comment 93 for post 57', 93);
INSERT INTO write_comments (comment, post_id) VALUES ('Comment 94 for post 57', 94);
INSERT INTO read_comments (comment, post_id) VALUES ('Comment 94 for post 57', 94);
INSERT INTO write_comments (comment, post_id) VALUES ('Comment 95 for post 57', 95);
INSERT INTO read_comments (comment, post_id) VALUES ('Comment 95 for post 57', 95);
INSERT INTO write_comments (comment, post_id) VALUES ('Comment 96 for post 57', 96);
INSERT INTO read_comments (comment, post_id) VALUES ('Comment 96 for post 57', 96);
INSERT INTO write_comments (comment, post_id) VALUES ('Comment 97 for post 57', 97);
INSERT INTO read_comments (comment, post_id) VALUES ('Comment 97 for post 57', 97);
INSERT INTO write_comments (comment, post_id) VALUES ('Comment 98 for post 57', 98);
INSERT INTO read_comments (comment, post_id) VALUES ('Comment 98 for post 57', 98);
INSERT INTO write_comments (comment, post_id) VALUES ('Comment 99 for post 57', 99);
INSERT INTO read_comments (comment, post_id) VALUES ('Comment 99 for post 57', 99);
INSERT INTO write_comments (comment, post_id) VALUES ('Comment 100 for post 57', 100);
INSERT INTO read_comments (comment, post_id) VALUES ('Comment 100 for post 57', 100);
INSERT INTO write_comments (comment, post_id) VALUES ('Comment 1 for post 58', 1);
INSERT INTO read_comments (comment, post_id) VALUES ('Comment 1 for post 58', 1);
INSERT INTO write_comments (comment, post_id) VALUES ('Comment 2 for post 58', 2);
INSERT INTO read_comments (comment, post_id) VALUES ('Comment 2 for post 58', 2);
INSERT INTO write_comments (comment, post_id) VALUES ('Comment 3 for post 58', 3);
INSERT INTO read_comments (comment, post_id) VALUES ('Comment 3 for post 58', 3);
INSERT INTO write_comments (comment, post_id) VALUES ('Comment 4 for post 58', 4);
INSERT INTO read_comments (comment, post_id) VALUES ('Comment 4 for post 58', 4);
INSERT INTO write_comments (comment, post_id) VALUES ('Comment 5 for post 58', 5);
INSERT INTO read_comments (comment, post_id) VALUES ('Comment 5 for post 58', 5);
INSERT INTO write_comments (comment, post_id) VALUES ('Comment 6 for post 58', 6);
INSERT INTO read_comments (comment, post_id) VALUES ('Comment 6 for post 58', 6);
INSERT INTO write_comments (comment, post_id) VALUES ('Comment 7 for post 58', 7);
INSERT INTO read_comments (comment, post_id) VALUES ('Comment 7 for post 58', 7);
INSERT INTO write_comments (comment, post_id) VALUES ('Comment 8 for post 58', 8);
INSERT INTO read_comments (comment, post_id) VALUES ('Comment 8 for post 58', 8);
INSERT INTO write_comments (comment, post_id) VALUES ('Comment 9 for post 58', 9);
INSERT INTO read_comments (comment, post_id) VALUES ('Comment 9 for post 58', 9);
INSERT INTO write_comments (comment, post_id) VALUES ('Comment 10 for post 58', 10);
INSERT INTO read_comments (comment, post_id) VALUES ('Comment 10 for post 58', 10);
INSERT INTO write_comments (comment, post_id) VALUES ('Comment 11 for post 58', 11);
INSERT INTO read_comments (comment, post_id) VALUES ('Comment 11 for post 58', 11);
INSERT INTO write_comments (comment, post_id) VALUES ('Comment 12 for post 58', 12);
INSERT INTO read_comments (comment, post_id) VALUES ('Comment 12 for post 58', 12);
INSERT INTO write_comments (comment, post_id) VALUES ('Comment 13 for post 58', 13);
INSERT INTO read_comments (comment, post_id) VALUES ('Comment 13 for post 58', 13);
INSERT INTO write_comments (comment, post_id) VALUES ('Comment 14 for post 58', 14);
INSERT INTO read_comments (comment, post_id) VALUES ('Comment 14 for post 58', 14);
INSERT INTO write_comments (comment, post_id) VALUES ('Comment 15 for post 58', 15);
INSERT INTO read_comments (comment, post_id) VALUES ('Comment 15 for post 58', 15);
INSERT INTO write_comments (comment, post_id) VALUES ('Comment 16 for post 58', 16);
INSERT INTO read_comments (comment, post_id) VALUES ('Comment 16 for post 58', 16);
INSERT INTO write_comments (comment, post_id) VALUES ('Comment 17 for post 58', 17);
INSERT INTO read_comments (comment, post_id) VALUES ('Comment 17 for post 58', 17);
INSERT INTO write_comments (comment, post_id) VALUES ('Comment 18 for post 58', 18);
INSERT INTO read_comments (comment, post_id) VALUES ('Comment 18 for post 58', 18);
INSERT INTO write_comments (comment, post_id) VALUES ('Comment 19 for post 58', 19);
INSERT INTO read_comments (comment, post_id) VALUES ('Comment 19 for post 58', 19);
INSERT INTO write_comments (comment, post_id) VALUES ('Comment 20 for post 58', 20);
INSERT INTO read_comments (comment, post_id) VALUES ('Comment 20 for post 58', 20);
INSERT INTO write_comments (comment, post_id) VALUES ('Comment 21 for post 58', 21);
INSERT INTO read_comments (comment, post_id) VALUES ('Comment 21 for post 58', 21);
INSERT INTO write_comments (comment, post_id) VALUES ('Comment 22 for post 58', 22);
INSERT INTO read_comments (comment, post_id) VALUES ('Comment 22 for post 58', 22);
INSERT INTO write_comments (comment, post_id) VALUES ('Comment 23 for post 58', 23);
INSERT INTO read_comments (comment, post_id) VALUES ('Comment 23 for post 58', 23);
INSERT INTO write_comments (comment, post_id) VALUES ('Comment 24 for post 58', 24);
INSERT INTO read_comments (comment, post_id) VALUES ('Comment 24 for post 58', 24);
INSERT INTO write_comments (comment, post_id) VALUES ('Comment 25 for post 58', 25);
INSERT INTO read_comments (comment, post_id) VALUES ('Comment 25 for post 58', 25);
INSERT INTO write_comments (comment, post_id) VALUES ('Comment 26 for post 58', 26);
INSERT INTO read_comments (comment, post_id) VALUES ('Comment 26 for post 58', 26);
INSERT INTO write_comments (comment, post_id) VALUES ('Comment 27 for post 58', 27);
INSERT INTO read_comments (comment, post_id) VALUES ('Comment 27 for post 58', 27);
INSERT INTO write_comments (comment, post_id) VALUES ('Comment 28 for post 58', 28);
INSERT INTO read_comments (comment, post_id) VALUES ('Comment 28 for post 58', 28);
INSERT INTO write_comments (comment, post_id) VALUES ('Comment 29 for post 58', 29);
INSERT INTO read_comments (comment, post_id) VALUES ('Comment 29 for post 58', 29);
INSERT INTO write_comments (comment, post_id) VALUES ('Comment 30 for post 58', 30);
INSERT INTO read_comments (comment, post_id) VALUES ('Comment 30 for post 58', 30);
INSERT INTO write_comments (comment, post_id) VALUES ('Comment 31 for post 58', 31);
INSERT INTO read_comments (comment, post_id) VALUES ('Comment 31 for post 58', 31);
INSERT INTO write_comments (comment, post_id) VALUES ('Comment 32 for post 58', 32);
INSERT INTO read_comments (comment, post_id) VALUES ('Comment 32 for post 58', 32);
INSERT INTO write_comments (comment, post_id) VALUES ('Comment 33 for post 58', 33);
INSERT INTO read_comments (comment, post_id) VALUES ('Comment 33 for post 58', 33);
INSERT INTO write_comments (comment, post_id) VALUES ('Comment 34 for post 58', 34);
INSERT INTO read_comments (comment, post_id) VALUES ('Comment 34 for post 58', 34);
INSERT INTO write_comments (comment, post_id) VALUES ('Comment 35 for post 58', 35);
INSERT INTO read_comments (comment, post_id) VALUES ('Comment 35 for post 58', 35);
INSERT INTO write_comments (comment, post_id) VALUES ('Comment 36 for post 58', 36);
INSERT INTO read_comments (comment, post_id) VALUES ('Comment 36 for post 58', 36);
INSERT INTO write_comments (comment, post_id) VALUES ('Comment 37 for post 58', 37);
INSERT INTO read_comments (comment, post_id) VALUES ('Comment 37 for post 58', 37);
INSERT INTO write_comments (comment, post_id) VALUES ('Comment 38 for post 58', 38);
INSERT INTO read_comments (comment, post_id) VALUES ('Comment 38 for post 58', 38);
INSERT INTO write_comments (comment, post_id) VALUES ('Comment 39 for post 58', 39);
INSERT INTO read_comments (comment, post_id) VALUES ('Comment 39 for post 58', 39);
INSERT INTO write_comments (comment, post_id) VALUES ('Comment 40 for post 58', 40);
INSERT INTO read_comments (comment, post_id) VALUES ('Comment 40 for post 58', 40);
INSERT INTO write_comments (comment, post_id) VALUES ('Comment 41 for post 58', 41);
INSERT INTO read_comments (comment, post_id) VALUES ('Comment 41 for post 58', 41);
INSERT INTO write_comments (comment, post_id) VALUES ('Comment 42 for post 58', 42);
INSERT INTO read_comments (comment, post_id) VALUES ('Comment 42 for post 58', 42);
INSERT INTO write_comments (comment, post_id) VALUES ('Comment 43 for post 58', 43);
INSERT INTO read_comments (comment, post_id) VALUES ('Comment 43 for post 58', 43);
INSERT INTO write_comments (comment, post_id) VALUES ('Comment 44 for post 58', 44);
INSERT INTO read_comments (comment, post_id) VALUES ('Comment 44 for post 58', 44);
INSERT INTO write_comments (comment, post_id) VALUES ('Comment 45 for post 58', 45);
INSERT INTO read_comments (comment, post_id) VALUES ('Comment 45 for post 58', 45);
INSERT INTO write_comments (comment, post_id) VALUES ('Comment 46 for post 58', 46);
INSERT INTO read_comments (comment, post_id) VALUES ('Comment 46 for post 58', 46);
INSERT INTO write_comments (comment, post_id) VALUES ('Comment 47 for post 58', 47);
INSERT INTO read_comments (comment, post_id) VALUES ('Comment 47 for post 58', 47);
INSERT INTO write_comments (comment, post_id) VALUES ('Comment 48 for post 58', 48);
INSERT INTO read_comments (comment, post_id) VALUES ('Comment 48 for post 58', 48);
INSERT INTO write_comments (comment, post_id) VALUES ('Comment 49 for post 58', 49);
INSERT INTO read_comments (comment, post_id) VALUES ('Comment 49 for post 58', 49);
INSERT INTO write_comments (comment, post_id) VALUES ('Comment 50 for post 58', 50);
INSERT INTO read_comments (comment, post_id) VALUES ('Comment 50 for post 58', 50);
INSERT INTO write_comments (comment, post_id) VALUES ('Comment 51 for post 58', 51);
INSERT INTO read_comments (comment, post_id) VALUES ('Comment 51 for post 58', 51);
INSERT INTO write_comments (comment, post_id) VALUES ('Comment 52 for post 58', 52);
INSERT INTO read_comments (comment, post_id) VALUES ('Comment 52 for post 58', 52);
INSERT INTO write_comments (comment, post_id) VALUES ('Comment 53 for post 58', 53);
INSERT INTO read_comments (comment, post_id) VALUES ('Comment 53 for post 58', 53);
INSERT INTO write_comments (comment, post_id) VALUES ('Comment 54 for post 58', 54);
INSERT INTO read_comments (comment, post_id) VALUES ('Comment 54 for post 58', 54);
INSERT INTO write_comments (comment, post_id) VALUES ('Comment 55 for post 58', 55);
INSERT INTO read_comments (comment, post_id) VALUES ('Comment 55 for post 58', 55);
INSERT INTO write_comments (comment, post_id) VALUES ('Comment 56 for post 58', 56);
INSERT INTO read_comments (comment, post_id) VALUES ('Comment 56 for post 58', 56);
INSERT INTO write_comments (comment, post_id) VALUES ('Comment 57 for post 58', 57);
INSERT INTO read_comments (comment, post_id) VALUES ('Comment 57 for post 58', 57);
INSERT INTO write_comments (comment, post_id) VALUES ('Comment 58 for post 58', 58);
INSERT INTO read_comments (comment, post_id) VALUES ('Comment 58 for post 58', 58);
INSERT INTO write_comments (comment, post_id) VALUES ('Comment 59 for post 58', 59);
INSERT INTO read_comments (comment, post_id) VALUES ('Comment 59 for post 58', 59);
INSERT INTO write_comments (comment, post_id) VALUES ('Comment 60 for post 58', 60);
INSERT INTO read_comments (comment, post_id) VALUES ('Comment 60 for post 58', 60);
INSERT INTO write_comments (comment, post_id) VALUES ('Comment 61 for post 58', 61);
INSERT INTO read_comments (comment, post_id) VALUES ('Comment 61 for post 58', 61);
INSERT INTO write_comments (comment, post_id) VALUES ('Comment 62 for post 58', 62);
INSERT INTO read_comments (comment, post_id) VALUES ('Comment 62 for post 58', 62);
INSERT INTO write_comments (comment, post_id) VALUES ('Comment 63 for post 58', 63);
INSERT INTO read_comments (comment, post_id) VALUES ('Comment 63 for post 58', 63);
INSERT INTO write_comments (comment, post_id) VALUES ('Comment 64 for post 58', 64);
INSERT INTO read_comments (comment, post_id) VALUES ('Comment 64 for post 58', 64);
INSERT INTO write_comments (comment, post_id) VALUES ('Comment 65 for post 58', 65);
INSERT INTO read_comments (comment, post_id) VALUES ('Comment 65 for post 58', 65);
INSERT INTO write_comments (comment, post_id) VALUES ('Comment 66 for post 58', 66);
INSERT INTO read_comments (comment, post_id) VALUES ('Comment 66 for post 58', 66);
INSERT INTO write_comments (comment, post_id) VALUES ('Comment 67 for post 58', 67);
INSERT INTO read_comments (comment, post_id) VALUES ('Comment 67 for post 58', 67);
INSERT INTO write_comments (comment, post_id) VALUES ('Comment 68 for post 58', 68);
INSERT INTO read_comments (comment, post_id) VALUES ('Comment 68 for post 58', 68);
INSERT INTO write_comments (comment, post_id) VALUES ('Comment 69 for post 58', 69);
INSERT INTO read_comments (comment, post_id) VALUES ('Comment 69 for post 58', 69);
INSERT INTO write_comments (comment, post_id) VALUES ('Comment 70 for post 58', 70);
INSERT INTO read_comments (comment, post_id) VALUES ('Comment 70 for post 58', 70);
INSERT INTO write_comments (comment, post_id) VALUES ('Comment 71 for post 58', 71);
INSERT INTO read_comments (comment, post_id) VALUES ('Comment 71 for post 58', 71);
INSERT INTO write_comments (comment, post_id) VALUES ('Comment 72 for post 58', 72);
INSERT INTO read_comments (comment, post_id) VALUES ('Comment 72 for post 58', 72);
INSERT INTO write_comments (comment, post_id) VALUES ('Comment 73 for post 58', 73);
INSERT INTO read_comments (comment, post_id) VALUES ('Comment 73 for post 58', 73);
INSERT INTO write_comments (comment, post_id) VALUES ('Comment 74 for post 58', 74);
INSERT INTO read_comments (comment, post_id) VALUES ('Comment 74 for post 58', 74);
INSERT INTO write_comments (comment, post_id) VALUES ('Comment 75 for post 58', 75);
INSERT INTO read_comments (comment, post_id) VALUES ('Comment 75 for post 58', 75);
INSERT INTO write_comments (comment, post_id) VALUES ('Comment 76 for post 58', 76);
INSERT INTO read_comments (comment, post_id) VALUES ('Comment 76 for post 58', 76);
INSERT INTO write_comments (comment, post_id) VALUES ('Comment 77 for post 58', 77);
INSERT INTO read_comments (comment, post_id) VALUES ('Comment 77 for post 58', 77);
INSERT INTO write_comments (comment, post_id) VALUES ('Comment 78 for post 58', 78);
INSERT INTO read_comments (comment, post_id) VALUES ('Comment 78 for post 58', 78);
INSERT INTO write_comments (comment, post_id) VALUES ('Comment 79 for post 58', 79);
INSERT INTO read_comments (comment, post_id) VALUES ('Comment 79 for post 58', 79);
INSERT INTO write_comments (comment, post_id) VALUES ('Comment 80 for post 58', 80);
INSERT INTO read_comments (comment, post_id) VALUES ('Comment 80 for post 58', 80);
INSERT INTO write_comments (comment, post_id) VALUES ('Comment 81 for post 58', 81);
INSERT INTO read_comments (comment, post_id) VALUES ('Comment 81 for post 58', 81);
INSERT INTO write_comments (comment, post_id) VALUES ('Comment 82 for post 58', 82);
INSERT INTO read_comments (comment, post_id) VALUES ('Comment 82 for post 58', 82);
INSERT INTO write_comments (comment, post_id) VALUES ('Comment 83 for post 58', 83);
INSERT INTO read_comments (comment, post_id) VALUES ('Comment 83 for post 58', 83);
INSERT INTO write_comments (comment, post_id) VALUES ('Comment 84 for post 58', 84);
INSERT INTO read_comments (comment, post_id) VALUES ('Comment 84 for post 58', 84);
INSERT INTO write_comments (comment, post_id) VALUES ('Comment 85 for post 58', 85);
INSERT INTO read_comments (comment, post_id) VALUES ('Comment 85 for post 58', 85);
INSERT INTO write_comments (comment, post_id) VALUES ('Comment 86 for post 58', 86);
INSERT INTO read_comments (comment, post_id) VALUES ('Comment 86 for post 58', 86);
INSERT INTO write_comments (comment, post_id) VALUES ('Comment 87 for post 58', 87);
INSERT INTO read_comments (comment, post_id) VALUES ('Comment 87 for post 58', 87);
INSERT INTO write_comments (comment, post_id) VALUES ('Comment 88 for post 58', 88);
INSERT INTO read_comments (comment, post_id) VALUES ('Comment 88 for post 58', 88);
INSERT INTO write_comments (comment, post_id) VALUES ('Comment 89 for post 58', 89);
INSERT INTO read_comments (comment, post_id) VALUES ('Comment 89 for post 58', 89);
INSERT INTO write_comments (comment, post_id) VALUES ('Comment 90 for post 58', 90);
INSERT INTO read_comments (comment, post_id) VALUES ('Comment 90 for post 58', 90);
INSERT INTO write_comments (comment, post_id) VALUES ('Comment 91 for post 58', 91);
INSERT INTO read_comments (comment, post_id) VALUES ('Comment 91 for post 58', 91);
INSERT INTO write_comments (comment, post_id) VALUES ('Comment 92 for post 58', 92);
INSERT INTO read_comments (comment, post_id) VALUES ('Comment 92 for post 58', 92);
INSERT INTO write_comments (comment, post_id) VALUES ('Comment 93 for post 58', 93);
INSERT INTO read_comments (comment, post_id) VALUES ('Comment 93 for post 58', 93);
INSERT INTO write_comments (comment, post_id) VALUES ('Comment 94 for post 58', 94);
INSERT INTO read_comments (comment, post_id) VALUES ('Comment 94 for post 58', 94);
INSERT INTO write_comments (comment, post_id) VALUES ('Comment 95 for post 58', 95);
INSERT INTO read_comments (comment, post_id) VALUES ('Comment 95 for post 58', 95);
INSERT INTO write_comments (comment, post_id) VALUES ('Comment 96 for post 58', 96);
INSERT INTO read_comments (comment, post_id) VALUES ('Comment 96 for post 58', 96);
INSERT INTO write_comments (comment, post_id) VALUES ('Comment 97 for post 58', 97);
INSERT INTO read_comments (comment, post_id) VALUES ('Comment 97 for post 58', 97);
INSERT INTO write_comments (comment, post_id) VALUES ('Comment 98 for post 58', 98);
INSERT INTO read_comments (comment, post_id) VALUES ('Comment 98 for post 58', 98);
INSERT INTO write_comments (comment, post_id) VALUES ('Comment 99 for post 58', 99);
INSERT INTO read_comments (comment, post_id) VALUES ('Comment 99 for post 58', 99);
INSERT INTO write_comments (comment, post_id) VALUES ('Comment 100 for post 58', 100);
INSERT INTO read_comments (comment, post_id) VALUES ('Comment 100 for post 58', 100);
INSERT INTO write_comments (comment, post_id) VALUES ('Comment 1 for post 59', 1);
INSERT INTO read_comments (comment, post_id) VALUES ('Comment 1 for post 59', 1);
INSERT INTO write_comments (comment, post_id) VALUES ('Comment 2 for post 59', 2);
INSERT INTO read_comments (comment, post_id) VALUES ('Comment 2 for post 59', 2);
INSERT INTO write_comments (comment, post_id) VALUES ('Comment 3 for post 59', 3);
INSERT INTO read_comments (comment, post_id) VALUES ('Comment 3 for post 59', 3);
INSERT INTO write_comments (comment, post_id) VALUES ('Comment 4 for post 59', 4);
INSERT INTO read_comments (comment, post_id) VALUES ('Comment 4 for post 59', 4);
INSERT INTO write_comments (comment, post_id) VALUES ('Comment 5 for post 59', 5);
INSERT INTO read_comments (comment, post_id) VALUES ('Comment 5 for post 59', 5);
INSERT INTO write_comments (comment, post_id) VALUES ('Comment 6 for post 59', 6);
INSERT INTO read_comments (comment, post_id) VALUES ('Comment 6 for post 59', 6);
INSERT INTO write_comments (comment, post_id) VALUES ('Comment 7 for post 59', 7);
INSERT INTO read_comments (comment, post_id) VALUES ('Comment 7 for post 59', 7);
INSERT INTO write_comments (comment, post_id) VALUES ('Comment 8 for post 59', 8);
INSERT INTO read_comments (comment, post_id) VALUES ('Comment 8 for post 59', 8);
INSERT INTO write_comments (comment, post_id) VALUES ('Comment 9 for post 59', 9);
INSERT INTO read_comments (comment, post_id) VALUES ('Comment 9 for post 59', 9);
INSERT INTO write_comments (comment, post_id) VALUES ('Comment 10 for post 59', 10);
INSERT INTO read_comments (comment, post_id) VALUES ('Comment 10 for post 59', 10);
INSERT INTO write_comments (comment, post_id) VALUES ('Comment 11 for post 59', 11);
INSERT INTO read_comments (comment, post_id) VALUES ('Comment 11 for post 59', 11);
INSERT INTO write_comments (comment, post_id) VALUES ('Comment 12 for post 59', 12);
INSERT INTO read_comments (comment, post_id) VALUES ('Comment 12 for post 59', 12);
INSERT INTO write_comments (comment, post_id) VALUES ('Comment 13 for post 59', 13);
INSERT INTO read_comments (comment, post_id) VALUES ('Comment 13 for post 59', 13);
INSERT INTO write_comments (comment, post_id) VALUES ('Comment 14 for post 59', 14);
INSERT INTO read_comments (comment, post_id) VALUES ('Comment 14 for post 59', 14);
INSERT INTO write_comments (comment, post_id) VALUES ('Comment 15 for post 59', 15);
INSERT INTO read_comments (comment, post_id) VALUES ('Comment 15 for post 59', 15);
INSERT INTO write_comments (comment, post_id) VALUES ('Comment 16 for post 59', 16);
INSERT INTO read_comments (comment, post_id) VALUES ('Comment 16 for post 59', 16);
INSERT INTO write_comments (comment, post_id) VALUES ('Comment 17 for post 59', 17);
INSERT INTO read_comments (comment, post_id) VALUES ('Comment 17 for post 59', 17);
INSERT INTO write_comments (comment, post_id) VALUES ('Comment 18 for post 59', 18);
INSERT INTO read_comments (comment, post_id) VALUES ('Comment 18 for post 59', 18);
INSERT INTO write_comments (comment, post_id) VALUES ('Comment 19 for post 59', 19);
INSERT INTO read_comments (comment, post_id) VALUES ('Comment 19 for post 59', 19);
INSERT INTO write_comments (comment, post_id) VALUES ('Comment 20 for post 59', 20);
INSERT INTO read_comments (comment, post_id) VALUES ('Comment 20 for post 59', 20);
INSERT INTO write_comments (comment, post_id) VALUES ('Comment 21 for post 59', 21);
INSERT INTO read_comments (comment, post_id) VALUES ('Comment 21 for post 59', 21);
INSERT INTO write_comments (comment, post_id) VALUES ('Comment 22 for post 59', 22);
INSERT INTO read_comments (comment, post_id) VALUES ('Comment 22 for post 59', 22);
INSERT INTO write_comments (comment, post_id) VALUES ('Comment 23 for post 59', 23);
INSERT INTO read_comments (comment, post_id) VALUES ('Comment 23 for post 59', 23);
INSERT INTO write_comments (comment, post_id) VALUES ('Comment 24 for post 59', 24);
INSERT INTO read_comments (comment, post_id) VALUES ('Comment 24 for post 59', 24);
INSERT INTO write_comments (comment, post_id) VALUES ('Comment 25 for post 59', 25);
INSERT INTO read_comments (comment, post_id) VALUES ('Comment 25 for post 59', 25);
INSERT INTO write_comments (comment, post_id) VALUES ('Comment 26 for post 59', 26);
INSERT INTO read_comments (comment, post_id) VALUES ('Comment 26 for post 59', 26);
INSERT INTO write_comments (comment, post_id) VALUES ('Comment 27 for post 59', 27);
INSERT INTO read_comments (comment, post_id) VALUES ('Comment 27 for post 59', 27);
INSERT INTO write_comments (comment, post_id) VALUES ('Comment 28 for post 59', 28);
INSERT INTO read_comments (comment, post_id) VALUES ('Comment 28 for post 59', 28);
INSERT INTO write_comments (comment, post_id) VALUES ('Comment 29 for post 59', 29);
INSERT INTO read_comments (comment, post_id) VALUES ('Comment 29 for post 59', 29);
INSERT INTO write_comments (comment, post_id) VALUES ('Comment 30 for post 59', 30);
INSERT INTO read_comments (comment, post_id) VALUES ('Comment 30 for post 59', 30);
INSERT INTO write_comments (comment, post_id) VALUES ('Comment 31 for post 59', 31);
INSERT INTO read_comments (comment, post_id) VALUES ('Comment 31 for post 59', 31);
INSERT INTO write_comments (comment, post_id) VALUES ('Comment 32 for post 59', 32);
INSERT INTO read_comments (comment, post_id) VALUES ('Comment 32 for post 59', 32);
INSERT INTO write_comments (comment, post_id) VALUES ('Comment 33 for post 59', 33);
INSERT INTO read_comments (comment, post_id) VALUES ('Comment 33 for post 59', 33);
INSERT INTO write_comments (comment, post_id) VALUES ('Comment 34 for post 59', 34);
INSERT INTO read_comments (comment, post_id) VALUES ('Comment 34 for post 59', 34);
INSERT INTO write_comments (comment, post_id) VALUES ('Comment 35 for post 59', 35);
INSERT INTO read_comments (comment, post_id) VALUES ('Comment 35 for post 59', 35);
INSERT INTO write_comments (comment, post_id) VALUES ('Comment 36 for post 59', 36);
INSERT INTO read_comments (comment, post_id) VALUES ('Comment 36 for post 59', 36);
INSERT INTO write_comments (comment, post_id) VALUES ('Comment 37 for post 59', 37);
INSERT INTO read_comments (comment, post_id) VALUES ('Comment 37 for post 59', 37);
INSERT INTO write_comments (comment, post_id) VALUES ('Comment 38 for post 59', 38);
INSERT INTO read_comments (comment, post_id) VALUES ('Comment 38 for post 59', 38);
INSERT INTO write_comments (comment, post_id) VALUES ('Comment 39 for post 59', 39);
INSERT INTO read_comments (comment, post_id) VALUES ('Comment 39 for post 59', 39);
INSERT INTO write_comments (comment, post_id) VALUES ('Comment 40 for post 59', 40);
INSERT INTO read_comments (comment, post_id) VALUES ('Comment 40 for post 59', 40);
INSERT INTO write_comments (comment, post_id) VALUES ('Comment 41 for post 59', 41);
INSERT INTO read_comments (comment, post_id) VALUES ('Comment 41 for post 59', 41);
INSERT INTO write_comments (comment, post_id) VALUES ('Comment 42 for post 59', 42);
INSERT INTO read_comments (comment, post_id) VALUES ('Comment 42 for post 59', 42);
INSERT INTO write_comments (comment, post_id) VALUES ('Comment 43 for post 59', 43);
INSERT INTO read_comments (comment, post_id) VALUES ('Comment 43 for post 59', 43);
INSERT INTO write_comments (comment, post_id) VALUES ('Comment 44 for post 59', 44);
INSERT INTO read_comments (comment, post_id) VALUES ('Comment 44 for post 59', 44);
INSERT INTO write_comments (comment, post_id) VALUES ('Comment 45 for post 59', 45);
INSERT INTO read_comments (comment, post_id) VALUES ('Comment 45 for post 59', 45);
INSERT INTO write_comments (comment, post_id) VALUES ('Comment 46 for post 59', 46);
INSERT INTO read_comments (comment, post_id) VALUES ('Comment 46 for post 59', 46);
INSERT INTO write_comments (comment, post_id) VALUES ('Comment 47 for post 59', 47);
INSERT INTO read_comments (comment, post_id) VALUES ('Comment 47 for post 59', 47);
INSERT INTO write_comments (comment, post_id) VALUES ('Comment 48 for post 59', 48);
INSERT INTO read_comments (comment, post_id) VALUES ('Comment 48 for post 59', 48);
INSERT INTO write_comments (comment, post_id) VALUES ('Comment 49 for post 59', 49);
INSERT INTO read_comments (comment, post_id) VALUES ('Comment 49 for post 59', 49);
INSERT INTO write_comments (comment, post_id) VALUES ('Comment 50 for post 59', 50);
INSERT INTO read_comments (comment, post_id) VALUES ('Comment 50 for post 59', 50);
INSERT INTO write_comments (comment, post_id) VALUES ('Comment 51 for post 59', 51);
INSERT INTO read_comments (comment, post_id) VALUES ('Comment 51 for post 59', 51);
INSERT INTO write_comments (comment, post_id) VALUES ('Comment 52 for post 59', 52);
INSERT INTO read_comments (comment, post_id) VALUES ('Comment 52 for post 59', 52);
INSERT INTO write_comments (comment, post_id) VALUES ('Comment 53 for post 59', 53);
INSERT INTO read_comments (comment, post_id) VALUES ('Comment 53 for post 59', 53);
INSERT INTO write_comments (comment, post_id) VALUES ('Comment 54 for post 59', 54);
INSERT INTO read_comments (comment, post_id) VALUES ('Comment 54 for post 59', 54);
INSERT INTO write_comments (comment, post_id) VALUES ('Comment 55 for post 59', 55);
INSERT INTO read_comments (comment, post_id) VALUES ('Comment 55 for post 59', 55);
INSERT INTO write_comments (comment, post_id) VALUES ('Comment 56 for post 59', 56);
INSERT INTO read_comments (comment, post_id) VALUES ('Comment 56 for post 59', 56);
INSERT INTO write_comments (comment, post_id) VALUES ('Comment 57 for post 59', 57);
INSERT INTO read_comments (comment, post_id) VALUES ('Comment 57 for post 59', 57);
INSERT INTO write_comments (comment, post_id) VALUES ('Comment 58 for post 59', 58);
INSERT INTO read_comments (comment, post_id) VALUES ('Comment 58 for post 59', 58);
INSERT INTO write_comments (comment, post_id) VALUES ('Comment 59 for post 59', 59);
INSERT INTO read_comments (comment, post_id) VALUES ('Comment 59 for post 59', 59);
INSERT INTO write_comments (comment, post_id) VALUES ('Comment 60 for post 59', 60);
INSERT INTO read_comments (comment, post_id) VALUES ('Comment 60 for post 59', 60);
INSERT INTO write_comments (comment, post_id) VALUES ('Comment 61 for post 59', 61);
INSERT INTO read_comments (comment, post_id) VALUES ('Comment 61 for post 59', 61);
INSERT INTO write_comments (comment, post_id) VALUES ('Comment 62 for post 59', 62);
INSERT INTO read_comments (comment, post_id) VALUES ('Comment 62 for post 59', 62);
INSERT INTO write_comments (comment, post_id) VALUES ('Comment 63 for post 59', 63);
INSERT INTO read_comments (comment, post_id) VALUES ('Comment 63 for post 59', 63);
INSERT INTO write_comments (comment, post_id) VALUES ('Comment 64 for post 59', 64);
INSERT INTO read_comments (comment, post_id) VALUES ('Comment 64 for post 59', 64);
INSERT INTO write_comments (comment, post_id) VALUES ('Comment 65 for post 59', 65);
INSERT INTO read_comments (comment, post_id) VALUES ('Comment 65 for post 59', 65);
INSERT INTO write_comments (comment, post_id) VALUES ('Comment 66 for post 59', 66);
INSERT INTO read_comments (comment, post_id) VALUES ('Comment 66 for post 59', 66);
INSERT INTO write_comments (comment, post_id) VALUES ('Comment 67 for post 59', 67);
INSERT INTO read_comments (comment, post_id) VALUES ('Comment 67 for post 59', 67);
INSERT INTO write_comments (comment, post_id) VALUES ('Comment 68 for post 59', 68);
INSERT INTO read_comments (comment, post_id) VALUES ('Comment 68 for post 59', 68);
INSERT INTO write_comments (comment, post_id) VALUES ('Comment 69 for post 59', 69);
INSERT INTO read_comments (comment, post_id) VALUES ('Comment 69 for post 59', 69);
INSERT INTO write_comments (comment, post_id) VALUES ('Comment 70 for post 59', 70);
INSERT INTO read_comments (comment, post_id) VALUES ('Comment 70 for post 59', 70);
INSERT INTO write_comments (comment, post_id) VALUES ('Comment 71 for post 59', 71);
INSERT INTO read_comments (comment, post_id) VALUES ('Comment 71 for post 59', 71);
INSERT INTO write_comments (comment, post_id) VALUES ('Comment 72 for post 59', 72);
INSERT INTO read_comments (comment, post_id) VALUES ('Comment 72 for post 59', 72);
INSERT INTO write_comments (comment, post_id) VALUES ('Comment 73 for post 59', 73);
INSERT INTO read_comments (comment, post_id) VALUES ('Comment 73 for post 59', 73);
INSERT INTO write_comments (comment, post_id) VALUES ('Comment 74 for post 59', 74);
INSERT INTO read_comments (comment, post_id) VALUES ('Comment 74 for post 59', 74);
INSERT INTO write_comments (comment, post_id) VALUES ('Comment 75 for post 59', 75);
INSERT INTO read_comments (comment, post_id) VALUES ('Comment 75 for post 59', 75);
INSERT INTO write_comments (comment, post_id) VALUES ('Comment 76 for post 59', 76);
INSERT INTO read_comments (comment, post_id) VALUES ('Comment 76 for post 59', 76);
INSERT INTO write_comments (comment, post_id) VALUES ('Comment 77 for post 59', 77);
INSERT INTO read_comments (comment, post_id) VALUES ('Comment 77 for post 59', 77);
INSERT INTO write_comments (comment, post_id) VALUES ('Comment 78 for post 59', 78);
INSERT INTO read_comments (comment, post_id) VALUES ('Comment 78 for post 59', 78);
INSERT INTO write_comments (comment, post_id) VALUES ('Comment 79 for post 59', 79);
INSERT INTO read_comments (comment, post_id) VALUES ('Comment 79 for post 59', 79);
INSERT INTO write_comments (comment, post_id) VALUES ('Comment 80 for post 59', 80);
INSERT INTO read_comments (comment, post_id) VALUES ('Comment 80 for post 59', 80);
INSERT INTO write_comments (comment, post_id) VALUES ('Comment 81 for post 59', 81);
INSERT INTO read_comments (comment, post_id) VALUES ('Comment 81 for post 59', 81);
INSERT INTO write_comments (comment, post_id) VALUES ('Comment 82 for post 59', 82);
INSERT INTO read_comments (comment, post_id) VALUES ('Comment 82 for post 59', 82);
INSERT INTO write_comments (comment, post_id) VALUES ('Comment 83 for post 59', 83);
INSERT INTO read_comments (comment, post_id) VALUES ('Comment 83 for post 59', 83);
INSERT INTO write_comments (comment, post_id) VALUES ('Comment 84 for post 59', 84);
INSERT INTO read_comments (comment, post_id) VALUES ('Comment 84 for post 59', 84);
INSERT INTO write_comments (comment, post_id) VALUES ('Comment 85 for post 59', 85);
INSERT INTO read_comments (comment, post_id) VALUES ('Comment 85 for post 59', 85);
INSERT INTO write_comments (comment, post_id) VALUES ('Comment 86 for post 59', 86);
INSERT INTO read_comments (comment, post_id) VALUES ('Comment 86 for post 59', 86);
INSERT INTO write_comments (comment, post_id) VALUES ('Comment 87 for post 59', 87);
INSERT INTO read_comments (comment, post_id) VALUES ('Comment 87 for post 59', 87);
INSERT INTO write_comments (comment, post_id) VALUES ('Comment 88 for post 59', 88);
INSERT INTO read_comments (comment, post_id) VALUES ('Comment 88 for post 59', 88);
INSERT INTO write_comments (comment, post_id) VALUES ('Comment 89 for post 59', 89);
INSERT INTO read_comments (comment, post_id) VALUES ('Comment 89 for post 59', 89);
INSERT INTO write_comments (comment, post_id) VALUES ('Comment 90 for post 59', 90);
INSERT INTO read_comments (comment, post_id) VALUES ('Comment 90 for post 59', 90);
INSERT INTO write_comments (comment, post_id) VALUES ('Comment 91 for post 59', 91);
INSERT INTO read_comments (comment, post_id) VALUES ('Comment 91 for post 59', 91);
INSERT INTO write_comments (comment, post_id) VALUES ('Comment 92 for post 59', 92);
INSERT INTO read_comments (comment, post_id) VALUES ('Comment 92 for post 59', 92);
INSERT INTO write_comments (comment, post_id) VALUES ('Comment 93 for post 59', 93);
INSERT INTO read_comments (comment, post_id) VALUES ('Comment 93 for post 59', 93);
INSERT INTO write_comments (comment, post_id) VALUES ('Comment 94 for post 59', 94);
INSERT INTO read_comments (comment, post_id) VALUES ('Comment 94 for post 59', 94);
INSERT INTO write_comments (comment, post_id) VALUES ('Comment 95 for post 59', 95);
INSERT INTO read_comments (comment, post_id) VALUES ('Comment 95 for post 59', 95);
INSERT INTO write_comments (comment, post_id) VALUES ('Comment 96 for post 59', 96);
INSERT INTO read_comments (comment, post_id) VALUES ('Comment 96 for post 59', 96);
INSERT INTO write_comments (comment, post_id) VALUES ('Comment 97 for post 59', 97);
INSERT INTO read_comments (comment, post_id) VALUES ('Comment 97 for post 59', 97);
INSERT INTO write_comments (comment, post_id) VALUES ('Comment 98 for post 59', 98);
INSERT INTO read_comments (comment, post_id) VALUES ('Comment 98 for post 59', 98);
INSERT INTO write_comments (comment, post_id) VALUES ('Comment 99 for post 59', 99);
INSERT INTO read_comments (comment, post_id) VALUES ('Comment 99 for post 59', 99);
INSERT INTO write_comments (comment, post_id) VALUES ('Comment 100 for post 59', 100);
INSERT INTO read_comments (comment, post_id) VALUES ('Comment 100 for post 59', 100);
INSERT INTO write_comments (comment, post_id) VALUES ('Comment 1 for post 60', 1);
INSERT INTO read_comments (comment, post_id) VALUES ('Comment 1 for post 60', 1);
INSERT INTO write_comments (comment, post_id) VALUES ('Comment 2 for post 60', 2);
INSERT INTO read_comments (comment, post_id) VALUES ('Comment 2 for post 60', 2);
INSERT INTO write_comments (comment, post_id) VALUES ('Comment 3 for post 60', 3);
INSERT INTO read_comments (comment, post_id) VALUES ('Comment 3 for post 60', 3);
INSERT INTO write_comments (comment, post_id) VALUES ('Comment 4 for post 60', 4);
INSERT INTO read_comments (comment, post_id) VALUES ('Comment 4 for post 60', 4);
INSERT INTO write_comments (comment, post_id) VALUES ('Comment 5 for post 60', 5);
INSERT INTO read_comments (comment, post_id) VALUES ('Comment 5 for post 60', 5);
INSERT INTO write_comments (comment, post_id) VALUES ('Comment 6 for post 60', 6);
INSERT INTO read_comments (comment, post_id) VALUES ('Comment 6 for post 60', 6);
INSERT INTO write_comments (comment, post_id) VALUES ('Comment 7 for post 60', 7);
INSERT INTO read_comments (comment, post_id) VALUES ('Comment 7 for post 60', 7);
INSERT INTO write_comments (comment, post_id) VALUES ('Comment 8 for post 60', 8);
INSERT INTO read_comments (comment, post_id) VALUES ('Comment 8 for post 60', 8);
INSERT INTO write_comments (comment, post_id) VALUES ('Comment 9 for post 60', 9);
INSERT INTO read_comments (comment, post_id) VALUES ('Comment 9 for post 60', 9);
INSERT INTO write_comments (comment, post_id) VALUES ('Comment 10 for post 60', 10);
INSERT INTO read_comments (comment, post_id) VALUES ('Comment 10 for post 60', 10);
INSERT INTO write_comments (comment, post_id) VALUES ('Comment 11 for post 60', 11);
INSERT INTO read_comments (comment, post_id) VALUES ('Comment 11 for post 60', 11);
INSERT INTO write_comments (comment, post_id) VALUES ('Comment 12 for post 60', 12);
INSERT INTO read_comments (comment, post_id) VALUES ('Comment 12 for post 60', 12);
INSERT INTO write_comments (comment, post_id) VALUES ('Comment 13 for post 60', 13);
INSERT INTO read_comments (comment, post_id) VALUES ('Comment 13 for post 60', 13);
INSERT INTO write_comments (comment, post_id) VALUES ('Comment 14 for post 60', 14);
INSERT INTO read_comments (comment, post_id) VALUES ('Comment 14 for post 60', 14);
INSERT INTO write_comments (comment, post_id) VALUES ('Comment 15 for post 60', 15);
INSERT INTO read_comments (comment, post_id) VALUES ('Comment 15 for post 60', 15);
INSERT INTO write_comments (comment, post_id) VALUES ('Comment 16 for post 60', 16);
INSERT INTO read_comments (comment, post_id) VALUES ('Comment 16 for post 60', 16);
INSERT INTO write_comments (comment, post_id) VALUES ('Comment 17 for post 60', 17);
INSERT INTO read_comments (comment, post_id) VALUES ('Comment 17 for post 60', 17);
INSERT INTO write_comments (comment, post_id) VALUES ('Comment 18 for post 60', 18);
INSERT INTO read_comments (comment, post_id) VALUES ('Comment 18 for post 60', 18);
INSERT INTO write_comments (comment, post_id) VALUES ('Comment 19 for post 60', 19);
INSERT INTO read_comments (comment, post_id) VALUES ('Comment 19 for post 60', 19);
INSERT INTO write_comments (comment, post_id) VALUES ('Comment 20 for post 60', 20);
INSERT INTO read_comments (comment, post_id) VALUES ('Comment 20 for post 60', 20);
INSERT INTO write_comments (comment, post_id) VALUES ('Comment 21 for post 60', 21);
INSERT INTO read_comments (comment, post_id) VALUES ('Comment 21 for post 60', 21);
INSERT INTO write_comments (comment, post_id) VALUES ('Comment 22 for post 60', 22);
INSERT INTO read_comments (comment, post_id) VALUES ('Comment 22 for post 60', 22);
INSERT INTO write_comments (comment, post_id) VALUES ('Comment 23 for post 60', 23);
INSERT INTO read_comments (comment, post_id) VALUES ('Comment 23 for post 60', 23);
INSERT INTO write_comments (comment, post_id) VALUES ('Comment 24 for post 60', 24);
INSERT INTO read_comments (comment, post_id) VALUES ('Comment 24 for post 60', 24);
INSERT INTO write_comments (comment, post_id) VALUES ('Comment 25 for post 60', 25);
INSERT INTO read_comments (comment, post_id) VALUES ('Comment 25 for post 60', 25);
INSERT INTO write_comments (comment, post_id) VALUES ('Comment 26 for post 60', 26);
INSERT INTO read_comments (comment, post_id) VALUES ('Comment 26 for post 60', 26);
INSERT INTO write_comments (comment, post_id) VALUES ('Comment 27 for post 60', 27);
INSERT INTO read_comments (comment, post_id) VALUES ('Comment 27 for post 60', 27);
INSERT INTO write_comments (comment, post_id) VALUES ('Comment 28 for post 60', 28);
INSERT INTO read_comments (comment, post_id) VALUES ('Comment 28 for post 60', 28);
INSERT INTO write_comments (comment, post_id) VALUES ('Comment 29 for post 60', 29);
INSERT INTO read_comments (comment, post_id) VALUES ('Comment 29 for post 60', 29);
INSERT INTO write_comments (comment, post_id) VALUES ('Comment 30 for post 60', 30);
INSERT INTO read_comments (comment, post_id) VALUES ('Comment 30 for post 60', 30);
INSERT INTO write_comments (comment, post_id) VALUES ('Comment 31 for post 60', 31);
INSERT INTO read_comments (comment, post_id) VALUES ('Comment 31 for post 60', 31);
INSERT INTO write_comments (comment, post_id) VALUES ('Comment 32 for post 60', 32);
INSERT INTO read_comments (comment, post_id) VALUES ('Comment 32 for post 60', 32);
INSERT INTO write_comments (comment, post_id) VALUES ('Comment 33 for post 60', 33);
INSERT INTO read_comments (comment, post_id) VALUES ('Comment 33 for post 60', 33);
INSERT INTO write_comments (comment, post_id) VALUES ('Comment 34 for post 60', 34);
INSERT INTO read_comments (comment, post_id) VALUES ('Comment 34 for post 60', 34);
INSERT INTO write_comments (comment, post_id) VALUES ('Comment 35 for post 60', 35);
INSERT INTO read_comments (comment, post_id) VALUES ('Comment 35 for post 60', 35);
INSERT INTO write_comments (comment, post_id) VALUES ('Comment 36 for post 60', 36);
INSERT INTO read_comments (comment, post_id) VALUES ('Comment 36 for post 60', 36);
INSERT INTO write_comments (comment, post_id) VALUES ('Comment 37 for post 60', 37);
INSERT INTO read_comments (comment, post_id) VALUES ('Comment 37 for post 60', 37);
INSERT INTO write_comments (comment, post_id) VALUES ('Comment 38 for post 60', 38);
INSERT INTO read_comments (comment, post_id) VALUES ('Comment 38 for post 60', 38);
INSERT INTO write_comments (comment, post_id) VALUES ('Comment 39 for post 60', 39);
INSERT INTO read_comments (comment, post_id) VALUES ('Comment 39 for post 60', 39);
INSERT INTO write_comments (comment, post_id) VALUES ('Comment 40 for post 60', 40);
INSERT INTO read_comments (comment, post_id) VALUES ('Comment 40 for post 60', 40);
INSERT INTO write_comments (comment, post_id) VALUES ('Comment 41 for post 60', 41);
INSERT INTO read_comments (comment, post_id) VALUES ('Comment 41 for post 60', 41);
INSERT INTO write_comments (comment, post_id) VALUES ('Comment 42 for post 60', 42);
INSERT INTO read_comments (comment, post_id) VALUES ('Comment 42 for post 60', 42);
INSERT INTO write_comments (comment, post_id) VALUES ('Comment 43 for post 60', 43);
INSERT INTO read_comments (comment, post_id) VALUES ('Comment 43 for post 60', 43);
INSERT INTO write_comments (comment, post_id) VALUES ('Comment 44 for post 60', 44);
INSERT INTO read_comments (comment, post_id) VALUES ('Comment 44 for post 60', 44);
INSERT INTO write_comments (comment, post_id) VALUES ('Comment 45 for post 60', 45);
INSERT INTO read_comments (comment, post_id) VALUES ('Comment 45 for post 60', 45);
INSERT INTO write_comments (comment, post_id) VALUES ('Comment 46 for post 60', 46);
INSERT INTO read_comments (comment, post_id) VALUES ('Comment 46 for post 60', 46);
INSERT INTO write_comments (comment, post_id) VALUES ('Comment 47 for post 60', 47);
INSERT INTO read_comments (comment, post_id) VALUES ('Comment 47 for post 60', 47);
INSERT INTO write_comments (comment, post_id) VALUES ('Comment 48 for post 60', 48);
INSERT INTO read_comments (comment, post_id) VALUES ('Comment 48 for post 60', 48);
INSERT INTO write_comments (comment, post_id) VALUES ('Comment 49 for post 60', 49);
INSERT INTO read_comments (comment, post_id) VALUES ('Comment 49 for post 60', 49);
INSERT INTO write_comments (comment, post_id) VALUES ('Comment 50 for post 60', 50);
INSERT INTO read_comments (comment, post_id) VALUES ('Comment 50 for post 60', 50);
INSERT INTO write_comments (comment, post_id) VALUES ('Comment 51 for post 60', 51);
INSERT INTO read_comments (comment, post_id) VALUES ('Comment 51 for post 60', 51);
INSERT INTO write_comments (comment, post_id) VALUES ('Comment 52 for post 60', 52);
INSERT INTO read_comments (comment, post_id) VALUES ('Comment 52 for post 60', 52);
INSERT INTO write_comments (comment, post_id) VALUES ('Comment 53 for post 60', 53);
INSERT INTO read_comments (comment, post_id) VALUES ('Comment 53 for post 60', 53);
INSERT INTO write_comments (comment, post_id) VALUES ('Comment 54 for post 60', 54);
INSERT INTO read_comments (comment, post_id) VALUES ('Comment 54 for post 60', 54);
INSERT INTO write_comments (comment, post_id) VALUES ('Comment 55 for post 60', 55);
INSERT INTO read_comments (comment, post_id) VALUES ('Comment 55 for post 60', 55);
INSERT INTO write_comments (comment, post_id) VALUES ('Comment 56 for post 60', 56);
INSERT INTO read_comments (comment, post_id) VALUES ('Comment 56 for post 60', 56);
INSERT INTO write_comments (comment, post_id) VALUES ('Comment 57 for post 60', 57);
INSERT INTO read_comments (comment, post_id) VALUES ('Comment 57 for post 60', 57);
INSERT INTO write_comments (comment, post_id) VALUES ('Comment 58 for post 60', 58);
INSERT INTO read_comments (comment, post_id) VALUES ('Comment 58 for post 60', 58);
INSERT INTO write_comments (comment, post_id) VALUES ('Comment 59 for post 60', 59);
INSERT INTO read_comments (comment, post_id) VALUES ('Comment 59 for post 60', 59);
INSERT INTO write_comments (comment, post_id) VALUES ('Comment 60 for post 60', 60);
INSERT INTO read_comments (comment, post_id) VALUES ('Comment 60 for post 60', 60);
INSERT INTO write_comments (comment, post_id) VALUES ('Comment 61 for post 60', 61);
INSERT INTO read_comments (comment, post_id) VALUES ('Comment 61 for post 60', 61);
INSERT INTO write_comments (comment, post_id) VALUES ('Comment 62 for post 60', 62);
INSERT INTO read_comments (comment, post_id) VALUES ('Comment 62 for post 60', 62);
INSERT INTO write_comments (comment, post_id) VALUES ('Comment 63 for post 60', 63);
INSERT INTO read_comments (comment, post_id) VALUES ('Comment 63 for post 60', 63);
INSERT INTO write_comments (comment, post_id) VALUES ('Comment 64 for post 60', 64);
INSERT INTO read_comments (comment, post_id) VALUES ('Comment 64 for post 60', 64);
INSERT INTO write_comments (comment, post_id) VALUES ('Comment 65 for post 60', 65);
INSERT INTO read_comments (comment, post_id) VALUES ('Comment 65 for post 60', 65);
INSERT INTO write_comments (comment, post_id) VALUES ('Comment 66 for post 60', 66);
INSERT INTO read_comments (comment, post_id) VALUES ('Comment 66 for post 60', 66);
INSERT INTO write_comments (comment, post_id) VALUES ('Comment 67 for post 60', 67);
INSERT INTO read_comments (comment, post_id) VALUES ('Comment 67 for post 60', 67);
INSERT INTO write_comments (comment, post_id) VALUES ('Comment 68 for post 60', 68);
INSERT INTO read_comments (comment, post_id) VALUES ('Comment 68 for post 60', 68);
INSERT INTO write_comments (comment, post_id) VALUES ('Comment 69 for post 60', 69);
INSERT INTO read_comments (comment, post_id) VALUES ('Comment 69 for post 60', 69);
INSERT INTO write_comments (comment, post_id) VALUES ('Comment 70 for post 60', 70);
INSERT INTO read_comments (comment, post_id) VALUES ('Comment 70 for post 60', 70);
INSERT INTO write_comments (comment, post_id) VALUES ('Comment 71 for post 60', 71);
INSERT INTO read_comments (comment, post_id) VALUES ('Comment 71 for post 60', 71);
INSERT INTO write_comments (comment, post_id) VALUES ('Comment 72 for post 60', 72);
INSERT INTO read_comments (comment, post_id) VALUES ('Comment 72 for post 60', 72);
INSERT INTO write_comments (comment, post_id) VALUES ('Comment 73 for post 60', 73);
INSERT INTO read_comments (comment, post_id) VALUES ('Comment 73 for post 60', 73);
INSERT INTO write_comments (comment, post_id) VALUES ('Comment 74 for post 60', 74);
INSERT INTO read_comments (comment, post_id) VALUES ('Comment 74 for post 60', 74);
INSERT INTO write_comments (comment, post_id) VALUES ('Comment 75 for post 60', 75);
INSERT INTO read_comments (comment, post_id) VALUES ('Comment 75 for post 60', 75);
INSERT INTO write_comments (comment, post_id) VALUES ('Comment 76 for post 60', 76);
INSERT INTO read_comments (comment, post_id) VALUES ('Comment 76 for post 60', 76);
INSERT INTO write_comments (comment, post_id) VALUES ('Comment 77 for post 60', 77);
INSERT INTO read_comments (comment, post_id) VALUES ('Comment 77 for post 60', 77);
INSERT INTO write_comments (comment, post_id) VALUES ('Comment 78 for post 60', 78);
INSERT INTO read_comments (comment, post_id) VALUES ('Comment 78 for post 60', 78);
INSERT INTO write_comments (comment, post_id) VALUES ('Comment 79 for post 60', 79);
INSERT INTO read_comments (comment, post_id) VALUES ('Comment 79 for post 60', 79);
INSERT INTO write_comments (comment, post_id) VALUES ('Comment 80 for post 60', 80);
INSERT INTO read_comments (comment, post_id) VALUES ('Comment 80 for post 60', 80);
INSERT INTO write_comments (comment, post_id) VALUES ('Comment 81 for post 60', 81);
INSERT INTO read_comments (comment, post_id) VALUES ('Comment 81 for post 60', 81);
INSERT INTO write_comments (comment, post_id) VALUES ('Comment 82 for post 60', 82);
INSERT INTO read_comments (comment, post_id) VALUES ('Comment 82 for post 60', 82);
INSERT INTO write_comments (comment, post_id) VALUES ('Comment 83 for post 60', 83);
INSERT INTO read_comments (comment, post_id) VALUES ('Comment 83 for post 60', 83);
INSERT INTO write_comments (comment, post_id) VALUES ('Comment 84 for post 60', 84);
INSERT INTO read_comments (comment, post_id) VALUES ('Comment 84 for post 60', 84);
INSERT INTO write_comments (comment, post_id) VALUES ('Comment 85 for post 60', 85);
INSERT INTO read_comments (comment, post_id) VALUES ('Comment 85 for post 60', 85);
INSERT INTO write_comments (comment, post_id) VALUES ('Comment 86 for post 60', 86);
INSERT INTO read_comments (comment, post_id) VALUES ('Comment 86 for post 60', 86);
INSERT INTO write_comments (comment, post_id) VALUES ('Comment 87 for post 60', 87);
INSERT INTO read_comments (comment, post_id) VALUES ('Comment 87 for post 60', 87);
INSERT INTO write_comments (comment, post_id) VALUES ('Comment 88 for post 60', 88);
INSERT INTO read_comments (comment, post_id) VALUES ('Comment 88 for post 60', 88);
INSERT INTO write_comments (comment, post_id) VALUES ('Comment 89 for post 60', 89);
INSERT INTO read_comments (comment, post_id) VALUES ('Comment 89 for post 60', 89);
INSERT INTO write_comments (comment, post_id) VALUES ('Comment 90 for post 60', 90);
INSERT INTO read_comments (comment, post_id) VALUES ('Comment 90 for post 60', 90);
INSERT INTO write_comments (comment, post_id) VALUES ('Comment 91 for post 60', 91);
INSERT INTO read_comments (comment, post_id) VALUES ('Comment 91 for post 60', 91);
INSERT INTO write_comments (comment, post_id) VALUES ('Comment 92 for post 60', 92);
INSERT INTO read_comments (comment, post_id) VALUES ('Comment 92 for post 60', 92);
INSERT INTO write_comments (comment, post_id) VALUES ('Comment 93 for post 60', 93);
INSERT INTO read_comments (comment, post_id) VALUES ('Comment 93 for post 60', 93);
INSERT INTO write_comments (comment, post_id) VALUES ('Comment 94 for post 60', 94);
INSERT INTO read_comments (comment, post_id) VALUES ('Comment 94 for post 60', 94);
INSERT INTO write_comments (comment, post_id) VALUES ('Comment 95 for post 60', 95);
INSERT INTO read_comments (comment, post_id) VALUES ('Comment 95 for post 60', 95);
INSERT INTO write_comments (comment, post_id) VALUES ('Comment 96 for post 60', 96);
INSERT INTO read_comments (comment, post_id) VALUES ('Comment 96 for post 60', 96);
INSERT INTO write_comments (comment, post_id) VALUES ('Comment 97 for post 60', 97);
INSERT INTO read_comments (comment, post_id) VALUES ('Comment 97 for post 60', 97);
INSERT INTO write_comments (comment, post_id) VALUES ('Comment 98 for post 60', 98);
INSERT INTO read_comments (comment, post_id) VALUES ('Comment 98 for post 60', 98);
INSERT INTO write_comments (comment, post_id) VALUES ('Comment 99 for post 60', 99);
INSERT INTO read_comments (comment, post_id) VALUES ('Comment 99 for post 60', 99);
INSERT INTO write_comments (comment, post_id) VALUES ('Comment 100 for post 60', 100);
INSERT INTO read_comments (comment, post_id) VALUES ('Comment 100 for post 60', 100);
INSERT INTO write_comments (comment, post_id) VALUES ('Comment 1 for post 61', 1);
INSERT INTO read_comments (comment, post_id) VALUES ('Comment 1 for post 61', 1);
INSERT INTO write_comments (comment, post_id) VALUES ('Comment 2 for post 61', 2);
INSERT INTO read_comments (comment, post_id) VALUES ('Comment 2 for post 61', 2);
INSERT INTO write_comments (comment, post_id) VALUES ('Comment 3 for post 61', 3);
INSERT INTO read_comments (comment, post_id) VALUES ('Comment 3 for post 61', 3);
INSERT INTO write_comments (comment, post_id) VALUES ('Comment 4 for post 61', 4);
INSERT INTO read_comments (comment, post_id) VALUES ('Comment 4 for post 61', 4);
INSERT INTO write_comments (comment, post_id) VALUES ('Comment 5 for post 61', 5);
INSERT INTO read_comments (comment, post_id) VALUES ('Comment 5 for post 61', 5);
INSERT INTO write_comments (comment, post_id) VALUES ('Comment 6 for post 61', 6);
INSERT INTO read_comments (comment, post_id) VALUES ('Comment 6 for post 61', 6);
INSERT INTO write_comments (comment, post_id) VALUES ('Comment 7 for post 61', 7);
INSERT INTO read_comments (comment, post_id) VALUES ('Comment 7 for post 61', 7);
INSERT INTO write_comments (comment, post_id) VALUES ('Comment 8 for post 61', 8);
INSERT INTO read_comments (comment, post_id) VALUES ('Comment 8 for post 61', 8);
INSERT INTO write_comments (comment, post_id) VALUES ('Comment 9 for post 61', 9);
INSERT INTO read_comments (comment, post_id) VALUES ('Comment 9 for post 61', 9);
INSERT INTO write_comments (comment, post_id) VALUES ('Comment 10 for post 61', 10);
INSERT INTO read_comments (comment, post_id) VALUES ('Comment 10 for post 61', 10);
INSERT INTO write_comments (comment, post_id) VALUES ('Comment 11 for post 61', 11);
INSERT INTO read_comments (comment, post_id) VALUES ('Comment 11 for post 61', 11);
INSERT INTO write_comments (comment, post_id) VALUES ('Comment 12 for post 61', 12);
INSERT INTO read_comments (comment, post_id) VALUES ('Comment 12 for post 61', 12);
INSERT INTO write_comments (comment, post_id) VALUES ('Comment 13 for post 61', 13);
INSERT INTO read_comments (comment, post_id) VALUES ('Comment 13 for post 61', 13);
INSERT INTO write_comments (comment, post_id) VALUES ('Comment 14 for post 61', 14);
INSERT INTO read_comments (comment, post_id) VALUES ('Comment 14 for post 61', 14);
INSERT INTO write_comments (comment, post_id) VALUES ('Comment 15 for post 61', 15);
INSERT INTO read_comments (comment, post_id) VALUES ('Comment 15 for post 61', 15);
INSERT INTO write_comments (comment, post_id) VALUES ('Comment 16 for post 61', 16);
INSERT INTO read_comments (comment, post_id) VALUES ('Comment 16 for post 61', 16);
INSERT INTO write_comments (comment, post_id) VALUES ('Comment 17 for post 61', 17);
INSERT INTO read_comments (comment, post_id) VALUES ('Comment 17 for post 61', 17);
INSERT INTO write_comments (comment, post_id) VALUES ('Comment 18 for post 61', 18);
INSERT INTO read_comments (comment, post_id) VALUES ('Comment 18 for post 61', 18);
INSERT INTO write_comments (comment, post_id) VALUES ('Comment 19 for post 61', 19);
INSERT INTO read_comments (comment, post_id) VALUES ('Comment 19 for post 61', 19);
INSERT INTO write_comments (comment, post_id) VALUES ('Comment 20 for post 61', 20);
INSERT INTO read_comments (comment, post_id) VALUES ('Comment 20 for post 61', 20);
INSERT INTO write_comments (comment, post_id) VALUES ('Comment 21 for post 61', 21);
INSERT INTO read_comments (comment, post_id) VALUES ('Comment 21 for post 61', 21);
INSERT INTO write_comments (comment, post_id) VALUES ('Comment 22 for post 61', 22);
INSERT INTO read_comments (comment, post_id) VALUES ('Comment 22 for post 61', 22);
INSERT INTO write_comments (comment, post_id) VALUES ('Comment 23 for post 61', 23);
INSERT INTO read_comments (comment, post_id) VALUES ('Comment 23 for post 61', 23);
INSERT INTO write_comments (comment, post_id) VALUES ('Comment 24 for post 61', 24);
INSERT INTO read_comments (comment, post_id) VALUES ('Comment 24 for post 61', 24);
INSERT INTO write_comments (comment, post_id) VALUES ('Comment 25 for post 61', 25);
INSERT INTO read_comments (comment, post_id) VALUES ('Comment 25 for post 61', 25);
INSERT INTO write_comments (comment, post_id) VALUES ('Comment 26 for post 61', 26);
INSERT INTO read_comments (comment, post_id) VALUES ('Comment 26 for post 61', 26);
INSERT INTO write_comments (comment, post_id) VALUES ('Comment 27 for post 61', 27);
INSERT INTO read_comments (comment, post_id) VALUES ('Comment 27 for post 61', 27);
INSERT INTO write_comments (comment, post_id) VALUES ('Comment 28 for post 61', 28);
INSERT INTO read_comments (comment, post_id) VALUES ('Comment 28 for post 61', 28);
INSERT INTO write_comments (comment, post_id) VALUES ('Comment 29 for post 61', 29);
INSERT INTO read_comments (comment, post_id) VALUES ('Comment 29 for post 61', 29);
INSERT INTO write_comments (comment, post_id) VALUES ('Comment 30 for post 61', 30);
INSERT INTO read_comments (comment, post_id) VALUES ('Comment 30 for post 61', 30);
INSERT INTO write_comments (comment, post_id) VALUES ('Comment 31 for post 61', 31);
INSERT INTO read_comments (comment, post_id) VALUES ('Comment 31 for post 61', 31);
INSERT INTO write_comments (comment, post_id) VALUES ('Comment 32 for post 61', 32);
INSERT INTO read_comments (comment, post_id) VALUES ('Comment 32 for post 61', 32);
INSERT INTO write_comments (comment, post_id) VALUES ('Comment 33 for post 61', 33);
INSERT INTO read_comments (comment, post_id) VALUES ('Comment 33 for post 61', 33);
INSERT INTO write_comments (comment, post_id) VALUES ('Comment 34 for post 61', 34);
INSERT INTO read_comments (comment, post_id) VALUES ('Comment 34 for post 61', 34);
INSERT INTO write_comments (comment, post_id) VALUES ('Comment 35 for post 61', 35);
INSERT INTO read_comments (comment, post_id) VALUES ('Comment 35 for post 61', 35);
INSERT INTO write_comments (comment, post_id) VALUES ('Comment 36 for post 61', 36);
INSERT INTO read_comments (comment, post_id) VALUES ('Comment 36 for post 61', 36);
INSERT INTO write_comments (comment, post_id) VALUES ('Comment 37 for post 61', 37);
INSERT INTO read_comments (comment, post_id) VALUES ('Comment 37 for post 61', 37);
INSERT INTO write_comments (comment, post_id) VALUES ('Comment 38 for post 61', 38);
INSERT INTO read_comments (comment, post_id) VALUES ('Comment 38 for post 61', 38);
INSERT INTO write_comments (comment, post_id) VALUES ('Comment 39 for post 61', 39);
INSERT INTO read_comments (comment, post_id) VALUES ('Comment 39 for post 61', 39);
INSERT INTO write_comments (comment, post_id) VALUES ('Comment 40 for post 61', 40);
INSERT INTO read_comments (comment, post_id) VALUES ('Comment 40 for post 61', 40);
INSERT INTO write_comments (comment, post_id) VALUES ('Comment 41 for post 61', 41);
INSERT INTO read_comments (comment, post_id) VALUES ('Comment 41 for post 61', 41);
INSERT INTO write_comments (comment, post_id) VALUES ('Comment 42 for post 61', 42);
INSERT INTO read_comments (comment, post_id) VALUES ('Comment 42 for post 61', 42);
INSERT INTO write_comments (comment, post_id) VALUES ('Comment 43 for post 61', 43);
INSERT INTO read_comments (comment, post_id) VALUES ('Comment 43 for post 61', 43);
INSERT INTO write_comments (comment, post_id) VALUES ('Comment 44 for post 61', 44);
INSERT INTO read_comments (comment, post_id) VALUES ('Comment 44 for post 61', 44);
INSERT INTO write_comments (comment, post_id) VALUES ('Comment 45 for post 61', 45);
INSERT INTO read_comments (comment, post_id) VALUES ('Comment 45 for post 61', 45);
INSERT INTO write_comments (comment, post_id) VALUES ('Comment 46 for post 61', 46);
INSERT INTO read_comments (comment, post_id) VALUES ('Comment 46 for post 61', 46);
INSERT INTO write_comments (comment, post_id) VALUES ('Comment 47 for post 61', 47);
INSERT INTO read_comments (comment, post_id) VALUES ('Comment 47 for post 61', 47);
INSERT INTO write_comments (comment, post_id) VALUES ('Comment 48 for post 61', 48);
INSERT INTO read_comments (comment, post_id) VALUES ('Comment 48 for post 61', 48);
INSERT INTO write_comments (comment, post_id) VALUES ('Comment 49 for post 61', 49);
INSERT INTO read_comments (comment, post_id) VALUES ('Comment 49 for post 61', 49);
INSERT INTO write_comments (comment, post_id) VALUES ('Comment 50 for post 61', 50);
INSERT INTO read_comments (comment, post_id) VALUES ('Comment 50 for post 61', 50);
INSERT INTO write_comments (comment, post_id) VALUES ('Comment 51 for post 61', 51);
INSERT INTO read_comments (comment, post_id) VALUES ('Comment 51 for post 61', 51);
INSERT INTO write_comments (comment, post_id) VALUES ('Comment 52 for post 61', 52);
INSERT INTO read_comments (comment, post_id) VALUES ('Comment 52 for post 61', 52);
INSERT INTO write_comments (comment, post_id) VALUES ('Comment 53 for post 61', 53);
INSERT INTO read_comments (comment, post_id) VALUES ('Comment 53 for post 61', 53);
INSERT INTO write_comments (comment, post_id) VALUES ('Comment 54 for post 61', 54);
INSERT INTO read_comments (comment, post_id) VALUES ('Comment 54 for post 61', 54);
INSERT INTO write_comments (comment, post_id) VALUES ('Comment 55 for post 61', 55);
INSERT INTO read_comments (comment, post_id) VALUES ('Comment 55 for post 61', 55);
INSERT INTO write_comments (comment, post_id) VALUES ('Comment 56 for post 61', 56);
INSERT INTO read_comments (comment, post_id) VALUES ('Comment 56 for post 61', 56);
INSERT INTO write_comments (comment, post_id) VALUES ('Comment 57 for post 61', 57);
INSERT INTO read_comments (comment, post_id) VALUES ('Comment 57 for post 61', 57);
INSERT INTO write_comments (comment, post_id) VALUES ('Comment 58 for post 61', 58);
INSERT INTO read_comments (comment, post_id) VALUES ('Comment 58 for post 61', 58);
INSERT INTO write_comments (comment, post_id) VALUES ('Comment 59 for post 61', 59);
INSERT INTO read_comments (comment, post_id) VALUES ('Comment 59 for post 61', 59);
INSERT INTO write_comments (comment, post_id) VALUES ('Comment 60 for post 61', 60);
INSERT INTO read_comments (comment, post_id) VALUES ('Comment 60 for post 61', 60);
INSERT INTO write_comments (comment, post_id) VALUES ('Comment 61 for post 61', 61);
INSERT INTO read_comments (comment, post_id) VALUES ('Comment 61 for post 61', 61);
INSERT INTO write_comments (comment, post_id) VALUES ('Comment 62 for post 61', 62);
INSERT INTO read_comments (comment, post_id) VALUES ('Comment 62 for post 61', 62);
INSERT INTO write_comments (comment, post_id) VALUES ('Comment 63 for post 61', 63);
INSERT INTO read_comments (comment, post_id) VALUES ('Comment 63 for post 61', 63);
INSERT INTO write_comments (comment, post_id) VALUES ('Comment 64 for post 61', 64);
INSERT INTO read_comments (comment, post_id) VALUES ('Comment 64 for post 61', 64);
INSERT INTO write_comments (comment, post_id) VALUES ('Comment 65 for post 61', 65);
INSERT INTO read_comments (comment, post_id) VALUES ('Comment 65 for post 61', 65);
INSERT INTO write_comments (comment, post_id) VALUES ('Comment 66 for post 61', 66);
INSERT INTO read_comments (comment, post_id) VALUES ('Comment 66 for post 61', 66);
INSERT INTO write_comments (comment, post_id) VALUES ('Comment 67 for post 61', 67);
INSERT INTO read_comments (comment, post_id) VALUES ('Comment 67 for post 61', 67);
INSERT INTO write_comments (comment, post_id) VALUES ('Comment 68 for post 61', 68);
INSERT INTO read_comments (comment, post_id) VALUES ('Comment 68 for post 61', 68);
INSERT INTO write_comments (comment, post_id) VALUES ('Comment 69 for post 61', 69);
INSERT INTO read_comments (comment, post_id) VALUES ('Comment 69 for post 61', 69);
INSERT INTO write_comments (comment, post_id) VALUES ('Comment 70 for post 61', 70);
INSERT INTO read_comments (comment, post_id) VALUES ('Comment 70 for post 61', 70);
INSERT INTO write_comments (comment, post_id) VALUES ('Comment 71 for post 61', 71);
INSERT INTO read_comments (comment, post_id) VALUES ('Comment 71 for post 61', 71);
INSERT INTO write_comments (comment, post_id) VALUES ('Comment 72 for post 61', 72);
INSERT INTO read_comments (comment, post_id) VALUES ('Comment 72 for post 61', 72);
INSERT INTO write_comments (comment, post_id) VALUES ('Comment 73 for post 61', 73);
INSERT INTO read_comments (comment, post_id) VALUES ('Comment 73 for post 61', 73);
INSERT INTO write_comments (comment, post_id) VALUES ('Comment 74 for post 61', 74);
INSERT INTO read_comments (comment, post_id) VALUES ('Comment 74 for post 61', 74);
INSERT INTO write_comments (comment, post_id) VALUES ('Comment 75 for post 61', 75);
INSERT INTO read_comments (comment, post_id) VALUES ('Comment 75 for post 61', 75);
INSERT INTO write_comments (comment, post_id) VALUES ('Comment 76 for post 61', 76);
INSERT INTO read_comments (comment, post_id) VALUES ('Comment 76 for post 61', 76);
INSERT INTO write_comments (comment, post_id) VALUES ('Comment 77 for post 61', 77);
INSERT INTO read_comments (comment, post_id) VALUES ('Comment 77 for post 61', 77);
INSERT INTO write_comments (comment, post_id) VALUES ('Comment 78 for post 61', 78);
INSERT INTO read_comments (comment, post_id) VALUES ('Comment 78 for post 61', 78);
INSERT INTO write_comments (comment, post_id) VALUES ('Comment 79 for post 61', 79);
INSERT INTO read_comments (comment, post_id) VALUES ('Comment 79 for post 61', 79);
INSERT INTO write_comments (comment, post_id) VALUES ('Comment 80 for post 61', 80);
INSERT INTO read_comments (comment, post_id) VALUES ('Comment 80 for post 61', 80);
INSERT INTO write_comments (comment, post_id) VALUES ('Comment 81 for post 61', 81);
INSERT INTO read_comments (comment, post_id) VALUES ('Comment 81 for post 61', 81);
INSERT INTO write_comments (comment, post_id) VALUES ('Comment 82 for post 61', 82);
INSERT INTO read_comments (comment, post_id) VALUES ('Comment 82 for post 61', 82);
INSERT INTO write_comments (comment, post_id) VALUES ('Comment 83 for post 61', 83);
INSERT INTO read_comments (comment, post_id) VALUES ('Comment 83 for post 61', 83);
INSERT INTO write_comments (comment, post_id) VALUES ('Comment 84 for post 61', 84);
INSERT INTO read_comments (comment, post_id) VALUES ('Comment 84 for post 61', 84);
INSERT INTO write_comments (comment, post_id) VALUES ('Comment 85 for post 61', 85);
INSERT INTO read_comments (comment, post_id) VALUES ('Comment 85 for post 61', 85);
INSERT INTO write_comments (comment, post_id) VALUES ('Comment 86 for post 61', 86);
INSERT INTO read_comments (comment, post_id) VALUES ('Comment 86 for post 61', 86);
INSERT INTO write_comments (comment, post_id) VALUES ('Comment 87 for post 61', 87);
INSERT INTO read_comments (comment, post_id) VALUES ('Comment 87 for post 61', 87);
INSERT INTO write_comments (comment, post_id) VALUES ('Comment 88 for post 61', 88);
INSERT INTO read_comments (comment, post_id) VALUES ('Comment 88 for post 61', 88);
INSERT INTO write_comments (comment, post_id) VALUES ('Comment 89 for post 61', 89);
INSERT INTO read_comments (comment, post_id) VALUES ('Comment 89 for post 61', 89);
INSERT INTO write_comments (comment, post_id) VALUES ('Comment 90 for post 61', 90);
INSERT INTO read_comments (comment, post_id) VALUES ('Comment 90 for post 61', 90);
INSERT INTO write_comments (comment, post_id) VALUES ('Comment 91 for post 61', 91);
INSERT INTO read_comments (comment, post_id) VALUES ('Comment 91 for post 61', 91);
INSERT INTO write_comments (comment, post_id) VALUES ('Comment 92 for post 61', 92);
INSERT INTO read_comments (comment, post_id) VALUES ('Comment 92 for post 61', 92);
INSERT INTO write_comments (comment, post_id) VALUES ('Comment 93 for post 61', 93);
INSERT INTO read_comments (comment, post_id) VALUES ('Comment 93 for post 61', 93);
INSERT INTO write_comments (comment, post_id) VALUES ('Comment 94 for post 61', 94);
INSERT INTO read_comments (comment, post_id) VALUES ('Comment 94 for post 61', 94);
INSERT INTO write_comments (comment, post_id) VALUES ('Comment 95 for post 61', 95);
INSERT INTO read_comments (comment, post_id) VALUES ('Comment 95 for post 61', 95);
INSERT INTO write_comments (comment, post_id) VALUES ('Comment 96 for post 61', 96);
INSERT INTO read_comments (comment, post_id) VALUES ('Comment 96 for post 61', 96);
INSERT INTO write_comments (comment, post_id) VALUES ('Comment 97 for post 61', 97);
INSERT INTO read_comments (comment, post_id) VALUES ('Comment 97 for post 61', 97);
INSERT INTO write_comments (comment, post_id) VALUES ('Comment 98 for post 61', 98);
INSERT INTO read_comments (comment, post_id) VALUES ('Comment 98 for post 61', 98);
INSERT INTO write_comments (comment, post_id) VALUES ('Comment 99 for post 61', 99);
INSERT INTO read_comments (comment, post_id) VALUES ('Comment 99 for post 61', 99);
INSERT INTO write_comments (comment, post_id) VALUES ('Comment 100 for post 61', 100);
INSERT INTO read_comments (comment, post_id) VALUES ('Comment 100 for post 61', 100);
INSERT INTO write_comments (comment, post_id) VALUES ('Comment 1 for post 62', 1);
INSERT INTO read_comments (comment, post_id) VALUES ('Comment 1 for post 62', 1);
INSERT INTO write_comments (comment, post_id) VALUES ('Comment 2 for post 62', 2);
INSERT INTO read_comments (comment, post_id) VALUES ('Comment 2 for post 62', 2);
INSERT INTO write_comments (comment, post_id) VALUES ('Comment 3 for post 62', 3);
INSERT INTO read_comments (comment, post_id) VALUES ('Comment 3 for post 62', 3);
INSERT INTO write_comments (comment, post_id) VALUES ('Comment 4 for post 62', 4);
INSERT INTO read_comments (comment, post_id) VALUES ('Comment 4 for post 62', 4);
INSERT INTO write_comments (comment, post_id) VALUES ('Comment 5 for post 62', 5);
INSERT INTO read_comments (comment, post_id) VALUES ('Comment 5 for post 62', 5);
INSERT INTO write_comments (comment, post_id) VALUES ('Comment 6 for post 62', 6);
INSERT INTO read_comments (comment, post_id) VALUES ('Comment 6 for post 62', 6);
INSERT INTO write_comments (comment, post_id) VALUES ('Comment 7 for post 62', 7);
INSERT INTO read_comments (comment, post_id) VALUES ('Comment 7 for post 62', 7);
INSERT INTO write_comments (comment, post_id) VALUES ('Comment 8 for post 62', 8);
INSERT INTO read_comments (comment, post_id) VALUES ('Comment 8 for post 62', 8);
INSERT INTO write_comments (comment, post_id) VALUES ('Comment 9 for post 62', 9);
INSERT INTO read_comments (comment, post_id) VALUES ('Comment 9 for post 62', 9);
INSERT INTO write_comments (comment, post_id) VALUES ('Comment 10 for post 62', 10);
INSERT INTO read_comments (comment, post_id) VALUES ('Comment 10 for post 62', 10);
INSERT INTO write_comments (comment, post_id) VALUES ('Comment 11 for post 62', 11);
INSERT INTO read_comments (comment, post_id) VALUES ('Comment 11 for post 62', 11);
INSERT INTO write_comments (comment, post_id) VALUES ('Comment 12 for post 62', 12);
INSERT INTO read_comments (comment, post_id) VALUES ('Comment 12 for post 62', 12);
INSERT INTO write_comments (comment, post_id) VALUES ('Comment 13 for post 62', 13);
INSERT INTO read_comments (comment, post_id) VALUES ('Comment 13 for post 62', 13);
INSERT INTO write_comments (comment, post_id) VALUES ('Comment 14 for post 62', 14);
INSERT INTO read_comments (comment, post_id) VALUES ('Comment 14 for post 62', 14);
INSERT INTO write_comments (comment, post_id) VALUES ('Comment 15 for post 62', 15);
INSERT INTO read_comments (comment, post_id) VALUES ('Comment 15 for post 62', 15);
INSERT INTO write_comments (comment, post_id) VALUES ('Comment 16 for post 62', 16);
INSERT INTO read_comments (comment, post_id) VALUES ('Comment 16 for post 62', 16);
INSERT INTO write_comments (comment, post_id) VALUES ('Comment 17 for post 62', 17);
INSERT INTO read_comments (comment, post_id) VALUES ('Comment 17 for post 62', 17);
INSERT INTO write_comments (comment, post_id) VALUES ('Comment 18 for post 62', 18);
INSERT INTO read_comments (comment, post_id) VALUES ('Comment 18 for post 62', 18);
INSERT INTO write_comments (comment, post_id) VALUES ('Comment 19 for post 62', 19);
INSERT INTO read_comments (comment, post_id) VALUES ('Comment 19 for post 62', 19);
INSERT INTO write_comments (comment, post_id) VALUES ('Comment 20 for post 62', 20);
INSERT INTO read_comments (comment, post_id) VALUES ('Comment 20 for post 62', 20);
INSERT INTO write_comments (comment, post_id) VALUES ('Comment 21 for post 62', 21);
INSERT INTO read_comments (comment, post_id) VALUES ('Comment 21 for post 62', 21);
INSERT INTO write_comments (comment, post_id) VALUES ('Comment 22 for post 62', 22);
INSERT INTO read_comments (comment, post_id) VALUES ('Comment 22 for post 62', 22);
INSERT INTO write_comments (comment, post_id) VALUES ('Comment 23 for post 62', 23);
INSERT INTO read_comments (comment, post_id) VALUES ('Comment 23 for post 62', 23);
INSERT INTO write_comments (comment, post_id) VALUES ('Comment 24 for post 62', 24);
INSERT INTO read_comments (comment, post_id) VALUES ('Comment 24 for post 62', 24);
INSERT INTO write_comments (comment, post_id) VALUES ('Comment 25 for post 62', 25);
INSERT INTO read_comments (comment, post_id) VALUES ('Comment 25 for post 62', 25);
INSERT INTO write_comments (comment, post_id) VALUES ('Comment 26 for post 62', 26);
INSERT INTO read_comments (comment, post_id) VALUES ('Comment 26 for post 62', 26);
INSERT INTO write_comments (comment, post_id) VALUES ('Comment 27 for post 62', 27);
INSERT INTO read_comments (comment, post_id) VALUES ('Comment 27 for post 62', 27);
INSERT INTO write_comments (comment, post_id) VALUES ('Comment 28 for post 62', 28);
INSERT INTO read_comments (comment, post_id) VALUES ('Comment 28 for post 62', 28);
INSERT INTO write_comments (comment, post_id) VALUES ('Comment 29 for post 62', 29);
INSERT INTO read_comments (comment, post_id) VALUES ('Comment 29 for post 62', 29);
INSERT INTO write_comments (comment, post_id) VALUES ('Comment 30 for post 62', 30);
INSERT INTO read_comments (comment, post_id) VALUES ('Comment 30 for post 62', 30);
INSERT INTO write_comments (comment, post_id) VALUES ('Comment 31 for post 62', 31);
INSERT INTO read_comments (comment, post_id) VALUES ('Comment 31 for post 62', 31);
INSERT INTO write_comments (comment, post_id) VALUES ('Comment 32 for post 62', 32);
INSERT INTO read_comments (comment, post_id) VALUES ('Comment 32 for post 62', 32);
INSERT INTO write_comments (comment, post_id) VALUES ('Comment 33 for post 62', 33);
INSERT INTO read_comments (comment, post_id) VALUES ('Comment 33 for post 62', 33);
INSERT INTO write_comments (comment, post_id) VALUES ('Comment 34 for post 62', 34);
INSERT INTO read_comments (comment, post_id) VALUES ('Comment 34 for post 62', 34);
INSERT INTO write_comments (comment, post_id) VALUES ('Comment 35 for post 62', 35);
INSERT INTO read_comments (comment, post_id) VALUES ('Comment 35 for post 62', 35);
INSERT INTO write_comments (comment, post_id) VALUES ('Comment 36 for post 62', 36);
INSERT INTO read_comments (comment, post_id) VALUES ('Comment 36 for post 62', 36);
INSERT INTO write_comments (comment, post_id) VALUES ('Comment 37 for post 62', 37);
INSERT INTO read_comments (comment, post_id) VALUES ('Comment 37 for post 62', 37);
INSERT INTO write_comments (comment, post_id) VALUES ('Comment 38 for post 62', 38);
INSERT INTO read_comments (comment, post_id) VALUES ('Comment 38 for post 62', 38);
INSERT INTO write_comments (comment, post_id) VALUES ('Comment 39 for post 62', 39);
INSERT INTO read_comments (comment, post_id) VALUES ('Comment 39 for post 62', 39);
INSERT INTO write_comments (comment, post_id) VALUES ('Comment 40 for post 62', 40);
INSERT INTO read_comments (comment, post_id) VALUES ('Comment 40 for post 62', 40);
INSERT INTO write_comments (comment, post_id) VALUES ('Comment 41 for post 62', 41);
INSERT INTO read_comments (comment, post_id) VALUES ('Comment 41 for post 62', 41);
INSERT INTO write_comments (comment, post_id) VALUES ('Comment 42 for post 62', 42);
INSERT INTO read_comments (comment, post_id) VALUES ('Comment 42 for post 62', 42);
INSERT INTO write_comments (comment, post_id) VALUES ('Comment 43 for post 62', 43);
INSERT INTO read_comments (comment, post_id) VALUES ('Comment 43 for post 62', 43);
INSERT INTO write_comments (comment, post_id) VALUES ('Comment 44 for post 62', 44);
INSERT INTO read_comments (comment, post_id) VALUES ('Comment 44 for post 62', 44);
INSERT INTO write_comments (comment, post_id) VALUES ('Comment 45 for post 62', 45);
INSERT INTO read_comments (comment, post_id) VALUES ('Comment 45 for post 62', 45);
INSERT INTO write_comments (comment, post_id) VALUES ('Comment 46 for post 62', 46);
INSERT INTO read_comments (comment, post_id) VALUES ('Comment 46 for post 62', 46);
INSERT INTO write_comments (comment, post_id) VALUES ('Comment 47 for post 62', 47);
INSERT INTO read_comments (comment, post_id) VALUES ('Comment 47 for post 62', 47);
INSERT INTO write_comments (comment, post_id) VALUES ('Comment 48 for post 62', 48);
INSERT INTO read_comments (comment, post_id) VALUES ('Comment 48 for post 62', 48);
INSERT INTO write_comments (comment, post_id) VALUES ('Comment 49 for post 62', 49);
INSERT INTO read_comments (comment, post_id) VALUES ('Comment 49 for post 62', 49);
INSERT INTO write_comments (comment, post_id) VALUES ('Comment 50 for post 62', 50);
INSERT INTO read_comments (comment, post_id) VALUES ('Comment 50 for post 62', 50);
INSERT INTO write_comments (comment, post_id) VALUES ('Comment 51 for post 62', 51);
INSERT INTO read_comments (comment, post_id) VALUES ('Comment 51 for post 62', 51);
INSERT INTO write_comments (comment, post_id) VALUES ('Comment 52 for post 62', 52);
INSERT INTO read_comments (comment, post_id) VALUES ('Comment 52 for post 62', 52);
INSERT INTO write_comments (comment, post_id) VALUES ('Comment 53 for post 62', 53);
INSERT INTO read_comments (comment, post_id) VALUES ('Comment 53 for post 62', 53);
INSERT INTO write_comments (comment, post_id) VALUES ('Comment 54 for post 62', 54);
INSERT INTO read_comments (comment, post_id) VALUES ('Comment 54 for post 62', 54);
INSERT INTO write_comments (comment, post_id) VALUES ('Comment 55 for post 62', 55);
INSERT INTO read_comments (comment, post_id) VALUES ('Comment 55 for post 62', 55);
INSERT INTO write_comments (comment, post_id) VALUES ('Comment 56 for post 62', 56);
INSERT INTO read_comments (comment, post_id) VALUES ('Comment 56 for post 62', 56);
INSERT INTO write_comments (comment, post_id) VALUES ('Comment 57 for post 62', 57);
INSERT INTO read_comments (comment, post_id) VALUES ('Comment 57 for post 62', 57);
INSERT INTO write_comments (comment, post_id) VALUES ('Comment 58 for post 62', 58);
INSERT INTO read_comments (comment, post_id) VALUES ('Comment 58 for post 62', 58);
INSERT INTO write_comments (comment, post_id) VALUES ('Comment 59 for post 62', 59);
INSERT INTO read_comments (comment, post_id) VALUES ('Comment 59 for post 62', 59);
INSERT INTO write_comments (comment, post_id) VALUES ('Comment 60 for post 62', 60);
INSERT INTO read_comments (comment, post_id) VALUES ('Comment 60 for post 62', 60);
INSERT INTO write_comments (comment, post_id) VALUES ('Comment 61 for post 62', 61);
INSERT INTO read_comments (comment, post_id) VALUES ('Comment 61 for post 62', 61);
INSERT INTO write_comments (comment, post_id) VALUES ('Comment 62 for post 62', 62);
INSERT INTO read_comments (comment, post_id) VALUES ('Comment 62 for post 62', 62);
INSERT INTO write_comments (comment, post_id) VALUES ('Comment 63 for post 62', 63);
INSERT INTO read_comments (comment, post_id) VALUES ('Comment 63 for post 62', 63);
INSERT INTO write_comments (comment, post_id) VALUES ('Comment 64 for post 62', 64);
INSERT INTO read_comments (comment, post_id) VALUES ('Comment 64 for post 62', 64);
INSERT INTO write_comments (comment, post_id) VALUES ('Comment 65 for post 62', 65);
INSERT INTO read_comments (comment, post_id) VALUES ('Comment 65 for post 62', 65);
INSERT INTO write_comments (comment, post_id) VALUES ('Comment 66 for post 62', 66);
INSERT INTO read_comments (comment, post_id) VALUES ('Comment 66 for post 62', 66);
INSERT INTO write_comments (comment, post_id) VALUES ('Comment 67 for post 62', 67);
INSERT INTO read_comments (comment, post_id) VALUES ('Comment 67 for post 62', 67);
INSERT INTO write_comments (comment, post_id) VALUES ('Comment 68 for post 62', 68);
INSERT INTO read_comments (comment, post_id) VALUES ('Comment 68 for post 62', 68);
INSERT INTO write_comments (comment, post_id) VALUES ('Comment 69 for post 62', 69);
INSERT INTO read_comments (comment, post_id) VALUES ('Comment 69 for post 62', 69);
INSERT INTO write_comments (comment, post_id) VALUES ('Comment 70 for post 62', 70);
INSERT INTO read_comments (comment, post_id) VALUES ('Comment 70 for post 62', 70);
INSERT INTO write_comments (comment, post_id) VALUES ('Comment 71 for post 62', 71);
INSERT INTO read_comments (comment, post_id) VALUES ('Comment 71 for post 62', 71);
INSERT INTO write_comments (comment, post_id) VALUES ('Comment 72 for post 62', 72);
INSERT INTO read_comments (comment, post_id) VALUES ('Comment 72 for post 62', 72);
INSERT INTO write_comments (comment, post_id) VALUES ('Comment 73 for post 62', 73);
INSERT INTO read_comments (comment, post_id) VALUES ('Comment 73 for post 62', 73);
INSERT INTO write_comments (comment, post_id) VALUES ('Comment 74 for post 62', 74);
INSERT INTO read_comments (comment, post_id) VALUES ('Comment 74 for post 62', 74);
INSERT INTO write_comments (comment, post_id) VALUES ('Comment 75 for post 62', 75);
INSERT INTO read_comments (comment, post_id) VALUES ('Comment 75 for post 62', 75);
INSERT INTO write_comments (comment, post_id) VALUES ('Comment 76 for post 62', 76);
INSERT INTO read_comments (comment, post_id) VALUES ('Comment 76 for post 62', 76);
INSERT INTO write_comments (comment, post_id) VALUES ('Comment 77 for post 62', 77);
INSERT INTO read_comments (comment, post_id) VALUES ('Comment 77 for post 62', 77);
INSERT INTO write_comments (comment, post_id) VALUES ('Comment 78 for post 62', 78);
INSERT INTO read_comments (comment, post_id) VALUES ('Comment 78 for post 62', 78);
INSERT INTO write_comments (comment, post_id) VALUES ('Comment 79 for post 62', 79);
INSERT INTO read_comments (comment, post_id) VALUES ('Comment 79 for post 62', 79);
INSERT INTO write_comments (comment, post_id) VALUES ('Comment 80 for post 62', 80);
INSERT INTO read_comments (comment, post_id) VALUES ('Comment 80 for post 62', 80);
INSERT INTO write_comments (comment, post_id) VALUES ('Comment 81 for post 62', 81);
INSERT INTO read_comments (comment, post_id) VALUES ('Comment 81 for post 62', 81);
INSERT INTO write_comments (comment, post_id) VALUES ('Comment 82 for post 62', 82);
INSERT INTO read_comments (comment, post_id) VALUES ('Comment 82 for post 62', 82);
INSERT INTO write_comments (comment, post_id) VALUES ('Comment 83 for post 62', 83);
INSERT INTO read_comments (comment, post_id) VALUES ('Comment 83 for post 62', 83);
INSERT INTO write_comments (comment, post_id) VALUES ('Comment 84 for post 62', 84);
INSERT INTO read_comments (comment, post_id) VALUES ('Comment 84 for post 62', 84);
INSERT INTO write_comments (comment, post_id) VALUES ('Comment 85 for post 62', 85);
INSERT INTO read_comments (comment, post_id) VALUES ('Comment 85 for post 62', 85);
INSERT INTO write_comments (comment, post_id) VALUES ('Comment 86 for post 62', 86);
INSERT INTO read_comments (comment, post_id) VALUES ('Comment 86 for post 62', 86);
INSERT INTO write_comments (comment, post_id) VALUES ('Comment 87 for post 62', 87);
INSERT INTO read_comments (comment, post_id) VALUES ('Comment 87 for post 62', 87);
INSERT INTO write_comments (comment, post_id) VALUES ('Comment 88 for post 62', 88);
INSERT INTO read_comments (comment, post_id) VALUES ('Comment 88 for post 62', 88);
INSERT INTO write_comments (comment, post_id) VALUES ('Comment 89 for post 62', 89);
INSERT INTO read_comments (comment, post_id) VALUES ('Comment 89 for post 62', 89);
INSERT INTO write_comments (comment, post_id) VALUES ('Comment 90 for post 62', 90);
INSERT INTO read_comments (comment, post_id) VALUES ('Comment 90 for post 62', 90);
INSERT INTO write_comments (comment, post_id) VALUES ('Comment 91 for post 62', 91);
INSERT INTO read_comments (comment, post_id) VALUES ('Comment 91 for post 62', 91);
INSERT INTO write_comments (comment, post_id) VALUES ('Comment 92 for post 62', 92);
INSERT INTO read_comments (comment, post_id) VALUES ('Comment 92 for post 62', 92);
INSERT INTO write_comments (comment, post_id) VALUES ('Comment 93 for post 62', 93);
INSERT INTO read_comments (comment, post_id) VALUES ('Comment 93 for post 62', 93);
INSERT INTO write_comments (comment, post_id) VALUES ('Comment 94 for post 62', 94);
INSERT INTO read_comments (comment, post_id) VALUES ('Comment 94 for post 62', 94);
INSERT INTO write_comments (comment, post_id) VALUES ('Comment 95 for post 62', 95);
INSERT INTO read_comments (comment, post_id) VALUES ('Comment 95 for post 62', 95);
INSERT INTO write_comments (comment, post_id) VALUES ('Comment 96 for post 62', 96);
INSERT INTO read_comments (comment, post_id) VALUES ('Comment 96 for post 62', 96);
INSERT INTO write_comments (comment, post_id) VALUES ('Comment 97 for post 62', 97);
INSERT INTO read_comments (comment, post_id) VALUES ('Comment 97 for post 62', 97);
INSERT INTO write_comments (comment, post_id) VALUES ('Comment 98 for post 62', 98);
INSERT INTO read_comments (comment, post_id) VALUES ('Comment 98 for post 62', 98);
INSERT INTO write_comments (comment, post_id) VALUES ('Comment 99 for post 62', 99);
INSERT INTO read_comments (comment, post_id) VALUES ('Comment 99 for post 62', 99);
INSERT INTO write_comments (comment, post_id) VALUES ('Comment 100 for post 62', 100);
INSERT INTO read_comments (comment, post_id) VALUES ('Comment 100 for post 62', 100);
INSERT INTO write_comments (comment, post_id) VALUES ('Comment 1 for post 63', 1);
INSERT INTO read_comments (comment, post_id) VALUES ('Comment 1 for post 63', 1);
INSERT INTO write_comments (comment, post_id) VALUES ('Comment 2 for post 63', 2);
INSERT INTO read_comments (comment, post_id) VALUES ('Comment 2 for post 63', 2);
INSERT INTO write_comments (comment, post_id) VALUES ('Comment 3 for post 63', 3);
INSERT INTO read_comments (comment, post_id) VALUES ('Comment 3 for post 63', 3);
INSERT INTO write_comments (comment, post_id) VALUES ('Comment 4 for post 63', 4);
INSERT INTO read_comments (comment, post_id) VALUES ('Comment 4 for post 63', 4);
INSERT INTO write_comments (comment, post_id) VALUES ('Comment 5 for post 63', 5);
INSERT INTO read_comments (comment, post_id) VALUES ('Comment 5 for post 63', 5);
INSERT INTO write_comments (comment, post_id) VALUES ('Comment 6 for post 63', 6);
INSERT INTO read_comments (comment, post_id) VALUES ('Comment 6 for post 63', 6);
INSERT INTO write_comments (comment, post_id) VALUES ('Comment 7 for post 63', 7);
INSERT INTO read_comments (comment, post_id) VALUES ('Comment 7 for post 63', 7);
INSERT INTO write_comments (comment, post_id) VALUES ('Comment 8 for post 63', 8);
INSERT INTO read_comments (comment, post_id) VALUES ('Comment 8 for post 63', 8);
INSERT INTO write_comments (comment, post_id) VALUES ('Comment 9 for post 63', 9);
INSERT INTO read_comments (comment, post_id) VALUES ('Comment 9 for post 63', 9);
INSERT INTO write_comments (comment, post_id) VALUES ('Comment 10 for post 63', 10);
INSERT INTO read_comments (comment, post_id) VALUES ('Comment 10 for post 63', 10);
INSERT INTO write_comments (comment, post_id) VALUES ('Comment 11 for post 63', 11);
INSERT INTO read_comments (comment, post_id) VALUES ('Comment 11 for post 63', 11);
INSERT INTO write_comments (comment, post_id) VALUES ('Comment 12 for post 63', 12);
INSERT INTO read_comments (comment, post_id) VALUES ('Comment 12 for post 63', 12);
INSERT INTO write_comments (comment, post_id) VALUES ('Comment 13 for post 63', 13);
INSERT INTO read_comments (comment, post_id) VALUES ('Comment 13 for post 63', 13);
INSERT INTO write_comments (comment, post_id) VALUES ('Comment 14 for post 63', 14);
INSERT INTO read_comments (comment, post_id) VALUES ('Comment 14 for post 63', 14);
INSERT INTO write_comments (comment, post_id) VALUES ('Comment 15 for post 63', 15);
INSERT INTO read_comments (comment, post_id) VALUES ('Comment 15 for post 63', 15);
INSERT INTO write_comments (comment, post_id) VALUES ('Comment 16 for post 63', 16);
INSERT INTO read_comments (comment, post_id) VALUES ('Comment 16 for post 63', 16);
INSERT INTO write_comments (comment, post_id) VALUES ('Comment 17 for post 63', 17);
INSERT INTO read_comments (comment, post_id) VALUES ('Comment 17 for post 63', 17);
INSERT INTO write_comments (comment, post_id) VALUES ('Comment 18 for post 63', 18);
INSERT INTO read_comments (comment, post_id) VALUES ('Comment 18 for post 63', 18);
INSERT INTO write_comments (comment, post_id) VALUES ('Comment 19 for post 63', 19);
INSERT INTO read_comments (comment, post_id) VALUES ('Comment 19 for post 63', 19);
INSERT INTO write_comments (comment, post_id) VALUES ('Comment 20 for post 63', 20);
INSERT INTO read_comments (comment, post_id) VALUES ('Comment 20 for post 63', 20);
INSERT INTO write_comments (comment, post_id) VALUES ('Comment 21 for post 63', 21);
INSERT INTO read_comments (comment, post_id) VALUES ('Comment 21 for post 63', 21);
INSERT INTO write_comments (comment, post_id) VALUES ('Comment 22 for post 63', 22);
INSERT INTO read_comments (comment, post_id) VALUES ('Comment 22 for post 63', 22);
INSERT INTO write_comments (comment, post_id) VALUES ('Comment 23 for post 63', 23);
INSERT INTO read_comments (comment, post_id) VALUES ('Comment 23 for post 63', 23);
INSERT INTO write_comments (comment, post_id) VALUES ('Comment 24 for post 63', 24);
INSERT INTO read_comments (comment, post_id) VALUES ('Comment 24 for post 63', 24);
INSERT INTO write_comments (comment, post_id) VALUES ('Comment 25 for post 63', 25);
INSERT INTO read_comments (comment, post_id) VALUES ('Comment 25 for post 63', 25);
INSERT INTO write_comments (comment, post_id) VALUES ('Comment 26 for post 63', 26);
INSERT INTO read_comments (comment, post_id) VALUES ('Comment 26 for post 63', 26);
INSERT INTO write_comments (comment, post_id) VALUES ('Comment 27 for post 63', 27);
INSERT INTO read_comments (comment, post_id) VALUES ('Comment 27 for post 63', 27);
INSERT INTO write_comments (comment, post_id) VALUES ('Comment 28 for post 63', 28);
INSERT INTO read_comments (comment, post_id) VALUES ('Comment 28 for post 63', 28);
INSERT INTO write_comments (comment, post_id) VALUES ('Comment 29 for post 63', 29);
INSERT INTO read_comments (comment, post_id) VALUES ('Comment 29 for post 63', 29);
INSERT INTO write_comments (comment, post_id) VALUES ('Comment 30 for post 63', 30);
INSERT INTO read_comments (comment, post_id) VALUES ('Comment 30 for post 63', 30);
INSERT INTO write_comments (comment, post_id) VALUES ('Comment 31 for post 63', 31);
INSERT INTO read_comments (comment, post_id) VALUES ('Comment 31 for post 63', 31);
INSERT INTO write_comments (comment, post_id) VALUES ('Comment 32 for post 63', 32);
INSERT INTO read_comments (comment, post_id) VALUES ('Comment 32 for post 63', 32);
INSERT INTO write_comments (comment, post_id) VALUES ('Comment 33 for post 63', 33);
INSERT INTO read_comments (comment, post_id) VALUES ('Comment 33 for post 63', 33);
INSERT INTO write_comments (comment, post_id) VALUES ('Comment 34 for post 63', 34);
INSERT INTO read_comments (comment, post_id) VALUES ('Comment 34 for post 63', 34);
INSERT INTO write_comments (comment, post_id) VALUES ('Comment 35 for post 63', 35);
INSERT INTO read_comments (comment, post_id) VALUES ('Comment 35 for post 63', 35);
INSERT INTO write_comments (comment, post_id) VALUES ('Comment 36 for post 63', 36);
INSERT INTO read_comments (comment, post_id) VALUES ('Comment 36 for post 63', 36);
INSERT INTO write_comments (comment, post_id) VALUES ('Comment 37 for post 63', 37);
INSERT INTO read_comments (comment, post_id) VALUES ('Comment 37 for post 63', 37);
INSERT INTO write_comments (comment, post_id) VALUES ('Comment 38 for post 63', 38);
INSERT INTO read_comments (comment, post_id) VALUES ('Comment 38 for post 63', 38);
INSERT INTO write_comments (comment, post_id) VALUES ('Comment 39 for post 63', 39);
INSERT INTO read_comments (comment, post_id) VALUES ('Comment 39 for post 63', 39);
INSERT INTO write_comments (comment, post_id) VALUES ('Comment 40 for post 63', 40);
INSERT INTO read_comments (comment, post_id) VALUES ('Comment 40 for post 63', 40);
INSERT INTO write_comments (comment, post_id) VALUES ('Comment 41 for post 63', 41);
INSERT INTO read_comments (comment, post_id) VALUES ('Comment 41 for post 63', 41);
INSERT INTO write_comments (comment, post_id) VALUES ('Comment 42 for post 63', 42);
INSERT INTO read_comments (comment, post_id) VALUES ('Comment 42 for post 63', 42);
INSERT INTO write_comments (comment, post_id) VALUES ('Comment 43 for post 63', 43);
INSERT INTO read_comments (comment, post_id) VALUES ('Comment 43 for post 63', 43);
INSERT INTO write_comments (comment, post_id) VALUES ('Comment 44 for post 63', 44);
INSERT INTO read_comments (comment, post_id) VALUES ('Comment 44 for post 63', 44);
INSERT INTO write_comments (comment, post_id) VALUES ('Comment 45 for post 63', 45);
INSERT INTO read_comments (comment, post_id) VALUES ('Comment 45 for post 63', 45);
INSERT INTO write_comments (comment, post_id) VALUES ('Comment 46 for post 63', 46);
INSERT INTO read_comments (comment, post_id) VALUES ('Comment 46 for post 63', 46);
INSERT INTO write_comments (comment, post_id) VALUES ('Comment 47 for post 63', 47);
INSERT INTO read_comments (comment, post_id) VALUES ('Comment 47 for post 63', 47);
INSERT INTO write_comments (comment, post_id) VALUES ('Comment 48 for post 63', 48);
INSERT INTO read_comments (comment, post_id) VALUES ('Comment 48 for post 63', 48);
INSERT INTO write_comments (comment, post_id) VALUES ('Comment 49 for post 63', 49);
INSERT INTO read_comments (comment, post_id) VALUES ('Comment 49 for post 63', 49);
INSERT INTO write_comments (comment, post_id) VALUES ('Comment 50 for post 63', 50);
INSERT INTO read_comments (comment, post_id) VALUES ('Comment 50 for post 63', 50);
INSERT INTO write_comments (comment, post_id) VALUES ('Comment 51 for post 63', 51);
INSERT INTO read_comments (comment, post_id) VALUES ('Comment 51 for post 63', 51);
INSERT INTO write_comments (comment, post_id) VALUES ('Comment 52 for post 63', 52);
INSERT INTO read_comments (comment, post_id) VALUES ('Comment 52 for post 63', 52);
INSERT INTO write_comments (comment, post_id) VALUES ('Comment 53 for post 63', 53);
INSERT INTO read_comments (comment, post_id) VALUES ('Comment 53 for post 63', 53);
INSERT INTO write_comments (comment, post_id) VALUES ('Comment 54 for post 63', 54);
INSERT INTO read_comments (comment, post_id) VALUES ('Comment 54 for post 63', 54);
INSERT INTO write_comments (comment, post_id) VALUES ('Comment 55 for post 63', 55);
INSERT INTO read_comments (comment, post_id) VALUES ('Comment 55 for post 63', 55);
INSERT INTO write_comments (comment, post_id) VALUES ('Comment 56 for post 63', 56);
INSERT INTO read_comments (comment, post_id) VALUES ('Comment 56 for post 63', 56);
INSERT INTO write_comments (comment, post_id) VALUES ('Comment 57 for post 63', 57);
INSERT INTO read_comments (comment, post_id) VALUES ('Comment 57 for post 63', 57);
INSERT INTO write_comments (comment, post_id) VALUES ('Comment 58 for post 63', 58);
INSERT INTO read_comments (comment, post_id) VALUES ('Comment 58 for post 63', 58);
INSERT INTO write_comments (comment, post_id) VALUES ('Comment 59 for post 63', 59);
INSERT INTO read_comments (comment, post_id) VALUES ('Comment 59 for post 63', 59);
INSERT INTO write_comments (comment, post_id) VALUES ('Comment 60 for post 63', 60);
INSERT INTO read_comments (comment, post_id) VALUES ('Comment 60 for post 63', 60);
INSERT INTO write_comments (comment, post_id) VALUES ('Comment 61 for post 63', 61);
INSERT INTO read_comments (comment, post_id) VALUES ('Comment 61 for post 63', 61);
INSERT INTO write_comments (comment, post_id) VALUES ('Comment 62 for post 63', 62);
INSERT INTO read_comments (comment, post_id) VALUES ('Comment 62 for post 63', 62);
INSERT INTO write_comments (comment, post_id) VALUES ('Comment 63 for post 63', 63);
INSERT INTO read_comments (comment, post_id) VALUES ('Comment 63 for post 63', 63);
INSERT INTO write_comments (comment, post_id) VALUES ('Comment 64 for post 63', 64);
INSERT INTO read_comments (comment, post_id) VALUES ('Comment 64 for post 63', 64);
INSERT INTO write_comments (comment, post_id) VALUES ('Comment 65 for post 63', 65);
INSERT INTO read_comments (comment, post_id) VALUES ('Comment 65 for post 63', 65);
INSERT INTO write_comments (comment, post_id) VALUES ('Comment 66 for post 63', 66);
INSERT INTO read_comments (comment, post_id) VALUES ('Comment 66 for post 63', 66);
INSERT INTO write_comments (comment, post_id) VALUES ('Comment 67 for post 63', 67);
INSERT INTO read_comments (comment, post_id) VALUES ('Comment 67 for post 63', 67);
INSERT INTO write_comments (comment, post_id) VALUES ('Comment 68 for post 63', 68);
INSERT INTO read_comments (comment, post_id) VALUES ('Comment 68 for post 63', 68);
INSERT INTO write_comments (comment, post_id) VALUES ('Comment 69 for post 63', 69);
INSERT INTO read_comments (comment, post_id) VALUES ('Comment 69 for post 63', 69);
INSERT INTO write_comments (comment, post_id) VALUES ('Comment 70 for post 63', 70);
INSERT INTO read_comments (comment, post_id) VALUES ('Comment 70 for post 63', 70);
INSERT INTO write_comments (comment, post_id) VALUES ('Comment 71 for post 63', 71);
INSERT INTO read_comments (comment, post_id) VALUES ('Comment 71 for post 63', 71);
INSERT INTO write_comments (comment, post_id) VALUES ('Comment 72 for post 63', 72);
INSERT INTO read_comments (comment, post_id) VALUES ('Comment 72 for post 63', 72);
INSERT INTO write_comments (comment, post_id) VALUES ('Comment 73 for post 63', 73);
INSERT INTO read_comments (comment, post_id) VALUES ('Comment 73 for post 63', 73);
INSERT INTO write_comments (comment, post_id) VALUES ('Comment 74 for post 63', 74);
INSERT INTO read_comments (comment, post_id) VALUES ('Comment 74 for post 63', 74);
INSERT INTO write_comments (comment, post_id) VALUES ('Comment 75 for post 63', 75);
INSERT INTO read_comments (comment, post_id) VALUES ('Comment 75 for post 63', 75);
INSERT INTO write_comments (comment, post_id) VALUES ('Comment 76 for post 63', 76);
INSERT INTO read_comments (comment, post_id) VALUES ('Comment 76 for post 63', 76);
INSERT INTO write_comments (comment, post_id) VALUES ('Comment 77 for post 63', 77);
INSERT INTO read_comments (comment, post_id) VALUES ('Comment 77 for post 63', 77);
INSERT INTO write_comments (comment, post_id) VALUES ('Comment 78 for post 63', 78);
INSERT INTO read_comments (comment, post_id) VALUES ('Comment 78 for post 63', 78);
INSERT INTO write_comments (comment, post_id) VALUES ('Comment 79 for post 63', 79);
INSERT INTO read_comments (comment, post_id) VALUES ('Comment 79 for post 63', 79);
INSERT INTO write_comments (comment, post_id) VALUES ('Comment 80 for post 63', 80);
INSERT INTO read_comments (comment, post_id) VALUES ('Comment 80 for post 63', 80);
INSERT INTO write_comments (comment, post_id) VALUES ('Comment 81 for post 63', 81);
INSERT INTO read_comments (comment, post_id) VALUES ('Comment 81 for post 63', 81);
INSERT INTO write_comments (comment, post_id) VALUES ('Comment 82 for post 63', 82);
INSERT INTO read_comments (comment, post_id) VALUES ('Comment 82 for post 63', 82);
INSERT INTO write_comments (comment, post_id) VALUES ('Comment 83 for post 63', 83);
INSERT INTO read_comments (comment, post_id) VALUES ('Comment 83 for post 63', 83);
INSERT INTO write_comments (comment, post_id) VALUES ('Comment 84 for post 63', 84);
INSERT INTO read_comments (comment, post_id) VALUES ('Comment 84 for post 63', 84);
INSERT INTO write_comments (comment, post_id) VALUES ('Comment 85 for post 63', 85);
INSERT INTO read_comments (comment, post_id) VALUES ('Comment 85 for post 63', 85);
INSERT INTO write_comments (comment, post_id) VALUES ('Comment 86 for post 63', 86);
INSERT INTO read_comments (comment, post_id) VALUES ('Comment 86 for post 63', 86);
INSERT INTO write_comments (comment, post_id) VALUES ('Comment 87 for post 63', 87);
INSERT INTO read_comments (comment, post_id) VALUES ('Comment 87 for post 63', 87);
INSERT INTO write_comments (comment, post_id) VALUES ('Comment 88 for post 63', 88);
INSERT INTO read_comments (comment, post_id) VALUES ('Comment 88 for post 63', 88);
INSERT INTO write_comments (comment, post_id) VALUES ('Comment 89 for post 63', 89);
INSERT INTO read_comments (comment, post_id) VALUES ('Comment 89 for post 63', 89);
INSERT INTO write_comments (comment, post_id) VALUES ('Comment 90 for post 63', 90);
INSERT INTO read_comments (comment, post_id) VALUES ('Comment 90 for post 63', 90);
INSERT INTO write_comments (comment, post_id) VALUES ('Comment 91 for post 63', 91);
INSERT INTO read_comments (comment, post_id) VALUES ('Comment 91 for post 63', 91);
INSERT INTO write_comments (comment, post_id) VALUES ('Comment 92 for post 63', 92);
INSERT INTO read_comments (comment, post_id) VALUES ('Comment 92 for post 63', 92);
INSERT INTO write_comments (comment, post_id) VALUES ('Comment 93 for post 63', 93);
INSERT INTO read_comments (comment, post_id) VALUES ('Comment 93 for post 63', 93);
INSERT INTO write_comments (comment, post_id) VALUES ('Comment 94 for post 63', 94);
INSERT INTO read_comments (comment, post_id) VALUES ('Comment 94 for post 63', 94);
INSERT INTO write_comments (comment, post_id) VALUES ('Comment 95 for post 63', 95);
INSERT INTO read_comments (comment, post_id) VALUES ('Comment 95 for post 63', 95);
INSERT INTO write_comments (comment, post_id) VALUES ('Comment 96 for post 63', 96);
INSERT INTO read_comments (comment, post_id) VALUES ('Comment 96 for post 63', 96);
INSERT INTO write_comments (comment, post_id) VALUES ('Comment 97 for post 63', 97);
INSERT INTO read_comments (comment, post_id) VALUES ('Comment 97 for post 63', 97);
INSERT INTO write_comments (comment, post_id) VALUES ('Comment 98 for post 63', 98);
INSERT INTO read_comments (comment, post_id) VALUES ('Comment 98 for post 63', 98);
INSERT INTO write_comments (comment, post_id) VALUES ('Comment 99 for post 63', 99);
INSERT INTO read_comments (comment, post_id) VALUES ('Comment 99 for post 63', 99);
INSERT INTO write_comments (comment, post_id) VALUES ('Comment 100 for post 63', 100);
INSERT INTO read_comments (comment, post_id) VALUES ('Comment 100 for post 63', 100);
INSERT INTO write_comments (comment, post_id) VALUES ('Comment 1 for post 64', 1);
INSERT INTO read_comments (comment, post_id) VALUES ('Comment 1 for post 64', 1);
INSERT INTO write_comments (comment, post_id) VALUES ('Comment 2 for post 64', 2);
INSERT INTO read_comments (comment, post_id) VALUES ('Comment 2 for post 64', 2);
INSERT INTO write_comments (comment, post_id) VALUES ('Comment 3 for post 64', 3);
INSERT INTO read_comments (comment, post_id) VALUES ('Comment 3 for post 64', 3);
INSERT INTO write_comments (comment, post_id) VALUES ('Comment 4 for post 64', 4);
INSERT INTO read_comments (comment, post_id) VALUES ('Comment 4 for post 64', 4);
INSERT INTO write_comments (comment, post_id) VALUES ('Comment 5 for post 64', 5);
INSERT INTO read_comments (comment, post_id) VALUES ('Comment 5 for post 64', 5);
INSERT INTO write_comments (comment, post_id) VALUES ('Comment 6 for post 64', 6);
INSERT INTO read_comments (comment, post_id) VALUES ('Comment 6 for post 64', 6);
INSERT INTO write_comments (comment, post_id) VALUES ('Comment 7 for post 64', 7);
INSERT INTO read_comments (comment, post_id) VALUES ('Comment 7 for post 64', 7);
INSERT INTO write_comments (comment, post_id) VALUES ('Comment 8 for post 64', 8);
INSERT INTO read_comments (comment, post_id) VALUES ('Comment 8 for post 64', 8);
INSERT INTO write_comments (comment, post_id) VALUES ('Comment 9 for post 64', 9);
INSERT INTO read_comments (comment, post_id) VALUES ('Comment 9 for post 64', 9);
INSERT INTO write_comments (comment, post_id) VALUES ('Comment 10 for post 64', 10);
INSERT INTO read_comments (comment, post_id) VALUES ('Comment 10 for post 64', 10);
INSERT INTO write_comments (comment, post_id) VALUES ('Comment 11 for post 64', 11);
INSERT INTO read_comments (comment, post_id) VALUES ('Comment 11 for post 64', 11);
INSERT INTO write_comments (comment, post_id) VALUES ('Comment 12 for post 64', 12);
INSERT INTO read_comments (comment, post_id) VALUES ('Comment 12 for post 64', 12);
INSERT INTO write_comments (comment, post_id) VALUES ('Comment 13 for post 64', 13);
INSERT INTO read_comments (comment, post_id) VALUES ('Comment 13 for post 64', 13);
INSERT INTO write_comments (comment, post_id) VALUES ('Comment 14 for post 64', 14);
INSERT INTO read_comments (comment, post_id) VALUES ('Comment 14 for post 64', 14);
INSERT INTO write_comments (comment, post_id) VALUES ('Comment 15 for post 64', 15);
INSERT INTO read_comments (comment, post_id) VALUES ('Comment 15 for post 64', 15);
INSERT INTO write_comments (comment, post_id) VALUES ('Comment 16 for post 64', 16);
INSERT INTO read_comments (comment, post_id) VALUES ('Comment 16 for post 64', 16);
INSERT INTO write_comments (comment, post_id) VALUES ('Comment 17 for post 64', 17);
INSERT INTO read_comments (comment, post_id) VALUES ('Comment 17 for post 64', 17);
INSERT INTO write_comments (comment, post_id) VALUES ('Comment 18 for post 64', 18);
INSERT INTO read_comments (comment, post_id) VALUES ('Comment 18 for post 64', 18);
INSERT INTO write_comments (comment, post_id) VALUES ('Comment 19 for post 64', 19);
INSERT INTO read_comments (comment, post_id) VALUES ('Comment 19 for post 64', 19);
INSERT INTO write_comments (comment, post_id) VALUES ('Comment 20 for post 64', 20);
INSERT INTO read_comments (comment, post_id) VALUES ('Comment 20 for post 64', 20);
INSERT INTO write_comments (comment, post_id) VALUES ('Comment 21 for post 64', 21);
INSERT INTO read_comments (comment, post_id) VALUES ('Comment 21 for post 64', 21);
INSERT INTO write_comments (comment, post_id) VALUES ('Comment 22 for post 64', 22);
INSERT INTO read_comments (comment, post_id) VALUES ('Comment 22 for post 64', 22);
INSERT INTO write_comments (comment, post_id) VALUES ('Comment 23 for post 64', 23);
INSERT INTO read_comments (comment, post_id) VALUES ('Comment 23 for post 64', 23);
INSERT INTO write_comments (comment, post_id) VALUES ('Comment 24 for post 64', 24);
INSERT INTO read_comments (comment, post_id) VALUES ('Comment 24 for post 64', 24);
INSERT INTO write_comments (comment, post_id) VALUES ('Comment 25 for post 64', 25);
INSERT INTO read_comments (comment, post_id) VALUES ('Comment 25 for post 64', 25);
INSERT INTO write_comments (comment, post_id) VALUES ('Comment 26 for post 64', 26);
INSERT INTO read_comments (comment, post_id) VALUES ('Comment 26 for post 64', 26);
INSERT INTO write_comments (comment, post_id) VALUES ('Comment 27 for post 64', 27);
INSERT INTO read_comments (comment, post_id) VALUES ('Comment 27 for post 64', 27);
INSERT INTO write_comments (comment, post_id) VALUES ('Comment 28 for post 64', 28);
INSERT INTO read_comments (comment, post_id) VALUES ('Comment 28 for post 64', 28);
INSERT INTO write_comments (comment, post_id) VALUES ('Comment 29 for post 64', 29);
INSERT INTO read_comments (comment, post_id) VALUES ('Comment 29 for post 64', 29);
INSERT INTO write_comments (comment, post_id) VALUES ('Comment 30 for post 64', 30);
INSERT INTO read_comments (comment, post_id) VALUES ('Comment 30 for post 64', 30);
INSERT INTO write_comments (comment, post_id) VALUES ('Comment 31 for post 64', 31);
INSERT INTO read_comments (comment, post_id) VALUES ('Comment 31 for post 64', 31);
INSERT INTO write_comments (comment, post_id) VALUES ('Comment 32 for post 64', 32);
INSERT INTO read_comments (comment, post_id) VALUES ('Comment 32 for post 64', 32);
INSERT INTO write_comments (comment, post_id) VALUES ('Comment 33 for post 64', 33);
INSERT INTO read_comments (comment, post_id) VALUES ('Comment 33 for post 64', 33);
INSERT INTO write_comments (comment, post_id) VALUES ('Comment 34 for post 64', 34);
INSERT INTO read_comments (comment, post_id) VALUES ('Comment 34 for post 64', 34);
INSERT INTO write_comments (comment, post_id) VALUES ('Comment 35 for post 64', 35);
INSERT INTO read_comments (comment, post_id) VALUES ('Comment 35 for post 64', 35);
INSERT INTO write_comments (comment, post_id) VALUES ('Comment 36 for post 64', 36);
INSERT INTO read_comments (comment, post_id) VALUES ('Comment 36 for post 64', 36);
INSERT INTO write_comments (comment, post_id) VALUES ('Comment 37 for post 64', 37);
INSERT INTO read_comments (comment, post_id) VALUES ('Comment 37 for post 64', 37);
INSERT INTO write_comments (comment, post_id) VALUES ('Comment 38 for post 64', 38);
INSERT INTO read_comments (comment, post_id) VALUES ('Comment 38 for post 64', 38);
INSERT INTO write_comments (comment, post_id) VALUES ('Comment 39 for post 64', 39);
INSERT INTO read_comments (comment, post_id) VALUES ('Comment 39 for post 64', 39);
INSERT INTO write_comments (comment, post_id) VALUES ('Comment 40 for post 64', 40);
INSERT INTO read_comments (comment, post_id) VALUES ('Comment 40 for post 64', 40);
INSERT INTO write_comments (comment, post_id) VALUES ('Comment 41 for post 64', 41);
INSERT INTO read_comments (comment, post_id) VALUES ('Comment 41 for post 64', 41);
INSERT INTO write_comments (comment, post_id) VALUES ('Comment 42 for post 64', 42);
INSERT INTO read_comments (comment, post_id) VALUES ('Comment 42 for post 64', 42);
INSERT INTO write_comments (comment, post_id) VALUES ('Comment 43 for post 64', 43);
INSERT INTO read_comments (comment, post_id) VALUES ('Comment 43 for post 64', 43);
INSERT INTO write_comments (comment, post_id) VALUES ('Comment 44 for post 64', 44);
INSERT INTO read_comments (comment, post_id) VALUES ('Comment 44 for post 64', 44);
INSERT INTO write_comments (comment, post_id) VALUES ('Comment 45 for post 64', 45);
INSERT INTO read_comments (comment, post_id) VALUES ('Comment 45 for post 64', 45);
INSERT INTO write_comments (comment, post_id) VALUES ('Comment 46 for post 64', 46);
INSERT INTO read_comments (comment, post_id) VALUES ('Comment 46 for post 64', 46);
INSERT INTO write_comments (comment, post_id) VALUES ('Comment 47 for post 64', 47);
INSERT INTO read_comments (comment, post_id) VALUES ('Comment 47 for post 64', 47);
INSERT INTO write_comments (comment, post_id) VALUES ('Comment 48 for post 64', 48);
INSERT INTO read_comments (comment, post_id) VALUES ('Comment 48 for post 64', 48);
INSERT INTO write_comments (comment, post_id) VALUES ('Comment 49 for post 64', 49);
INSERT INTO read_comments (comment, post_id) VALUES ('Comment 49 for post 64', 49);
INSERT INTO write_comments (comment, post_id) VALUES ('Comment 50 for post 64', 50);
INSERT INTO read_comments (comment, post_id) VALUES ('Comment 50 for post 64', 50);
INSERT INTO write_comments (comment, post_id) VALUES ('Comment 51 for post 64', 51);
INSERT INTO read_comments (comment, post_id) VALUES ('Comment 51 for post 64', 51);
INSERT INTO write_comments (comment, post_id) VALUES ('Comment 52 for post 64', 52);
INSERT INTO read_comments (comment, post_id) VALUES ('Comment 52 for post 64', 52);
INSERT INTO write_comments (comment, post_id) VALUES ('Comment 53 for post 64', 53);
INSERT INTO read_comments (comment, post_id) VALUES ('Comment 53 for post 64', 53);
INSERT INTO write_comments (comment, post_id) VALUES ('Comment 54 for post 64', 54);
INSERT INTO read_comments (comment, post_id) VALUES ('Comment 54 for post 64', 54);
INSERT INTO write_comments (comment, post_id) VALUES ('Comment 55 for post 64', 55);
INSERT INTO read_comments (comment, post_id) VALUES ('Comment 55 for post 64', 55);
INSERT INTO write_comments (comment, post_id) VALUES ('Comment 56 for post 64', 56);
INSERT INTO read_comments (comment, post_id) VALUES ('Comment 56 for post 64', 56);
INSERT INTO write_comments (comment, post_id) VALUES ('Comment 57 for post 64', 57);
INSERT INTO read_comments (comment, post_id) VALUES ('Comment 57 for post 64', 57);
INSERT INTO write_comments (comment, post_id) VALUES ('Comment 58 for post 64', 58);
INSERT INTO read_comments (comment, post_id) VALUES ('Comment 58 for post 64', 58);
INSERT INTO write_comments (comment, post_id) VALUES ('Comment 59 for post 64', 59);
INSERT INTO read_comments (comment, post_id) VALUES ('Comment 59 for post 64', 59);
INSERT INTO write_comments (comment, post_id) VALUES ('Comment 60 for post 64', 60);
INSERT INTO read_comments (comment, post_id) VALUES ('Comment 60 for post 64', 60);
INSERT INTO write_comments (comment, post_id) VALUES ('Comment 61 for post 64', 61);
INSERT INTO read_comments (comment, post_id) VALUES ('Comment 61 for post 64', 61);
INSERT INTO write_comments (comment, post_id) VALUES ('Comment 62 for post 64', 62);
INSERT INTO read_comments (comment, post_id) VALUES ('Comment 62 for post 64', 62);
INSERT INTO write_comments (comment, post_id) VALUES ('Comment 63 for post 64', 63);
INSERT INTO read_comments (comment, post_id) VALUES ('Comment 63 for post 64', 63);
INSERT INTO write_comments (comment, post_id) VALUES ('Comment 64 for post 64', 64);
INSERT INTO read_comments (comment, post_id) VALUES ('Comment 64 for post 64', 64);
INSERT INTO write_comments (comment, post_id) VALUES ('Comment 65 for post 64', 65);
INSERT INTO read_comments (comment, post_id) VALUES ('Comment 65 for post 64', 65);
INSERT INTO write_comments (comment, post_id) VALUES ('Comment 66 for post 64', 66);
INSERT INTO read_comments (comment, post_id) VALUES ('Comment 66 for post 64', 66);
INSERT INTO write_comments (comment, post_id) VALUES ('Comment 67 for post 64', 67);
INSERT INTO read_comments (comment, post_id) VALUES ('Comment 67 for post 64', 67);
INSERT INTO write_comments (comment, post_id) VALUES ('Comment 68 for post 64', 68);
INSERT INTO read_comments (comment, post_id) VALUES ('Comment 68 for post 64', 68);
INSERT INTO write_comments (comment, post_id) VALUES ('Comment 69 for post 64', 69);
INSERT INTO read_comments (comment, post_id) VALUES ('Comment 69 for post 64', 69);
INSERT INTO write_comments (comment, post_id) VALUES ('Comment 70 for post 64', 70);
INSERT INTO read_comments (comment, post_id) VALUES ('Comment 70 for post 64', 70);
INSERT INTO write_comments (comment, post_id) VALUES ('Comment 71 for post 64', 71);
INSERT INTO read_comments (comment, post_id) VALUES ('Comment 71 for post 64', 71);
INSERT INTO write_comments (comment, post_id) VALUES ('Comment 72 for post 64', 72);
INSERT INTO read_comments (comment, post_id) VALUES ('Comment 72 for post 64', 72);
INSERT INTO write_comments (comment, post_id) VALUES ('Comment 73 for post 64', 73);
INSERT INTO read_comments (comment, post_id) VALUES ('Comment 73 for post 64', 73);
INSERT INTO write_comments (comment, post_id) VALUES ('Comment 74 for post 64', 74);
INSERT INTO read_comments (comment, post_id) VALUES ('Comment 74 for post 64', 74);
INSERT INTO write_comments (comment, post_id) VALUES ('Comment 75 for post 64', 75);
INSERT INTO read_comments (comment, post_id) VALUES ('Comment 75 for post 64', 75);
INSERT INTO write_comments (comment, post_id) VALUES ('Comment 76 for post 64', 76);
INSERT INTO read_comments (comment, post_id) VALUES ('Comment 76 for post 64', 76);
INSERT INTO write_comments (comment, post_id) VALUES ('Comment 77 for post 64', 77);
INSERT INTO read_comments (comment, post_id) VALUES ('Comment 77 for post 64', 77);
INSERT INTO write_comments (comment, post_id) VALUES ('Comment 78 for post 64', 78);
INSERT INTO read_comments (comment, post_id) VALUES ('Comment 78 for post 64', 78);
INSERT INTO write_comments (comment, post_id) VALUES ('Comment 79 for post 64', 79);
INSERT INTO read_comments (comment, post_id) VALUES ('Comment 79 for post 64', 79);
INSERT INTO write_comments (comment, post_id) VALUES ('Comment 80 for post 64', 80);
INSERT INTO read_comments (comment, post_id) VALUES ('Comment 80 for post 64', 80);
INSERT INTO write_comments (comment, post_id) VALUES ('Comment 81 for post 64', 81);
INSERT INTO read_comments (comment, post_id) VALUES ('Comment 81 for post 64', 81);
INSERT INTO write_comments (comment, post_id) VALUES ('Comment 82 for post 64', 82);
INSERT INTO read_comments (comment, post_id) VALUES ('Comment 82 for post 64', 82);
INSERT INTO write_comments (comment, post_id) VALUES ('Comment 83 for post 64', 83);
INSERT INTO read_comments (comment, post_id) VALUES ('Comment 83 for post 64', 83);
INSERT INTO write_comments (comment, post_id) VALUES ('Comment 84 for post 64', 84);
INSERT INTO read_comments (comment, post_id) VALUES ('Comment 84 for post 64', 84);
INSERT INTO write_comments (comment, post_id) VALUES ('Comment 85 for post 64', 85);
INSERT INTO read_comments (comment, post_id) VALUES ('Comment 85 for post 64', 85);
INSERT INTO write_comments (comment, post_id) VALUES ('Comment 86 for post 64', 86);
INSERT INTO read_comments (comment, post_id) VALUES ('Comment 86 for post 64', 86);
INSERT INTO write_comments (comment, post_id) VALUES ('Comment 87 for post 64', 87);
INSERT INTO read_comments (comment, post_id) VALUES ('Comment 87 for post 64', 87);
INSERT INTO write_comments (comment, post_id) VALUES ('Comment 88 for post 64', 88);
INSERT INTO read_comments (comment, post_id) VALUES ('Comment 88 for post 64', 88);
INSERT INTO write_comments (comment, post_id) VALUES ('Comment 89 for post 64', 89);
INSERT INTO read_comments (comment, post_id) VALUES ('Comment 89 for post 64', 89);
INSERT INTO write_comments (comment, post_id) VALUES ('Comment 90 for post 64', 90);
INSERT INTO read_comments (comment, post_id) VALUES ('Comment 90 for post 64', 90);
INSERT INTO write_comments (comment, post_id) VALUES ('Comment 91 for post 64', 91);
INSERT INTO read_comments (comment, post_id) VALUES ('Comment 91 for post 64', 91);
INSERT INTO write_comments (comment, post_id) VALUES ('Comment 92 for post 64', 92);
INSERT INTO read_comments (comment, post_id) VALUES ('Comment 92 for post 64', 92);
INSERT INTO write_comments (comment, post_id) VALUES ('Comment 93 for post 64', 93);
INSERT INTO read_comments (comment, post_id) VALUES ('Comment 93 for post 64', 93);
INSERT INTO write_comments (comment, post_id) VALUES ('Comment 94 for post 64', 94);
INSERT INTO read_comments (comment, post_id) VALUES ('Comment 94 for post 64', 94);
INSERT INTO write_comments (comment, post_id) VALUES ('Comment 95 for post 64', 95);
INSERT INTO read_comments (comment, post_id) VALUES ('Comment 95 for post 64', 95);
INSERT INTO write_comments (comment, post_id) VALUES ('Comment 96 for post 64', 96);
INSERT INTO read_comments (comment, post_id) VALUES ('Comment 96 for post 64', 96);
INSERT INTO write_comments (comment, post_id) VALUES ('Comment 97 for post 64', 97);
INSERT INTO read_comments (comment, post_id) VALUES ('Comment 97 for post 64', 97);
INSERT INTO write_comments (comment, post_id) VALUES ('Comment 98 for post 64', 98);
INSERT INTO read_comments (comment, post_id) VALUES ('Comment 98 for post 64', 98);
INSERT INTO write_comments (comment, post_id) VALUES ('Comment 99 for post 64', 99);
INSERT INTO read_comments (comment, post_id) VALUES ('Comment 99 for post 64', 99);
INSERT INTO write_comments (comment, post_id) VALUES ('Comment 100 for post 64', 100);
INSERT INTO read_comments (comment, post_id) VALUES ('Comment 100 for post 64', 100);
INSERT INTO write_comments (comment, post_id) VALUES ('Comment 1 for post 65', 1);
INSERT INTO read_comments (comment, post_id) VALUES ('Comment 1 for post 65', 1);
INSERT INTO write_comments (comment, post_id) VALUES ('Comment 2 for post 65', 2);
INSERT INTO read_comments (comment, post_id) VALUES ('Comment 2 for post 65', 2);
INSERT INTO write_comments (comment, post_id) VALUES ('Comment 3 for post 65', 3);
INSERT INTO read_comments (comment, post_id) VALUES ('Comment 3 for post 65', 3);
INSERT INTO write_comments (comment, post_id) VALUES ('Comment 4 for post 65', 4);
INSERT INTO read_comments (comment, post_id) VALUES ('Comment 4 for post 65', 4);
INSERT INTO write_comments (comment, post_id) VALUES ('Comment 5 for post 65', 5);
INSERT INTO read_comments (comment, post_id) VALUES ('Comment 5 for post 65', 5);
INSERT INTO write_comments (comment, post_id) VALUES ('Comment 6 for post 65', 6);
INSERT INTO read_comments (comment, post_id) VALUES ('Comment 6 for post 65', 6);
INSERT INTO write_comments (comment, post_id) VALUES ('Comment 7 for post 65', 7);
INSERT INTO read_comments (comment, post_id) VALUES ('Comment 7 for post 65', 7);
INSERT INTO write_comments (comment, post_id) VALUES ('Comment 8 for post 65', 8);
INSERT INTO read_comments (comment, post_id) VALUES ('Comment 8 for post 65', 8);
INSERT INTO write_comments (comment, post_id) VALUES ('Comment 9 for post 65', 9);
INSERT INTO read_comments (comment, post_id) VALUES ('Comment 9 for post 65', 9);
INSERT INTO write_comments (comment, post_id) VALUES ('Comment 10 for post 65', 10);
INSERT INTO read_comments (comment, post_id) VALUES ('Comment 10 for post 65', 10);
INSERT INTO write_comments (comment, post_id) VALUES ('Comment 11 for post 65', 11);
INSERT INTO read_comments (comment, post_id) VALUES ('Comment 11 for post 65', 11);
INSERT INTO write_comments (comment, post_id) VALUES ('Comment 12 for post 65', 12);
INSERT INTO read_comments (comment, post_id) VALUES ('Comment 12 for post 65', 12);
INSERT INTO write_comments (comment, post_id) VALUES ('Comment 13 for post 65', 13);
INSERT INTO read_comments (comment, post_id) VALUES ('Comment 13 for post 65', 13);
INSERT INTO write_comments (comment, post_id) VALUES ('Comment 14 for post 65', 14);
INSERT INTO read_comments (comment, post_id) VALUES ('Comment 14 for post 65', 14);
INSERT INTO write_comments (comment, post_id) VALUES ('Comment 15 for post 65', 15);
INSERT INTO read_comments (comment, post_id) VALUES ('Comment 15 for post 65', 15);
INSERT INTO write_comments (comment, post_id) VALUES ('Comment 16 for post 65', 16);
INSERT INTO read_comments (comment, post_id) VALUES ('Comment 16 for post 65', 16);
INSERT INTO write_comments (comment, post_id) VALUES ('Comment 17 for post 65', 17);
INSERT INTO read_comments (comment, post_id) VALUES ('Comment 17 for post 65', 17);
INSERT INTO write_comments (comment, post_id) VALUES ('Comment 18 for post 65', 18);
INSERT INTO read_comments (comment, post_id) VALUES ('Comment 18 for post 65', 18);
INSERT INTO write_comments (comment, post_id) VALUES ('Comment 19 for post 65', 19);
INSERT INTO read_comments (comment, post_id) VALUES ('Comment 19 for post 65', 19);
INSERT INTO write_comments (comment, post_id) VALUES ('Comment 20 for post 65', 20);
INSERT INTO read_comments (comment, post_id) VALUES ('Comment 20 for post 65', 20);
INSERT INTO write_comments (comment, post_id) VALUES ('Comment 21 for post 65', 21);
INSERT INTO read_comments (comment, post_id) VALUES ('Comment 21 for post 65', 21);
INSERT INTO write_comments (comment, post_id) VALUES ('Comment 22 for post 65', 22);
INSERT INTO read_comments (comment, post_id) VALUES ('Comment 22 for post 65', 22);
INSERT INTO write_comments (comment, post_id) VALUES ('Comment 23 for post 65', 23);
INSERT INTO read_comments (comment, post_id) VALUES ('Comment 23 for post 65', 23);
INSERT INTO write_comments (comment, post_id) VALUES ('Comment 24 for post 65', 24);
INSERT INTO read_comments (comment, post_id) VALUES ('Comment 24 for post 65', 24);
INSERT INTO write_comments (comment, post_id) VALUES ('Comment 25 for post 65', 25);
INSERT INTO read_comments (comment, post_id) VALUES ('Comment 25 for post 65', 25);
INSERT INTO write_comments (comment, post_id) VALUES ('Comment 26 for post 65', 26);
INSERT INTO read_comments (comment, post_id) VALUES ('Comment 26 for post 65', 26);
INSERT INTO write_comments (comment, post_id) VALUES ('Comment 27 for post 65', 27);
INSERT INTO read_comments (comment, post_id) VALUES ('Comment 27 for post 65', 27);
INSERT INTO write_comments (comment, post_id) VALUES ('Comment 28 for post 65', 28);
INSERT INTO read_comments (comment, post_id) VALUES ('Comment 28 for post 65', 28);
INSERT INTO write_comments (comment, post_id) VALUES ('Comment 29 for post 65', 29);
INSERT INTO read_comments (comment, post_id) VALUES ('Comment 29 for post 65', 29);
INSERT INTO write_comments (comment, post_id) VALUES ('Comment 30 for post 65', 30);
INSERT INTO read_comments (comment, post_id) VALUES ('Comment 30 for post 65', 30);
INSERT INTO write_comments (comment, post_id) VALUES ('Comment 31 for post 65', 31);
INSERT INTO read_comments (comment, post_id) VALUES ('Comment 31 for post 65', 31);
INSERT INTO write_comments (comment, post_id) VALUES ('Comment 32 for post 65', 32);
INSERT INTO read_comments (comment, post_id) VALUES ('Comment 32 for post 65', 32);
INSERT INTO write_comments (comment, post_id) VALUES ('Comment 33 for post 65', 33);
INSERT INTO read_comments (comment, post_id) VALUES ('Comment 33 for post 65', 33);
INSERT INTO write_comments (comment, post_id) VALUES ('Comment 34 for post 65', 34);
INSERT INTO read_comments (comment, post_id) VALUES ('Comment 34 for post 65', 34);
INSERT INTO write_comments (comment, post_id) VALUES ('Comment 35 for post 65', 35);
INSERT INTO read_comments (comment, post_id) VALUES ('Comment 35 for post 65', 35);
INSERT INTO write_comments (comment, post_id) VALUES ('Comment 36 for post 65', 36);
INSERT INTO read_comments (comment, post_id) VALUES ('Comment 36 for post 65', 36);
INSERT INTO write_comments (comment, post_id) VALUES ('Comment 37 for post 65', 37);
INSERT INTO read_comments (comment, post_id) VALUES ('Comment 37 for post 65', 37);
INSERT INTO write_comments (comment, post_id) VALUES ('Comment 38 for post 65', 38);
INSERT INTO read_comments (comment, post_id) VALUES ('Comment 38 for post 65', 38);
INSERT INTO write_comments (comment, post_id) VALUES ('Comment 39 for post 65', 39);
INSERT INTO read_comments (comment, post_id) VALUES ('Comment 39 for post 65', 39);
INSERT INTO write_comments (comment, post_id) VALUES ('Comment 40 for post 65', 40);
INSERT INTO read_comments (comment, post_id) VALUES ('Comment 40 for post 65', 40);
INSERT INTO write_comments (comment, post_id) VALUES ('Comment 41 for post 65', 41);
INSERT INTO read_comments (comment, post_id) VALUES ('Comment 41 for post 65', 41);
INSERT INTO write_comments (comment, post_id) VALUES ('Comment 42 for post 65', 42);
INSERT INTO read_comments (comment, post_id) VALUES ('Comment 42 for post 65', 42);
INSERT INTO write_comments (comment, post_id) VALUES ('Comment 43 for post 65', 43);
INSERT INTO read_comments (comment, post_id) VALUES ('Comment 43 for post 65', 43);
INSERT INTO write_comments (comment, post_id) VALUES ('Comment 44 for post 65', 44);
INSERT INTO read_comments (comment, post_id) VALUES ('Comment 44 for post 65', 44);
INSERT INTO write_comments (comment, post_id) VALUES ('Comment 45 for post 65', 45);
INSERT INTO read_comments (comment, post_id) VALUES ('Comment 45 for post 65', 45);
INSERT INTO write_comments (comment, post_id) VALUES ('Comment 46 for post 65', 46);
INSERT INTO read_comments (comment, post_id) VALUES ('Comment 46 for post 65', 46);
INSERT INTO write_comments (comment, post_id) VALUES ('Comment 47 for post 65', 47);
INSERT INTO read_comments (comment, post_id) VALUES ('Comment 47 for post 65', 47);
INSERT INTO write_comments (comment, post_id) VALUES ('Comment 48 for post 65', 48);
INSERT INTO read_comments (comment, post_id) VALUES ('Comment 48 for post 65', 48);
INSERT INTO write_comments (comment, post_id) VALUES ('Comment 49 for post 65', 49);
INSERT INTO read_comments (comment, post_id) VALUES ('Comment 49 for post 65', 49);
INSERT INTO write_comments (comment, post_id) VALUES ('Comment 50 for post 65', 50);
INSERT INTO read_comments (comment, post_id) VALUES ('Comment 50 for post 65', 50);
INSERT INTO write_comments (comment, post_id) VALUES ('Comment 51 for post 65', 51);
INSERT INTO read_comments (comment, post_id) VALUES ('Comment 51 for post 65', 51);
INSERT INTO write_comments (comment, post_id) VALUES ('Comment 52 for post 65', 52);
INSERT INTO read_comments (comment, post_id) VALUES ('Comment 52 for post 65', 52);
INSERT INTO write_comments (comment, post_id) VALUES ('Comment 53 for post 65', 53);
INSERT INTO read_comments (comment, post_id) VALUES ('Comment 53 for post 65', 53);
INSERT INTO write_comments (comment, post_id) VALUES ('Comment 54 for post 65', 54);
INSERT INTO read_comments (comment, post_id) VALUES ('Comment 54 for post 65', 54);
INSERT INTO write_comments (comment, post_id) VALUES ('Comment 55 for post 65', 55);
INSERT INTO read_comments (comment, post_id) VALUES ('Comment 55 for post 65', 55);
INSERT INTO write_comments (comment, post_id) VALUES ('Comment 56 for post 65', 56);
INSERT INTO read_comments (comment, post_id) VALUES ('Comment 56 for post 65', 56);
INSERT INTO write_comments (comment, post_id) VALUES ('Comment 57 for post 65', 57);
INSERT INTO read_comments (comment, post_id) VALUES ('Comment 57 for post 65', 57);
INSERT INTO write_comments (comment, post_id) VALUES ('Comment 58 for post 65', 58);
INSERT INTO read_comments (comment, post_id) VALUES ('Comment 58 for post 65', 58);
INSERT INTO write_comments (comment, post_id) VALUES ('Comment 59 for post 65', 59);
INSERT INTO read_comments (comment, post_id) VALUES ('Comment 59 for post 65', 59);
INSERT INTO write_comments (comment, post_id) VALUES ('Comment 60 for post 65', 60);
INSERT INTO read_comments (comment, post_id) VALUES ('Comment 60 for post 65', 60);
INSERT INTO write_comments (comment, post_id) VALUES ('Comment 61 for post 65', 61);
INSERT INTO read_comments (comment, post_id) VALUES ('Comment 61 for post 65', 61);
INSERT INTO write_comments (comment, post_id) VALUES ('Comment 62 for post 65', 62);
INSERT INTO read_comments (comment, post_id) VALUES ('Comment 62 for post 65', 62);
INSERT INTO write_comments (comment, post_id) VALUES ('Comment 63 for post 65', 63);
INSERT INTO read_comments (comment, post_id) VALUES ('Comment 63 for post 65', 63);
INSERT INTO write_comments (comment, post_id) VALUES ('Comment 64 for post 65', 64);
INSERT INTO read_comments (comment, post_id) VALUES ('Comment 64 for post 65', 64);
INSERT INTO write_comments (comment, post_id) VALUES ('Comment 65 for post 65', 65);
INSERT INTO read_comments (comment, post_id) VALUES ('Comment 65 for post 65', 65);
INSERT INTO write_comments (comment, post_id) VALUES ('Comment 66 for post 65', 66);
INSERT INTO read_comments (comment, post_id) VALUES ('Comment 66 for post 65', 66);
INSERT INTO write_comments (comment, post_id) VALUES ('Comment 67 for post 65', 67);
INSERT INTO read_comments (comment, post_id) VALUES ('Comment 67 for post 65', 67);
INSERT INTO write_comments (comment, post_id) VALUES ('Comment 68 for post 65', 68);
INSERT INTO read_comments (comment, post_id) VALUES ('Comment 68 for post 65', 68);
INSERT INTO write_comments (comment, post_id) VALUES ('Comment 69 for post 65', 69);
INSERT INTO read_comments (comment, post_id) VALUES ('Comment 69 for post 65', 69);
INSERT INTO write_comments (comment, post_id) VALUES ('Comment 70 for post 65', 70);
INSERT INTO read_comments (comment, post_id) VALUES ('Comment 70 for post 65', 70);
INSERT INTO write_comments (comment, post_id) VALUES ('Comment 71 for post 65', 71);
INSERT INTO read_comments (comment, post_id) VALUES ('Comment 71 for post 65', 71);
INSERT INTO write_comments (comment, post_id) VALUES ('Comment 72 for post 65', 72);
INSERT INTO read_comments (comment, post_id) VALUES ('Comment 72 for post 65', 72);
INSERT INTO write_comments (comment, post_id) VALUES ('Comment 73 for post 65', 73);
INSERT INTO read_comments (comment, post_id) VALUES ('Comment 73 for post 65', 73);
INSERT INTO write_comments (comment, post_id) VALUES ('Comment 74 for post 65', 74);
INSERT INTO read_comments (comment, post_id) VALUES ('Comment 74 for post 65', 74);
INSERT INTO write_comments (comment, post_id) VALUES ('Comment 75 for post 65', 75);
INSERT INTO read_comments (comment, post_id) VALUES ('Comment 75 for post 65', 75);
INSERT INTO write_comments (comment, post_id) VALUES ('Comment 76 for post 65', 76);
INSERT INTO read_comments (comment, post_id) VALUES ('Comment 76 for post 65', 76);
INSERT INTO write_comments (comment, post_id) VALUES ('Comment 77 for post 65', 77);
INSERT INTO read_comments (comment, post_id) VALUES ('Comment 77 for post 65', 77);
INSERT INTO write_comments (comment, post_id) VALUES ('Comment 78 for post 65', 78);
INSERT INTO read_comments (comment, post_id) VALUES ('Comment 78 for post 65', 78);
INSERT INTO write_comments (comment, post_id) VALUES ('Comment 79 for post 65', 79);
INSERT INTO read_comments (comment, post_id) VALUES ('Comment 79 for post 65', 79);
INSERT INTO write_comments (comment, post_id) VALUES ('Comment 80 for post 65', 80);
INSERT INTO read_comments (comment, post_id) VALUES ('Comment 80 for post 65', 80);
INSERT INTO write_comments (comment, post_id) VALUES ('Comment 81 for post 65', 81);
INSERT INTO read_comments (comment, post_id) VALUES ('Comment 81 for post 65', 81);
INSERT INTO write_comments (comment, post_id) VALUES ('Comment 82 for post 65', 82);
INSERT INTO read_comments (comment, post_id) VALUES ('Comment 82 for post 65', 82);
INSERT INTO write_comments (comment, post_id) VALUES ('Comment 83 for post 65', 83);
INSERT INTO read_comments (comment, post_id) VALUES ('Comment 83 for post 65', 83);
INSERT INTO write_comments (comment, post_id) VALUES ('Comment 84 for post 65', 84);
INSERT INTO read_comments (comment, post_id) VALUES ('Comment 84 for post 65', 84);
INSERT INTO write_comments (comment, post_id) VALUES ('Comment 85 for post 65', 85);
INSERT INTO read_comments (comment, post_id) VALUES ('Comment 85 for post 65', 85);
INSERT INTO write_comments (comment, post_id) VALUES ('Comment 86 for post 65', 86);
INSERT INTO read_comments (comment, post_id) VALUES ('Comment 86 for post 65', 86);
INSERT INTO write_comments (comment, post_id) VALUES ('Comment 87 for post 65', 87);
INSERT INTO read_comments (comment, post_id) VALUES ('Comment 87 for post 65', 87);
INSERT INTO write_comments (comment, post_id) VALUES ('Comment 88 for post 65', 88);
INSERT INTO read_comments (comment, post_id) VALUES ('Comment 88 for post 65', 88);
INSERT INTO write_comments (comment, post_id) VALUES ('Comment 89 for post 65', 89);
INSERT INTO read_comments (comment, post_id) VALUES ('Comment 89 for post 65', 89);
INSERT INTO write_comments (comment, post_id) VALUES ('Comment 90 for post 65', 90);
INSERT INTO read_comments (comment, post_id) VALUES ('Comment 90 for post 65', 90);
INSERT INTO write_comments (comment, post_id) VALUES ('Comment 91 for post 65', 91);
INSERT INTO read_comments (comment, post_id) VALUES ('Comment 91 for post 65', 91);
INSERT INTO write_comments (comment, post_id) VALUES ('Comment 92 for post 65', 92);
INSERT INTO read_comments (comment, post_id) VALUES ('Comment 92 for post 65', 92);
INSERT INTO write_comments (comment, post_id) VALUES ('Comment 93 for post 65', 93);
INSERT INTO read_comments (comment, post_id) VALUES ('Comment 93 for post 65', 93);
INSERT INTO write_comments (comment, post_id) VALUES ('Comment 94 for post 65', 94);
INSERT INTO read_comments (comment, post_id) VALUES ('Comment 94 for post 65', 94);
INSERT INTO write_comments (comment, post_id) VALUES ('Comment 95 for post 65', 95);
INSERT INTO read_comments (comment, post_id) VALUES ('Comment 95 for post 65', 95);
INSERT INTO write_comments (comment, post_id) VALUES ('Comment 96 for post 65', 96);
INSERT INTO read_comments (comment, post_id) VALUES ('Comment 96 for post 65', 96);
INSERT INTO write_comments (comment, post_id) VALUES ('Comment 97 for post 65', 97);
INSERT INTO read_comments (comment, post_id) VALUES ('Comment 97 for post 65', 97);
INSERT INTO write_comments (comment, post_id) VALUES ('Comment 98 for post 65', 98);
INSERT INTO read_comments (comment, post_id) VALUES ('Comment 98 for post 65', 98);
INSERT INTO write_comments (comment, post_id) VALUES ('Comment 99 for post 65', 99);
INSERT INTO read_comments (comment, post_id) VALUES ('Comment 99 for post 65', 99);
INSERT INTO write_comments (comment, post_id) VALUES ('Comment 100 for post 65', 100);
INSERT INTO read_comments (comment, post_id) VALUES ('Comment 100 for post 65', 100);
INSERT INTO write_comments (comment, post_id) VALUES ('Comment 1 for post 66', 1);
INSERT INTO read_comments (comment, post_id) VALUES ('Comment 1 for post 66', 1);
INSERT INTO write_comments (comment, post_id) VALUES ('Comment 2 for post 66', 2);
INSERT INTO read_comments (comment, post_id) VALUES ('Comment 2 for post 66', 2);
INSERT INTO write_comments (comment, post_id) VALUES ('Comment 3 for post 66', 3);
INSERT INTO read_comments (comment, post_id) VALUES ('Comment 3 for post 66', 3);
INSERT INTO write_comments (comment, post_id) VALUES ('Comment 4 for post 66', 4);
INSERT INTO read_comments (comment, post_id) VALUES ('Comment 4 for post 66', 4);
INSERT INTO write_comments (comment, post_id) VALUES ('Comment 5 for post 66', 5);
INSERT INTO read_comments (comment, post_id) VALUES ('Comment 5 for post 66', 5);
INSERT INTO write_comments (comment, post_id) VALUES ('Comment 6 for post 66', 6);
INSERT INTO read_comments (comment, post_id) VALUES ('Comment 6 for post 66', 6);
INSERT INTO write_comments (comment, post_id) VALUES ('Comment 7 for post 66', 7);
INSERT INTO read_comments (comment, post_id) VALUES ('Comment 7 for post 66', 7);
INSERT INTO write_comments (comment, post_id) VALUES ('Comment 8 for post 66', 8);
INSERT INTO read_comments (comment, post_id) VALUES ('Comment 8 for post 66', 8);
INSERT INTO write_comments (comment, post_id) VALUES ('Comment 9 for post 66', 9);
INSERT INTO read_comments (comment, post_id) VALUES ('Comment 9 for post 66', 9);
INSERT INTO write_comments (comment, post_id) VALUES ('Comment 10 for post 66', 10);
INSERT INTO read_comments (comment, post_id) VALUES ('Comment 10 for post 66', 10);
INSERT INTO write_comments (comment, post_id) VALUES ('Comment 11 for post 66', 11);
INSERT INTO read_comments (comment, post_id) VALUES ('Comment 11 for post 66', 11);
INSERT INTO write_comments (comment, post_id) VALUES ('Comment 12 for post 66', 12);
INSERT INTO read_comments (comment, post_id) VALUES ('Comment 12 for post 66', 12);
INSERT INTO write_comments (comment, post_id) VALUES ('Comment 13 for post 66', 13);
INSERT INTO read_comments (comment, post_id) VALUES ('Comment 13 for post 66', 13);
INSERT INTO write_comments (comment, post_id) VALUES ('Comment 14 for post 66', 14);
INSERT INTO read_comments (comment, post_id) VALUES ('Comment 14 for post 66', 14);
INSERT INTO write_comments (comment, post_id) VALUES ('Comment 15 for post 66', 15);
INSERT INTO read_comments (comment, post_id) VALUES ('Comment 15 for post 66', 15);
INSERT INTO write_comments (comment, post_id) VALUES ('Comment 16 for post 66', 16);
INSERT INTO read_comments (comment, post_id) VALUES ('Comment 16 for post 66', 16);
INSERT INTO write_comments (comment, post_id) VALUES ('Comment 17 for post 66', 17);
INSERT INTO read_comments (comment, post_id) VALUES ('Comment 17 for post 66', 17);
INSERT INTO write_comments (comment, post_id) VALUES ('Comment 18 for post 66', 18);
INSERT INTO read_comments (comment, post_id) VALUES ('Comment 18 for post 66', 18);
INSERT INTO write_comments (comment, post_id) VALUES ('Comment 19 for post 66', 19);
INSERT INTO read_comments (comment, post_id) VALUES ('Comment 19 for post 66', 19);
INSERT INTO write_comments (comment, post_id) VALUES ('Comment 20 for post 66', 20);
INSERT INTO read_comments (comment, post_id) VALUES ('Comment 20 for post 66', 20);
INSERT INTO write_comments (comment, post_id) VALUES ('Comment 21 for post 66', 21);
INSERT INTO read_comments (comment, post_id) VALUES ('Comment 21 for post 66', 21);
INSERT INTO write_comments (comment, post_id) VALUES ('Comment 22 for post 66', 22);
INSERT INTO read_comments (comment, post_id) VALUES ('Comment 22 for post 66', 22);
INSERT INTO write_comments (comment, post_id) VALUES ('Comment 23 for post 66', 23);
INSERT INTO read_comments (comment, post_id) VALUES ('Comment 23 for post 66', 23);
INSERT INTO write_comments (comment, post_id) VALUES ('Comment 24 for post 66', 24);
INSERT INTO read_comments (comment, post_id) VALUES ('Comment 24 for post 66', 24);
INSERT INTO write_comments (comment, post_id) VALUES ('Comment 25 for post 66', 25);
INSERT INTO read_comments (comment, post_id) VALUES ('Comment 25 for post 66', 25);
INSERT INTO write_comments (comment, post_id) VALUES ('Comment 26 for post 66', 26);
INSERT INTO read_comments (comment, post_id) VALUES ('Comment 26 for post 66', 26);
INSERT INTO write_comments (comment, post_id) VALUES ('Comment 27 for post 66', 27);
INSERT INTO read_comments (comment, post_id) VALUES ('Comment 27 for post 66', 27);
INSERT INTO write_comments (comment, post_id) VALUES ('Comment 28 for post 66', 28);
INSERT INTO read_comments (comment, post_id) VALUES ('Comment 28 for post 66', 28);
INSERT INTO write_comments (comment, post_id) VALUES ('Comment 29 for post 66', 29);
INSERT INTO read_comments (comment, post_id) VALUES ('Comment 29 for post 66', 29);
INSERT INTO write_comments (comment, post_id) VALUES ('Comment 30 for post 66', 30);
INSERT INTO read_comments (comment, post_id) VALUES ('Comment 30 for post 66', 30);
INSERT INTO write_comments (comment, post_id) VALUES ('Comment 31 for post 66', 31);
INSERT INTO read_comments (comment, post_id) VALUES ('Comment 31 for post 66', 31);
INSERT INTO write_comments (comment, post_id) VALUES ('Comment 32 for post 66', 32);
INSERT INTO read_comments (comment, post_id) VALUES ('Comment 32 for post 66', 32);
INSERT INTO write_comments (comment, post_id) VALUES ('Comment 33 for post 66', 33);
INSERT INTO read_comments (comment, post_id) VALUES ('Comment 33 for post 66', 33);
INSERT INTO write_comments (comment, post_id) VALUES ('Comment 34 for post 66', 34);
INSERT INTO read_comments (comment, post_id) VALUES ('Comment 34 for post 66', 34);
INSERT INTO write_comments (comment, post_id) VALUES ('Comment 35 for post 66', 35);
INSERT INTO read_comments (comment, post_id) VALUES ('Comment 35 for post 66', 35);
INSERT INTO write_comments (comment, post_id) VALUES ('Comment 36 for post 66', 36);
INSERT INTO read_comments (comment, post_id) VALUES ('Comment 36 for post 66', 36);
INSERT INTO write_comments (comment, post_id) VALUES ('Comment 37 for post 66', 37);
INSERT INTO read_comments (comment, post_id) VALUES ('Comment 37 for post 66', 37);
INSERT INTO write_comments (comment, post_id) VALUES ('Comment 38 for post 66', 38);
INSERT INTO read_comments (comment, post_id) VALUES ('Comment 38 for post 66', 38);
INSERT INTO write_comments (comment, post_id) VALUES ('Comment 39 for post 66', 39);
INSERT INTO read_comments (comment, post_id) VALUES ('Comment 39 for post 66', 39);
INSERT INTO write_comments (comment, post_id) VALUES ('Comment 40 for post 66', 40);
INSERT INTO read_comments (comment, post_id) VALUES ('Comment 40 for post 66', 40);
INSERT INTO write_comments (comment, post_id) VALUES ('Comment 41 for post 66', 41);
INSERT INTO read_comments (comment, post_id) VALUES ('Comment 41 for post 66', 41);
INSERT INTO write_comments (comment, post_id) VALUES ('Comment 42 for post 66', 42);
INSERT INTO read_comments (comment, post_id) VALUES ('Comment 42 for post 66', 42);
INSERT INTO write_comments (comment, post_id) VALUES ('Comment 43 for post 66', 43);
INSERT INTO read_comments (comment, post_id) VALUES ('Comment 43 for post 66', 43);
INSERT INTO write_comments (comment, post_id) VALUES ('Comment 44 for post 66', 44);
INSERT INTO read_comments (comment, post_id) VALUES ('Comment 44 for post 66', 44);
INSERT INTO write_comments (comment, post_id) VALUES ('Comment 45 for post 66', 45);
INSERT INTO read_comments (comment, post_id) VALUES ('Comment 45 for post 66', 45);
INSERT INTO write_comments (comment, post_id) VALUES ('Comment 46 for post 66', 46);
INSERT INTO read_comments (comment, post_id) VALUES ('Comment 46 for post 66', 46);
INSERT INTO write_comments (comment, post_id) VALUES ('Comment 47 for post 66', 47);
INSERT INTO read_comments (comment, post_id) VALUES ('Comment 47 for post 66', 47);
INSERT INTO write_comments (comment, post_id) VALUES ('Comment 48 for post 66', 48);
INSERT INTO read_comments (comment, post_id) VALUES ('Comment 48 for post 66', 48);
INSERT INTO write_comments (comment, post_id) VALUES ('Comment 49 for post 66', 49);
INSERT INTO read_comments (comment, post_id) VALUES ('Comment 49 for post 66', 49);
INSERT INTO write_comments (comment, post_id) VALUES ('Comment 50 for post 66', 50);
INSERT INTO read_comments (comment, post_id) VALUES ('Comment 50 for post 66', 50);
INSERT INTO write_comments (comment, post_id) VALUES ('Comment 51 for post 66', 51);
INSERT INTO read_comments (comment, post_id) VALUES ('Comment 51 for post 66', 51);
INSERT INTO write_comments (comment, post_id) VALUES ('Comment 52 for post 66', 52);
INSERT INTO read_comments (comment, post_id) VALUES ('Comment 52 for post 66', 52);
INSERT INTO write_comments (comment, post_id) VALUES ('Comment 53 for post 66', 53);
INSERT INTO read_comments (comment, post_id) VALUES ('Comment 53 for post 66', 53);
INSERT INTO write_comments (comment, post_id) VALUES ('Comment 54 for post 66', 54);
INSERT INTO read_comments (comment, post_id) VALUES ('Comment 54 for post 66', 54);
INSERT INTO write_comments (comment, post_id) VALUES ('Comment 55 for post 66', 55);
INSERT INTO read_comments (comment, post_id) VALUES ('Comment 55 for post 66', 55);
INSERT INTO write_comments (comment, post_id) VALUES ('Comment 56 for post 66', 56);
INSERT INTO read_comments (comment, post_id) VALUES ('Comment 56 for post 66', 56);
INSERT INTO write_comments (comment, post_id) VALUES ('Comment 57 for post 66', 57);
INSERT INTO read_comments (comment, post_id) VALUES ('Comment 57 for post 66', 57);
INSERT INTO write_comments (comment, post_id) VALUES ('Comment 58 for post 66', 58);
INSERT INTO read_comments (comment, post_id) VALUES ('Comment 58 for post 66', 58);
INSERT INTO write_comments (comment, post_id) VALUES ('Comment 59 for post 66', 59);
INSERT INTO read_comments (comment, post_id) VALUES ('Comment 59 for post 66', 59);
INSERT INTO write_comments (comment, post_id) VALUES ('Comment 60 for post 66', 60);
INSERT INTO read_comments (comment, post_id) VALUES ('Comment 60 for post 66', 60);
INSERT INTO write_comments (comment, post_id) VALUES ('Comment 61 for post 66', 61);
INSERT INTO read_comments (comment, post_id) VALUES ('Comment 61 for post 66', 61);
INSERT INTO write_comments (comment, post_id) VALUES ('Comment 62 for post 66', 62);
INSERT INTO read_comments (comment, post_id) VALUES ('Comment 62 for post 66', 62);
INSERT INTO write_comments (comment, post_id) VALUES ('Comment 63 for post 66', 63);
INSERT INTO read_comments (comment, post_id) VALUES ('Comment 63 for post 66', 63);
INSERT INTO write_comments (comment, post_id) VALUES ('Comment 64 for post 66', 64);
INSERT INTO read_comments (comment, post_id) VALUES ('Comment 64 for post 66', 64);
INSERT INTO write_comments (comment, post_id) VALUES ('Comment 65 for post 66', 65);
INSERT INTO read_comments (comment, post_id) VALUES ('Comment 65 for post 66', 65);
INSERT INTO write_comments (comment, post_id) VALUES ('Comment 66 for post 66', 66);
INSERT INTO read_comments (comment, post_id) VALUES ('Comment 66 for post 66', 66);
INSERT INTO write_comments (comment, post_id) VALUES ('Comment 67 for post 66', 67);
INSERT INTO read_comments (comment, post_id) VALUES ('Comment 67 for post 66', 67);
INSERT INTO write_comments (comment, post_id) VALUES ('Comment 68 for post 66', 68);
INSERT INTO read_comments (comment, post_id) VALUES ('Comment 68 for post 66', 68);
INSERT INTO write_comments (comment, post_id) VALUES ('Comment 69 for post 66', 69);
INSERT INTO read_comments (comment, post_id) VALUES ('Comment 69 for post 66', 69);
INSERT INTO write_comments (comment, post_id) VALUES ('Comment 70 for post 66', 70);
INSERT INTO read_comments (comment, post_id) VALUES ('Comment 70 for post 66', 70);
INSERT INTO write_comments (comment, post_id) VALUES ('Comment 71 for post 66', 71);
INSERT INTO read_comments (comment, post_id) VALUES ('Comment 71 for post 66', 71);
INSERT INTO write_comments (comment, post_id) VALUES ('Comment 72 for post 66', 72);
INSERT INTO read_comments (comment, post_id) VALUES ('Comment 72 for post 66', 72);
INSERT INTO write_comments (comment, post_id) VALUES ('Comment 73 for post 66', 73);
INSERT INTO read_comments (comment, post_id) VALUES ('Comment 73 for post 66', 73);
INSERT INTO write_comments (comment, post_id) VALUES ('Comment 74 for post 66', 74);
INSERT INTO read_comments (comment, post_id) VALUES ('Comment 74 for post 66', 74);
INSERT INTO write_comments (comment, post_id) VALUES ('Comment 75 for post 66', 75);
INSERT INTO read_comments (comment, post_id) VALUES ('Comment 75 for post 66', 75);
INSERT INTO write_comments (comment, post_id) VALUES ('Comment 76 for post 66', 76);
INSERT INTO read_comments (comment, post_id) VALUES ('Comment 76 for post 66', 76);
INSERT INTO write_comments (comment, post_id) VALUES ('Comment 77 for post 66', 77);
INSERT INTO read_comments (comment, post_id) VALUES ('Comment 77 for post 66', 77);
INSERT INTO write_comments (comment, post_id) VALUES ('Comment 78 for post 66', 78);
INSERT INTO read_comments (comment, post_id) VALUES ('Comment 78 for post 66', 78);
INSERT INTO write_comments (comment, post_id) VALUES ('Comment 79 for post 66', 79);
INSERT INTO read_comments (comment, post_id) VALUES ('Comment 79 for post 66', 79);
INSERT INTO write_comments (comment, post_id) VALUES ('Comment 80 for post 66', 80);
INSERT INTO read_comments (comment, post_id) VALUES ('Comment 80 for post 66', 80);
INSERT INTO write_comments (comment, post_id) VALUES ('Comment 81 for post 66', 81);
INSERT INTO read_comments (comment, post_id) VALUES ('Comment 81 for post 66', 81);
INSERT INTO write_comments (comment, post_id) VALUES ('Comment 82 for post 66', 82);
INSERT INTO read_comments (comment, post_id) VALUES ('Comment 82 for post 66', 82);
INSERT INTO write_comments (comment, post_id) VALUES ('Comment 83 for post 66', 83);
INSERT INTO read_comments (comment, post_id) VALUES ('Comment 83 for post 66', 83);
INSERT INTO write_comments (comment, post_id) VALUES ('Comment 84 for post 66', 84);
INSERT INTO read_comments (comment, post_id) VALUES ('Comment 84 for post 66', 84);
INSERT INTO write_comments (comment, post_id) VALUES ('Comment 85 for post 66', 85);
INSERT INTO read_comments (comment, post_id) VALUES ('Comment 85 for post 66', 85);
INSERT INTO write_comments (comment, post_id) VALUES ('Comment 86 for post 66', 86);
INSERT INTO read_comments (comment, post_id) VALUES ('Comment 86 for post 66', 86);
INSERT INTO write_comments (comment, post_id) VALUES ('Comment 87 for post 66', 87);
INSERT INTO read_comments (comment, post_id) VALUES ('Comment 87 for post 66', 87);
INSERT INTO write_comments (comment, post_id) VALUES ('Comment 88 for post 66', 88);
INSERT INTO read_comments (comment, post_id) VALUES ('Comment 88 for post 66', 88);
INSERT INTO write_comments (comment, post_id) VALUES ('Comment 89 for post 66', 89);
INSERT INTO read_comments (comment, post_id) VALUES ('Comment 89 for post 66', 89);
INSERT INTO write_comments (comment, post_id) VALUES ('Comment 90 for post 66', 90);
INSERT INTO read_comments (comment, post_id) VALUES ('Comment 90 for post 66', 90);
INSERT INTO write_comments (comment, post_id) VALUES ('Comment 91 for post 66', 91);
INSERT INTO read_comments (comment, post_id) VALUES ('Comment 91 for post 66', 91);
INSERT INTO write_comments (comment, post_id) VALUES ('Comment 92 for post 66', 92);
INSERT INTO read_comments (comment, post_id) VALUES ('Comment 92 for post 66', 92);
INSERT INTO write_comments (comment, post_id) VALUES ('Comment 93 for post 66', 93);
INSERT INTO read_comments (comment, post_id) VALUES ('Comment 93 for post 66', 93);
INSERT INTO write_comments (comment, post_id) VALUES ('Comment 94 for post 66', 94);
INSERT INTO read_comments (comment, post_id) VALUES ('Comment 94 for post 66', 94);
INSERT INTO write_comments (comment, post_id) VALUES ('Comment 95 for post 66', 95);
INSERT INTO read_comments (comment, post_id) VALUES ('Comment 95 for post 66', 95);
INSERT INTO write_comments (comment, post_id) VALUES ('Comment 96 for post 66', 96);
INSERT INTO read_comments (comment, post_id) VALUES ('Comment 96 for post 66', 96);
INSERT INTO write_comments (comment, post_id) VALUES ('Comment 97 for post 66', 97);
INSERT INTO read_comments (comment, post_id) VALUES ('Comment 97 for post 66', 97);
INSERT INTO write_comments (comment, post_id) VALUES ('Comment 98 for post 66', 98);
INSERT INTO read_comments (comment, post_id) VALUES ('Comment 98 for post 66', 98);
INSERT INTO write_comments (comment, post_id) VALUES ('Comment 99 for post 66', 99);
INSERT INTO read_comments (comment, post_id) VALUES ('Comment 99 for post 66', 99);
INSERT INTO write_comments (comment, post_id) VALUES ('Comment 100 for post 66', 100);
INSERT INTO read_comments (comment, post_id) VALUES ('Comment 100 for post 66', 100);
INSERT INTO write_comments (comment, post_id) VALUES ('Comment 1 for post 67', 1);
INSERT INTO read_comments (comment, post_id) VALUES ('Comment 1 for post 67', 1);
INSERT INTO write_comments (comment, post_id) VALUES ('Comment 2 for post 67', 2);
INSERT INTO read_comments (comment, post_id) VALUES ('Comment 2 for post 67', 2);
INSERT INTO write_comments (comment, post_id) VALUES ('Comment 3 for post 67', 3);
INSERT INTO read_comments (comment, post_id) VALUES ('Comment 3 for post 67', 3);
INSERT INTO write_comments (comment, post_id) VALUES ('Comment 4 for post 67', 4);
INSERT INTO read_comments (comment, post_id) VALUES ('Comment 4 for post 67', 4);
INSERT INTO write_comments (comment, post_id) VALUES ('Comment 5 for post 67', 5);
INSERT INTO read_comments (comment, post_id) VALUES ('Comment 5 for post 67', 5);
INSERT INTO write_comments (comment, post_id) VALUES ('Comment 6 for post 67', 6);
INSERT INTO read_comments (comment, post_id) VALUES ('Comment 6 for post 67', 6);
INSERT INTO write_comments (comment, post_id) VALUES ('Comment 7 for post 67', 7);
INSERT INTO read_comments (comment, post_id) VALUES ('Comment 7 for post 67', 7);
INSERT INTO write_comments (comment, post_id) VALUES ('Comment 8 for post 67', 8);
INSERT INTO read_comments (comment, post_id) VALUES ('Comment 8 for post 67', 8);
INSERT INTO write_comments (comment, post_id) VALUES ('Comment 9 for post 67', 9);
INSERT INTO read_comments (comment, post_id) VALUES ('Comment 9 for post 67', 9);
INSERT INTO write_comments (comment, post_id) VALUES ('Comment 10 for post 67', 10);
INSERT INTO read_comments (comment, post_id) VALUES ('Comment 10 for post 67', 10);
INSERT INTO write_comments (comment, post_id) VALUES ('Comment 11 for post 67', 11);
INSERT INTO read_comments (comment, post_id) VALUES ('Comment 11 for post 67', 11);
INSERT INTO write_comments (comment, post_id) VALUES ('Comment 12 for post 67', 12);
INSERT INTO read_comments (comment, post_id) VALUES ('Comment 12 for post 67', 12);
INSERT INTO write_comments (comment, post_id) VALUES ('Comment 13 for post 67', 13);
INSERT INTO read_comments (comment, post_id) VALUES ('Comment 13 for post 67', 13);
INSERT INTO write_comments (comment, post_id) VALUES ('Comment 14 for post 67', 14);
INSERT INTO read_comments (comment, post_id) VALUES ('Comment 14 for post 67', 14);
INSERT INTO write_comments (comment, post_id) VALUES ('Comment 15 for post 67', 15);
INSERT INTO read_comments (comment, post_id) VALUES ('Comment 15 for post 67', 15);
INSERT INTO write_comments (comment, post_id) VALUES ('Comment 16 for post 67', 16);
INSERT INTO read_comments (comment, post_id) VALUES ('Comment 16 for post 67', 16);
INSERT INTO write_comments (comment, post_id) VALUES ('Comment 17 for post 67', 17);
INSERT INTO read_comments (comment, post_id) VALUES ('Comment 17 for post 67', 17);
INSERT INTO write_comments (comment, post_id) VALUES ('Comment 18 for post 67', 18);
INSERT INTO read_comments (comment, post_id) VALUES ('Comment 18 for post 67', 18);
INSERT INTO write_comments (comment, post_id) VALUES ('Comment 19 for post 67', 19);
INSERT INTO read_comments (comment, post_id) VALUES ('Comment 19 for post 67', 19);
INSERT INTO write_comments (comment, post_id) VALUES ('Comment 20 for post 67', 20);
INSERT INTO read_comments (comment, post_id) VALUES ('Comment 20 for post 67', 20);
INSERT INTO write_comments (comment, post_id) VALUES ('Comment 21 for post 67', 21);
INSERT INTO read_comments (comment, post_id) VALUES ('Comment 21 for post 67', 21);
INSERT INTO write_comments (comment, post_id) VALUES ('Comment 22 for post 67', 22);
INSERT INTO read_comments (comment, post_id) VALUES ('Comment 22 for post 67', 22);
INSERT INTO write_comments (comment, post_id) VALUES ('Comment 23 for post 67', 23);
INSERT INTO read_comments (comment, post_id) VALUES ('Comment 23 for post 67', 23);
INSERT INTO write_comments (comment, post_id) VALUES ('Comment 24 for post 67', 24);
INSERT INTO read_comments (comment, post_id) VALUES ('Comment 24 for post 67', 24);
INSERT INTO write_comments (comment, post_id) VALUES ('Comment 25 for post 67', 25);
INSERT INTO read_comments (comment, post_id) VALUES ('Comment 25 for post 67', 25);
INSERT INTO write_comments (comment, post_id) VALUES ('Comment 26 for post 67', 26);
INSERT INTO read_comments (comment, post_id) VALUES ('Comment 26 for post 67', 26);
INSERT INTO write_comments (comment, post_id) VALUES ('Comment 27 for post 67', 27);
INSERT INTO read_comments (comment, post_id) VALUES ('Comment 27 for post 67', 27);
INSERT INTO write_comments (comment, post_id) VALUES ('Comment 28 for post 67', 28);
INSERT INTO read_comments (comment, post_id) VALUES ('Comment 28 for post 67', 28);
INSERT INTO write_comments (comment, post_id) VALUES ('Comment 29 for post 67', 29);
INSERT INTO read_comments (comment, post_id) VALUES ('Comment 29 for post 67', 29);
INSERT INTO write_comments (comment, post_id) VALUES ('Comment 30 for post 67', 30);
INSERT INTO read_comments (comment, post_id) VALUES ('Comment 30 for post 67', 30);
INSERT INTO write_comments (comment, post_id) VALUES ('Comment 31 for post 67', 31);
INSERT INTO read_comments (comment, post_id) VALUES ('Comment 31 for post 67', 31);
INSERT INTO write_comments (comment, post_id) VALUES ('Comment 32 for post 67', 32);
INSERT INTO read_comments (comment, post_id) VALUES ('Comment 32 for post 67', 32);
INSERT INTO write_comments (comment, post_id) VALUES ('Comment 33 for post 67', 33);
INSERT INTO read_comments (comment, post_id) VALUES ('Comment 33 for post 67', 33);
INSERT INTO write_comments (comment, post_id) VALUES ('Comment 34 for post 67', 34);
INSERT INTO read_comments (comment, post_id) VALUES ('Comment 34 for post 67', 34);
INSERT INTO write_comments (comment, post_id) VALUES ('Comment 35 for post 67', 35);
INSERT INTO read_comments (comment, post_id) VALUES ('Comment 35 for post 67', 35);
INSERT INTO write_comments (comment, post_id) VALUES ('Comment 36 for post 67', 36);
INSERT INTO read_comments (comment, post_id) VALUES ('Comment 36 for post 67', 36);
INSERT INTO write_comments (comment, post_id) VALUES ('Comment 37 for post 67', 37);
INSERT INTO read_comments (comment, post_id) VALUES ('Comment 37 for post 67', 37);
INSERT INTO write_comments (comment, post_id) VALUES ('Comment 38 for post 67', 38);
INSERT INTO read_comments (comment, post_id) VALUES ('Comment 38 for post 67', 38);
INSERT INTO write_comments (comment, post_id) VALUES ('Comment 39 for post 67', 39);
INSERT INTO read_comments (comment, post_id) VALUES ('Comment 39 for post 67', 39);
INSERT INTO write_comments (comment, post_id) VALUES ('Comment 40 for post 67', 40);
INSERT INTO read_comments (comment, post_id) VALUES ('Comment 40 for post 67', 40);
INSERT INTO write_comments (comment, post_id) VALUES ('Comment 41 for post 67', 41);
INSERT INTO read_comments (comment, post_id) VALUES ('Comment 41 for post 67', 41);
INSERT INTO write_comments (comment, post_id) VALUES ('Comment 42 for post 67', 42);
INSERT INTO read_comments (comment, post_id) VALUES ('Comment 42 for post 67', 42);
INSERT INTO write_comments (comment, post_id) VALUES ('Comment 43 for post 67', 43);
INSERT INTO read_comments (comment, post_id) VALUES ('Comment 43 for post 67', 43);
INSERT INTO write_comments (comment, post_id) VALUES ('Comment 44 for post 67', 44);
INSERT INTO read_comments (comment, post_id) VALUES ('Comment 44 for post 67', 44);
INSERT INTO write_comments (comment, post_id) VALUES ('Comment 45 for post 67', 45);
INSERT INTO read_comments (comment, post_id) VALUES ('Comment 45 for post 67', 45);
INSERT INTO write_comments (comment, post_id) VALUES ('Comment 46 for post 67', 46);
INSERT INTO read_comments (comment, post_id) VALUES ('Comment 46 for post 67', 46);
INSERT INTO write_comments (comment, post_id) VALUES ('Comment 47 for post 67', 47);
INSERT INTO read_comments (comment, post_id) VALUES ('Comment 47 for post 67', 47);
INSERT INTO write_comments (comment, post_id) VALUES ('Comment 48 for post 67', 48);
INSERT INTO read_comments (comment, post_id) VALUES ('Comment 48 for post 67', 48);
INSERT INTO write_comments (comment, post_id) VALUES ('Comment 49 for post 67', 49);
INSERT INTO read_comments (comment, post_id) VALUES ('Comment 49 for post 67', 49);
INSERT INTO write_comments (comment, post_id) VALUES ('Comment 50 for post 67', 50);
INSERT INTO read_comments (comment, post_id) VALUES ('Comment 50 for post 67', 50);
INSERT INTO write_comments (comment, post_id) VALUES ('Comment 51 for post 67', 51);
INSERT INTO read_comments (comment, post_id) VALUES ('Comment 51 for post 67', 51);
INSERT INTO write_comments (comment, post_id) VALUES ('Comment 52 for post 67', 52);
INSERT INTO read_comments (comment, post_id) VALUES ('Comment 52 for post 67', 52);
INSERT INTO write_comments (comment, post_id) VALUES ('Comment 53 for post 67', 53);
INSERT INTO read_comments (comment, post_id) VALUES ('Comment 53 for post 67', 53);
INSERT INTO write_comments (comment, post_id) VALUES ('Comment 54 for post 67', 54);
INSERT INTO read_comments (comment, post_id) VALUES ('Comment 54 for post 67', 54);
INSERT INTO write_comments (comment, post_id) VALUES ('Comment 55 for post 67', 55);
INSERT INTO read_comments (comment, post_id) VALUES ('Comment 55 for post 67', 55);
INSERT INTO write_comments (comment, post_id) VALUES ('Comment 56 for post 67', 56);
INSERT INTO read_comments (comment, post_id) VALUES ('Comment 56 for post 67', 56);
INSERT INTO write_comments (comment, post_id) VALUES ('Comment 57 for post 67', 57);
INSERT INTO read_comments (comment, post_id) VALUES ('Comment 57 for post 67', 57);
INSERT INTO write_comments (comment, post_id) VALUES ('Comment 58 for post 67', 58);
INSERT INTO read_comments (comment, post_id) VALUES ('Comment 58 for post 67', 58);
INSERT INTO write_comments (comment, post_id) VALUES ('Comment 59 for post 67', 59);
INSERT INTO read_comments (comment, post_id) VALUES ('Comment 59 for post 67', 59);
INSERT INTO write_comments (comment, post_id) VALUES ('Comment 60 for post 67', 60);
INSERT INTO read_comments (comment, post_id) VALUES ('Comment 60 for post 67', 60);
INSERT INTO write_comments (comment, post_id) VALUES ('Comment 61 for post 67', 61);
INSERT INTO read_comments (comment, post_id) VALUES ('Comment 61 for post 67', 61);
INSERT INTO write_comments (comment, post_id) VALUES ('Comment 62 for post 67', 62);
INSERT INTO read_comments (comment, post_id) VALUES ('Comment 62 for post 67', 62);
INSERT INTO write_comments (comment, post_id) VALUES ('Comment 63 for post 67', 63);
INSERT INTO read_comments (comment, post_id) VALUES ('Comment 63 for post 67', 63);
INSERT INTO write_comments (comment, post_id) VALUES ('Comment 64 for post 67', 64);
INSERT INTO read_comments (comment, post_id) VALUES ('Comment 64 for post 67', 64);
INSERT INTO write_comments (comment, post_id) VALUES ('Comment 65 for post 67', 65);
INSERT INTO read_comments (comment, post_id) VALUES ('Comment 65 for post 67', 65);
INSERT INTO write_comments (comment, post_id) VALUES ('Comment 66 for post 67', 66);
INSERT INTO read_comments (comment, post_id) VALUES ('Comment 66 for post 67', 66);
INSERT INTO write_comments (comment, post_id) VALUES ('Comment 67 for post 67', 67);
INSERT INTO read_comments (comment, post_id) VALUES ('Comment 67 for post 67', 67);
INSERT INTO write_comments (comment, post_id) VALUES ('Comment 68 for post 67', 68);
INSERT INTO read_comments (comment, post_id) VALUES ('Comment 68 for post 67', 68);
INSERT INTO write_comments (comment, post_id) VALUES ('Comment 69 for post 67', 69);
INSERT INTO read_comments (comment, post_id) VALUES ('Comment 69 for post 67', 69);
INSERT INTO write_comments (comment, post_id) VALUES ('Comment 70 for post 67', 70);
INSERT INTO read_comments (comment, post_id) VALUES ('Comment 70 for post 67', 70);
INSERT INTO write_comments (comment, post_id) VALUES ('Comment 71 for post 67', 71);
INSERT INTO read_comments (comment, post_id) VALUES ('Comment 71 for post 67', 71);
INSERT INTO write_comments (comment, post_id) VALUES ('Comment 72 for post 67', 72);
INSERT INTO read_comments (comment, post_id) VALUES ('Comment 72 for post 67', 72);
INSERT INTO write_comments (comment, post_id) VALUES ('Comment 73 for post 67', 73);
INSERT INTO read_comments (comment, post_id) VALUES ('Comment 73 for post 67', 73);
INSERT INTO write_comments (comment, post_id) VALUES ('Comment 74 for post 67', 74);
INSERT INTO read_comments (comment, post_id) VALUES ('Comment 74 for post 67', 74);
INSERT INTO write_comments (comment, post_id) VALUES ('Comment 75 for post 67', 75);
INSERT INTO read_comments (comment, post_id) VALUES ('Comment 75 for post 67', 75);
INSERT INTO write_comments (comment, post_id) VALUES ('Comment 76 for post 67', 76);
INSERT INTO read_comments (comment, post_id) VALUES ('Comment 76 for post 67', 76);
INSERT INTO write_comments (comment, post_id) VALUES ('Comment 77 for post 67', 77);
INSERT INTO read_comments (comment, post_id) VALUES ('Comment 77 for post 67', 77);
INSERT INTO write_comments (comment, post_id) VALUES ('Comment 78 for post 67', 78);
INSERT INTO read_comments (comment, post_id) VALUES ('Comment 78 for post 67', 78);
INSERT INTO write_comments (comment, post_id) VALUES ('Comment 79 for post 67', 79);
INSERT INTO read_comments (comment, post_id) VALUES ('Comment 79 for post 67', 79);
INSERT INTO write_comments (comment, post_id) VALUES ('Comment 80 for post 67', 80);
INSERT INTO read_comments (comment, post_id) VALUES ('Comment 80 for post 67', 80);
INSERT INTO write_comments (comment, post_id) VALUES ('Comment 81 for post 67', 81);
INSERT INTO read_comments (comment, post_id) VALUES ('Comment 81 for post 67', 81);
INSERT INTO write_comments (comment, post_id) VALUES ('Comment 82 for post 67', 82);
INSERT INTO read_comments (comment, post_id) VALUES ('Comment 82 for post 67', 82);
INSERT INTO write_comments (comment, post_id) VALUES ('Comment 83 for post 67', 83);
INSERT INTO read_comments (comment, post_id) VALUES ('Comment 83 for post 67', 83);
INSERT INTO write_comments (comment, post_id) VALUES ('Comment 84 for post 67', 84);
INSERT INTO read_comments (comment, post_id) VALUES ('Comment 84 for post 67', 84);
INSERT INTO write_comments (comment, post_id) VALUES ('Comment 85 for post 67', 85);
INSERT INTO read_comments (comment, post_id) VALUES ('Comment 85 for post 67', 85);
INSERT INTO write_comments (comment, post_id) VALUES ('Comment 86 for post 67', 86);
INSERT INTO read_comments (comment, post_id) VALUES ('Comment 86 for post 67', 86);
INSERT INTO write_comments (comment, post_id) VALUES ('Comment 87 for post 67', 87);
INSERT INTO read_comments (comment, post_id) VALUES ('Comment 87 for post 67', 87);
INSERT INTO write_comments (comment, post_id) VALUES ('Comment 88 for post 67', 88);
INSERT INTO read_comments (comment, post_id) VALUES ('Comment 88 for post 67', 88);
INSERT INTO write_comments (comment, post_id) VALUES ('Comment 89 for post 67', 89);
INSERT INTO read_comments (comment, post_id) VALUES ('Comment 89 for post 67', 89);
INSERT INTO write_comments (comment, post_id) VALUES ('Comment 90 for post 67', 90);
INSERT INTO read_comments (comment, post_id) VALUES ('Comment 90 for post 67', 90);
INSERT INTO write_comments (comment, post_id) VALUES ('Comment 91 for post 67', 91);
INSERT INTO read_comments (comment, post_id) VALUES ('Comment 91 for post 67', 91);
INSERT INTO write_comments (comment, post_id) VALUES ('Comment 92 for post 67', 92);
INSERT INTO read_comments (comment, post_id) VALUES ('Comment 92 for post 67', 92);
INSERT INTO write_comments (comment, post_id) VALUES ('Comment 93 for post 67', 93);
INSERT INTO read_comments (comment, post_id) VALUES ('Comment 93 for post 67', 93);
INSERT INTO write_comments (comment, post_id) VALUES ('Comment 94 for post 67', 94);
INSERT INTO read_comments (comment, post_id) VALUES ('Comment 94 for post 67', 94);
INSERT INTO write_comments (comment, post_id) VALUES ('Comment 95 for post 67', 95);
INSERT INTO read_comments (comment, post_id) VALUES ('Comment 95 for post 67', 95);
INSERT INTO write_comments (comment, post_id) VALUES ('Comment 96 for post 67', 96);
INSERT INTO read_comments (comment, post_id) VALUES ('Comment 96 for post 67', 96);
INSERT INTO write_comments (comment, post_id) VALUES ('Comment 97 for post 67', 97);
INSERT INTO read_comments (comment, post_id) VALUES ('Comment 97 for post 67', 97);
INSERT INTO write_comments (comment, post_id) VALUES ('Comment 98 for post 67', 98);
INSERT INTO read_comments (comment, post_id) VALUES ('Comment 98 for post 67', 98);
INSERT INTO write_comments (comment, post_id) VALUES ('Comment 99 for post 67', 99);
INSERT INTO read_comments (comment, post_id) VALUES ('Comment 99 for post 67', 99);
INSERT INTO write_comments (comment, post_id) VALUES ('Comment 100 for post 67', 100);
INSERT INTO read_comments (comment, post_id) VALUES ('Comment 100 for post 67', 100);
INSERT INTO write_comments (comment, post_id) VALUES ('Comment 1 for post 68', 1);
INSERT INTO read_comments (comment, post_id) VALUES ('Comment 1 for post 68', 1);
INSERT INTO write_comments (comment, post_id) VALUES ('Comment 2 for post 68', 2);
INSERT INTO read_comments (comment, post_id) VALUES ('Comment 2 for post 68', 2);
INSERT INTO write_comments (comment, post_id) VALUES ('Comment 3 for post 68', 3);
INSERT INTO read_comments (comment, post_id) VALUES ('Comment 3 for post 68', 3);
INSERT INTO write_comments (comment, post_id) VALUES ('Comment 4 for post 68', 4);
INSERT INTO read_comments (comment, post_id) VALUES ('Comment 4 for post 68', 4);
INSERT INTO write_comments (comment, post_id) VALUES ('Comment 5 for post 68', 5);
INSERT INTO read_comments (comment, post_id) VALUES ('Comment 5 for post 68', 5);
INSERT INTO write_comments (comment, post_id) VALUES ('Comment 6 for post 68', 6);
INSERT INTO read_comments (comment, post_id) VALUES ('Comment 6 for post 68', 6);
INSERT INTO write_comments (comment, post_id) VALUES ('Comment 7 for post 68', 7);
INSERT INTO read_comments (comment, post_id) VALUES ('Comment 7 for post 68', 7);
INSERT INTO write_comments (comment, post_id) VALUES ('Comment 8 for post 68', 8);
INSERT INTO read_comments (comment, post_id) VALUES ('Comment 8 for post 68', 8);
INSERT INTO write_comments (comment, post_id) VALUES ('Comment 9 for post 68', 9);
INSERT INTO read_comments (comment, post_id) VALUES ('Comment 9 for post 68', 9);
INSERT INTO write_comments (comment, post_id) VALUES ('Comment 10 for post 68', 10);
INSERT INTO read_comments (comment, post_id) VALUES ('Comment 10 for post 68', 10);
INSERT INTO write_comments (comment, post_id) VALUES ('Comment 11 for post 68', 11);
INSERT INTO read_comments (comment, post_id) VALUES ('Comment 11 for post 68', 11);
INSERT INTO write_comments (comment, post_id) VALUES ('Comment 12 for post 68', 12);
INSERT INTO read_comments (comment, post_id) VALUES ('Comment 12 for post 68', 12);
INSERT INTO write_comments (comment, post_id) VALUES ('Comment 13 for post 68', 13);
INSERT INTO read_comments (comment, post_id) VALUES ('Comment 13 for post 68', 13);
INSERT INTO write_comments (comment, post_id) VALUES ('Comment 14 for post 68', 14);
INSERT INTO read_comments (comment, post_id) VALUES ('Comment 14 for post 68', 14);
INSERT INTO write_comments (comment, post_id) VALUES ('Comment 15 for post 68', 15);
INSERT INTO read_comments (comment, post_id) VALUES ('Comment 15 for post 68', 15);
INSERT INTO write_comments (comment, post_id) VALUES ('Comment 16 for post 68', 16);
INSERT INTO read_comments (comment, post_id) VALUES ('Comment 16 for post 68', 16);
INSERT INTO write_comments (comment, post_id) VALUES ('Comment 17 for post 68', 17);
INSERT INTO read_comments (comment, post_id) VALUES ('Comment 17 for post 68', 17);
INSERT INTO write_comments (comment, post_id) VALUES ('Comment 18 for post 68', 18);
INSERT INTO read_comments (comment, post_id) VALUES ('Comment 18 for post 68', 18);
INSERT INTO write_comments (comment, post_id) VALUES ('Comment 19 for post 68', 19);
INSERT INTO read_comments (comment, post_id) VALUES ('Comment 19 for post 68', 19);
INSERT INTO write_comments (comment, post_id) VALUES ('Comment 20 for post 68', 20);
INSERT INTO read_comments (comment, post_id) VALUES ('Comment 20 for post 68', 20);
INSERT INTO write_comments (comment, post_id) VALUES ('Comment 21 for post 68', 21);
INSERT INTO read_comments (comment, post_id) VALUES ('Comment 21 for post 68', 21);
INSERT INTO write_comments (comment, post_id) VALUES ('Comment 22 for post 68', 22);
INSERT INTO read_comments (comment, post_id) VALUES ('Comment 22 for post 68', 22);
INSERT INTO write_comments (comment, post_id) VALUES ('Comment 23 for post 68', 23);
INSERT INTO read_comments (comment, post_id) VALUES ('Comment 23 for post 68', 23);
INSERT INTO write_comments (comment, post_id) VALUES ('Comment 24 for post 68', 24);
INSERT INTO read_comments (comment, post_id) VALUES ('Comment 24 for post 68', 24);
INSERT INTO write_comments (comment, post_id) VALUES ('Comment 25 for post 68', 25);
INSERT INTO read_comments (comment, post_id) VALUES ('Comment 25 for post 68', 25);
INSERT INTO write_comments (comment, post_id) VALUES ('Comment 26 for post 68', 26);
INSERT INTO read_comments (comment, post_id) VALUES ('Comment 26 for post 68', 26);
INSERT INTO write_comments (comment, post_id) VALUES ('Comment 27 for post 68', 27);
INSERT INTO read_comments (comment, post_id) VALUES ('Comment 27 for post 68', 27);
INSERT INTO write_comments (comment, post_id) VALUES ('Comment 28 for post 68', 28);
INSERT INTO read_comments (comment, post_id) VALUES ('Comment 28 for post 68', 28);
INSERT INTO write_comments (comment, post_id) VALUES ('Comment 29 for post 68', 29);
INSERT INTO read_comments (comment, post_id) VALUES ('Comment 29 for post 68', 29);
INSERT INTO write_comments (comment, post_id) VALUES ('Comment 30 for post 68', 30);
INSERT INTO read_comments (comment, post_id) VALUES ('Comment 30 for post 68', 30);
INSERT INTO write_comments (comment, post_id) VALUES ('Comment 31 for post 68', 31);
INSERT INTO read_comments (comment, post_id) VALUES ('Comment 31 for post 68', 31);
INSERT INTO write_comments (comment, post_id) VALUES ('Comment 32 for post 68', 32);
INSERT INTO read_comments (comment, post_id) VALUES ('Comment 32 for post 68', 32);
INSERT INTO write_comments (comment, post_id) VALUES ('Comment 33 for post 68', 33);
INSERT INTO read_comments (comment, post_id) VALUES ('Comment 33 for post 68', 33);
INSERT INTO write_comments (comment, post_id) VALUES ('Comment 34 for post 68', 34);
INSERT INTO read_comments (comment, post_id) VALUES ('Comment 34 for post 68', 34);
INSERT INTO write_comments (comment, post_id) VALUES ('Comment 35 for post 68', 35);
INSERT INTO read_comments (comment, post_id) VALUES ('Comment 35 for post 68', 35);
INSERT INTO write_comments (comment, post_id) VALUES ('Comment 36 for post 68', 36);
INSERT INTO read_comments (comment, post_id) VALUES ('Comment 36 for post 68', 36);
INSERT INTO write_comments (comment, post_id) VALUES ('Comment 37 for post 68', 37);
INSERT INTO read_comments (comment, post_id) VALUES ('Comment 37 for post 68', 37);
INSERT INTO write_comments (comment, post_id) VALUES ('Comment 38 for post 68', 38);
INSERT INTO read_comments (comment, post_id) VALUES ('Comment 38 for post 68', 38);
INSERT INTO write_comments (comment, post_id) VALUES ('Comment 39 for post 68', 39);
INSERT INTO read_comments (comment, post_id) VALUES ('Comment 39 for post 68', 39);
INSERT INTO write_comments (comment, post_id) VALUES ('Comment 40 for post 68', 40);
INSERT INTO read_comments (comment, post_id) VALUES ('Comment 40 for post 68', 40);
INSERT INTO write_comments (comment, post_id) VALUES ('Comment 41 for post 68', 41);
INSERT INTO read_comments (comment, post_id) VALUES ('Comment 41 for post 68', 41);
INSERT INTO write_comments (comment, post_id) VALUES ('Comment 42 for post 68', 42);
INSERT INTO read_comments (comment, post_id) VALUES ('Comment 42 for post 68', 42);
INSERT INTO write_comments (comment, post_id) VALUES ('Comment 43 for post 68', 43);
INSERT INTO read_comments (comment, post_id) VALUES ('Comment 43 for post 68', 43);
INSERT INTO write_comments (comment, post_id) VALUES ('Comment 44 for post 68', 44);
INSERT INTO read_comments (comment, post_id) VALUES ('Comment 44 for post 68', 44);
INSERT INTO write_comments (comment, post_id) VALUES ('Comment 45 for post 68', 45);
INSERT INTO read_comments (comment, post_id) VALUES ('Comment 45 for post 68', 45);
INSERT INTO write_comments (comment, post_id) VALUES ('Comment 46 for post 68', 46);
INSERT INTO read_comments (comment, post_id) VALUES ('Comment 46 for post 68', 46);
INSERT INTO write_comments (comment, post_id) VALUES ('Comment 47 for post 68', 47);
INSERT INTO read_comments (comment, post_id) VALUES ('Comment 47 for post 68', 47);
INSERT INTO write_comments (comment, post_id) VALUES ('Comment 48 for post 68', 48);
INSERT INTO read_comments (comment, post_id) VALUES ('Comment 48 for post 68', 48);
INSERT INTO write_comments (comment, post_id) VALUES ('Comment 49 for post 68', 49);
INSERT INTO read_comments (comment, post_id) VALUES ('Comment 49 for post 68', 49);
INSERT INTO write_comments (comment, post_id) VALUES ('Comment 50 for post 68', 50);
INSERT INTO read_comments (comment, post_id) VALUES ('Comment 50 for post 68', 50);
INSERT INTO write_comments (comment, post_id) VALUES ('Comment 51 for post 68', 51);
INSERT INTO read_comments (comment, post_id) VALUES ('Comment 51 for post 68', 51);
INSERT INTO write_comments (comment, post_id) VALUES ('Comment 52 for post 68', 52);
INSERT INTO read_comments (comment, post_id) VALUES ('Comment 52 for post 68', 52);
INSERT INTO write_comments (comment, post_id) VALUES ('Comment 53 for post 68', 53);
INSERT INTO read_comments (comment, post_id) VALUES ('Comment 53 for post 68', 53);
INSERT INTO write_comments (comment, post_id) VALUES ('Comment 54 for post 68', 54);
INSERT INTO read_comments (comment, post_id) VALUES ('Comment 54 for post 68', 54);
INSERT INTO write_comments (comment, post_id) VALUES ('Comment 55 for post 68', 55);
INSERT INTO read_comments (comment, post_id) VALUES ('Comment 55 for post 68', 55);
INSERT INTO write_comments (comment, post_id) VALUES ('Comment 56 for post 68', 56);
INSERT INTO read_comments (comment, post_id) VALUES ('Comment 56 for post 68', 56);
INSERT INTO write_comments (comment, post_id) VALUES ('Comment 57 for post 68', 57);
INSERT INTO read_comments (comment, post_id) VALUES ('Comment 57 for post 68', 57);
INSERT INTO write_comments (comment, post_id) VALUES ('Comment 58 for post 68', 58);
INSERT INTO read_comments (comment, post_id) VALUES ('Comment 58 for post 68', 58);
INSERT INTO write_comments (comment, post_id) VALUES ('Comment 59 for post 68', 59);
INSERT INTO read_comments (comment, post_id) VALUES ('Comment 59 for post 68', 59);
INSERT INTO write_comments (comment, post_id) VALUES ('Comment 60 for post 68', 60);
INSERT INTO read_comments (comment, post_id) VALUES ('Comment 60 for post 68', 60);
INSERT INTO write_comments (comment, post_id) VALUES ('Comment 61 for post 68', 61);
INSERT INTO read_comments (comment, post_id) VALUES ('Comment 61 for post 68', 61);
INSERT INTO write_comments (comment, post_id) VALUES ('Comment 62 for post 68', 62);
INSERT INTO read_comments (comment, post_id) VALUES ('Comment 62 for post 68', 62);
INSERT INTO write_comments (comment, post_id) VALUES ('Comment 63 for post 68', 63);
INSERT INTO read_comments (comment, post_id) VALUES ('Comment 63 for post 68', 63);
INSERT INTO write_comments (comment, post_id) VALUES ('Comment 64 for post 68', 64);
INSERT INTO read_comments (comment, post_id) VALUES ('Comment 64 for post 68', 64);
INSERT INTO write_comments (comment, post_id) VALUES ('Comment 65 for post 68', 65);
INSERT INTO read_comments (comment, post_id) VALUES ('Comment 65 for post 68', 65);
INSERT INTO write_comments (comment, post_id) VALUES ('Comment 66 for post 68', 66);
INSERT INTO read_comments (comment, post_id) VALUES ('Comment 66 for post 68', 66);
INSERT INTO write_comments (comment, post_id) VALUES ('Comment 67 for post 68', 67);
INSERT INTO read_comments (comment, post_id) VALUES ('Comment 67 for post 68', 67);
INSERT INTO write_comments (comment, post_id) VALUES ('Comment 68 for post 68', 68);
INSERT INTO read_comments (comment, post_id) VALUES ('Comment 68 for post 68', 68);
INSERT INTO write_comments (comment, post_id) VALUES ('Comment 69 for post 68', 69);
INSERT INTO read_comments (comment, post_id) VALUES ('Comment 69 for post 68', 69);
INSERT INTO write_comments (comment, post_id) VALUES ('Comment 70 for post 68', 70);
INSERT INTO read_comments (comment, post_id) VALUES ('Comment 70 for post 68', 70);
INSERT INTO write_comments (comment, post_id) VALUES ('Comment 71 for post 68', 71);
INSERT INTO read_comments (comment, post_id) VALUES ('Comment 71 for post 68', 71);
INSERT INTO write_comments (comment, post_id) VALUES ('Comment 72 for post 68', 72);
INSERT INTO read_comments (comment, post_id) VALUES ('Comment 72 for post 68', 72);
INSERT INTO write_comments (comment, post_id) VALUES ('Comment 73 for post 68', 73);
INSERT INTO read_comments (comment, post_id) VALUES ('Comment 73 for post 68', 73);
INSERT INTO write_comments (comment, post_id) VALUES ('Comment 74 for post 68', 74);
INSERT INTO read_comments (comment, post_id) VALUES ('Comment 74 for post 68', 74);
INSERT INTO write_comments (comment, post_id) VALUES ('Comment 75 for post 68', 75);
INSERT INTO read_comments (comment, post_id) VALUES ('Comment 75 for post 68', 75);
INSERT INTO write_comments (comment, post_id) VALUES ('Comment 76 for post 68', 76);
INSERT INTO read_comments (comment, post_id) VALUES ('Comment 76 for post 68', 76);
INSERT INTO write_comments (comment, post_id) VALUES ('Comment 77 for post 68', 77);
INSERT INTO read_comments (comment, post_id) VALUES ('Comment 77 for post 68', 77);
INSERT INTO write_comments (comment, post_id) VALUES ('Comment 78 for post 68', 78);
INSERT INTO read_comments (comment, post_id) VALUES ('Comment 78 for post 68', 78);
INSERT INTO write_comments (comment, post_id) VALUES ('Comment 79 for post 68', 79);
INSERT INTO read_comments (comment, post_id) VALUES ('Comment 79 for post 68', 79);
INSERT INTO write_comments (comment, post_id) VALUES ('Comment 80 for post 68', 80);
INSERT INTO read_comments (comment, post_id) VALUES ('Comment 80 for post 68', 80);
INSERT INTO write_comments (comment, post_id) VALUES ('Comment 81 for post 68', 81);
INSERT INTO read_comments (comment, post_id) VALUES ('Comment 81 for post 68', 81);
INSERT INTO write_comments (comment, post_id) VALUES ('Comment 82 for post 68', 82);
INSERT INTO read_comments (comment, post_id) VALUES ('Comment 82 for post 68', 82);
INSERT INTO write_comments (comment, post_id) VALUES ('Comment 83 for post 68', 83);
INSERT INTO read_comments (comment, post_id) VALUES ('Comment 83 for post 68', 83);
INSERT INTO write_comments (comment, post_id) VALUES ('Comment 84 for post 68', 84);
INSERT INTO read_comments (comment, post_id) VALUES ('Comment 84 for post 68', 84);
INSERT INTO write_comments (comment, post_id) VALUES ('Comment 85 for post 68', 85);
INSERT INTO read_comments (comment, post_id) VALUES ('Comment 85 for post 68', 85);
INSERT INTO write_comments (comment, post_id) VALUES ('Comment 86 for post 68', 86);
INSERT INTO read_comments (comment, post_id) VALUES ('Comment 86 for post 68', 86);
INSERT INTO write_comments (comment, post_id) VALUES ('Comment 87 for post 68', 87);
INSERT INTO read_comments (comment, post_id) VALUES ('Comment 87 for post 68', 87);
INSERT INTO write_comments (comment, post_id) VALUES ('Comment 88 for post 68', 88);
INSERT INTO read_comments (comment, post_id) VALUES ('Comment 88 for post 68', 88);
INSERT INTO write_comments (comment, post_id) VALUES ('Comment 89 for post 68', 89);
INSERT INTO read_comments (comment, post_id) VALUES ('Comment 89 for post 68', 89);
INSERT INTO write_comments (comment, post_id) VALUES ('Comment 90 for post 68', 90);
INSERT INTO read_comments (comment, post_id) VALUES ('Comment 90 for post 68', 90);
INSERT INTO write_comments (comment, post_id) VALUES ('Comment 91 for post 68', 91);
INSERT INTO read_comments (comment, post_id) VALUES ('Comment 91 for post 68', 91);
INSERT INTO write_comments (comment, post_id) VALUES ('Comment 92 for post 68', 92);
INSERT INTO read_comments (comment, post_id) VALUES ('Comment 92 for post 68', 92);
INSERT INTO write_comments (comment, post_id) VALUES ('Comment 93 for post 68', 93);
INSERT INTO read_comments (comment, post_id) VALUES ('Comment 93 for post 68', 93);
INSERT INTO write_comments (comment, post_id) VALUES ('Comment 94 for post 68', 94);
INSERT INTO read_comments (comment, post_id) VALUES ('Comment 94 for post 68', 94);
INSERT INTO write_comments (comment, post_id) VALUES ('Comment 95 for post 68', 95);
INSERT INTO read_comments (comment, post_id) VALUES ('Comment 95 for post 68', 95);
INSERT INTO write_comments (comment, post_id) VALUES ('Comment 96 for post 68', 96);
INSERT INTO read_comments (comment, post_id) VALUES ('Comment 96 for post 68', 96);
INSERT INTO write_comments (comment, post_id) VALUES ('Comment 97 for post 68', 97);
INSERT INTO read_comments (comment, post_id) VALUES ('Comment 97 for post 68', 97);
INSERT INTO write_comments (comment, post_id) VALUES ('Comment 98 for post 68', 98);
INSERT INTO read_comments (comment, post_id) VALUES ('Comment 98 for post 68', 98);
INSERT INTO write_comments (comment, post_id) VALUES ('Comment 99 for post 68', 99);
INSERT INTO read_comments (comment, post_id) VALUES ('Comment 99 for post 68', 99);
INSERT INTO write_comments (comment, post_id) VALUES ('Comment 100 for post 68', 100);
INSERT INTO read_comments (comment, post_id) VALUES ('Comment 100 for post 68', 100);
INSERT INTO write_comments (comment, post_id) VALUES ('Comment 1 for post 69', 1);
INSERT INTO read_comments (comment, post_id) VALUES ('Comment 1 for post 69', 1);
INSERT INTO write_comments (comment, post_id) VALUES ('Comment 2 for post 69', 2);
INSERT INTO read_comments (comment, post_id) VALUES ('Comment 2 for post 69', 2);
INSERT INTO write_comments (comment, post_id) VALUES ('Comment 3 for post 69', 3);
INSERT INTO read_comments (comment, post_id) VALUES ('Comment 3 for post 69', 3);
INSERT INTO write_comments (comment, post_id) VALUES ('Comment 4 for post 69', 4);
INSERT INTO read_comments (comment, post_id) VALUES ('Comment 4 for post 69', 4);
INSERT INTO write_comments (comment, post_id) VALUES ('Comment 5 for post 69', 5);
INSERT INTO read_comments (comment, post_id) VALUES ('Comment 5 for post 69', 5);
INSERT INTO write_comments (comment, post_id) VALUES ('Comment 6 for post 69', 6);
INSERT INTO read_comments (comment, post_id) VALUES ('Comment 6 for post 69', 6);
INSERT INTO write_comments (comment, post_id) VALUES ('Comment 7 for post 69', 7);
INSERT INTO read_comments (comment, post_id) VALUES ('Comment 7 for post 69', 7);
INSERT INTO write_comments (comment, post_id) VALUES ('Comment 8 for post 69', 8);
INSERT INTO read_comments (comment, post_id) VALUES ('Comment 8 for post 69', 8);
INSERT INTO write_comments (comment, post_id) VALUES ('Comment 9 for post 69', 9);
INSERT INTO read_comments (comment, post_id) VALUES ('Comment 9 for post 69', 9);
INSERT INTO write_comments (comment, post_id) VALUES ('Comment 10 for post 69', 10);
INSERT INTO read_comments (comment, post_id) VALUES ('Comment 10 for post 69', 10);
INSERT INTO write_comments (comment, post_id) VALUES ('Comment 11 for post 69', 11);
INSERT INTO read_comments (comment, post_id) VALUES ('Comment 11 for post 69', 11);
INSERT INTO write_comments (comment, post_id) VALUES ('Comment 12 for post 69', 12);
INSERT INTO read_comments (comment, post_id) VALUES ('Comment 12 for post 69', 12);
INSERT INTO write_comments (comment, post_id) VALUES ('Comment 13 for post 69', 13);
INSERT INTO read_comments (comment, post_id) VALUES ('Comment 13 for post 69', 13);
INSERT INTO write_comments (comment, post_id) VALUES ('Comment 14 for post 69', 14);
INSERT INTO read_comments (comment, post_id) VALUES ('Comment 14 for post 69', 14);
INSERT INTO write_comments (comment, post_id) VALUES ('Comment 15 for post 69', 15);
INSERT INTO read_comments (comment, post_id) VALUES ('Comment 15 for post 69', 15);
INSERT INTO write_comments (comment, post_id) VALUES ('Comment 16 for post 69', 16);
INSERT INTO read_comments (comment, post_id) VALUES ('Comment 16 for post 69', 16);
INSERT INTO write_comments (comment, post_id) VALUES ('Comment 17 for post 69', 17);
INSERT INTO read_comments (comment, post_id) VALUES ('Comment 17 for post 69', 17);
INSERT INTO write_comments (comment, post_id) VALUES ('Comment 18 for post 69', 18);
INSERT INTO read_comments (comment, post_id) VALUES ('Comment 18 for post 69', 18);
INSERT INTO write_comments (comment, post_id) VALUES ('Comment 19 for post 69', 19);
INSERT INTO read_comments (comment, post_id) VALUES ('Comment 19 for post 69', 19);
INSERT INTO write_comments (comment, post_id) VALUES ('Comment 20 for post 69', 20);
INSERT INTO read_comments (comment, post_id) VALUES ('Comment 20 for post 69', 20);
INSERT INTO write_comments (comment, post_id) VALUES ('Comment 21 for post 69', 21);
INSERT INTO read_comments (comment, post_id) VALUES ('Comment 21 for post 69', 21);
INSERT INTO write_comments (comment, post_id) VALUES ('Comment 22 for post 69', 22);
INSERT INTO read_comments (comment, post_id) VALUES ('Comment 22 for post 69', 22);
INSERT INTO write_comments (comment, post_id) VALUES ('Comment 23 for post 69', 23);
INSERT INTO read_comments (comment, post_id) VALUES ('Comment 23 for post 69', 23);
INSERT INTO write_comments (comment, post_id) VALUES ('Comment 24 for post 69', 24);
INSERT INTO read_comments (comment, post_id) VALUES ('Comment 24 for post 69', 24);
INSERT INTO write_comments (comment, post_id) VALUES ('Comment 25 for post 69', 25);
INSERT INTO read_comments (comment, post_id) VALUES ('Comment 25 for post 69', 25);
INSERT INTO write_comments (comment, post_id) VALUES ('Comment 26 for post 69', 26);
INSERT INTO read_comments (comment, post_id) VALUES ('Comment 26 for post 69', 26);
INSERT INTO write_comments (comment, post_id) VALUES ('Comment 27 for post 69', 27);
INSERT INTO read_comments (comment, post_id) VALUES ('Comment 27 for post 69', 27);
INSERT INTO write_comments (comment, post_id) VALUES ('Comment 28 for post 69', 28);
INSERT INTO read_comments (comment, post_id) VALUES ('Comment 28 for post 69', 28);
INSERT INTO write_comments (comment, post_id) VALUES ('Comment 29 for post 69', 29);
INSERT INTO read_comments (comment, post_id) VALUES ('Comment 29 for post 69', 29);
INSERT INTO write_comments (comment, post_id) VALUES ('Comment 30 for post 69', 30);
INSERT INTO read_comments (comment, post_id) VALUES ('Comment 30 for post 69', 30);
INSERT INTO write_comments (comment, post_id) VALUES ('Comment 31 for post 69', 31);
INSERT INTO read_comments (comment, post_id) VALUES ('Comment 31 for post 69', 31);
INSERT INTO write_comments (comment, post_id) VALUES ('Comment 32 for post 69', 32);
INSERT INTO read_comments (comment, post_id) VALUES ('Comment 32 for post 69', 32);
INSERT INTO write_comments (comment, post_id) VALUES ('Comment 33 for post 69', 33);
INSERT INTO read_comments (comment, post_id) VALUES ('Comment 33 for post 69', 33);
INSERT INTO write_comments (comment, post_id) VALUES ('Comment 34 for post 69', 34);
INSERT INTO read_comments (comment, post_id) VALUES ('Comment 34 for post 69', 34);
INSERT INTO write_comments (comment, post_id) VALUES ('Comment 35 for post 69', 35);
INSERT INTO read_comments (comment, post_id) VALUES ('Comment 35 for post 69', 35);
INSERT INTO write_comments (comment, post_id) VALUES ('Comment 36 for post 69', 36);
INSERT INTO read_comments (comment, post_id) VALUES ('Comment 36 for post 69', 36);
INSERT INTO write_comments (comment, post_id) VALUES ('Comment 37 for post 69', 37);
INSERT INTO read_comments (comment, post_id) VALUES ('Comment 37 for post 69', 37);
INSERT INTO write_comments (comment, post_id) VALUES ('Comment 38 for post 69', 38);
INSERT INTO read_comments (comment, post_id) VALUES ('Comment 38 for post 69', 38);
INSERT INTO write_comments (comment, post_id) VALUES ('Comment 39 for post 69', 39);
INSERT INTO read_comments (comment, post_id) VALUES ('Comment 39 for post 69', 39);
INSERT INTO write_comments (comment, post_id) VALUES ('Comment 40 for post 69', 40);
INSERT INTO read_comments (comment, post_id) VALUES ('Comment 40 for post 69', 40);
INSERT INTO write_comments (comment, post_id) VALUES ('Comment 41 for post 69', 41);
INSERT INTO read_comments (comment, post_id) VALUES ('Comment 41 for post 69', 41);
INSERT INTO write_comments (comment, post_id) VALUES ('Comment 42 for post 69', 42);
INSERT INTO read_comments (comment, post_id) VALUES ('Comment 42 for post 69', 42);
INSERT INTO write_comments (comment, post_id) VALUES ('Comment 43 for post 69', 43);
INSERT INTO read_comments (comment, post_id) VALUES ('Comment 43 for post 69', 43);
INSERT INTO write_comments (comment, post_id) VALUES ('Comment 44 for post 69', 44);
INSERT INTO read_comments (comment, post_id) VALUES ('Comment 44 for post 69', 44);
INSERT INTO write_comments (comment, post_id) VALUES ('Comment 45 for post 69', 45);
INSERT INTO read_comments (comment, post_id) VALUES ('Comment 45 for post 69', 45);
INSERT INTO write_comments (comment, post_id) VALUES ('Comment 46 for post 69', 46);
INSERT INTO read_comments (comment, post_id) VALUES ('Comment 46 for post 69', 46);
INSERT INTO write_comments (comment, post_id) VALUES ('Comment 47 for post 69', 47);
INSERT INTO read_comments (comment, post_id) VALUES ('Comment 47 for post 69', 47);
INSERT INTO write_comments (comment, post_id) VALUES ('Comment 48 for post 69', 48);
INSERT INTO read_comments (comment, post_id) VALUES ('Comment 48 for post 69', 48);
INSERT INTO write_comments (comment, post_id) VALUES ('Comment 49 for post 69', 49);
INSERT INTO read_comments (comment, post_id) VALUES ('Comment 49 for post 69', 49);
INSERT INTO write_comments (comment, post_id) VALUES ('Comment 50 for post 69', 50);
INSERT INTO read_comments (comment, post_id) VALUES ('Comment 50 for post 69', 50);
INSERT INTO write_comments (comment, post_id) VALUES ('Comment 51 for post 69', 51);
INSERT INTO read_comments (comment, post_id) VALUES ('Comment 51 for post 69', 51);
INSERT INTO write_comments (comment, post_id) VALUES ('Comment 52 for post 69', 52);
INSERT INTO read_comments (comment, post_id) VALUES ('Comment 52 for post 69', 52);
INSERT INTO write_comments (comment, post_id) VALUES ('Comment 53 for post 69', 53);
INSERT INTO read_comments (comment, post_id) VALUES ('Comment 53 for post 69', 53);
INSERT INTO write_comments (comment, post_id) VALUES ('Comment 54 for post 69', 54);
INSERT INTO read_comments (comment, post_id) VALUES ('Comment 54 for post 69', 54);
INSERT INTO write_comments (comment, post_id) VALUES ('Comment 55 for post 69', 55);
INSERT INTO read_comments (comment, post_id) VALUES ('Comment 55 for post 69', 55);
INSERT INTO write_comments (comment, post_id) VALUES ('Comment 56 for post 69', 56);
INSERT INTO read_comments (comment, post_id) VALUES ('Comment 56 for post 69', 56);
INSERT INTO write_comments (comment, post_id) VALUES ('Comment 57 for post 69', 57);
INSERT INTO read_comments (comment, post_id) VALUES ('Comment 57 for post 69', 57);
INSERT INTO write_comments (comment, post_id) VALUES ('Comment 58 for post 69', 58);
INSERT INTO read_comments (comment, post_id) VALUES ('Comment 58 for post 69', 58);
INSERT INTO write_comments (comment, post_id) VALUES ('Comment 59 for post 69', 59);
INSERT INTO read_comments (comment, post_id) VALUES ('Comment 59 for post 69', 59);
INSERT INTO write_comments (comment, post_id) VALUES ('Comment 60 for post 69', 60);
INSERT INTO read_comments (comment, post_id) VALUES ('Comment 60 for post 69', 60);
INSERT INTO write_comments (comment, post_id) VALUES ('Comment 61 for post 69', 61);
INSERT INTO read_comments (comment, post_id) VALUES ('Comment 61 for post 69', 61);
INSERT INTO write_comments (comment, post_id) VALUES ('Comment 62 for post 69', 62);
INSERT INTO read_comments (comment, post_id) VALUES ('Comment 62 for post 69', 62);
INSERT INTO write_comments (comment, post_id) VALUES ('Comment 63 for post 69', 63);
INSERT INTO read_comments (comment, post_id) VALUES ('Comment 63 for post 69', 63);
INSERT INTO write_comments (comment, post_id) VALUES ('Comment 64 for post 69', 64);
INSERT INTO read_comments (comment, post_id) VALUES ('Comment 64 for post 69', 64);
INSERT INTO write_comments (comment, post_id) VALUES ('Comment 65 for post 69', 65);
INSERT INTO read_comments (comment, post_id) VALUES ('Comment 65 for post 69', 65);
INSERT INTO write_comments (comment, post_id) VALUES ('Comment 66 for post 69', 66);
INSERT INTO read_comments (comment, post_id) VALUES ('Comment 66 for post 69', 66);
INSERT INTO write_comments (comment, post_id) VALUES ('Comment 67 for post 69', 67);
INSERT INTO read_comments (comment, post_id) VALUES ('Comment 67 for post 69', 67);
INSERT INTO write_comments (comment, post_id) VALUES ('Comment 68 for post 69', 68);
INSERT INTO read_comments (comment, post_id) VALUES ('Comment 68 for post 69', 68);
INSERT INTO write_comments (comment, post_id) VALUES ('Comment 69 for post 69', 69);
INSERT INTO read_comments (comment, post_id) VALUES ('Comment 69 for post 69', 69);
INSERT INTO write_comments (comment, post_id) VALUES ('Comment 70 for post 69', 70);
INSERT INTO read_comments (comment, post_id) VALUES ('Comment 70 for post 69', 70);
INSERT INTO write_comments (comment, post_id) VALUES ('Comment 71 for post 69', 71);
INSERT INTO read_comments (comment, post_id) VALUES ('Comment 71 for post 69', 71);
INSERT INTO write_comments (comment, post_id) VALUES ('Comment 72 for post 69', 72);
INSERT INTO read_comments (comment, post_id) VALUES ('Comment 72 for post 69', 72);
INSERT INTO write_comments (comment, post_id) VALUES ('Comment 73 for post 69', 73);
INSERT INTO read_comments (comment, post_id) VALUES ('Comment 73 for post 69', 73);
INSERT INTO write_comments (comment, post_id) VALUES ('Comment 74 for post 69', 74);
INSERT INTO read_comments (comment, post_id) VALUES ('Comment 74 for post 69', 74);
INSERT INTO write_comments (comment, post_id) VALUES ('Comment 75 for post 69', 75);
INSERT INTO read_comments (comment, post_id) VALUES ('Comment 75 for post 69', 75);
INSERT INTO write_comments (comment, post_id) VALUES ('Comment 76 for post 69', 76);
INSERT INTO read_comments (comment, post_id) VALUES ('Comment 76 for post 69', 76);
INSERT INTO write_comments (comment, post_id) VALUES ('Comment 77 for post 69', 77);
INSERT INTO read_comments (comment, post_id) VALUES ('Comment 77 for post 69', 77);
INSERT INTO write_comments (comment, post_id) VALUES ('Comment 78 for post 69', 78);
INSERT INTO read_comments (comment, post_id) VALUES ('Comment 78 for post 69', 78);
INSERT INTO write_comments (comment, post_id) VALUES ('Comment 79 for post 69', 79);
INSERT INTO read_comments (comment, post_id) VALUES ('Comment 79 for post 69', 79);
INSERT INTO write_comments (comment, post_id) VALUES ('Comment 80 for post 69', 80);
INSERT INTO read_comments (comment, post_id) VALUES ('Comment 80 for post 69', 80);
INSERT INTO write_comments (comment, post_id) VALUES ('Comment 81 for post 69', 81);
INSERT INTO read_comments (comment, post_id) VALUES ('Comment 81 for post 69', 81);
INSERT INTO write_comments (comment, post_id) VALUES ('Comment 82 for post 69', 82);
INSERT INTO read_comments (comment, post_id) VALUES ('Comment 82 for post 69', 82);
INSERT INTO write_comments (comment, post_id) VALUES ('Comment 83 for post 69', 83);
INSERT INTO read_comments (comment, post_id) VALUES ('Comment 83 for post 69', 83);
INSERT INTO write_comments (comment, post_id) VALUES ('Comment 84 for post 69', 84);
INSERT INTO read_comments (comment, post_id) VALUES ('Comment 84 for post 69', 84);
INSERT INTO write_comments (comment, post_id) VALUES ('Comment 85 for post 69', 85);
INSERT INTO read_comments (comment, post_id) VALUES ('Comment 85 for post 69', 85);
INSERT INTO write_comments (comment, post_id) VALUES ('Comment 86 for post 69', 86);
INSERT INTO read_comments (comment, post_id) VALUES ('Comment 86 for post 69', 86);
INSERT INTO write_comments (comment, post_id) VALUES ('Comment 87 for post 69', 87);
INSERT INTO read_comments (comment, post_id) VALUES ('Comment 87 for post 69', 87);
INSERT INTO write_comments (comment, post_id) VALUES ('Comment 88 for post 69', 88);
INSERT INTO read_comments (comment, post_id) VALUES ('Comment 88 for post 69', 88);
INSERT INTO write_comments (comment, post_id) VALUES ('Comment 89 for post 69', 89);
INSERT INTO read_comments (comment, post_id) VALUES ('Comment 89 for post 69', 89);
INSERT INTO write_comments (comment, post_id) VALUES ('Comment 90 for post 69', 90);
INSERT INTO read_comments (comment, post_id) VALUES ('Comment 90 for post 69', 90);
INSERT INTO write_comments (comment, post_id) VALUES ('Comment 91 for post 69', 91);
INSERT INTO read_comments (comment, post_id) VALUES ('Comment 91 for post 69', 91);
INSERT INTO write_comments (comment, post_id) VALUES ('Comment 92 for post 69', 92);
INSERT INTO read_comments (comment, post_id) VALUES ('Comment 92 for post 69', 92);
INSERT INTO write_comments (comment, post_id) VALUES ('Comment 93 for post 69', 93);
INSERT INTO read_comments (comment, post_id) VALUES ('Comment 93 for post 69', 93);
INSERT INTO write_comments (comment, post_id) VALUES ('Comment 94 for post 69', 94);
INSERT INTO read_comments (comment, post_id) VALUES ('Comment 94 for post 69', 94);
INSERT INTO write_comments (comment, post_id) VALUES ('Comment 95 for post 69', 95);
INSERT INTO read_comments (comment, post_id) VALUES ('Comment 95 for post 69', 95);
INSERT INTO write_comments (comment, post_id) VALUES ('Comment 96 for post 69', 96);
INSERT INTO read_comments (comment, post_id) VALUES ('Comment 96 for post 69', 96);
INSERT INTO write_comments (comment, post_id) VALUES ('Comment 97 for post 69', 97);
INSERT INTO read_comments (comment, post_id) VALUES ('Comment 97 for post 69', 97);
INSERT INTO write_comments (comment, post_id) VALUES ('Comment 98 for post 69', 98);
INSERT INTO read_comments (comment, post_id) VALUES ('Comment 98 for post 69', 98);
INSERT INTO write_comments (comment, post_id) VALUES ('Comment 99 for post 69', 99);
INSERT INTO read_comments (comment, post_id) VALUES ('Comment 99 for post 69', 99);
INSERT INTO write_comments (comment, post_id) VALUES ('Comment 100 for post 69', 100);
INSERT INTO read_comments (comment, post_id) VALUES ('Comment 100 for post 69', 100);
INSERT INTO write_comments (comment, post_id) VALUES ('Comment 1 for post 70', 1);
INSERT INTO read_comments (comment, post_id) VALUES ('Comment 1 for post 70', 1);
INSERT INTO write_comments (comment, post_id) VALUES ('Comment 2 for post 70', 2);
INSERT INTO read_comments (comment, post_id) VALUES ('Comment 2 for post 70', 2);
INSERT INTO write_comments (comment, post_id) VALUES ('Comment 3 for post 70', 3);
INSERT INTO read_comments (comment, post_id) VALUES ('Comment 3 for post 70', 3);
INSERT INTO write_comments (comment, post_id) VALUES ('Comment 4 for post 70', 4);
INSERT INTO read_comments (comment, post_id) VALUES ('Comment 4 for post 70', 4);
INSERT INTO write_comments (comment, post_id) VALUES ('Comment 5 for post 70', 5);
INSERT INTO read_comments (comment, post_id) VALUES ('Comment 5 for post 70', 5);
INSERT INTO write_comments (comment, post_id) VALUES ('Comment 6 for post 70', 6);
INSERT INTO read_comments (comment, post_id) VALUES ('Comment 6 for post 70', 6);
INSERT INTO write_comments (comment, post_id) VALUES ('Comment 7 for post 70', 7);
INSERT INTO read_comments (comment, post_id) VALUES ('Comment 7 for post 70', 7);
INSERT INTO write_comments (comment, post_id) VALUES ('Comment 8 for post 70', 8);
INSERT INTO read_comments (comment, post_id) VALUES ('Comment 8 for post 70', 8);
INSERT INTO write_comments (comment, post_id) VALUES ('Comment 9 for post 70', 9);
INSERT INTO read_comments (comment, post_id) VALUES ('Comment 9 for post 70', 9);
INSERT INTO write_comments (comment, post_id) VALUES ('Comment 10 for post 70', 10);
INSERT INTO read_comments (comment, post_id) VALUES ('Comment 10 for post 70', 10);
INSERT INTO write_comments (comment, post_id) VALUES ('Comment 11 for post 70', 11);
INSERT INTO read_comments (comment, post_id) VALUES ('Comment 11 for post 70', 11);
INSERT INTO write_comments (comment, post_id) VALUES ('Comment 12 for post 70', 12);
INSERT INTO read_comments (comment, post_id) VALUES ('Comment 12 for post 70', 12);
INSERT INTO write_comments (comment, post_id) VALUES ('Comment 13 for post 70', 13);
INSERT INTO read_comments (comment, post_id) VALUES ('Comment 13 for post 70', 13);
INSERT INTO write_comments (comment, post_id) VALUES ('Comment 14 for post 70', 14);
INSERT INTO read_comments (comment, post_id) VALUES ('Comment 14 for post 70', 14);
INSERT INTO write_comments (comment, post_id) VALUES ('Comment 15 for post 70', 15);
INSERT INTO read_comments (comment, post_id) VALUES ('Comment 15 for post 70', 15);
INSERT INTO write_comments (comment, post_id) VALUES ('Comment 16 for post 70', 16);
INSERT INTO read_comments (comment, post_id) VALUES ('Comment 16 for post 70', 16);
INSERT INTO write_comments (comment, post_id) VALUES ('Comment 17 for post 70', 17);
INSERT INTO read_comments (comment, post_id) VALUES ('Comment 17 for post 70', 17);
INSERT INTO write_comments (comment, post_id) VALUES ('Comment 18 for post 70', 18);
INSERT INTO read_comments (comment, post_id) VALUES ('Comment 18 for post 70', 18);
INSERT INTO write_comments (comment, post_id) VALUES ('Comment 19 for post 70', 19);
INSERT INTO read_comments (comment, post_id) VALUES ('Comment 19 for post 70', 19);
INSERT INTO write_comments (comment, post_id) VALUES ('Comment 20 for post 70', 20);
INSERT INTO read_comments (comment, post_id) VALUES ('Comment 20 for post 70', 20);
INSERT INTO write_comments (comment, post_id) VALUES ('Comment 21 for post 70', 21);
INSERT INTO read_comments (comment, post_id) VALUES ('Comment 21 for post 70', 21);
INSERT INTO write_comments (comment, post_id) VALUES ('Comment 22 for post 70', 22);
INSERT INTO read_comments (comment, post_id) VALUES ('Comment 22 for post 70', 22);
INSERT INTO write_comments (comment, post_id) VALUES ('Comment 23 for post 70', 23);
INSERT INTO read_comments (comment, post_id) VALUES ('Comment 23 for post 70', 23);
INSERT INTO write_comments (comment, post_id) VALUES ('Comment 24 for post 70', 24);
INSERT INTO read_comments (comment, post_id) VALUES ('Comment 24 for post 70', 24);
INSERT INTO write_comments (comment, post_id) VALUES ('Comment 25 for post 70', 25);
INSERT INTO read_comments (comment, post_id) VALUES ('Comment 25 for post 70', 25);
INSERT INTO write_comments (comment, post_id) VALUES ('Comment 26 for post 70', 26);
INSERT INTO read_comments (comment, post_id) VALUES ('Comment 26 for post 70', 26);
INSERT INTO write_comments (comment, post_id) VALUES ('Comment 27 for post 70', 27);
INSERT INTO read_comments (comment, post_id) VALUES ('Comment 27 for post 70', 27);
INSERT INTO write_comments (comment, post_id) VALUES ('Comment 28 for post 70', 28);
INSERT INTO read_comments (comment, post_id) VALUES ('Comment 28 for post 70', 28);
INSERT INTO write_comments (comment, post_id) VALUES ('Comment 29 for post 70', 29);
INSERT INTO read_comments (comment, post_id) VALUES ('Comment 29 for post 70', 29);
INSERT INTO write_comments (comment, post_id) VALUES ('Comment 30 for post 70', 30);
INSERT INTO read_comments (comment, post_id) VALUES ('Comment 30 for post 70', 30);
INSERT INTO write_comments (comment, post_id) VALUES ('Comment 31 for post 70', 31);
INSERT INTO read_comments (comment, post_id) VALUES ('Comment 31 for post 70', 31);
INSERT INTO write_comments (comment, post_id) VALUES ('Comment 32 for post 70', 32);
INSERT INTO read_comments (comment, post_id) VALUES ('Comment 32 for post 70', 32);
INSERT INTO write_comments (comment, post_id) VALUES ('Comment 33 for post 70', 33);
INSERT INTO read_comments (comment, post_id) VALUES ('Comment 33 for post 70', 33);
INSERT INTO write_comments (comment, post_id) VALUES ('Comment 34 for post 70', 34);
INSERT INTO read_comments (comment, post_id) VALUES ('Comment 34 for post 70', 34);
INSERT INTO write_comments (comment, post_id) VALUES ('Comment 35 for post 70', 35);
INSERT INTO read_comments (comment, post_id) VALUES ('Comment 35 for post 70', 35);
INSERT INTO write_comments (comment, post_id) VALUES ('Comment 36 for post 70', 36);
INSERT INTO read_comments (comment, post_id) VALUES ('Comment 36 for post 70', 36);
INSERT INTO write_comments (comment, post_id) VALUES ('Comment 37 for post 70', 37);
INSERT INTO read_comments (comment, post_id) VALUES ('Comment 37 for post 70', 37);
INSERT INTO write_comments (comment, post_id) VALUES ('Comment 38 for post 70', 38);
INSERT INTO read_comments (comment, post_id) VALUES ('Comment 38 for post 70', 38);
INSERT INTO write_comments (comment, post_id) VALUES ('Comment 39 for post 70', 39);
INSERT INTO read_comments (comment, post_id) VALUES ('Comment 39 for post 70', 39);
INSERT INTO write_comments (comment, post_id) VALUES ('Comment 40 for post 70', 40);
INSERT INTO read_comments (comment, post_id) VALUES ('Comment 40 for post 70', 40);
INSERT INTO write_comments (comment, post_id) VALUES ('Comment 41 for post 70', 41);
INSERT INTO read_comments (comment, post_id) VALUES ('Comment 41 for post 70', 41);
INSERT INTO write_comments (comment, post_id) VALUES ('Comment 42 for post 70', 42);
INSERT INTO read_comments (comment, post_id) VALUES ('Comment 42 for post 70', 42);
INSERT INTO write_comments (comment, post_id) VALUES ('Comment 43 for post 70', 43);
INSERT INTO read_comments (comment, post_id) VALUES ('Comment 43 for post 70', 43);
INSERT INTO write_comments (comment, post_id) VALUES ('Comment 44 for post 70', 44);
INSERT INTO read_comments (comment, post_id) VALUES ('Comment 44 for post 70', 44);
INSERT INTO write_comments (comment, post_id) VALUES ('Comment 45 for post 70', 45);
INSERT INTO read_comments (comment, post_id) VALUES ('Comment 45 for post 70', 45);
INSERT INTO write_comments (comment, post_id) VALUES ('Comment 46 for post 70', 46);
INSERT INTO read_comments (comment, post_id) VALUES ('Comment 46 for post 70', 46);
INSERT INTO write_comments (comment, post_id) VALUES ('Comment 47 for post 70', 47);
INSERT INTO read_comments (comment, post_id) VALUES ('Comment 47 for post 70', 47);
INSERT INTO write_comments (comment, post_id) VALUES ('Comment 48 for post 70', 48);
INSERT INTO read_comments (comment, post_id) VALUES ('Comment 48 for post 70', 48);
INSERT INTO write_comments (comment, post_id) VALUES ('Comment 49 for post 70', 49);
INSERT INTO read_comments (comment, post_id) VALUES ('Comment 49 for post 70', 49);
INSERT INTO write_comments (comment, post_id) VALUES ('Comment 50 for post 70', 50);
INSERT INTO read_comments (comment, post_id) VALUES ('Comment 50 for post 70', 50);
INSERT INTO write_comments (comment, post_id) VALUES ('Comment 51 for post 70', 51);
INSERT INTO read_comments (comment, post_id) VALUES ('Comment 51 for post 70', 51);
INSERT INTO write_comments (comment, post_id) VALUES ('Comment 52 for post 70', 52);
INSERT INTO read_comments (comment, post_id) VALUES ('Comment 52 for post 70', 52);
INSERT INTO write_comments (comment, post_id) VALUES ('Comment 53 for post 70', 53);
INSERT INTO read_comments (comment, post_id) VALUES ('Comment 53 for post 70', 53);
INSERT INTO write_comments (comment, post_id) VALUES ('Comment 54 for post 70', 54);
INSERT INTO read_comments (comment, post_id) VALUES ('Comment 54 for post 70', 54);
INSERT INTO write_comments (comment, post_id) VALUES ('Comment 55 for post 70', 55);
INSERT INTO read_comments (comment, post_id) VALUES ('Comment 55 for post 70', 55);
INSERT INTO write_comments (comment, post_id) VALUES ('Comment 56 for post 70', 56);
INSERT INTO read_comments (comment, post_id) VALUES ('Comment 56 for post 70', 56);
INSERT INTO write_comments (comment, post_id) VALUES ('Comment 57 for post 70', 57);
INSERT INTO read_comments (comment, post_id) VALUES ('Comment 57 for post 70', 57);
INSERT INTO write_comments (comment, post_id) VALUES ('Comment 58 for post 70', 58);
INSERT INTO read_comments (comment, post_id) VALUES ('Comment 58 for post 70', 58);
INSERT INTO write_comments (comment, post_id) VALUES ('Comment 59 for post 70', 59);
INSERT INTO read_comments (comment, post_id) VALUES ('Comment 59 for post 70', 59);
INSERT INTO write_comments (comment, post_id) VALUES ('Comment 60 for post 70', 60);
INSERT INTO read_comments (comment, post_id) VALUES ('Comment 60 for post 70', 60);
INSERT INTO write_comments (comment, post_id) VALUES ('Comment 61 for post 70', 61);
INSERT INTO read_comments (comment, post_id) VALUES ('Comment 61 for post 70', 61);
INSERT INTO write_comments (comment, post_id) VALUES ('Comment 62 for post 70', 62);
INSERT INTO read_comments (comment, post_id) VALUES ('Comment 62 for post 70', 62);
INSERT INTO write_comments (comment, post_id) VALUES ('Comment 63 for post 70', 63);
INSERT INTO read_comments (comment, post_id) VALUES ('Comment 63 for post 70', 63);
INSERT INTO write_comments (comment, post_id) VALUES ('Comment 64 for post 70', 64);
INSERT INTO read_comments (comment, post_id) VALUES ('Comment 64 for post 70', 64);
INSERT INTO write_comments (comment, post_id) VALUES ('Comment 65 for post 70', 65);
INSERT INTO read_comments (comment, post_id) VALUES ('Comment 65 for post 70', 65);
INSERT INTO write_comments (comment, post_id) VALUES ('Comment 66 for post 70', 66);
INSERT INTO read_comments (comment, post_id) VALUES ('Comment 66 for post 70', 66);
INSERT INTO write_comments (comment, post_id) VALUES ('Comment 67 for post 70', 67);
INSERT INTO read_comments (comment, post_id) VALUES ('Comment 67 for post 70', 67);
INSERT INTO write_comments (comment, post_id) VALUES ('Comment 68 for post 70', 68);
INSERT INTO read_comments (comment, post_id) VALUES ('Comment 68 for post 70', 68);
INSERT INTO write_comments (comment, post_id) VALUES ('Comment 69 for post 70', 69);
INSERT INTO read_comments (comment, post_id) VALUES ('Comment 69 for post 70', 69);
INSERT INTO write_comments (comment, post_id) VALUES ('Comment 70 for post 70', 70);
INSERT INTO read_comments (comment, post_id) VALUES ('Comment 70 for post 70', 70);
INSERT INTO write_comments (comment, post_id) VALUES ('Comment 71 for post 70', 71);
INSERT INTO read_comments (comment, post_id) VALUES ('Comment 71 for post 70', 71);
INSERT INTO write_comments (comment, post_id) VALUES ('Comment 72 for post 70', 72);
INSERT INTO read_comments (comment, post_id) VALUES ('Comment 72 for post 70', 72);
INSERT INTO write_comments (comment, post_id) VALUES ('Comment 73 for post 70', 73);
INSERT INTO read_comments (comment, post_id) VALUES ('Comment 73 for post 70', 73);
INSERT INTO write_comments (comment, post_id) VALUES ('Comment 74 for post 70', 74);
INSERT INTO read_comments (comment, post_id) VALUES ('Comment 74 for post 70', 74);
INSERT INTO write_comments (comment, post_id) VALUES ('Comment 75 for post 70', 75);
INSERT INTO read_comments (comment, post_id) VALUES ('Comment 75 for post 70', 75);
INSERT INTO write_comments (comment, post_id) VALUES ('Comment 76 for post 70', 76);
INSERT INTO read_comments (comment, post_id) VALUES ('Comment 76 for post 70', 76);
INSERT INTO write_comments (comment, post_id) VALUES ('Comment 77 for post 70', 77);
INSERT INTO read_comments (comment, post_id) VALUES ('Comment 77 for post 70', 77);
INSERT INTO write_comments (comment, post_id) VALUES ('Comment 78 for post 70', 78);
INSERT INTO read_comments (comment, post_id) VALUES ('Comment 78 for post 70', 78);
INSERT INTO write_comments (comment, post_id) VALUES ('Comment 79 for post 70', 79);
INSERT INTO read_comments (comment, post_id) VALUES ('Comment 79 for post 70', 79);
INSERT INTO write_comments (comment, post_id) VALUES ('Comment 80 for post 70', 80);
INSERT INTO read_comments (comment, post_id) VALUES ('Comment 80 for post 70', 80);
INSERT INTO write_comments (comment, post_id) VALUES ('Comment 81 for post 70', 81);
INSERT INTO read_comments (comment, post_id) VALUES ('Comment 81 for post 70', 81);
INSERT INTO write_comments (comment, post_id) VALUES ('Comment 82 for post 70', 82);
INSERT INTO read_comments (comment, post_id) VALUES ('Comment 82 for post 70', 82);
INSERT INTO write_comments (comment, post_id) VALUES ('Comment 83 for post 70', 83);
INSERT INTO read_comments (comment, post_id) VALUES ('Comment 83 for post 70', 83);
INSERT INTO write_comments (comment, post_id) VALUES ('Comment 84 for post 70', 84);
INSERT INTO read_comments (comment, post_id) VALUES ('Comment 84 for post 70', 84);
INSERT INTO write_comments (comment, post_id) VALUES ('Comment 85 for post 70', 85);
INSERT INTO read_comments (comment, post_id) VALUES ('Comment 85 for post 70', 85);
INSERT INTO write_comments (comment, post_id) VALUES ('Comment 86 for post 70', 86);
INSERT INTO read_comments (comment, post_id) VALUES ('Comment 86 for post 70', 86);
INSERT INTO write_comments (comment, post_id) VALUES ('Comment 87 for post 70', 87);
INSERT INTO read_comments (comment, post_id) VALUES ('Comment 87 for post 70', 87);
INSERT INTO write_comments (comment, post_id) VALUES ('Comment 88 for post 70', 88);
INSERT INTO read_comments (comment, post_id) VALUES ('Comment 88 for post 70', 88);
INSERT INTO write_comments (comment, post_id) VALUES ('Comment 89 for post 70', 89);
INSERT INTO read_comments (comment, post_id) VALUES ('Comment 89 for post 70', 89);
INSERT INTO write_comments (comment, post_id) VALUES ('Comment 90 for post 70', 90);
INSERT INTO read_comments (comment, post_id) VALUES ('Comment 90 for post 70', 90);
INSERT INTO write_comments (comment, post_id) VALUES ('Comment 91 for post 70', 91);
INSERT INTO read_comments (comment, post_id) VALUES ('Comment 91 for post 70', 91);
INSERT INTO write_comments (comment, post_id) VALUES ('Comment 92 for post 70', 92);
INSERT INTO read_comments (comment, post_id) VALUES ('Comment 92 for post 70', 92);
INSERT INTO write_comments (comment, post_id) VALUES ('Comment 93 for post 70', 93);
INSERT INTO read_comments (comment, post_id) VALUES ('Comment 93 for post 70', 93);
INSERT INTO write_comments (comment, post_id) VALUES ('Comment 94 for post 70', 94);
INSERT INTO read_comments (comment, post_id) VALUES ('Comment 94 for post 70', 94);
INSERT INTO write_comments (comment, post_id) VALUES ('Comment 95 for post 70', 95);
INSERT INTO read_comments (comment, post_id) VALUES ('Comment 95 for post 70', 95);
INSERT INTO write_comments (comment, post_id) VALUES ('Comment 96 for post 70', 96);
INSERT INTO read_comments (comment, post_id) VALUES ('Comment 96 for post 70', 96);
INSERT INTO write_comments (comment, post_id) VALUES ('Comment 97 for post 70', 97);
INSERT INTO read_comments (comment, post_id) VALUES ('Comment 97 for post 70', 97);
INSERT INTO write_comments (comment, post_id) VALUES ('Comment 98 for post 70', 98);
INSERT INTO read_comments (comment, post_id) VALUES ('Comment 98 for post 70', 98);
INSERT INTO write_comments (comment, post_id) VALUES ('Comment 99 for post 70', 99);
INSERT INTO read_comments (comment, post_id) VALUES ('Comment 99 for post 70', 99);
INSERT INTO write_comments (comment, post_id) VALUES ('Comment 100 for post 70', 100);
INSERT INTO read_comments (comment, post_id) VALUES ('Comment 100 for post 70', 100);
INSERT INTO write_comments (comment, post_id) VALUES ('Comment 1 for post 71', 1);
INSERT INTO read_comments (comment, post_id) VALUES ('Comment 1 for post 71', 1);
INSERT INTO write_comments (comment, post_id) VALUES ('Comment 2 for post 71', 2);
INSERT INTO read_comments (comment, post_id) VALUES ('Comment 2 for post 71', 2);
INSERT INTO write_comments (comment, post_id) VALUES ('Comment 3 for post 71', 3);
INSERT INTO read_comments (comment, post_id) VALUES ('Comment 3 for post 71', 3);
INSERT INTO write_comments (comment, post_id) VALUES ('Comment 4 for post 71', 4);
INSERT INTO read_comments (comment, post_id) VALUES ('Comment 4 for post 71', 4);
INSERT INTO write_comments (comment, post_id) VALUES ('Comment 5 for post 71', 5);
INSERT INTO read_comments (comment, post_id) VALUES ('Comment 5 for post 71', 5);
INSERT INTO write_comments (comment, post_id) VALUES ('Comment 6 for post 71', 6);
INSERT INTO read_comments (comment, post_id) VALUES ('Comment 6 for post 71', 6);
INSERT INTO write_comments (comment, post_id) VALUES ('Comment 7 for post 71', 7);
INSERT INTO read_comments (comment, post_id) VALUES ('Comment 7 for post 71', 7);
INSERT INTO write_comments (comment, post_id) VALUES ('Comment 8 for post 71', 8);
INSERT INTO read_comments (comment, post_id) VALUES ('Comment 8 for post 71', 8);
INSERT INTO write_comments (comment, post_id) VALUES ('Comment 9 for post 71', 9);
INSERT INTO read_comments (comment, post_id) VALUES ('Comment 9 for post 71', 9);
INSERT INTO write_comments (comment, post_id) VALUES ('Comment 10 for post 71', 10);
INSERT INTO read_comments (comment, post_id) VALUES ('Comment 10 for post 71', 10);
INSERT INTO write_comments (comment, post_id) VALUES ('Comment 11 for post 71', 11);
INSERT INTO read_comments (comment, post_id) VALUES ('Comment 11 for post 71', 11);
INSERT INTO write_comments (comment, post_id) VALUES ('Comment 12 for post 71', 12);
INSERT INTO read_comments (comment, post_id) VALUES ('Comment 12 for post 71', 12);
INSERT INTO write_comments (comment, post_id) VALUES ('Comment 13 for post 71', 13);
INSERT INTO read_comments (comment, post_id) VALUES ('Comment 13 for post 71', 13);
INSERT INTO write_comments (comment, post_id) VALUES ('Comment 14 for post 71', 14);
INSERT INTO read_comments (comment, post_id) VALUES ('Comment 14 for post 71', 14);
INSERT INTO write_comments (comment, post_id) VALUES ('Comment 15 for post 71', 15);
INSERT INTO read_comments (comment, post_id) VALUES ('Comment 15 for post 71', 15);
INSERT INTO write_comments (comment, post_id) VALUES ('Comment 16 for post 71', 16);
INSERT INTO read_comments (comment, post_id) VALUES ('Comment 16 for post 71', 16);
INSERT INTO write_comments (comment, post_id) VALUES ('Comment 17 for post 71', 17);
INSERT INTO read_comments (comment, post_id) VALUES ('Comment 17 for post 71', 17);
INSERT INTO write_comments (comment, post_id) VALUES ('Comment 18 for post 71', 18);
INSERT INTO read_comments (comment, post_id) VALUES ('Comment 18 for post 71', 18);
INSERT INTO write_comments (comment, post_id) VALUES ('Comment 19 for post 71', 19);
INSERT INTO read_comments (comment, post_id) VALUES ('Comment 19 for post 71', 19);
INSERT INTO write_comments (comment, post_id) VALUES ('Comment 20 for post 71', 20);
INSERT INTO read_comments (comment, post_id) VALUES ('Comment 20 for post 71', 20);
INSERT INTO write_comments (comment, post_id) VALUES ('Comment 21 for post 71', 21);
INSERT INTO read_comments (comment, post_id) VALUES ('Comment 21 for post 71', 21);
INSERT INTO write_comments (comment, post_id) VALUES ('Comment 22 for post 71', 22);
INSERT INTO read_comments (comment, post_id) VALUES ('Comment 22 for post 71', 22);
INSERT INTO write_comments (comment, post_id) VALUES ('Comment 23 for post 71', 23);
INSERT INTO read_comments (comment, post_id) VALUES ('Comment 23 for post 71', 23);
INSERT INTO write_comments (comment, post_id) VALUES ('Comment 24 for post 71', 24);
INSERT INTO read_comments (comment, post_id) VALUES ('Comment 24 for post 71', 24);
INSERT INTO write_comments (comment, post_id) VALUES ('Comment 25 for post 71', 25);
INSERT INTO read_comments (comment, post_id) VALUES ('Comment 25 for post 71', 25);
INSERT INTO write_comments (comment, post_id) VALUES ('Comment 26 for post 71', 26);
INSERT INTO read_comments (comment, post_id) VALUES ('Comment 26 for post 71', 26);
INSERT INTO write_comments (comment, post_id) VALUES ('Comment 27 for post 71', 27);
INSERT INTO read_comments (comment, post_id) VALUES ('Comment 27 for post 71', 27);
INSERT INTO write_comments (comment, post_id) VALUES ('Comment 28 for post 71', 28);
INSERT INTO read_comments (comment, post_id) VALUES ('Comment 28 for post 71', 28);
INSERT INTO write_comments (comment, post_id) VALUES ('Comment 29 for post 71', 29);
INSERT INTO read_comments (comment, post_id) VALUES ('Comment 29 for post 71', 29);
INSERT INTO write_comments (comment, post_id) VALUES ('Comment 30 for post 71', 30);
INSERT INTO read_comments (comment, post_id) VALUES ('Comment 30 for post 71', 30);
INSERT INTO write_comments (comment, post_id) VALUES ('Comment 31 for post 71', 31);
INSERT INTO read_comments (comment, post_id) VALUES ('Comment 31 for post 71', 31);
INSERT INTO write_comments (comment, post_id) VALUES ('Comment 32 for post 71', 32);
INSERT INTO read_comments (comment, post_id) VALUES ('Comment 32 for post 71', 32);
INSERT INTO write_comments (comment, post_id) VALUES ('Comment 33 for post 71', 33);
INSERT INTO read_comments (comment, post_id) VALUES ('Comment 33 for post 71', 33);
INSERT INTO write_comments (comment, post_id) VALUES ('Comment 34 for post 71', 34);
INSERT INTO read_comments (comment, post_id) VALUES ('Comment 34 for post 71', 34);
INSERT INTO write_comments (comment, post_id) VALUES ('Comment 35 for post 71', 35);
INSERT INTO read_comments (comment, post_id) VALUES ('Comment 35 for post 71', 35);
INSERT INTO write_comments (comment, post_id) VALUES ('Comment 36 for post 71', 36);
INSERT INTO read_comments (comment, post_id) VALUES ('Comment 36 for post 71', 36);
INSERT INTO write_comments (comment, post_id) VALUES ('Comment 37 for post 71', 37);
INSERT INTO read_comments (comment, post_id) VALUES ('Comment 37 for post 71', 37);
INSERT INTO write_comments (comment, post_id) VALUES ('Comment 38 for post 71', 38);
INSERT INTO read_comments (comment, post_id) VALUES ('Comment 38 for post 71', 38);
INSERT INTO write_comments (comment, post_id) VALUES ('Comment 39 for post 71', 39);
INSERT INTO read_comments (comment, post_id) VALUES ('Comment 39 for post 71', 39);
INSERT INTO write_comments (comment, post_id) VALUES ('Comment 40 for post 71', 40);
INSERT INTO read_comments (comment, post_id) VALUES ('Comment 40 for post 71', 40);
INSERT INTO write_comments (comment, post_id) VALUES ('Comment 41 for post 71', 41);
INSERT INTO read_comments (comment, post_id) VALUES ('Comment 41 for post 71', 41);
INSERT INTO write_comments (comment, post_id) VALUES ('Comment 42 for post 71', 42);
INSERT INTO read_comments (comment, post_id) VALUES ('Comment 42 for post 71', 42);
INSERT INTO write_comments (comment, post_id) VALUES ('Comment 43 for post 71', 43);
INSERT INTO read_comments (comment, post_id) VALUES ('Comment 43 for post 71', 43);
INSERT INTO write_comments (comment, post_id) VALUES ('Comment 44 for post 71', 44);
INSERT INTO read_comments (comment, post_id) VALUES ('Comment 44 for post 71', 44);
INSERT INTO write_comments (comment, post_id) VALUES ('Comment 45 for post 71', 45);
INSERT INTO read_comments (comment, post_id) VALUES ('Comment 45 for post 71', 45);
INSERT INTO write_comments (comment, post_id) VALUES ('Comment 46 for post 71', 46);
INSERT INTO read_comments (comment, post_id) VALUES ('Comment 46 for post 71', 46);
INSERT INTO write_comments (comment, post_id) VALUES ('Comment 47 for post 71', 47);
INSERT INTO read_comments (comment, post_id) VALUES ('Comment 47 for post 71', 47);
INSERT INTO write_comments (comment, post_id) VALUES ('Comment 48 for post 71', 48);
INSERT INTO read_comments (comment, post_id) VALUES ('Comment 48 for post 71', 48);
INSERT INTO write_comments (comment, post_id) VALUES ('Comment 49 for post 71', 49);
INSERT INTO read_comments (comment, post_id) VALUES ('Comment 49 for post 71', 49);
INSERT INTO write_comments (comment, post_id) VALUES ('Comment 50 for post 71', 50);
INSERT INTO read_comments (comment, post_id) VALUES ('Comment 50 for post 71', 50);
INSERT INTO write_comments (comment, post_id) VALUES ('Comment 51 for post 71', 51);
INSERT INTO read_comments (comment, post_id) VALUES ('Comment 51 for post 71', 51);
INSERT INTO write_comments (comment, post_id) VALUES ('Comment 52 for post 71', 52);
INSERT INTO read_comments (comment, post_id) VALUES ('Comment 52 for post 71', 52);
INSERT INTO write_comments (comment, post_id) VALUES ('Comment 53 for post 71', 53);
INSERT INTO read_comments (comment, post_id) VALUES ('Comment 53 for post 71', 53);
INSERT INTO write_comments (comment, post_id) VALUES ('Comment 54 for post 71', 54);
INSERT INTO read_comments (comment, post_id) VALUES ('Comment 54 for post 71', 54);
INSERT INTO write_comments (comment, post_id) VALUES ('Comment 55 for post 71', 55);
INSERT INTO read_comments (comment, post_id) VALUES ('Comment 55 for post 71', 55);
INSERT INTO write_comments (comment, post_id) VALUES ('Comment 56 for post 71', 56);
INSERT INTO read_comments (comment, post_id) VALUES ('Comment 56 for post 71', 56);
INSERT INTO write_comments (comment, post_id) VALUES ('Comment 57 for post 71', 57);
INSERT INTO read_comments (comment, post_id) VALUES ('Comment 57 for post 71', 57);
INSERT INTO write_comments (comment, post_id) VALUES ('Comment 58 for post 71', 58);
INSERT INTO read_comments (comment, post_id) VALUES ('Comment 58 for post 71', 58);
INSERT INTO write_comments (comment, post_id) VALUES ('Comment 59 for post 71', 59);
INSERT INTO read_comments (comment, post_id) VALUES ('Comment 59 for post 71', 59);
INSERT INTO write_comments (comment, post_id) VALUES ('Comment 60 for post 71', 60);
INSERT INTO read_comments (comment, post_id) VALUES ('Comment 60 for post 71', 60);
INSERT INTO write_comments (comment, post_id) VALUES ('Comment 61 for post 71', 61);
INSERT INTO read_comments (comment, post_id) VALUES ('Comment 61 for post 71', 61);
INSERT INTO write_comments (comment, post_id) VALUES ('Comment 62 for post 71', 62);
INSERT INTO read_comments (comment, post_id) VALUES ('Comment 62 for post 71', 62);
INSERT INTO write_comments (comment, post_id) VALUES ('Comment 63 for post 71', 63);
INSERT INTO read_comments (comment, post_id) VALUES ('Comment 63 for post 71', 63);
INSERT INTO write_comments (comment, post_id) VALUES ('Comment 64 for post 71', 64);
INSERT INTO read_comments (comment, post_id) VALUES ('Comment 64 for post 71', 64);
INSERT INTO write_comments (comment, post_id) VALUES ('Comment 65 for post 71', 65);
INSERT INTO read_comments (comment, post_id) VALUES ('Comment 65 for post 71', 65);
INSERT INTO write_comments (comment, post_id) VALUES ('Comment 66 for post 71', 66);
INSERT INTO read_comments (comment, post_id) VALUES ('Comment 66 for post 71', 66);
INSERT INTO write_comments (comment, post_id) VALUES ('Comment 67 for post 71', 67);
INSERT INTO read_comments (comment, post_id) VALUES ('Comment 67 for post 71', 67);
INSERT INTO write_comments (comment, post_id) VALUES ('Comment 68 for post 71', 68);
INSERT INTO read_comments (comment, post_id) VALUES ('Comment 68 for post 71', 68);
INSERT INTO write_comments (comment, post_id) VALUES ('Comment 69 for post 71', 69);
INSERT INTO read_comments (comment, post_id) VALUES ('Comment 69 for post 71', 69);
INSERT INTO write_comments (comment, post_id) VALUES ('Comment 70 for post 71', 70);
INSERT INTO read_comments (comment, post_id) VALUES ('Comment 70 for post 71', 70);
INSERT INTO write_comments (comment, post_id) VALUES ('Comment 71 for post 71', 71);
INSERT INTO read_comments (comment, post_id) VALUES ('Comment 71 for post 71', 71);
INSERT INTO write_comments (comment, post_id) VALUES ('Comment 72 for post 71', 72);
INSERT INTO read_comments (comment, post_id) VALUES ('Comment 72 for post 71', 72);
INSERT INTO write_comments (comment, post_id) VALUES ('Comment 73 for post 71', 73);
INSERT INTO read_comments (comment, post_id) VALUES ('Comment 73 for post 71', 73);
INSERT INTO write_comments (comment, post_id) VALUES ('Comment 74 for post 71', 74);
INSERT INTO read_comments (comment, post_id) VALUES ('Comment 74 for post 71', 74);
INSERT INTO write_comments (comment, post_id) VALUES ('Comment 75 for post 71', 75);
INSERT INTO read_comments (comment, post_id) VALUES ('Comment 75 for post 71', 75);
INSERT INTO write_comments (comment, post_id) VALUES ('Comment 76 for post 71', 76);
INSERT INTO read_comments (comment, post_id) VALUES ('Comment 76 for post 71', 76);
INSERT INTO write_comments (comment, post_id) VALUES ('Comment 77 for post 71', 77);
INSERT INTO read_comments (comment, post_id) VALUES ('Comment 77 for post 71', 77);
INSERT INTO write_comments (comment, post_id) VALUES ('Comment 78 for post 71', 78);
INSERT INTO read_comments (comment, post_id) VALUES ('Comment 78 for post 71', 78);
INSERT INTO write_comments (comment, post_id) VALUES ('Comment 79 for post 71', 79);
INSERT INTO read_comments (comment, post_id) VALUES ('Comment 79 for post 71', 79);
INSERT INTO write_comments (comment, post_id) VALUES ('Comment 80 for post 71', 80);
INSERT INTO read_comments (comment, post_id) VALUES ('Comment 80 for post 71', 80);
INSERT INTO write_comments (comment, post_id) VALUES ('Comment 81 for post 71', 81);
INSERT INTO read_comments (comment, post_id) VALUES ('Comment 81 for post 71', 81);
INSERT INTO write_comments (comment, post_id) VALUES ('Comment 82 for post 71', 82);
INSERT INTO read_comments (comment, post_id) VALUES ('Comment 82 for post 71', 82);
INSERT INTO write_comments (comment, post_id) VALUES ('Comment 83 for post 71', 83);
INSERT INTO read_comments (comment, post_id) VALUES ('Comment 83 for post 71', 83);
INSERT INTO write_comments (comment, post_id) VALUES ('Comment 84 for post 71', 84);
INSERT INTO read_comments (comment, post_id) VALUES ('Comment 84 for post 71', 84);
INSERT INTO write_comments (comment, post_id) VALUES ('Comment 85 for post 71', 85);
INSERT INTO read_comments (comment, post_id) VALUES ('Comment 85 for post 71', 85);
INSERT INTO write_comments (comment, post_id) VALUES ('Comment 86 for post 71', 86);
INSERT INTO read_comments (comment, post_id) VALUES ('Comment 86 for post 71', 86);
INSERT INTO write_comments (comment, post_id) VALUES ('Comment 87 for post 71', 87);
INSERT INTO read_comments (comment, post_id) VALUES ('Comment 87 for post 71', 87);
INSERT INTO write_comments (comment, post_id) VALUES ('Comment 88 for post 71', 88);
INSERT INTO read_comments (comment, post_id) VALUES ('Comment 88 for post 71', 88);
INSERT INTO write_comments (comment, post_id) VALUES ('Comment 89 for post 71', 89);
INSERT INTO read_comments (comment, post_id) VALUES ('Comment 89 for post 71', 89);
INSERT INTO write_comments (comment, post_id) VALUES ('Comment 90 for post 71', 90);
INSERT INTO read_comments (comment, post_id) VALUES ('Comment 90 for post 71', 90);
INSERT INTO write_comments (comment, post_id) VALUES ('Comment 91 for post 71', 91);
INSERT INTO read_comments (comment, post_id) VALUES ('Comment 91 for post 71', 91);
INSERT INTO write_comments (comment, post_id) VALUES ('Comment 92 for post 71', 92);
INSERT INTO read_comments (comment, post_id) VALUES ('Comment 92 for post 71', 92);
INSERT INTO write_comments (comment, post_id) VALUES ('Comment 93 for post 71', 93);
INSERT INTO read_comments (comment, post_id) VALUES ('Comment 93 for post 71', 93);
INSERT INTO write_comments (comment, post_id) VALUES ('Comment 94 for post 71', 94);
INSERT INTO read_comments (comment, post_id) VALUES ('Comment 94 for post 71', 94);
INSERT INTO write_comments (comment, post_id) VALUES ('Comment 95 for post 71', 95);
INSERT INTO read_comments (comment, post_id) VALUES ('Comment 95 for post 71', 95);
INSERT INTO write_comments (comment, post_id) VALUES ('Comment 96 for post 71', 96);
INSERT INTO read_comments (comment, post_id) VALUES ('Comment 96 for post 71', 96);
INSERT INTO write_comments (comment, post_id) VALUES ('Comment 97 for post 71', 97);
INSERT INTO read_comments (comment, post_id) VALUES ('Comment 97 for post 71', 97);
INSERT INTO write_comments (comment, post_id) VALUES ('Comment 98 for post 71', 98);
INSERT INTO read_comments (comment, post_id) VALUES ('Comment 98 for post 71', 98);
INSERT INTO write_comments (comment, post_id) VALUES ('Comment 99 for post 71', 99);
INSERT INTO read_comments (comment, post_id) VALUES ('Comment 99 for post 71', 99);
INSERT INTO write_comments (comment, post_id) VALUES ('Comment 100 for post 71', 100);
INSERT INTO read_comments (comment, post_id) VALUES ('Comment 100 for post 71', 100);
INSERT INTO write_comments (comment, post_id) VALUES ('Comment 1 for post 72', 1);
INSERT INTO read_comments (comment, post_id) VALUES ('Comment 1 for post 72', 1);
INSERT INTO write_comments (comment, post_id) VALUES ('Comment 2 for post 72', 2);
INSERT INTO read_comments (comment, post_id) VALUES ('Comment 2 for post 72', 2);
INSERT INTO write_comments (comment, post_id) VALUES ('Comment 3 for post 72', 3);
INSERT INTO read_comments (comment, post_id) VALUES ('Comment 3 for post 72', 3);
INSERT INTO write_comments (comment, post_id) VALUES ('Comment 4 for post 72', 4);
INSERT INTO read_comments (comment, post_id) VALUES ('Comment 4 for post 72', 4);
INSERT INTO write_comments (comment, post_id) VALUES ('Comment 5 for post 72', 5);
INSERT INTO read_comments (comment, post_id) VALUES ('Comment 5 for post 72', 5);
INSERT INTO write_comments (comment, post_id) VALUES ('Comment 6 for post 72', 6);
INSERT INTO read_comments (comment, post_id) VALUES ('Comment 6 for post 72', 6);
INSERT INTO write_comments (comment, post_id) VALUES ('Comment 7 for post 72', 7);
INSERT INTO read_comments (comment, post_id) VALUES ('Comment 7 for post 72', 7);
INSERT INTO write_comments (comment, post_id) VALUES ('Comment 8 for post 72', 8);
INSERT INTO read_comments (comment, post_id) VALUES ('Comment 8 for post 72', 8);
INSERT INTO write_comments (comment, post_id) VALUES ('Comment 9 for post 72', 9);
INSERT INTO read_comments (comment, post_id) VALUES ('Comment 9 for post 72', 9);
INSERT INTO write_comments (comment, post_id) VALUES ('Comment 10 for post 72', 10);
INSERT INTO read_comments (comment, post_id) VALUES ('Comment 10 for post 72', 10);
INSERT INTO write_comments (comment, post_id) VALUES ('Comment 11 for post 72', 11);
INSERT INTO read_comments (comment, post_id) VALUES ('Comment 11 for post 72', 11);
INSERT INTO write_comments (comment, post_id) VALUES ('Comment 12 for post 72', 12);
INSERT INTO read_comments (comment, post_id) VALUES ('Comment 12 for post 72', 12);
INSERT INTO write_comments (comment, post_id) VALUES ('Comment 13 for post 72', 13);
INSERT INTO read_comments (comment, post_id) VALUES ('Comment 13 for post 72', 13);
INSERT INTO write_comments (comment, post_id) VALUES ('Comment 14 for post 72', 14);
INSERT INTO read_comments (comment, post_id) VALUES ('Comment 14 for post 72', 14);
INSERT INTO write_comments (comment, post_id) VALUES ('Comment 15 for post 72', 15);
INSERT INTO read_comments (comment, post_id) VALUES ('Comment 15 for post 72', 15);
INSERT INTO write_comments (comment, post_id) VALUES ('Comment 16 for post 72', 16);
INSERT INTO read_comments (comment, post_id) VALUES ('Comment 16 for post 72', 16);
INSERT INTO write_comments (comment, post_id) VALUES ('Comment 17 for post 72', 17);
INSERT INTO read_comments (comment, post_id) VALUES ('Comment 17 for post 72', 17);
INSERT INTO write_comments (comment, post_id) VALUES ('Comment 18 for post 72', 18);
INSERT INTO read_comments (comment, post_id) VALUES ('Comment 18 for post 72', 18);
INSERT INTO write_comments (comment, post_id) VALUES ('Comment 19 for post 72', 19);
INSERT INTO read_comments (comment, post_id) VALUES ('Comment 19 for post 72', 19);
INSERT INTO write_comments (comment, post_id) VALUES ('Comment 20 for post 72', 20);
INSERT INTO read_comments (comment, post_id) VALUES ('Comment 20 for post 72', 20);
INSERT INTO write_comments (comment, post_id) VALUES ('Comment 21 for post 72', 21);
INSERT INTO read_comments (comment, post_id) VALUES ('Comment 21 for post 72', 21);
INSERT INTO write_comments (comment, post_id) VALUES ('Comment 22 for post 72', 22);
INSERT INTO read_comments (comment, post_id) VALUES ('Comment 22 for post 72', 22);
INSERT INTO write_comments (comment, post_id) VALUES ('Comment 23 for post 72', 23);
INSERT INTO read_comments (comment, post_id) VALUES ('Comment 23 for post 72', 23);
INSERT INTO write_comments (comment, post_id) VALUES ('Comment 24 for post 72', 24);
INSERT INTO read_comments (comment, post_id) VALUES ('Comment 24 for post 72', 24);
INSERT INTO write_comments (comment, post_id) VALUES ('Comment 25 for post 72', 25);
INSERT INTO read_comments (comment, post_id) VALUES ('Comment 25 for post 72', 25);
INSERT INTO write_comments (comment, post_id) VALUES ('Comment 26 for post 72', 26);
INSERT INTO read_comments (comment, post_id) VALUES ('Comment 26 for post 72', 26);
INSERT INTO write_comments (comment, post_id) VALUES ('Comment 27 for post 72', 27);
INSERT INTO read_comments (comment, post_id) VALUES ('Comment 27 for post 72', 27);
INSERT INTO write_comments (comment, post_id) VALUES ('Comment 28 for post 72', 28);
INSERT INTO read_comments (comment, post_id) VALUES ('Comment 28 for post 72', 28);
INSERT INTO write_comments (comment, post_id) VALUES ('Comment 29 for post 72', 29);
INSERT INTO read_comments (comment, post_id) VALUES ('Comment 29 for post 72', 29);
INSERT INTO write_comments (comment, post_id) VALUES ('Comment 30 for post 72', 30);
INSERT INTO read_comments (comment, post_id) VALUES ('Comment 30 for post 72', 30);
INSERT INTO write_comments (comment, post_id) VALUES ('Comment 31 for post 72', 31);
INSERT INTO read_comments (comment, post_id) VALUES ('Comment 31 for post 72', 31);
INSERT INTO write_comments (comment, post_id) VALUES ('Comment 32 for post 72', 32);
INSERT INTO read_comments (comment, post_id) VALUES ('Comment 32 for post 72', 32);
INSERT INTO write_comments (comment, post_id) VALUES ('Comment 33 for post 72', 33);
INSERT INTO read_comments (comment, post_id) VALUES ('Comment 33 for post 72', 33);
INSERT INTO write_comments (comment, post_id) VALUES ('Comment 34 for post 72', 34);
INSERT INTO read_comments (comment, post_id) VALUES ('Comment 34 for post 72', 34);
INSERT INTO write_comments (comment, post_id) VALUES ('Comment 35 for post 72', 35);
INSERT INTO read_comments (comment, post_id) VALUES ('Comment 35 for post 72', 35);
INSERT INTO write_comments (comment, post_id) VALUES ('Comment 36 for post 72', 36);
INSERT INTO read_comments (comment, post_id) VALUES ('Comment 36 for post 72', 36);
INSERT INTO write_comments (comment, post_id) VALUES ('Comment 37 for post 72', 37);
INSERT INTO read_comments (comment, post_id) VALUES ('Comment 37 for post 72', 37);
INSERT INTO write_comments (comment, post_id) VALUES ('Comment 38 for post 72', 38);
INSERT INTO read_comments (comment, post_id) VALUES ('Comment 38 for post 72', 38);
INSERT INTO write_comments (comment, post_id) VALUES ('Comment 39 for post 72', 39);
INSERT INTO read_comments (comment, post_id) VALUES ('Comment 39 for post 72', 39);
INSERT INTO write_comments (comment, post_id) VALUES ('Comment 40 for post 72', 40);
INSERT INTO read_comments (comment, post_id) VALUES ('Comment 40 for post 72', 40);
INSERT INTO write_comments (comment, post_id) VALUES ('Comment 41 for post 72', 41);
INSERT INTO read_comments (comment, post_id) VALUES ('Comment 41 for post 72', 41);
INSERT INTO write_comments (comment, post_id) VALUES ('Comment 42 for post 72', 42);
INSERT INTO read_comments (comment, post_id) VALUES ('Comment 42 for post 72', 42);
INSERT INTO write_comments (comment, post_id) VALUES ('Comment 43 for post 72', 43);
INSERT INTO read_comments (comment, post_id) VALUES ('Comment 43 for post 72', 43);
INSERT INTO write_comments (comment, post_id) VALUES ('Comment 44 for post 72', 44);
INSERT INTO read_comments (comment, post_id) VALUES ('Comment 44 for post 72', 44);
INSERT INTO write_comments (comment, post_id) VALUES ('Comment 45 for post 72', 45);
INSERT INTO read_comments (comment, post_id) VALUES ('Comment 45 for post 72', 45);
INSERT INTO write_comments (comment, post_id) VALUES ('Comment 46 for post 72', 46);
INSERT INTO read_comments (comment, post_id) VALUES ('Comment 46 for post 72', 46);
INSERT INTO write_comments (comment, post_id) VALUES ('Comment 47 for post 72', 47);
INSERT INTO read_comments (comment, post_id) VALUES ('Comment 47 for post 72', 47);
INSERT INTO write_comments (comment, post_id) VALUES ('Comment 48 for post 72', 48);
INSERT INTO read_comments (comment, post_id) VALUES ('Comment 48 for post 72', 48);
INSERT INTO write_comments (comment, post_id) VALUES ('Comment 49 for post 72', 49);
INSERT INTO read_comments (comment, post_id) VALUES ('Comment 49 for post 72', 49);
INSERT INTO write_comments (comment, post_id) VALUES ('Comment 50 for post 72', 50);
INSERT INTO read_comments (comment, post_id) VALUES ('Comment 50 for post 72', 50);
INSERT INTO write_comments (comment, post_id) VALUES ('Comment 51 for post 72', 51);
INSERT INTO read_comments (comment, post_id) VALUES ('Comment 51 for post 72', 51);
INSERT INTO write_comments (comment, post_id) VALUES ('Comment 52 for post 72', 52);
INSERT INTO read_comments (comment, post_id) VALUES ('Comment 52 for post 72', 52);
INSERT INTO write_comments (comment, post_id) VALUES ('Comment 53 for post 72', 53);
INSERT INTO read_comments (comment, post_id) VALUES ('Comment 53 for post 72', 53);
INSERT INTO write_comments (comment, post_id) VALUES ('Comment 54 for post 72', 54);
INSERT INTO read_comments (comment, post_id) VALUES ('Comment 54 for post 72', 54);
INSERT INTO write_comments (comment, post_id) VALUES ('Comment 55 for post 72', 55);
INSERT INTO read_comments (comment, post_id) VALUES ('Comment 55 for post 72', 55);
INSERT INTO write_comments (comment, post_id) VALUES ('Comment 56 for post 72', 56);
INSERT INTO read_comments (comment, post_id) VALUES ('Comment 56 for post 72', 56);
INSERT INTO write_comments (comment, post_id) VALUES ('Comment 57 for post 72', 57);
INSERT INTO read_comments (comment, post_id) VALUES ('Comment 57 for post 72', 57);
INSERT INTO write_comments (comment, post_id) VALUES ('Comment 58 for post 72', 58);
INSERT INTO read_comments (comment, post_id) VALUES ('Comment 58 for post 72', 58);
INSERT INTO write_comments (comment, post_id) VALUES ('Comment 59 for post 72', 59);
INSERT INTO read_comments (comment, post_id) VALUES ('Comment 59 for post 72', 59);
INSERT INTO write_comments (comment, post_id) VALUES ('Comment 60 for post 72', 60);
INSERT INTO read_comments (comment, post_id) VALUES ('Comment 60 for post 72', 60);
INSERT INTO write_comments (comment, post_id) VALUES ('Comment 61 for post 72', 61);
INSERT INTO read_comments (comment, post_id) VALUES ('Comment 61 for post 72', 61);
INSERT INTO write_comments (comment, post_id) VALUES ('Comment 62 for post 72', 62);
INSERT INTO read_comments (comment, post_id) VALUES ('Comment 62 for post 72', 62);
INSERT INTO write_comments (comment, post_id) VALUES ('Comment 63 for post 72', 63);
INSERT INTO read_comments (comment, post_id) VALUES ('Comment 63 for post 72', 63);
INSERT INTO write_comments (comment, post_id) VALUES ('Comment 64 for post 72', 64);
INSERT INTO read_comments (comment, post_id) VALUES ('Comment 64 for post 72', 64);
INSERT INTO write_comments (comment, post_id) VALUES ('Comment 65 for post 72', 65);
INSERT INTO read_comments (comment, post_id) VALUES ('Comment 65 for post 72', 65);
INSERT INTO write_comments (comment, post_id) VALUES ('Comment 66 for post 72', 66);
INSERT INTO read_comments (comment, post_id) VALUES ('Comment 66 for post 72', 66);
INSERT INTO write_comments (comment, post_id) VALUES ('Comment 67 for post 72', 67);
INSERT INTO read_comments (comment, post_id) VALUES ('Comment 67 for post 72', 67);
INSERT INTO write_comments (comment, post_id) VALUES ('Comment 68 for post 72', 68);
INSERT INTO read_comments (comment, post_id) VALUES ('Comment 68 for post 72', 68);
INSERT INTO write_comments (comment, post_id) VALUES ('Comment 69 for post 72', 69);
INSERT INTO read_comments (comment, post_id) VALUES ('Comment 69 for post 72', 69);
INSERT INTO write_comments (comment, post_id) VALUES ('Comment 70 for post 72', 70);
INSERT INTO read_comments (comment, post_id) VALUES ('Comment 70 for post 72', 70);
INSERT INTO write_comments (comment, post_id) VALUES ('Comment 71 for post 72', 71);
INSERT INTO read_comments (comment, post_id) VALUES ('Comment 71 for post 72', 71);
INSERT INTO write_comments (comment, post_id) VALUES ('Comment 72 for post 72', 72);
INSERT INTO read_comments (comment, post_id) VALUES ('Comment 72 for post 72', 72);
INSERT INTO write_comments (comment, post_id) VALUES ('Comment 73 for post 72', 73);
INSERT INTO read_comments (comment, post_id) VALUES ('Comment 73 for post 72', 73);
INSERT INTO write_comments (comment, post_id) VALUES ('Comment 74 for post 72', 74);
INSERT INTO read_comments (comment, post_id) VALUES ('Comment 74 for post 72', 74);
INSERT INTO write_comments (comment, post_id) VALUES ('Comment 75 for post 72', 75);
INSERT INTO read_comments (comment, post_id) VALUES ('Comment 75 for post 72', 75);
INSERT INTO write_comments (comment, post_id) VALUES ('Comment 76 for post 72', 76);
INSERT INTO read_comments (comment, post_id) VALUES ('Comment 76 for post 72', 76);
INSERT INTO write_comments (comment, post_id) VALUES ('Comment 77 for post 72', 77);
INSERT INTO read_comments (comment, post_id) VALUES ('Comment 77 for post 72', 77);
INSERT INTO write_comments (comment, post_id) VALUES ('Comment 78 for post 72', 78);
INSERT INTO read_comments (comment, post_id) VALUES ('Comment 78 for post 72', 78);
INSERT INTO write_comments (comment, post_id) VALUES ('Comment 79 for post 72', 79);
INSERT INTO read_comments (comment, post_id) VALUES ('Comment 79 for post 72', 79);
INSERT INTO write_comments (comment, post_id) VALUES ('Comment 80 for post 72', 80);
INSERT INTO read_comments (comment, post_id) VALUES ('Comment 80 for post 72', 80);
INSERT INTO write_comments (comment, post_id) VALUES ('Comment 81 for post 72', 81);
INSERT INTO read_comments (comment, post_id) VALUES ('Comment 81 for post 72', 81);
INSERT INTO write_comments (comment, post_id) VALUES ('Comment 82 for post 72', 82);
INSERT INTO read_comments (comment, post_id) VALUES ('Comment 82 for post 72', 82);
INSERT INTO write_comments (comment, post_id) VALUES ('Comment 83 for post 72', 83);
INSERT INTO read_comments (comment, post_id) VALUES ('Comment 83 for post 72', 83);
INSERT INTO write_comments (comment, post_id) VALUES ('Comment 84 for post 72', 84);
INSERT INTO read_comments (comment, post_id) VALUES ('Comment 84 for post 72', 84);
INSERT INTO write_comments (comment, post_id) VALUES ('Comment 85 for post 72', 85);
INSERT INTO read_comments (comment, post_id) VALUES ('Comment 85 for post 72', 85);
INSERT INTO write_comments (comment, post_id) VALUES ('Comment 86 for post 72', 86);
INSERT INTO read_comments (comment, post_id) VALUES ('Comment 86 for post 72', 86);
INSERT INTO write_comments (comment, post_id) VALUES ('Comment 87 for post 72', 87);
INSERT INTO read_comments (comment, post_id) VALUES ('Comment 87 for post 72', 87);
INSERT INTO write_comments (comment, post_id) VALUES ('Comment 88 for post 72', 88);
INSERT INTO read_comments (comment, post_id) VALUES ('Comment 88 for post 72', 88);
INSERT INTO write_comments (comment, post_id) VALUES ('Comment 89 for post 72', 89);
INSERT INTO read_comments (comment, post_id) VALUES ('Comment 89 for post 72', 89);
INSERT INTO write_comments (comment, post_id) VALUES ('Comment 90 for post 72', 90);
INSERT INTO read_comments (comment, post_id) VALUES ('Comment 90 for post 72', 90);
INSERT INTO write_comments (comment, post_id) VALUES ('Comment 91 for post 72', 91);
INSERT INTO read_comments (comment, post_id) VALUES ('Comment 91 for post 72', 91);
INSERT INTO write_comments (comment, post_id) VALUES ('Comment 92 for post 72', 92);
INSERT INTO read_comments (comment, post_id) VALUES ('Comment 92 for post 72', 92);
INSERT INTO write_comments (comment, post_id) VALUES ('Comment 93 for post 72', 93);
INSERT INTO read_comments (comment, post_id) VALUES ('Comment 93 for post 72', 93);
INSERT INTO write_comments (comment, post_id) VALUES ('Comment 94 for post 72', 94);
INSERT INTO read_comments (comment, post_id) VALUES ('Comment 94 for post 72', 94);
INSERT INTO write_comments (comment, post_id) VALUES ('Comment 95 for post 72', 95);
INSERT INTO read_comments (comment, post_id) VALUES ('Comment 95 for post 72', 95);
INSERT INTO write_comments (comment, post_id) VALUES ('Comment 96 for post 72', 96);
INSERT INTO read_comments (comment, post_id) VALUES ('Comment 96 for post 72', 96);
INSERT INTO write_comments (comment, post_id) VALUES ('Comment 97 for post 72', 97);
INSERT INTO read_comments (comment, post_id) VALUES ('Comment 97 for post 72', 97);
INSERT INTO write_comments (comment, post_id) VALUES ('Comment 98 for post 72', 98);
INSERT INTO read_comments (comment, post_id) VALUES ('Comment 98 for post 72', 98);
INSERT INTO write_comments (comment, post_id) VALUES ('Comment 99 for post 72', 99);
INSERT INTO read_comments (comment, post_id) VALUES ('Comment 99 for post 72', 99);
INSERT INTO write_comments (comment, post_id) VALUES ('Comment 100 for post 72', 100);
INSERT INTO read_comments (comment, post_id) VALUES ('Comment 100 for post 72', 100);
INSERT INTO write_comments (comment, post_id) VALUES ('Comment 1 for post 73', 1);
INSERT INTO read_comments (comment, post_id) VALUES ('Comment 1 for post 73', 1);
INSERT INTO write_comments (comment, post_id) VALUES ('Comment 2 for post 73', 2);
INSERT INTO read_comments (comment, post_id) VALUES ('Comment 2 for post 73', 2);
INSERT INTO write_comments (comment, post_id) VALUES ('Comment 3 for post 73', 3);
INSERT INTO read_comments (comment, post_id) VALUES ('Comment 3 for post 73', 3);
INSERT INTO write_comments (comment, post_id) VALUES ('Comment 4 for post 73', 4);
INSERT INTO read_comments (comment, post_id) VALUES ('Comment 4 for post 73', 4);
INSERT INTO write_comments (comment, post_id) VALUES ('Comment 5 for post 73', 5);
INSERT INTO read_comments (comment, post_id) VALUES ('Comment 5 for post 73', 5);
INSERT INTO write_comments (comment, post_id) VALUES ('Comment 6 for post 73', 6);
INSERT INTO read_comments (comment, post_id) VALUES ('Comment 6 for post 73', 6);
INSERT INTO write_comments (comment, post_id) VALUES ('Comment 7 for post 73', 7);
INSERT INTO read_comments (comment, post_id) VALUES ('Comment 7 for post 73', 7);
INSERT INTO write_comments (comment, post_id) VALUES ('Comment 8 for post 73', 8);
INSERT INTO read_comments (comment, post_id) VALUES ('Comment 8 for post 73', 8);
INSERT INTO write_comments (comment, post_id) VALUES ('Comment 9 for post 73', 9);
INSERT INTO read_comments (comment, post_id) VALUES ('Comment 9 for post 73', 9);
INSERT INTO write_comments (comment, post_id) VALUES ('Comment 10 for post 73', 10);
INSERT INTO read_comments (comment, post_id) VALUES ('Comment 10 for post 73', 10);
INSERT INTO write_comments (comment, post_id) VALUES ('Comment 11 for post 73', 11);
INSERT INTO read_comments (comment, post_id) VALUES ('Comment 11 for post 73', 11);
INSERT INTO write_comments (comment, post_id) VALUES ('Comment 12 for post 73', 12);
INSERT INTO read_comments (comment, post_id) VALUES ('Comment 12 for post 73', 12);
INSERT INTO write_comments (comment, post_id) VALUES ('Comment 13 for post 73', 13);
INSERT INTO read_comments (comment, post_id) VALUES ('Comment 13 for post 73', 13);
INSERT INTO write_comments (comment, post_id) VALUES ('Comment 14 for post 73', 14);
INSERT INTO read_comments (comment, post_id) VALUES ('Comment 14 for post 73', 14);
INSERT INTO write_comments (comment, post_id) VALUES ('Comment 15 for post 73', 15);
INSERT INTO read_comments (comment, post_id) VALUES ('Comment 15 for post 73', 15);
INSERT INTO write_comments (comment, post_id) VALUES ('Comment 16 for post 73', 16);
INSERT INTO read_comments (comment, post_id) VALUES ('Comment 16 for post 73', 16);
INSERT INTO write_comments (comment, post_id) VALUES ('Comment 17 for post 73', 17);
INSERT INTO read_comments (comment, post_id) VALUES ('Comment 17 for post 73', 17);
INSERT INTO write_comments (comment, post_id) VALUES ('Comment 18 for post 73', 18);
INSERT INTO read_comments (comment, post_id) VALUES ('Comment 18 for post 73', 18);
INSERT INTO write_comments (comment, post_id) VALUES ('Comment 19 for post 73', 19);
INSERT INTO read_comments (comment, post_id) VALUES ('Comment 19 for post 73', 19);
INSERT INTO write_comments (comment, post_id) VALUES ('Comment 20 for post 73', 20);
INSERT INTO read_comments (comment, post_id) VALUES ('Comment 20 for post 73', 20);
INSERT INTO write_comments (comment, post_id) VALUES ('Comment 21 for post 73', 21);
INSERT INTO read_comments (comment, post_id) VALUES ('Comment 21 for post 73', 21);
INSERT INTO write_comments (comment, post_id) VALUES ('Comment 22 for post 73', 22);
INSERT INTO read_comments (comment, post_id) VALUES ('Comment 22 for post 73', 22);
INSERT INTO write_comments (comment, post_id) VALUES ('Comment 23 for post 73', 23);
INSERT INTO read_comments (comment, post_id) VALUES ('Comment 23 for post 73', 23);
INSERT INTO write_comments (comment, post_id) VALUES ('Comment 24 for post 73', 24);
INSERT INTO read_comments (comment, post_id) VALUES ('Comment 24 for post 73', 24);
INSERT INTO write_comments (comment, post_id) VALUES ('Comment 25 for post 73', 25);
INSERT INTO read_comments (comment, post_id) VALUES ('Comment 25 for post 73', 25);
INSERT INTO write_comments (comment, post_id) VALUES ('Comment 26 for post 73', 26);
INSERT INTO read_comments (comment, post_id) VALUES ('Comment 26 for post 73', 26);
INSERT INTO write_comments (comment, post_id) VALUES ('Comment 27 for post 73', 27);
INSERT INTO read_comments (comment, post_id) VALUES ('Comment 27 for post 73', 27);
INSERT INTO write_comments (comment, post_id) VALUES ('Comment 28 for post 73', 28);
INSERT INTO read_comments (comment, post_id) VALUES ('Comment 28 for post 73', 28);
INSERT INTO write_comments (comment, post_id) VALUES ('Comment 29 for post 73', 29);
INSERT INTO read_comments (comment, post_id) VALUES ('Comment 29 for post 73', 29);
INSERT INTO write_comments (comment, post_id) VALUES ('Comment 30 for post 73', 30);
INSERT INTO read_comments (comment, post_id) VALUES ('Comment 30 for post 73', 30);
INSERT INTO write_comments (comment, post_id) VALUES ('Comment 31 for post 73', 31);
INSERT INTO read_comments (comment, post_id) VALUES ('Comment 31 for post 73', 31);
INSERT INTO write_comments (comment, post_id) VALUES ('Comment 32 for post 73', 32);
INSERT INTO read_comments (comment, post_id) VALUES ('Comment 32 for post 73', 32);
INSERT INTO write_comments (comment, post_id) VALUES ('Comment 33 for post 73', 33);
INSERT INTO read_comments (comment, post_id) VALUES ('Comment 33 for post 73', 33);
INSERT INTO write_comments (comment, post_id) VALUES ('Comment 34 for post 73', 34);
INSERT INTO read_comments (comment, post_id) VALUES ('Comment 34 for post 73', 34);
INSERT INTO write_comments (comment, post_id) VALUES ('Comment 35 for post 73', 35);
INSERT INTO read_comments (comment, post_id) VALUES ('Comment 35 for post 73', 35);
INSERT INTO write_comments (comment, post_id) VALUES ('Comment 36 for post 73', 36);
INSERT INTO read_comments (comment, post_id) VALUES ('Comment 36 for post 73', 36);
INSERT INTO write_comments (comment, post_id) VALUES ('Comment 37 for post 73', 37);
INSERT INTO read_comments (comment, post_id) VALUES ('Comment 37 for post 73', 37);
INSERT INTO write_comments (comment, post_id) VALUES ('Comment 38 for post 73', 38);
INSERT INTO read_comments (comment, post_id) VALUES ('Comment 38 for post 73', 38);
INSERT INTO write_comments (comment, post_id) VALUES ('Comment 39 for post 73', 39);
INSERT INTO read_comments (comment, post_id) VALUES ('Comment 39 for post 73', 39);
INSERT INTO write_comments (comment, post_id) VALUES ('Comment 40 for post 73', 40);
INSERT INTO read_comments (comment, post_id) VALUES ('Comment 40 for post 73', 40);
INSERT INTO write_comments (comment, post_id) VALUES ('Comment 41 for post 73', 41);
INSERT INTO read_comments (comment, post_id) VALUES ('Comment 41 for post 73', 41);
INSERT INTO write_comments (comment, post_id) VALUES ('Comment 42 for post 73', 42);
INSERT INTO read_comments (comment, post_id) VALUES ('Comment 42 for post 73', 42);
INSERT INTO write_comments (comment, post_id) VALUES ('Comment 43 for post 73', 43);
INSERT INTO read_comments (comment, post_id) VALUES ('Comment 43 for post 73', 43);
INSERT INTO write_comments (comment, post_id) VALUES ('Comment 44 for post 73', 44);
INSERT INTO read_comments (comment, post_id) VALUES ('Comment 44 for post 73', 44);
INSERT INTO write_comments (comment, post_id) VALUES ('Comment 45 for post 73', 45);
INSERT INTO read_comments (comment, post_id) VALUES ('Comment 45 for post 73', 45);
INSERT INTO write_comments (comment, post_id) VALUES ('Comment 46 for post 73', 46);
INSERT INTO read_comments (comment, post_id) VALUES ('Comment 46 for post 73', 46);
INSERT INTO write_comments (comment, post_id) VALUES ('Comment 47 for post 73', 47);
INSERT INTO read_comments (comment, post_id) VALUES ('Comment 47 for post 73', 47);
INSERT INTO write_comments (comment, post_id) VALUES ('Comment 48 for post 73', 48);
INSERT INTO read_comments (comment, post_id) VALUES ('Comment 48 for post 73', 48);
INSERT INTO write_comments (comment, post_id) VALUES ('Comment 49 for post 73', 49);
INSERT INTO read_comments (comment, post_id) VALUES ('Comment 49 for post 73', 49);
INSERT INTO write_comments (comment, post_id) VALUES ('Comment 50 for post 73', 50);
INSERT INTO read_comments (comment, post_id) VALUES ('Comment 50 for post 73', 50);
INSERT INTO write_comments (comment, post_id) VALUES ('Comment 51 for post 73', 51);
INSERT INTO read_comments (comment, post_id) VALUES ('Comment 51 for post 73', 51);
INSERT INTO write_comments (comment, post_id) VALUES ('Comment 52 for post 73', 52);
INSERT INTO read_comments (comment, post_id) VALUES ('Comment 52 for post 73', 52);
INSERT INTO write_comments (comment, post_id) VALUES ('Comment 53 for post 73', 53);
INSERT INTO read_comments (comment, post_id) VALUES ('Comment 53 for post 73', 53);
INSERT INTO write_comments (comment, post_id) VALUES ('Comment 54 for post 73', 54);
INSERT INTO read_comments (comment, post_id) VALUES ('Comment 54 for post 73', 54);
INSERT INTO write_comments (comment, post_id) VALUES ('Comment 55 for post 73', 55);
INSERT INTO read_comments (comment, post_id) VALUES ('Comment 55 for post 73', 55);
INSERT INTO write_comments (comment, post_id) VALUES ('Comment 56 for post 73', 56);
INSERT INTO read_comments (comment, post_id) VALUES ('Comment 56 for post 73', 56);
INSERT INTO write_comments (comment, post_id) VALUES ('Comment 57 for post 73', 57);
INSERT INTO read_comments (comment, post_id) VALUES ('Comment 57 for post 73', 57);
INSERT INTO write_comments (comment, post_id) VALUES ('Comment 58 for post 73', 58);
INSERT INTO read_comments (comment, post_id) VALUES ('Comment 58 for post 73', 58);
INSERT INTO write_comments (comment, post_id) VALUES ('Comment 59 for post 73', 59);
INSERT INTO read_comments (comment, post_id) VALUES ('Comment 59 for post 73', 59);
INSERT INTO write_comments (comment, post_id) VALUES ('Comment 60 for post 73', 60);
INSERT INTO read_comments (comment, post_id) VALUES ('Comment 60 for post 73', 60);
INSERT INTO write_comments (comment, post_id) VALUES ('Comment 61 for post 73', 61);
INSERT INTO read_comments (comment, post_id) VALUES ('Comment 61 for post 73', 61);
INSERT INTO write_comments (comment, post_id) VALUES ('Comment 62 for post 73', 62);
INSERT INTO read_comments (comment, post_id) VALUES ('Comment 62 for post 73', 62);
INSERT INTO write_comments (comment, post_id) VALUES ('Comment 63 for post 73', 63);
INSERT INTO read_comments (comment, post_id) VALUES ('Comment 63 for post 73', 63);
INSERT INTO write_comments (comment, post_id) VALUES ('Comment 64 for post 73', 64);
INSERT INTO read_comments (comment, post_id) VALUES ('Comment 64 for post 73', 64);
INSERT INTO write_comments (comment, post_id) VALUES ('Comment 65 for post 73', 65);
INSERT INTO read_comments (comment, post_id) VALUES ('Comment 65 for post 73', 65);
INSERT INTO write_comments (comment, post_id) VALUES ('Comment 66 for post 73', 66);
INSERT INTO read_comments (comment, post_id) VALUES ('Comment 66 for post 73', 66);
INSERT INTO write_comments (comment, post_id) VALUES ('Comment 67 for post 73', 67);
INSERT INTO read_comments (comment, post_id) VALUES ('Comment 67 for post 73', 67);
INSERT INTO write_comments (comment, post_id) VALUES ('Comment 68 for post 73', 68);
INSERT INTO read_comments (comment, post_id) VALUES ('Comment 68 for post 73', 68);
INSERT INTO write_comments (comment, post_id) VALUES ('Comment 69 for post 73', 69);
INSERT INTO read_comments (comment, post_id) VALUES ('Comment 69 for post 73', 69);
INSERT INTO write_comments (comment, post_id) VALUES ('Comment 70 for post 73', 70);
INSERT INTO read_comments (comment, post_id) VALUES ('Comment 70 for post 73', 70);
INSERT INTO write_comments (comment, post_id) VALUES ('Comment 71 for post 73', 71);
INSERT INTO read_comments (comment, post_id) VALUES ('Comment 71 for post 73', 71);
INSERT INTO write_comments (comment, post_id) VALUES ('Comment 72 for post 73', 72);
INSERT INTO read_comments (comment, post_id) VALUES ('Comment 72 for post 73', 72);
INSERT INTO write_comments (comment, post_id) VALUES ('Comment 73 for post 73', 73);
INSERT INTO read_comments (comment, post_id) VALUES ('Comment 73 for post 73', 73);
INSERT INTO write_comments (comment, post_id) VALUES ('Comment 74 for post 73', 74);
INSERT INTO read_comments (comment, post_id) VALUES ('Comment 74 for post 73', 74);
INSERT INTO write_comments (comment, post_id) VALUES ('Comment 75 for post 73', 75);
INSERT INTO read_comments (comment, post_id) VALUES ('Comment 75 for post 73', 75);
INSERT INTO write_comments (comment, post_id) VALUES ('Comment 76 for post 73', 76);
INSERT INTO read_comments (comment, post_id) VALUES ('Comment 76 for post 73', 76);
INSERT INTO write_comments (comment, post_id) VALUES ('Comment 77 for post 73', 77);
INSERT INTO read_comments (comment, post_id) VALUES ('Comment 77 for post 73', 77);
INSERT INTO write_comments (comment, post_id) VALUES ('Comment 78 for post 73', 78);
INSERT INTO read_comments (comment, post_id) VALUES ('Comment 78 for post 73', 78);
INSERT INTO write_comments (comment, post_id) VALUES ('Comment 79 for post 73', 79);
INSERT INTO read_comments (comment, post_id) VALUES ('Comment 79 for post 73', 79);
INSERT INTO write_comments (comment, post_id) VALUES ('Comment 80 for post 73', 80);
INSERT INTO read_comments (comment, post_id) VALUES ('Comment 80 for post 73', 80);
INSERT INTO write_comments (comment, post_id) VALUES ('Comment 81 for post 73', 81);
INSERT INTO read_comments (comment, post_id) VALUES ('Comment 81 for post 73', 81);
INSERT INTO write_comments (comment, post_id) VALUES ('Comment 82 for post 73', 82);
INSERT INTO read_comments (comment, post_id) VALUES ('Comment 82 for post 73', 82);
INSERT INTO write_comments (comment, post_id) VALUES ('Comment 83 for post 73', 83);
INSERT INTO read_comments (comment, post_id) VALUES ('Comment 83 for post 73', 83);
INSERT INTO write_comments (comment, post_id) VALUES ('Comment 84 for post 73', 84);
INSERT INTO read_comments (comment, post_id) VALUES ('Comment 84 for post 73', 84);
INSERT INTO write_comments (comment, post_id) VALUES ('Comment 85 for post 73', 85);
INSERT INTO read_comments (comment, post_id) VALUES ('Comment 85 for post 73', 85);
INSERT INTO write_comments (comment, post_id) VALUES ('Comment 86 for post 73', 86);
INSERT INTO read_comments (comment, post_id) VALUES ('Comment 86 for post 73', 86);
INSERT INTO write_comments (comment, post_id) VALUES ('Comment 87 for post 73', 87);
INSERT INTO read_comments (comment, post_id) VALUES ('Comment 87 for post 73', 87);
INSERT INTO write_comments (comment, post_id) VALUES ('Comment 88 for post 73', 88);
INSERT INTO read_comments (comment, post_id) VALUES ('Comment 88 for post 73', 88);
INSERT INTO write_comments (comment, post_id) VALUES ('Comment 89 for post 73', 89);
INSERT INTO read_comments (comment, post_id) VALUES ('Comment 89 for post 73', 89);
INSERT INTO write_comments (comment, post_id) VALUES ('Comment 90 for post 73', 90);
INSERT INTO read_comments (comment, post_id) VALUES ('Comment 90 for post 73', 90);
INSERT INTO write_comments (comment, post_id) VALUES ('Comment 91 for post 73', 91);
INSERT INTO read_comments (comment, post_id) VALUES ('Comment 91 for post 73', 91);
INSERT INTO write_comments (comment, post_id) VALUES ('Comment 92 for post 73', 92);
INSERT INTO read_comments (comment, post_id) VALUES ('Comment 92 for post 73', 92);
INSERT INTO write_comments (comment, post_id) VALUES ('Comment 93 for post 73', 93);
INSERT INTO read_comments (comment, post_id) VALUES ('Comment 93 for post 73', 93);
INSERT INTO write_comments (comment, post_id) VALUES ('Comment 94 for post 73', 94);
INSERT INTO read_comments (comment, post_id) VALUES ('Comment 94 for post 73', 94);
INSERT INTO write_comments (comment, post_id) VALUES ('Comment 95 for post 73', 95);
INSERT INTO read_comments (comment, post_id) VALUES ('Comment 95 for post 73', 95);
INSERT INTO write_comments (comment, post_id) VALUES ('Comment 96 for post 73', 96);
INSERT INTO read_comments (comment, post_id) VALUES ('Comment 96 for post 73', 96);
INSERT INTO write_comments (comment, post_id) VALUES ('Comment 97 for post 73', 97);
INSERT INTO read_comments (comment, post_id) VALUES ('Comment 97 for post 73', 97);
INSERT INTO write_comments (comment, post_id) VALUES ('Comment 98 for post 73', 98);
INSERT INTO read_comments (comment, post_id) VALUES ('Comment 98 for post 73', 98);
INSERT INTO write_comments (comment, post_id) VALUES ('Comment 99 for post 73', 99);
INSERT INTO read_comments (comment, post_id) VALUES ('Comment 99 for post 73', 99);
INSERT INTO write_comments (comment, post_id) VALUES ('Comment 100 for post 73', 100);
INSERT INTO read_comments (comment, post_id) VALUES ('Comment 100 for post 73', 100);
INSERT INTO write_comments (comment, post_id) VALUES ('Comment 1 for post 74', 1);
INSERT INTO read_comments (comment, post_id) VALUES ('Comment 1 for post 74', 1);
INSERT INTO write_comments (comment, post_id) VALUES ('Comment 2 for post 74', 2);
INSERT INTO read_comments (comment, post_id) VALUES ('Comment 2 for post 74', 2);
INSERT INTO write_comments (comment, post_id) VALUES ('Comment 3 for post 74', 3);
INSERT INTO read_comments (comment, post_id) VALUES ('Comment 3 for post 74', 3);
INSERT INTO write_comments (comment, post_id) VALUES ('Comment 4 for post 74', 4);
INSERT INTO read_comments (comment, post_id) VALUES ('Comment 4 for post 74', 4);
INSERT INTO write_comments (comment, post_id) VALUES ('Comment 5 for post 74', 5);
INSERT INTO read_comments (comment, post_id) VALUES ('Comment 5 for post 74', 5);
INSERT INTO write_comments (comment, post_id) VALUES ('Comment 6 for post 74', 6);
INSERT INTO read_comments (comment, post_id) VALUES ('Comment 6 for post 74', 6);
INSERT INTO write_comments (comment, post_id) VALUES ('Comment 7 for post 74', 7);
INSERT INTO read_comments (comment, post_id) VALUES ('Comment 7 for post 74', 7);
INSERT INTO write_comments (comment, post_id) VALUES ('Comment 8 for post 74', 8);
INSERT INTO read_comments (comment, post_id) VALUES ('Comment 8 for post 74', 8);
INSERT INTO write_comments (comment, post_id) VALUES ('Comment 9 for post 74', 9);
INSERT INTO read_comments (comment, post_id) VALUES ('Comment 9 for post 74', 9);
INSERT INTO write_comments (comment, post_id) VALUES ('Comment 10 for post 74', 10);
INSERT INTO read_comments (comment, post_id) VALUES ('Comment 10 for post 74', 10);
INSERT INTO write_comments (comment, post_id) VALUES ('Comment 11 for post 74', 11);
INSERT INTO read_comments (comment, post_id) VALUES ('Comment 11 for post 74', 11);
INSERT INTO write_comments (comment, post_id) VALUES ('Comment 12 for post 74', 12);
INSERT INTO read_comments (comment, post_id) VALUES ('Comment 12 for post 74', 12);
INSERT INTO write_comments (comment, post_id) VALUES ('Comment 13 for post 74', 13);
INSERT INTO read_comments (comment, post_id) VALUES ('Comment 13 for post 74', 13);
INSERT INTO write_comments (comment, post_id) VALUES ('Comment 14 for post 74', 14);
INSERT INTO read_comments (comment, post_id) VALUES ('Comment 14 for post 74', 14);
INSERT INTO write_comments (comment, post_id) VALUES ('Comment 15 for post 74', 15);
INSERT INTO read_comments (comment, post_id) VALUES ('Comment 15 for post 74', 15);
INSERT INTO write_comments (comment, post_id) VALUES ('Comment 16 for post 74', 16);
INSERT INTO read_comments (comment, post_id) VALUES ('Comment 16 for post 74', 16);
INSERT INTO write_comments (comment, post_id) VALUES ('Comment 17 for post 74', 17);
INSERT INTO read_comments (comment, post_id) VALUES ('Comment 17 for post 74', 17);
INSERT INTO write_comments (comment, post_id) VALUES ('Comment 18 for post 74', 18);
INSERT INTO read_comments (comment, post_id) VALUES ('Comment 18 for post 74', 18);
INSERT INTO write_comments (comment, post_id) VALUES ('Comment 19 for post 74', 19);
INSERT INTO read_comments (comment, post_id) VALUES ('Comment 19 for post 74', 19);
INSERT INTO write_comments (comment, post_id) VALUES ('Comment 20 for post 74', 20);
INSERT INTO read_comments (comment, post_id) VALUES ('Comment 20 for post 74', 20);
INSERT INTO write_comments (comment, post_id) VALUES ('Comment 21 for post 74', 21);
INSERT INTO read_comments (comment, post_id) VALUES ('Comment 21 for post 74', 21);
INSERT INTO write_comments (comment, post_id) VALUES ('Comment 22 for post 74', 22);
INSERT INTO read_comments (comment, post_id) VALUES ('Comment 22 for post 74', 22);
INSERT INTO write_comments (comment, post_id) VALUES ('Comment 23 for post 74', 23);
INSERT INTO read_comments (comment, post_id) VALUES ('Comment 23 for post 74', 23);
INSERT INTO write_comments (comment, post_id) VALUES ('Comment 24 for post 74', 24);
INSERT INTO read_comments (comment, post_id) VALUES ('Comment 24 for post 74', 24);
INSERT INTO write_comments (comment, post_id) VALUES ('Comment 25 for post 74', 25);
INSERT INTO read_comments (comment, post_id) VALUES ('Comment 25 for post 74', 25);
INSERT INTO write_comments (comment, post_id) VALUES ('Comment 26 for post 74', 26);
INSERT INTO read_comments (comment, post_id) VALUES ('Comment 26 for post 74', 26);
INSERT INTO write_comments (comment, post_id) VALUES ('Comment 27 for post 74', 27);
INSERT INTO read_comments (comment, post_id) VALUES ('Comment 27 for post 74', 27);
INSERT INTO write_comments (comment, post_id) VALUES ('Comment 28 for post 74', 28);
INSERT INTO read_comments (comment, post_id) VALUES ('Comment 28 for post 74', 28);
INSERT INTO write_comments (comment, post_id) VALUES ('Comment 29 for post 74', 29);
INSERT INTO read_comments (comment, post_id) VALUES ('Comment 29 for post 74', 29);
INSERT INTO write_comments (comment, post_id) VALUES ('Comment 30 for post 74', 30);
INSERT INTO read_comments (comment, post_id) VALUES ('Comment 30 for post 74', 30);
INSERT INTO write_comments (comment, post_id) VALUES ('Comment 31 for post 74', 31);
INSERT INTO read_comments (comment, post_id) VALUES ('Comment 31 for post 74', 31);
INSERT INTO write_comments (comment, post_id) VALUES ('Comment 32 for post 74', 32);
INSERT INTO read_comments (comment, post_id) VALUES ('Comment 32 for post 74', 32);
INSERT INTO write_comments (comment, post_id) VALUES ('Comment 33 for post 74', 33);
INSERT INTO read_comments (comment, post_id) VALUES ('Comment 33 for post 74', 33);
INSERT INTO write_comments (comment, post_id) VALUES ('Comment 34 for post 74', 34);
INSERT INTO read_comments (comment, post_id) VALUES ('Comment 34 for post 74', 34);
INSERT INTO write_comments (comment, post_id) VALUES ('Comment 35 for post 74', 35);
INSERT INTO read_comments (comment, post_id) VALUES ('Comment 35 for post 74', 35);
INSERT INTO write_comments (comment, post_id) VALUES ('Comment 36 for post 74', 36);
INSERT INTO read_comments (comment, post_id) VALUES ('Comment 36 for post 74', 36);
INSERT INTO write_comments (comment, post_id) VALUES ('Comment 37 for post 74', 37);
INSERT INTO read_comments (comment, post_id) VALUES ('Comment 37 for post 74', 37);
INSERT INTO write_comments (comment, post_id) VALUES ('Comment 38 for post 74', 38);
INSERT INTO read_comments (comment, post_id) VALUES ('Comment 38 for post 74', 38);
INSERT INTO write_comments (comment, post_id) VALUES ('Comment 39 for post 74', 39);
INSERT INTO read_comments (comment, post_id) VALUES ('Comment 39 for post 74', 39);
INSERT INTO write_comments (comment, post_id) VALUES ('Comment 40 for post 74', 40);
INSERT INTO read_comments (comment, post_id) VALUES ('Comment 40 for post 74', 40);
INSERT INTO write_comments (comment, post_id) VALUES ('Comment 41 for post 74', 41);
INSERT INTO read_comments (comment, post_id) VALUES ('Comment 41 for post 74', 41);
INSERT INTO write_comments (comment, post_id) VALUES ('Comment 42 for post 74', 42);
INSERT INTO read_comments (comment, post_id) VALUES ('Comment 42 for post 74', 42);
INSERT INTO write_comments (comment, post_id) VALUES ('Comment 43 for post 74', 43);
INSERT INTO read_comments (comment, post_id) VALUES ('Comment 43 for post 74', 43);
INSERT INTO write_comments (comment, post_id) VALUES ('Comment 44 for post 74', 44);
INSERT INTO read_comments (comment, post_id) VALUES ('Comment 44 for post 74', 44);
INSERT INTO write_comments (comment, post_id) VALUES ('Comment 45 for post 74', 45);
INSERT INTO read_comments (comment, post_id) VALUES ('Comment 45 for post 74', 45);
INSERT INTO write_comments (comment, post_id) VALUES ('Comment 46 for post 74', 46);
INSERT INTO read_comments (comment, post_id) VALUES ('Comment 46 for post 74', 46);
INSERT INTO write_comments (comment, post_id) VALUES ('Comment 47 for post 74', 47);
INSERT INTO read_comments (comment, post_id) VALUES ('Comment 47 for post 74', 47);
INSERT INTO write_comments (comment, post_id) VALUES ('Comment 48 for post 74', 48);
INSERT INTO read_comments (comment, post_id) VALUES ('Comment 48 for post 74', 48);
INSERT INTO write_comments (comment, post_id) VALUES ('Comment 49 for post 74', 49);
INSERT INTO read_comments (comment, post_id) VALUES ('Comment 49 for post 74', 49);
INSERT INTO write_comments (comment, post_id) VALUES ('Comment 50 for post 74', 50);
INSERT INTO read_comments (comment, post_id) VALUES ('Comment 50 for post 74', 50);
INSERT INTO write_comments (comment, post_id) VALUES ('Comment 51 for post 74', 51);
INSERT INTO read_comments (comment, post_id) VALUES ('Comment 51 for post 74', 51);
INSERT INTO write_comments (comment, post_id) VALUES ('Comment 52 for post 74', 52);
INSERT INTO read_comments (comment, post_id) VALUES ('Comment 52 for post 74', 52);
INSERT INTO write_comments (comment, post_id) VALUES ('Comment 53 for post 74', 53);
INSERT INTO read_comments (comment, post_id) VALUES ('Comment 53 for post 74', 53);
INSERT INTO write_comments (comment, post_id) VALUES ('Comment 54 for post 74', 54);
INSERT INTO read_comments (comment, post_id) VALUES ('Comment 54 for post 74', 54);
INSERT INTO write_comments (comment, post_id) VALUES ('Comment 55 for post 74', 55);
INSERT INTO read_comments (comment, post_id) VALUES ('Comment 55 for post 74', 55);
INSERT INTO write_comments (comment, post_id) VALUES ('Comment 56 for post 74', 56);
INSERT INTO read_comments (comment, post_id) VALUES ('Comment 56 for post 74', 56);
INSERT INTO write_comments (comment, post_id) VALUES ('Comment 57 for post 74', 57);
INSERT INTO read_comments (comment, post_id) VALUES ('Comment 57 for post 74', 57);
INSERT INTO write_comments (comment, post_id) VALUES ('Comment 58 for post 74', 58);
INSERT INTO read_comments (comment, post_id) VALUES ('Comment 58 for post 74', 58);
INSERT INTO write_comments (comment, post_id) VALUES ('Comment 59 for post 74', 59);
INSERT INTO read_comments (comment, post_id) VALUES ('Comment 59 for post 74', 59);
INSERT INTO write_comments (comment, post_id) VALUES ('Comment 60 for post 74', 60);
INSERT INTO read_comments (comment, post_id) VALUES ('Comment 60 for post 74', 60);
INSERT INTO write_comments (comment, post_id) VALUES ('Comment 61 for post 74', 61);
INSERT INTO read_comments (comment, post_id) VALUES ('Comment 61 for post 74', 61);
INSERT INTO write_comments (comment, post_id) VALUES ('Comment 62 for post 74', 62);
INSERT INTO read_comments (comment, post_id) VALUES ('Comment 62 for post 74', 62);
INSERT INTO write_comments (comment, post_id) VALUES ('Comment 63 for post 74', 63);
INSERT INTO read_comments (comment, post_id) VALUES ('Comment 63 for post 74', 63);
INSERT INTO write_comments (comment, post_id) VALUES ('Comment 64 for post 74', 64);
INSERT INTO read_comments (comment, post_id) VALUES ('Comment 64 for post 74', 64);
INSERT INTO write_comments (comment, post_id) VALUES ('Comment 65 for post 74', 65);
INSERT INTO read_comments (comment, post_id) VALUES ('Comment 65 for post 74', 65);
INSERT INTO write_comments (comment, post_id) VALUES ('Comment 66 for post 74', 66);
INSERT INTO read_comments (comment, post_id) VALUES ('Comment 66 for post 74', 66);
INSERT INTO write_comments (comment, post_id) VALUES ('Comment 67 for post 74', 67);
INSERT INTO read_comments (comment, post_id) VALUES ('Comment 67 for post 74', 67);
INSERT INTO write_comments (comment, post_id) VALUES ('Comment 68 for post 74', 68);
INSERT INTO read_comments (comment, post_id) VALUES ('Comment 68 for post 74', 68);
INSERT INTO write_comments (comment, post_id) VALUES ('Comment 69 for post 74', 69);
INSERT INTO read_comments (comment, post_id) VALUES ('Comment 69 for post 74', 69);
INSERT INTO write_comments (comment, post_id) VALUES ('Comment 70 for post 74', 70);
INSERT INTO read_comments (comment, post_id) VALUES ('Comment 70 for post 74', 70);
INSERT INTO write_comments (comment, post_id) VALUES ('Comment 71 for post 74', 71);
INSERT INTO read_comments (comment, post_id) VALUES ('Comment 71 for post 74', 71);
INSERT INTO write_comments (comment, post_id) VALUES ('Comment 72 for post 74', 72);
INSERT INTO read_comments (comment, post_id) VALUES ('Comment 72 for post 74', 72);
INSERT INTO write_comments (comment, post_id) VALUES ('Comment 73 for post 74', 73);
INSERT INTO read_comments (comment, post_id) VALUES ('Comment 73 for post 74', 73);
INSERT INTO write_comments (comment, post_id) VALUES ('Comment 74 for post 74', 74);
INSERT INTO read_comments (comment, post_id) VALUES ('Comment 74 for post 74', 74);
INSERT INTO write_comments (comment, post_id) VALUES ('Comment 75 for post 74', 75);
INSERT INTO read_comments (comment, post_id) VALUES ('Comment 75 for post 74', 75);
INSERT INTO write_comments (comment, post_id) VALUES ('Comment 76 for post 74', 76);
INSERT INTO read_comments (comment, post_id) VALUES ('Comment 76 for post 74', 76);
INSERT INTO write_comments (comment, post_id) VALUES ('Comment 77 for post 74', 77);
INSERT INTO read_comments (comment, post_id) VALUES ('Comment 77 for post 74', 77);
INSERT INTO write_comments (comment, post_id) VALUES ('Comment 78 for post 74', 78);
INSERT INTO read_comments (comment, post_id) VALUES ('Comment 78 for post 74', 78);
INSERT INTO write_comments (comment, post_id) VALUES ('Comment 79 for post 74', 79);
INSERT INTO read_comments (comment, post_id) VALUES ('Comment 79 for post 74', 79);
INSERT INTO write_comments (comment, post_id) VALUES ('Comment 80 for post 74', 80);
INSERT INTO read_comments (comment, post_id) VALUES ('Comment 80 for post 74', 80);
INSERT INTO write_comments (comment, post_id) VALUES ('Comment 81 for post 74', 81);
INSERT INTO read_comments (comment, post_id) VALUES ('Comment 81 for post 74', 81);
INSERT INTO write_comments (comment, post_id) VALUES ('Comment 82 for post 74', 82);
INSERT INTO read_comments (comment, post_id) VALUES ('Comment 82 for post 74', 82);
INSERT INTO write_comments (comment, post_id) VALUES ('Comment 83 for post 74', 83);
INSERT INTO read_comments (comment, post_id) VALUES ('Comment 83 for post 74', 83);
INSERT INTO write_comments (comment, post_id) VALUES ('Comment 84 for post 74', 84);
INSERT INTO read_comments (comment, post_id) VALUES ('Comment 84 for post 74', 84);
INSERT INTO write_comments (comment, post_id) VALUES ('Comment 85 for post 74', 85);
INSERT INTO read_comments (comment, post_id) VALUES ('Comment 85 for post 74', 85);
INSERT INTO write_comments (comment, post_id) VALUES ('Comment 86 for post 74', 86);
INSERT INTO read_comments (comment, post_id) VALUES ('Comment 86 for post 74', 86);
INSERT INTO write_comments (comment, post_id) VALUES ('Comment 87 for post 74', 87);
INSERT INTO read_comments (comment, post_id) VALUES ('Comment 87 for post 74', 87);
INSERT INTO write_comments (comment, post_id) VALUES ('Comment 88 for post 74', 88);
INSERT INTO read_comments (comment, post_id) VALUES ('Comment 88 for post 74', 88);
INSERT INTO write_comments (comment, post_id) VALUES ('Comment 89 for post 74', 89);
INSERT INTO read_comments (comment, post_id) VALUES ('Comment 89 for post 74', 89);
INSERT INTO write_comments (comment, post_id) VALUES ('Comment 90 for post 74', 90);
INSERT INTO read_comments (comment, post_id) VALUES ('Comment 90 for post 74', 90);
INSERT INTO write_comments (comment, post_id) VALUES ('Comment 91 for post 74', 91);
INSERT INTO read_comments (comment, post_id) VALUES ('Comment 91 for post 74', 91);
INSERT INTO write_comments (comment, post_id) VALUES ('Comment 92 for post 74', 92);
INSERT INTO read_comments (comment, post_id) VALUES ('Comment 92 for post 74', 92);
INSERT INTO write_comments (comment, post_id) VALUES ('Comment 93 for post 74', 93);
INSERT INTO read_comments (comment, post_id) VALUES ('Comment 93 for post 74', 93);
INSERT INTO write_comments (comment, post_id) VALUES ('Comment 94 for post 74', 94);
INSERT INTO read_comments (comment, post_id) VALUES ('Comment 94 for post 74', 94);
INSERT INTO write_comments (comment, post_id) VALUES ('Comment 95 for post 74', 95);
INSERT INTO read_comments (comment, post_id) VALUES ('Comment 95 for post 74', 95);
INSERT INTO write_comments (comment, post_id) VALUES ('Comment 96 for post 74', 96);
INSERT INTO read_comments (comment, post_id) VALUES ('Comment 96 for post 74', 96);
INSERT INTO write_comments (comment, post_id) VALUES ('Comment 97 for post 74', 97);
INSERT INTO read_comments (comment, post_id) VALUES ('Comment 97 for post 74', 97);
INSERT INTO write_comments (comment, post_id) VALUES ('Comment 98 for post 74', 98);
INSERT INTO read_comments (comment, post_id) VALUES ('Comment 98 for post 74', 98);
INSERT INTO write_comments (comment, post_id) VALUES ('Comment 99 for post 74', 99);
INSERT INTO read_comments (comment, post_id) VALUES ('Comment 99 for post 74', 99);
INSERT INTO write_comments (comment, post_id) VALUES ('Comment 100 for post 74', 100);
INSERT INTO read_comments (comment, post_id) VALUES ('Comment 100 for post 74', 100);
INSERT INTO write_comments (comment, post_id) VALUES ('Comment 1 for post 75', 1);
INSERT INTO read_comments (comment, post_id) VALUES ('Comment 1 for post 75', 1);
INSERT INTO write_comments (comment, post_id) VALUES ('Comment 2 for post 75', 2);
INSERT INTO read_comments (comment, post_id) VALUES ('Comment 2 for post 75', 2);
INSERT INTO write_comments (comment, post_id) VALUES ('Comment 3 for post 75', 3);
INSERT INTO read_comments (comment, post_id) VALUES ('Comment 3 for post 75', 3);
INSERT INTO write_comments (comment, post_id) VALUES ('Comment 4 for post 75', 4);
INSERT INTO read_comments (comment, post_id) VALUES ('Comment 4 for post 75', 4);
INSERT INTO write_comments (comment, post_id) VALUES ('Comment 5 for post 75', 5);
INSERT INTO read_comments (comment, post_id) VALUES ('Comment 5 for post 75', 5);
INSERT INTO write_comments (comment, post_id) VALUES ('Comment 6 for post 75', 6);
INSERT INTO read_comments (comment, post_id) VALUES ('Comment 6 for post 75', 6);
INSERT INTO write_comments (comment, post_id) VALUES ('Comment 7 for post 75', 7);
INSERT INTO read_comments (comment, post_id) VALUES ('Comment 7 for post 75', 7);
INSERT INTO write_comments (comment, post_id) VALUES ('Comment 8 for post 75', 8);
INSERT INTO read_comments (comment, post_id) VALUES ('Comment 8 for post 75', 8);
INSERT INTO write_comments (comment, post_id) VALUES ('Comment 9 for post 75', 9);
INSERT INTO read_comments (comment, post_id) VALUES ('Comment 9 for post 75', 9);
INSERT INTO write_comments (comment, post_id) VALUES ('Comment 10 for post 75', 10);
INSERT INTO read_comments (comment, post_id) VALUES ('Comment 10 for post 75', 10);
INSERT INTO write_comments (comment, post_id) VALUES ('Comment 11 for post 75', 11);
INSERT INTO read_comments (comment, post_id) VALUES ('Comment 11 for post 75', 11);
INSERT INTO write_comments (comment, post_id) VALUES ('Comment 12 for post 75', 12);
INSERT INTO read_comments (comment, post_id) VALUES ('Comment 12 for post 75', 12);
INSERT INTO write_comments (comment, post_id) VALUES ('Comment 13 for post 75', 13);
INSERT INTO read_comments (comment, post_id) VALUES ('Comment 13 for post 75', 13);
INSERT INTO write_comments (comment, post_id) VALUES ('Comment 14 for post 75', 14);
INSERT INTO read_comments (comment, post_id) VALUES ('Comment 14 for post 75', 14);
INSERT INTO write_comments (comment, post_id) VALUES ('Comment 15 for post 75', 15);
INSERT INTO read_comments (comment, post_id) VALUES ('Comment 15 for post 75', 15);
INSERT INTO write_comments (comment, post_id) VALUES ('Comment 16 for post 75', 16);
INSERT INTO read_comments (comment, post_id) VALUES ('Comment 16 for post 75', 16);
INSERT INTO write_comments (comment, post_id) VALUES ('Comment 17 for post 75', 17);
INSERT INTO read_comments (comment, post_id) VALUES ('Comment 17 for post 75', 17);
INSERT INTO write_comments (comment, post_id) VALUES ('Comment 18 for post 75', 18);
INSERT INTO read_comments (comment, post_id) VALUES ('Comment 18 for post 75', 18);
INSERT INTO write_comments (comment, post_id) VALUES ('Comment 19 for post 75', 19);
INSERT INTO read_comments (comment, post_id) VALUES ('Comment 19 for post 75', 19);
INSERT INTO write_comments (comment, post_id) VALUES ('Comment 20 for post 75', 20);
INSERT INTO read_comments (comment, post_id) VALUES ('Comment 20 for post 75', 20);
INSERT INTO write_comments (comment, post_id) VALUES ('Comment 21 for post 75', 21);
INSERT INTO read_comments (comment, post_id) VALUES ('Comment 21 for post 75', 21);
INSERT INTO write_comments (comment, post_id) VALUES ('Comment 22 for post 75', 22);
INSERT INTO read_comments (comment, post_id) VALUES ('Comment 22 for post 75', 22);
INSERT INTO write_comments (comment, post_id) VALUES ('Comment 23 for post 75', 23);
INSERT INTO read_comments (comment, post_id) VALUES ('Comment 23 for post 75', 23);
INSERT INTO write_comments (comment, post_id) VALUES ('Comment 24 for post 75', 24);
INSERT INTO read_comments (comment, post_id) VALUES ('Comment 24 for post 75', 24);
INSERT INTO write_comments (comment, post_id) VALUES ('Comment 25 for post 75', 25);
INSERT INTO read_comments (comment, post_id) VALUES ('Comment 25 for post 75', 25);
INSERT INTO write_comments (comment, post_id) VALUES ('Comment 26 for post 75', 26);
INSERT INTO read_comments (comment, post_id) VALUES ('Comment 26 for post 75', 26);
INSERT INTO write_comments (comment, post_id) VALUES ('Comment 27 for post 75', 27);
INSERT INTO read_comments (comment, post_id) VALUES ('Comment 27 for post 75', 27);
INSERT INTO write_comments (comment, post_id) VALUES ('Comment 28 for post 75', 28);
INSERT INTO read_comments (comment, post_id) VALUES ('Comment 28 for post 75', 28);
INSERT INTO write_comments (comment, post_id) VALUES ('Comment 29 for post 75', 29);
INSERT INTO read_comments (comment, post_id) VALUES ('Comment 29 for post 75', 29);
INSERT INTO write_comments (comment, post_id) VALUES ('Comment 30 for post 75', 30);
INSERT INTO read_comments (comment, post_id) VALUES ('Comment 30 for post 75', 30);
INSERT INTO write_comments (comment, post_id) VALUES ('Comment 31 for post 75', 31);
INSERT INTO read_comments (comment, post_id) VALUES ('Comment 31 for post 75', 31);
INSERT INTO write_comments (comment, post_id) VALUES ('Comment 32 for post 75', 32);
INSERT INTO read_comments (comment, post_id) VALUES ('Comment 32 for post 75', 32);
INSERT INTO write_comments (comment, post_id) VALUES ('Comment 33 for post 75', 33);
INSERT INTO read_comments (comment, post_id) VALUES ('Comment 33 for post 75', 33);
INSERT INTO write_comments (comment, post_id) VALUES ('Comment 34 for post 75', 34);
INSERT INTO read_comments (comment, post_id) VALUES ('Comment 34 for post 75', 34);
INSERT INTO write_comments (comment, post_id) VALUES ('Comment 35 for post 75', 35);
INSERT INTO read_comments (comment, post_id) VALUES ('Comment 35 for post 75', 35);
INSERT INTO write_comments (comment, post_id) VALUES ('Comment 36 for post 75', 36);
INSERT INTO read_comments (comment, post_id) VALUES ('Comment 36 for post 75', 36);
INSERT INTO write_comments (comment, post_id) VALUES ('Comment 37 for post 75', 37);
INSERT INTO read_comments (comment, post_id) VALUES ('Comment 37 for post 75', 37);
INSERT INTO write_comments (comment, post_id) VALUES ('Comment 38 for post 75', 38);
INSERT INTO read_comments (comment, post_id) VALUES ('Comment 38 for post 75', 38);
INSERT INTO write_comments (comment, post_id) VALUES ('Comment 39 for post 75', 39);
INSERT INTO read_comments (comment, post_id) VALUES ('Comment 39 for post 75', 39);
INSERT INTO write_comments (comment, post_id) VALUES ('Comment 40 for post 75', 40);
INSERT INTO read_comments (comment, post_id) VALUES ('Comment 40 for post 75', 40);
INSERT INTO write_comments (comment, post_id) VALUES ('Comment 41 for post 75', 41);
INSERT INTO read_comments (comment, post_id) VALUES ('Comment 41 for post 75', 41);
INSERT INTO write_comments (comment, post_id) VALUES ('Comment 42 for post 75', 42);
INSERT INTO read_comments (comment, post_id) VALUES ('Comment 42 for post 75', 42);
INSERT INTO write_comments (comment, post_id) VALUES ('Comment 43 for post 75', 43);
INSERT INTO read_comments (comment, post_id) VALUES ('Comment 43 for post 75', 43);
INSERT INTO write_comments (comment, post_id) VALUES ('Comment 44 for post 75', 44);
INSERT INTO read_comments (comment, post_id) VALUES ('Comment 44 for post 75', 44);
INSERT INTO write_comments (comment, post_id) VALUES ('Comment 45 for post 75', 45);
INSERT INTO read_comments (comment, post_id) VALUES ('Comment 45 for post 75', 45);
INSERT INTO write_comments (comment, post_id) VALUES ('Comment 46 for post 75', 46);
INSERT INTO read_comments (comment, post_id) VALUES ('Comment 46 for post 75', 46);
INSERT INTO write_comments (comment, post_id) VALUES ('Comment 47 for post 75', 47);
INSERT INTO read_comments (comment, post_id) VALUES ('Comment 47 for post 75', 47);
INSERT INTO write_comments (comment, post_id) VALUES ('Comment 48 for post 75', 48);
INSERT INTO read_comments (comment, post_id) VALUES ('Comment 48 for post 75', 48);
INSERT INTO write_comments (comment, post_id) VALUES ('Comment 49 for post 75', 49);
INSERT INTO read_comments (comment, post_id) VALUES ('Comment 49 for post 75', 49);
INSERT INTO write_comments (comment, post_id) VALUES ('Comment 50 for post 75', 50);
INSERT INTO read_comments (comment, post_id) VALUES ('Comment 50 for post 75', 50);
INSERT INTO write_comments (comment, post_id) VALUES ('Comment 51 for post 75', 51);
INSERT INTO read_comments (comment, post_id) VALUES ('Comment 51 for post 75', 51);
INSERT INTO write_comments (comment, post_id) VALUES ('Comment 52 for post 75', 52);
INSERT INTO read_comments (comment, post_id) VALUES ('Comment 52 for post 75', 52);
INSERT INTO write_comments (comment, post_id) VALUES ('Comment 53 for post 75', 53);
INSERT INTO read_comments (comment, post_id) VALUES ('Comment 53 for post 75', 53);
INSERT INTO write_comments (comment, post_id) VALUES ('Comment 54 for post 75', 54);
INSERT INTO read_comments (comment, post_id) VALUES ('Comment 54 for post 75', 54);
INSERT INTO write_comments (comment, post_id) VALUES ('Comment 55 for post 75', 55);
INSERT INTO read_comments (comment, post_id) VALUES ('Comment 55 for post 75', 55);
INSERT INTO write_comments (comment, post_id) VALUES ('Comment 56 for post 75', 56);
INSERT INTO read_comments (comment, post_id) VALUES ('Comment 56 for post 75', 56);
INSERT INTO write_comments (comment, post_id) VALUES ('Comment 57 for post 75', 57);
INSERT INTO read_comments (comment, post_id) VALUES ('Comment 57 for post 75', 57);
INSERT INTO write_comments (comment, post_id) VALUES ('Comment 58 for post 75', 58);
INSERT INTO read_comments (comment, post_id) VALUES ('Comment 58 for post 75', 58);
INSERT INTO write_comments (comment, post_id) VALUES ('Comment 59 for post 75', 59);
INSERT INTO read_comments (comment, post_id) VALUES ('Comment 59 for post 75', 59);
INSERT INTO write_comments (comment, post_id) VALUES ('Comment 60 for post 75', 60);
INSERT INTO read_comments (comment, post_id) VALUES ('Comment 60 for post 75', 60);
INSERT INTO write_comments (comment, post_id) VALUES ('Comment 61 for post 75', 61);
INSERT INTO read_comments (comment, post_id) VALUES ('Comment 61 for post 75', 61);
INSERT INTO write_comments (comment, post_id) VALUES ('Comment 62 for post 75', 62);
INSERT INTO read_comments (comment, post_id) VALUES ('Comment 62 for post 75', 62);
INSERT INTO write_comments (comment, post_id) VALUES ('Comment 63 for post 75', 63);
INSERT INTO read_comments (comment, post_id) VALUES ('Comment 63 for post 75', 63);
INSERT INTO write_comments (comment, post_id) VALUES ('Comment 64 for post 75', 64);
INSERT INTO read_comments (comment, post_id) VALUES ('Comment 64 for post 75', 64);
INSERT INTO write_comments (comment, post_id) VALUES ('Comment 65 for post 75', 65);
INSERT INTO read_comments (comment, post_id) VALUES ('Comment 65 for post 75', 65);
INSERT INTO write_comments (comment, post_id) VALUES ('Comment 66 for post 75', 66);
INSERT INTO read_comments (comment, post_id) VALUES ('Comment 66 for post 75', 66);
INSERT INTO write_comments (comment, post_id) VALUES ('Comment 67 for post 75', 67);
INSERT INTO read_comments (comment, post_id) VALUES ('Comment 67 for post 75', 67);
INSERT INTO write_comments (comment, post_id) VALUES ('Comment 68 for post 75', 68);
INSERT INTO read_comments (comment, post_id) VALUES ('Comment 68 for post 75', 68);
INSERT INTO write_comments (comment, post_id) VALUES ('Comment 69 for post 75', 69);
INSERT INTO read_comments (comment, post_id) VALUES ('Comment 69 for post 75', 69);
INSERT INTO write_comments (comment, post_id) VALUES ('Comment 70 for post 75', 70);
INSERT INTO read_comments (comment, post_id) VALUES ('Comment 70 for post 75', 70);
INSERT INTO write_comments (comment, post_id) VALUES ('Comment 71 for post 75', 71);
INSERT INTO read_comments (comment, post_id) VALUES ('Comment 71 for post 75', 71);
INSERT INTO write_comments (comment, post_id) VALUES ('Comment 72 for post 75', 72);
INSERT INTO read_comments (comment, post_id) VALUES ('Comment 72 for post 75', 72);
INSERT INTO write_comments (comment, post_id) VALUES ('Comment 73 for post 75', 73);
INSERT INTO read_comments (comment, post_id) VALUES ('Comment 73 for post 75', 73);
INSERT INTO write_comments (comment, post_id) VALUES ('Comment 74 for post 75', 74);
INSERT INTO read_comments (comment, post_id) VALUES ('Comment 74 for post 75', 74);
INSERT INTO write_comments (comment, post_id) VALUES ('Comment 75 for post 75', 75);
INSERT INTO read_comments (comment, post_id) VALUES ('Comment 75 for post 75', 75);
INSERT INTO write_comments (comment, post_id) VALUES ('Comment 76 for post 75', 76);
INSERT INTO read_comments (comment, post_id) VALUES ('Comment 76 for post 75', 76);
INSERT INTO write_comments (comment, post_id) VALUES ('Comment 77 for post 75', 77);
INSERT INTO read_comments (comment, post_id) VALUES ('Comment 77 for post 75', 77);
INSERT INTO write_comments (comment, post_id) VALUES ('Comment 78 for post 75', 78);
INSERT INTO read_comments (comment, post_id) VALUES ('Comment 78 for post 75', 78);
INSERT INTO write_comments (comment, post_id) VALUES ('Comment 79 for post 75', 79);
INSERT INTO read_comments (comment, post_id) VALUES ('Comment 79 for post 75', 79);
INSERT INTO write_comments (comment, post_id) VALUES ('Comment 80 for post 75', 80);
INSERT INTO read_comments (comment, post_id) VALUES ('Comment 80 for post 75', 80);
INSERT INTO write_comments (comment, post_id) VALUES ('Comment 81 for post 75', 81);
INSERT INTO read_comments (comment, post_id) VALUES ('Comment 81 for post 75', 81);
INSERT INTO write_comments (comment, post_id) VALUES ('Comment 82 for post 75', 82);
INSERT INTO read_comments (comment, post_id) VALUES ('Comment 82 for post 75', 82);
INSERT INTO write_comments (comment, post_id) VALUES ('Comment 83 for post 75', 83);
INSERT INTO read_comments (comment, post_id) VALUES ('Comment 83 for post 75', 83);
INSERT INTO write_comments (comment, post_id) VALUES ('Comment 84 for post 75', 84);
INSERT INTO read_comments (comment, post_id) VALUES ('Comment 84 for post 75', 84);
INSERT INTO write_comments (comment, post_id) VALUES ('Comment 85 for post 75', 85);
INSERT INTO read_comments (comment, post_id) VALUES ('Comment 85 for post 75', 85);
INSERT INTO write_comments (comment, post_id) VALUES ('Comment 86 for post 75', 86);
INSERT INTO read_comments (comment, post_id) VALUES ('Comment 86 for post 75', 86);
INSERT INTO write_comments (comment, post_id) VALUES ('Comment 87 for post 75', 87);
INSERT INTO read_comments (comment, post_id) VALUES ('Comment 87 for post 75', 87);
INSERT INTO write_comments (comment, post_id) VALUES ('Comment 88 for post 75', 88);
INSERT INTO read_comments (comment, post_id) VALUES ('Comment 88 for post 75', 88);
INSERT INTO write_comments (comment, post_id) VALUES ('Comment 89 for post 75', 89);
INSERT INTO read_comments (comment, post_id) VALUES ('Comment 89 for post 75', 89);
INSERT INTO write_comments (comment, post_id) VALUES ('Comment 90 for post 75', 90);
INSERT INTO read_comments (comment, post_id) VALUES ('Comment 90 for post 75', 90);
INSERT INTO write_comments (comment, post_id) VALUES ('Comment 91 for post 75', 91);
INSERT INTO read_comments (comment, post_id) VALUES ('Comment 91 for post 75', 91);
INSERT INTO write_comments (comment, post_id) VALUES ('Comment 92 for post 75', 92);
INSERT INTO read_comments (comment, post_id) VALUES ('Comment 92 for post 75', 92);
INSERT INTO write_comments (comment, post_id) VALUES ('Comment 93 for post 75', 93);
INSERT INTO read_comments (comment, post_id) VALUES ('Comment 93 for post 75', 93);
INSERT INTO write_comments (comment, post_id) VALUES ('Comment 94 for post 75', 94);
INSERT INTO read_comments (comment, post_id) VALUES ('Comment 94 for post 75', 94);
INSERT INTO write_comments (comment, post_id) VALUES ('Comment 95 for post 75', 95);
INSERT INTO read_comments (comment, post_id) VALUES ('Comment 95 for post 75', 95);
INSERT INTO write_comments (comment, post_id) VALUES ('Comment 96 for post 75', 96);
INSERT INTO read_comments (comment, post_id) VALUES ('Comment 96 for post 75', 96);
INSERT INTO write_comments (comment, post_id) VALUES ('Comment 97 for post 75', 97);
INSERT INTO read_comments (comment, post_id) VALUES ('Comment 97 for post 75', 97);
INSERT INTO write_comments (comment, post_id) VALUES ('Comment 98 for post 75', 98);
INSERT INTO read_comments (comment, post_id) VALUES ('Comment 98 for post 75', 98);
INSERT INTO write_comments (comment, post_id) VALUES ('Comment 99 for post 75', 99);
INSERT INTO read_comments (comment, post_id) VALUES ('Comment 99 for post 75', 99);
INSERT INTO write_comments (comment, post_id) VALUES ('Comment 100 for post 75', 100);
INSERT INTO read_comments (comment, post_id) VALUES ('Comment 100 for post 75', 100);
INSERT INTO write_comments (comment, post_id) VALUES ('Comment 1 for post 76', 1);
INSERT INTO read_comments (comment, post_id) VALUES ('Comment 1 for post 76', 1);
INSERT INTO write_comments (comment, post_id) VALUES ('Comment 2 for post 76', 2);
INSERT INTO read_comments (comment, post_id) VALUES ('Comment 2 for post 76', 2);
INSERT INTO write_comments (comment, post_id) VALUES ('Comment 3 for post 76', 3);
INSERT INTO read_comments (comment, post_id) VALUES ('Comment 3 for post 76', 3);
INSERT INTO write_comments (comment, post_id) VALUES ('Comment 4 for post 76', 4);
INSERT INTO read_comments (comment, post_id) VALUES ('Comment 4 for post 76', 4);
INSERT INTO write_comments (comment, post_id) VALUES ('Comment 5 for post 76', 5);
INSERT INTO read_comments (comment, post_id) VALUES ('Comment 5 for post 76', 5);
INSERT INTO write_comments (comment, post_id) VALUES ('Comment 6 for post 76', 6);
INSERT INTO read_comments (comment, post_id) VALUES ('Comment 6 for post 76', 6);
INSERT INTO write_comments (comment, post_id) VALUES ('Comment 7 for post 76', 7);
INSERT INTO read_comments (comment, post_id) VALUES ('Comment 7 for post 76', 7);
INSERT INTO write_comments (comment, post_id) VALUES ('Comment 8 for post 76', 8);
INSERT INTO read_comments (comment, post_id) VALUES ('Comment 8 for post 76', 8);
INSERT INTO write_comments (comment, post_id) VALUES ('Comment 9 for post 76', 9);
INSERT INTO read_comments (comment, post_id) VALUES ('Comment 9 for post 76', 9);
INSERT INTO write_comments (comment, post_id) VALUES ('Comment 10 for post 76', 10);
INSERT INTO read_comments (comment, post_id) VALUES ('Comment 10 for post 76', 10);
INSERT INTO write_comments (comment, post_id) VALUES ('Comment 11 for post 76', 11);
INSERT INTO read_comments (comment, post_id) VALUES ('Comment 11 for post 76', 11);
INSERT INTO write_comments (comment, post_id) VALUES ('Comment 12 for post 76', 12);
INSERT INTO read_comments (comment, post_id) VALUES ('Comment 12 for post 76', 12);
INSERT INTO write_comments (comment, post_id) VALUES ('Comment 13 for post 76', 13);
INSERT INTO read_comments (comment, post_id) VALUES ('Comment 13 for post 76', 13);
INSERT INTO write_comments (comment, post_id) VALUES ('Comment 14 for post 76', 14);
INSERT INTO read_comments (comment, post_id) VALUES ('Comment 14 for post 76', 14);
INSERT INTO write_comments (comment, post_id) VALUES ('Comment 15 for post 76', 15);
INSERT INTO read_comments (comment, post_id) VALUES ('Comment 15 for post 76', 15);
INSERT INTO write_comments (comment, post_id) VALUES ('Comment 16 for post 76', 16);
INSERT INTO read_comments (comment, post_id) VALUES ('Comment 16 for post 76', 16);
INSERT INTO write_comments (comment, post_id) VALUES ('Comment 17 for post 76', 17);
INSERT INTO read_comments (comment, post_id) VALUES ('Comment 17 for post 76', 17);
INSERT INTO write_comments (comment, post_id) VALUES ('Comment 18 for post 76', 18);
INSERT INTO read_comments (comment, post_id) VALUES ('Comment 18 for post 76', 18);
INSERT INTO write_comments (comment, post_id) VALUES ('Comment 19 for post 76', 19);
INSERT INTO read_comments (comment, post_id) VALUES ('Comment 19 for post 76', 19);
INSERT INTO write_comments (comment, post_id) VALUES ('Comment 20 for post 76', 20);
INSERT INTO read_comments (comment, post_id) VALUES ('Comment 20 for post 76', 20);
INSERT INTO write_comments (comment, post_id) VALUES ('Comment 21 for post 76', 21);
INSERT INTO read_comments (comment, post_id) VALUES ('Comment 21 for post 76', 21);
INSERT INTO write_comments (comment, post_id) VALUES ('Comment 22 for post 76', 22);
INSERT INTO read_comments (comment, post_id) VALUES ('Comment 22 for post 76', 22);
INSERT INTO write_comments (comment, post_id) VALUES ('Comment 23 for post 76', 23);
INSERT INTO read_comments (comment, post_id) VALUES ('Comment 23 for post 76', 23);
INSERT INTO write_comments (comment, post_id) VALUES ('Comment 24 for post 76', 24);
INSERT INTO read_comments (comment, post_id) VALUES ('Comment 24 for post 76', 24);
INSERT INTO write_comments (comment, post_id) VALUES ('Comment 25 for post 76', 25);
INSERT INTO read_comments (comment, post_id) VALUES ('Comment 25 for post 76', 25);
INSERT INTO write_comments (comment, post_id) VALUES ('Comment 26 for post 76', 26);
INSERT INTO read_comments (comment, post_id) VALUES ('Comment 26 for post 76', 26);
INSERT INTO write_comments (comment, post_id) VALUES ('Comment 27 for post 76', 27);
INSERT INTO read_comments (comment, post_id) VALUES ('Comment 27 for post 76', 27);
INSERT INTO write_comments (comment, post_id) VALUES ('Comment 28 for post 76', 28);
INSERT INTO read_comments (comment, post_id) VALUES ('Comment 28 for post 76', 28);
INSERT INTO write_comments (comment, post_id) VALUES ('Comment 29 for post 76', 29);
INSERT INTO read_comments (comment, post_id) VALUES ('Comment 29 for post 76', 29);
INSERT INTO write_comments (comment, post_id) VALUES ('Comment 30 for post 76', 30);
INSERT INTO read_comments (comment, post_id) VALUES ('Comment 30 for post 76', 30);
INSERT INTO write_comments (comment, post_id) VALUES ('Comment 31 for post 76', 31);
INSERT INTO read_comments (comment, post_id) VALUES ('Comment 31 for post 76', 31);
INSERT INTO write_comments (comment, post_id) VALUES ('Comment 32 for post 76', 32);
INSERT INTO read_comments (comment, post_id) VALUES ('Comment 32 for post 76', 32);
INSERT INTO write_comments (comment, post_id) VALUES ('Comment 33 for post 76', 33);
INSERT INTO read_comments (comment, post_id) VALUES ('Comment 33 for post 76', 33);
INSERT INTO write_comments (comment, post_id) VALUES ('Comment 34 for post 76', 34);
INSERT INTO read_comments (comment, post_id) VALUES ('Comment 34 for post 76', 34);
INSERT INTO write_comments (comment, post_id) VALUES ('Comment 35 for post 76', 35);
INSERT INTO read_comments (comment, post_id) VALUES ('Comment 35 for post 76', 35);
INSERT INTO write_comments (comment, post_id) VALUES ('Comment 36 for post 76', 36);
INSERT INTO read_comments (comment, post_id) VALUES ('Comment 36 for post 76', 36);
INSERT INTO write_comments (comment, post_id) VALUES ('Comment 37 for post 76', 37);
INSERT INTO read_comments (comment, post_id) VALUES ('Comment 37 for post 76', 37);
INSERT INTO write_comments (comment, post_id) VALUES ('Comment 38 for post 76', 38);
INSERT INTO read_comments (comment, post_id) VALUES ('Comment 38 for post 76', 38);
INSERT INTO write_comments (comment, post_id) VALUES ('Comment 39 for post 76', 39);
INSERT INTO read_comments (comment, post_id) VALUES ('Comment 39 for post 76', 39);
INSERT INTO write_comments (comment, post_id) VALUES ('Comment 40 for post 76', 40);
INSERT INTO read_comments (comment, post_id) VALUES ('Comment 40 for post 76', 40);
INSERT INTO write_comments (comment, post_id) VALUES ('Comment 41 for post 76', 41);
INSERT INTO read_comments (comment, post_id) VALUES ('Comment 41 for post 76', 41);
INSERT INTO write_comments (comment, post_id) VALUES ('Comment 42 for post 76', 42);
INSERT INTO read_comments (comment, post_id) VALUES ('Comment 42 for post 76', 42);
INSERT INTO write_comments (comment, post_id) VALUES ('Comment 43 for post 76', 43);
INSERT INTO read_comments (comment, post_id) VALUES ('Comment 43 for post 76', 43);
INSERT INTO write_comments (comment, post_id) VALUES ('Comment 44 for post 76', 44);
INSERT INTO read_comments (comment, post_id) VALUES ('Comment 44 for post 76', 44);
INSERT INTO write_comments (comment, post_id) VALUES ('Comment 45 for post 76', 45);
INSERT INTO read_comments (comment, post_id) VALUES ('Comment 45 for post 76', 45);
INSERT INTO write_comments (comment, post_id) VALUES ('Comment 46 for post 76', 46);
INSERT INTO read_comments (comment, post_id) VALUES ('Comment 46 for post 76', 46);
INSERT INTO write_comments (comment, post_id) VALUES ('Comment 47 for post 76', 47);
INSERT INTO read_comments (comment, post_id) VALUES ('Comment 47 for post 76', 47);
INSERT INTO write_comments (comment, post_id) VALUES ('Comment 48 for post 76', 48);
INSERT INTO read_comments (comment, post_id) VALUES ('Comment 48 for post 76', 48);
INSERT INTO write_comments (comment, post_id) VALUES ('Comment 49 for post 76', 49);
INSERT INTO read_comments (comment, post_id) VALUES ('Comment 49 for post 76', 49);
INSERT INTO write_comments (comment, post_id) VALUES ('Comment 50 for post 76', 50);
INSERT INTO read_comments (comment, post_id) VALUES ('Comment 50 for post 76', 50);
INSERT INTO write_comments (comment, post_id) VALUES ('Comment 51 for post 76', 51);
INSERT INTO read_comments (comment, post_id) VALUES ('Comment 51 for post 76', 51);
INSERT INTO write_comments (comment, post_id) VALUES ('Comment 52 for post 76', 52);
INSERT INTO read_comments (comment, post_id) VALUES ('Comment 52 for post 76', 52);
INSERT INTO write_comments (comment, post_id) VALUES ('Comment 53 for post 76', 53);
INSERT INTO read_comments (comment, post_id) VALUES ('Comment 53 for post 76', 53);
INSERT INTO write_comments (comment, post_id) VALUES ('Comment 54 for post 76', 54);
INSERT INTO read_comments (comment, post_id) VALUES ('Comment 54 for post 76', 54);
INSERT INTO write_comments (comment, post_id) VALUES ('Comment 55 for post 76', 55);
INSERT INTO read_comments (comment, post_id) VALUES ('Comment 55 for post 76', 55);
INSERT INTO write_comments (comment, post_id) VALUES ('Comment 56 for post 76', 56);
INSERT INTO read_comments (comment, post_id) VALUES ('Comment 56 for post 76', 56);
INSERT INTO write_comments (comment, post_id) VALUES ('Comment 57 for post 76', 57);
INSERT INTO read_comments (comment, post_id) VALUES ('Comment 57 for post 76', 57);
INSERT INTO write_comments (comment, post_id) VALUES ('Comment 58 for post 76', 58);
INSERT INTO read_comments (comment, post_id) VALUES ('Comment 58 for post 76', 58);
INSERT INTO write_comments (comment, post_id) VALUES ('Comment 59 for post 76', 59);
INSERT INTO read_comments (comment, post_id) VALUES ('Comment 59 for post 76', 59);
INSERT INTO write_comments (comment, post_id) VALUES ('Comment 60 for post 76', 60);
INSERT INTO read_comments (comment, post_id) VALUES ('Comment 60 for post 76', 60);
INSERT INTO write_comments (comment, post_id) VALUES ('Comment 61 for post 76', 61);
INSERT INTO read_comments (comment, post_id) VALUES ('Comment 61 for post 76', 61);
INSERT INTO write_comments (comment, post_id) VALUES ('Comment 62 for post 76', 62);
INSERT INTO read_comments (comment, post_id) VALUES ('Comment 62 for post 76', 62);
INSERT INTO write_comments (comment, post_id) VALUES ('Comment 63 for post 76', 63);
INSERT INTO read_comments (comment, post_id) VALUES ('Comment 63 for post 76', 63);
INSERT INTO write_comments (comment, post_id) VALUES ('Comment 64 for post 76', 64);
INSERT INTO read_comments (comment, post_id) VALUES ('Comment 64 for post 76', 64);
INSERT INTO write_comments (comment, post_id) VALUES ('Comment 65 for post 76', 65);
INSERT INTO read_comments (comment, post_id) VALUES ('Comment 65 for post 76', 65);
INSERT INTO write_comments (comment, post_id) VALUES ('Comment 66 for post 76', 66);
INSERT INTO read_comments (comment, post_id) VALUES ('Comment 66 for post 76', 66);
INSERT INTO write_comments (comment, post_id) VALUES ('Comment 67 for post 76', 67);
INSERT INTO read_comments (comment, post_id) VALUES ('Comment 67 for post 76', 67);
INSERT INTO write_comments (comment, post_id) VALUES ('Comment 68 for post 76', 68);
INSERT INTO read_comments (comment, post_id) VALUES ('Comment 68 for post 76', 68);
INSERT INTO write_comments (comment, post_id) VALUES ('Comment 69 for post 76', 69);
INSERT INTO read_comments (comment, post_id) VALUES ('Comment 69 for post 76', 69);
INSERT INTO write_comments (comment, post_id) VALUES ('Comment 70 for post 76', 70);
INSERT INTO read_comments (comment, post_id) VALUES ('Comment 70 for post 76', 70);
INSERT INTO write_comments (comment, post_id) VALUES ('Comment 71 for post 76', 71);
INSERT INTO read_comments (comment, post_id) VALUES ('Comment 71 for post 76', 71);
INSERT INTO write_comments (comment, post_id) VALUES ('Comment 72 for post 76', 72);
INSERT INTO read_comments (comment, post_id) VALUES ('Comment 72 for post 76', 72);
INSERT INTO write_comments (comment, post_id) VALUES ('Comment 73 for post 76', 73);
INSERT INTO read_comments (comment, post_id) VALUES ('Comment 73 for post 76', 73);
INSERT INTO write_comments (comment, post_id) VALUES ('Comment 74 for post 76', 74);
INSERT INTO read_comments (comment, post_id) VALUES ('Comment 74 for post 76', 74);
INSERT INTO write_comments (comment, post_id) VALUES ('Comment 75 for post 76', 75);
INSERT INTO read_comments (comment, post_id) VALUES ('Comment 75 for post 76', 75);
INSERT INTO write_comments (comment, post_id) VALUES ('Comment 76 for post 76', 76);
INSERT INTO read_comments (comment, post_id) VALUES ('Comment 76 for post 76', 76);
INSERT INTO write_comments (comment, post_id) VALUES ('Comment 77 for post 76', 77);
INSERT INTO read_comments (comment, post_id) VALUES ('Comment 77 for post 76', 77);
INSERT INTO write_comments (comment, post_id) VALUES ('Comment 78 for post 76', 78);
INSERT INTO read_comments (comment, post_id) VALUES ('Comment 78 for post 76', 78);
INSERT INTO write_comments (comment, post_id) VALUES ('Comment 79 for post 76', 79);
INSERT INTO read_comments (comment, post_id) VALUES ('Comment 79 for post 76', 79);
INSERT INTO write_comments (comment, post_id) VALUES ('Comment 80 for post 76', 80);
INSERT INTO read_comments (comment, post_id) VALUES ('Comment 80 for post 76', 80);
INSERT INTO write_comments (comment, post_id) VALUES ('Comment 81 for post 76', 81);
INSERT INTO read_comments (comment, post_id) VALUES ('Comment 81 for post 76', 81);
INSERT INTO write_comments (comment, post_id) VALUES ('Comment 82 for post 76', 82);
INSERT INTO read_comments (comment, post_id) VALUES ('Comment 82 for post 76', 82);
INSERT INTO write_comments (comment, post_id) VALUES ('Comment 83 for post 76', 83);
INSERT INTO read_comments (comment, post_id) VALUES ('Comment 83 for post 76', 83);
INSERT INTO write_comments (comment, post_id) VALUES ('Comment 84 for post 76', 84);
INSERT INTO read_comments (comment, post_id) VALUES ('Comment 84 for post 76', 84);
INSERT INTO write_comments (comment, post_id) VALUES ('Comment 85 for post 76', 85);
INSERT INTO read_comments (comment, post_id) VALUES ('Comment 85 for post 76', 85);
INSERT INTO write_comments (comment, post_id) VALUES ('Comment 86 for post 76', 86);
INSERT INTO read_comments (comment, post_id) VALUES ('Comment 86 for post 76', 86);
INSERT INTO write_comments (comment, post_id) VALUES ('Comment 87 for post 76', 87);
INSERT INTO read_comments (comment, post_id) VALUES ('Comment 87 for post 76', 87);
INSERT INTO write_comments (comment, post_id) VALUES ('Comment 88 for post 76', 88);
INSERT INTO read_comments (comment, post_id) VALUES ('Comment 88 for post 76', 88);
INSERT INTO write_comments (comment, post_id) VALUES ('Comment 89 for post 76', 89);
INSERT INTO read_comments (comment, post_id) VALUES ('Comment 89 for post 76', 89);
INSERT INTO write_comments (comment, post_id) VALUES ('Comment 90 for post 76', 90);
INSERT INTO read_comments (comment, post_id) VALUES ('Comment 90 for post 76', 90);
INSERT INTO write_comments (comment, post_id) VALUES ('Comment 91 for post 76', 91);
INSERT INTO read_comments (comment, post_id) VALUES ('Comment 91 for post 76', 91);
INSERT INTO write_comments (comment, post_id) VALUES ('Comment 92 for post 76', 92);
INSERT INTO read_comments (comment, post_id) VALUES ('Comment 92 for post 76', 92);
INSERT INTO write_comments (comment, post_id) VALUES ('Comment 93 for post 76', 93);
INSERT INTO read_comments (comment, post_id) VALUES ('Comment 93 for post 76', 93);
INSERT INTO write_comments (comment, post_id) VALUES ('Comment 94 for post 76', 94);
INSERT INTO read_comments (comment, post_id) VALUES ('Comment 94 for post 76', 94);
INSERT INTO write_comments (comment, post_id) VALUES ('Comment 95 for post 76', 95);
INSERT INTO read_comments (comment, post_id) VALUES ('Comment 95 for post 76', 95);
INSERT INTO write_comments (comment, post_id) VALUES ('Comment 96 for post 76', 96);
INSERT INTO read_comments (comment, post_id) VALUES ('Comment 96 for post 76', 96);
INSERT INTO write_comments (comment, post_id) VALUES ('Comment 97 for post 76', 97);
INSERT INTO read_comments (comment, post_id) VALUES ('Comment 97 for post 76', 97);
INSERT INTO write_comments (comment, post_id) VALUES ('Comment 98 for post 76', 98);
INSERT INTO read_comments (comment, post_id) VALUES ('Comment 98 for post 76', 98);
INSERT INTO write_comments (comment, post_id) VALUES ('Comment 99 for post 76', 99);
INSERT INTO read_comments (comment, post_id) VALUES ('Comment 99 for post 76', 99);
INSERT INTO write_comments (comment, post_id) VALUES ('Comment 100 for post 76', 100);
INSERT INTO read_comments (comment, post_id) VALUES ('Comment 100 for post 76', 100);
INSERT INTO write_comments (comment, post_id) VALUES ('Comment 1 for post 77', 1);
INSERT INTO read_comments (comment, post_id) VALUES ('Comment 1 for post 77', 1);
INSERT INTO write_comments (comment, post_id) VALUES ('Comment 2 for post 77', 2);
INSERT INTO read_comments (comment, post_id) VALUES ('Comment 2 for post 77', 2);
INSERT INTO write_comments (comment, post_id) VALUES ('Comment 3 for post 77', 3);
INSERT INTO read_comments (comment, post_id) VALUES ('Comment 3 for post 77', 3);
INSERT INTO write_comments (comment, post_id) VALUES ('Comment 4 for post 77', 4);
INSERT INTO read_comments (comment, post_id) VALUES ('Comment 4 for post 77', 4);
INSERT INTO write_comments (comment, post_id) VALUES ('Comment 5 for post 77', 5);
INSERT INTO read_comments (comment, post_id) VALUES ('Comment 5 for post 77', 5);
INSERT INTO write_comments (comment, post_id) VALUES ('Comment 6 for post 77', 6);
INSERT INTO read_comments (comment, post_id) VALUES ('Comment 6 for post 77', 6);
INSERT INTO write_comments (comment, post_id) VALUES ('Comment 7 for post 77', 7);
INSERT INTO read_comments (comment, post_id) VALUES ('Comment 7 for post 77', 7);
INSERT INTO write_comments (comment, post_id) VALUES ('Comment 8 for post 77', 8);
INSERT INTO read_comments (comment, post_id) VALUES ('Comment 8 for post 77', 8);
INSERT INTO write_comments (comment, post_id) VALUES ('Comment 9 for post 77', 9);
INSERT INTO read_comments (comment, post_id) VALUES ('Comment 9 for post 77', 9);
INSERT INTO write_comments (comment, post_id) VALUES ('Comment 10 for post 77', 10);
INSERT INTO read_comments (comment, post_id) VALUES ('Comment 10 for post 77', 10);
INSERT INTO write_comments (comment, post_id) VALUES ('Comment 11 for post 77', 11);
INSERT INTO read_comments (comment, post_id) VALUES ('Comment 11 for post 77', 11);
INSERT INTO write_comments (comment, post_id) VALUES ('Comment 12 for post 77', 12);
INSERT INTO read_comments (comment, post_id) VALUES ('Comment 12 for post 77', 12);
INSERT INTO write_comments (comment, post_id) VALUES ('Comment 13 for post 77', 13);
INSERT INTO read_comments (comment, post_id) VALUES ('Comment 13 for post 77', 13);
INSERT INTO write_comments (comment, post_id) VALUES ('Comment 14 for post 77', 14);
INSERT INTO read_comments (comment, post_id) VALUES ('Comment 14 for post 77', 14);
INSERT INTO write_comments (comment, post_id) VALUES ('Comment 15 for post 77', 15);
INSERT INTO read_comments (comment, post_id) VALUES ('Comment 15 for post 77', 15);
INSERT INTO write_comments (comment, post_id) VALUES ('Comment 16 for post 77', 16);
INSERT INTO read_comments (comment, post_id) VALUES ('Comment 16 for post 77', 16);
INSERT INTO write_comments (comment, post_id) VALUES ('Comment 17 for post 77', 17);
INSERT INTO read_comments (comment, post_id) VALUES ('Comment 17 for post 77', 17);
INSERT INTO write_comments (comment, post_id) VALUES ('Comment 18 for post 77', 18);
INSERT INTO read_comments (comment, post_id) VALUES ('Comment 18 for post 77', 18);
INSERT INTO write_comments (comment, post_id) VALUES ('Comment 19 for post 77', 19);
INSERT INTO read_comments (comment, post_id) VALUES ('Comment 19 for post 77', 19);
INSERT INTO write_comments (comment, post_id) VALUES ('Comment 20 for post 77', 20);
INSERT INTO read_comments (comment, post_id) VALUES ('Comment 20 for post 77', 20);
INSERT INTO write_comments (comment, post_id) VALUES ('Comment 21 for post 77', 21);
INSERT INTO read_comments (comment, post_id) VALUES ('Comment 21 for post 77', 21);
INSERT INTO write_comments (comment, post_id) VALUES ('Comment 22 for post 77', 22);
INSERT INTO read_comments (comment, post_id) VALUES ('Comment 22 for post 77', 22);
INSERT INTO write_comments (comment, post_id) VALUES ('Comment 23 for post 77', 23);
INSERT INTO read_comments (comment, post_id) VALUES ('Comment 23 for post 77', 23);
INSERT INTO write_comments (comment, post_id) VALUES ('Comment 24 for post 77', 24);
INSERT INTO read_comments (comment, post_id) VALUES ('Comment 24 for post 77', 24);
INSERT INTO write_comments (comment, post_id) VALUES ('Comment 25 for post 77', 25);
INSERT INTO read_comments (comment, post_id) VALUES ('Comment 25 for post 77', 25);
INSERT INTO write_comments (comment, post_id) VALUES ('Comment 26 for post 77', 26);
INSERT INTO read_comments (comment, post_id) VALUES ('Comment 26 for post 77', 26);
INSERT INTO write_comments (comment, post_id) VALUES ('Comment 27 for post 77', 27);
INSERT INTO read_comments (comment, post_id) VALUES ('Comment 27 for post 77', 27);
INSERT INTO write_comments (comment, post_id) VALUES ('Comment 28 for post 77', 28);
INSERT INTO read_comments (comment, post_id) VALUES ('Comment 28 for post 77', 28);
INSERT INTO write_comments (comment, post_id) VALUES ('Comment 29 for post 77', 29);
INSERT INTO read_comments (comment, post_id) VALUES ('Comment 29 for post 77', 29);
INSERT INTO write_comments (comment, post_id) VALUES ('Comment 30 for post 77', 30);
INSERT INTO read_comments (comment, post_id) VALUES ('Comment 30 for post 77', 30);
INSERT INTO write_comments (comment, post_id) VALUES ('Comment 31 for post 77', 31);
INSERT INTO read_comments (comment, post_id) VALUES ('Comment 31 for post 77', 31);
INSERT INTO write_comments (comment, post_id) VALUES ('Comment 32 for post 77', 32);
INSERT INTO read_comments (comment, post_id) VALUES ('Comment 32 for post 77', 32);
INSERT INTO write_comments (comment, post_id) VALUES ('Comment 33 for post 77', 33);
INSERT INTO read_comments (comment, post_id) VALUES ('Comment 33 for post 77', 33);
INSERT INTO write_comments (comment, post_id) VALUES ('Comment 34 for post 77', 34);
INSERT INTO read_comments (comment, post_id) VALUES ('Comment 34 for post 77', 34);
INSERT INTO write_comments (comment, post_id) VALUES ('Comment 35 for post 77', 35);
INSERT INTO read_comments (comment, post_id) VALUES ('Comment 35 for post 77', 35);
INSERT INTO write_comments (comment, post_id) VALUES ('Comment 36 for post 77', 36);
INSERT INTO read_comments (comment, post_id) VALUES ('Comment 36 for post 77', 36);
INSERT INTO write_comments (comment, post_id) VALUES ('Comment 37 for post 77', 37);
INSERT INTO read_comments (comment, post_id) VALUES ('Comment 37 for post 77', 37);
INSERT INTO write_comments (comment, post_id) VALUES ('Comment 38 for post 77', 38);
INSERT INTO read_comments (comment, post_id) VALUES ('Comment 38 for post 77', 38);
INSERT INTO write_comments (comment, post_id) VALUES ('Comment 39 for post 77', 39);
INSERT INTO read_comments (comment, post_id) VALUES ('Comment 39 for post 77', 39);
INSERT INTO write_comments (comment, post_id) VALUES ('Comment 40 for post 77', 40);
INSERT INTO read_comments (comment, post_id) VALUES ('Comment 40 for post 77', 40);
INSERT INTO write_comments (comment, post_id) VALUES ('Comment 41 for post 77', 41);
INSERT INTO read_comments (comment, post_id) VALUES ('Comment 41 for post 77', 41);
INSERT INTO write_comments (comment, post_id) VALUES ('Comment 42 for post 77', 42);
INSERT INTO read_comments (comment, post_id) VALUES ('Comment 42 for post 77', 42);
INSERT INTO write_comments (comment, post_id) VALUES ('Comment 43 for post 77', 43);
INSERT INTO read_comments (comment, post_id) VALUES ('Comment 43 for post 77', 43);
INSERT INTO write_comments (comment, post_id) VALUES ('Comment 44 for post 77', 44);
INSERT INTO read_comments (comment, post_id) VALUES ('Comment 44 for post 77', 44);
INSERT INTO write_comments (comment, post_id) VALUES ('Comment 45 for post 77', 45);
INSERT INTO read_comments (comment, post_id) VALUES ('Comment 45 for post 77', 45);
INSERT INTO write_comments (comment, post_id) VALUES ('Comment 46 for post 77', 46);
INSERT INTO read_comments (comment, post_id) VALUES ('Comment 46 for post 77', 46);
INSERT INTO write_comments (comment, post_id) VALUES ('Comment 47 for post 77', 47);
INSERT INTO read_comments (comment, post_id) VALUES ('Comment 47 for post 77', 47);
INSERT INTO write_comments (comment, post_id) VALUES ('Comment 48 for post 77', 48);
INSERT INTO read_comments (comment, post_id) VALUES ('Comment 48 for post 77', 48);
INSERT INTO write_comments (comment, post_id) VALUES ('Comment 49 for post 77', 49);
INSERT INTO read_comments (comment, post_id) VALUES ('Comment 49 for post 77', 49);
INSERT INTO write_comments (comment, post_id) VALUES ('Comment 50 for post 77', 50);
INSERT INTO read_comments (comment, post_id) VALUES ('Comment 50 for post 77', 50);
INSERT INTO write_comments (comment, post_id) VALUES ('Comment 51 for post 77', 51);
INSERT INTO read_comments (comment, post_id) VALUES ('Comment 51 for post 77', 51);
INSERT INTO write_comments (comment, post_id) VALUES ('Comment 52 for post 77', 52);
INSERT INTO read_comments (comment, post_id) VALUES ('Comment 52 for post 77', 52);
INSERT INTO write_comments (comment, post_id) VALUES ('Comment 53 for post 77', 53);
INSERT INTO read_comments (comment, post_id) VALUES ('Comment 53 for post 77', 53);
INSERT INTO write_comments (comment, post_id) VALUES ('Comment 54 for post 77', 54);
INSERT INTO read_comments (comment, post_id) VALUES ('Comment 54 for post 77', 54);
INSERT INTO write_comments (comment, post_id) VALUES ('Comment 55 for post 77', 55);
INSERT INTO read_comments (comment, post_id) VALUES ('Comment 55 for post 77', 55);
INSERT INTO write_comments (comment, post_id) VALUES ('Comment 56 for post 77', 56);
INSERT INTO read_comments (comment, post_id) VALUES ('Comment 56 for post 77', 56);
INSERT INTO write_comments (comment, post_id) VALUES ('Comment 57 for post 77', 57);
INSERT INTO read_comments (comment, post_id) VALUES ('Comment 57 for post 77', 57);
INSERT INTO write_comments (comment, post_id) VALUES ('Comment 58 for post 77', 58);
INSERT INTO read_comments (comment, post_id) VALUES ('Comment 58 for post 77', 58);
INSERT INTO write_comments (comment, post_id) VALUES ('Comment 59 for post 77', 59);
INSERT INTO read_comments (comment, post_id) VALUES ('Comment 59 for post 77', 59);
INSERT INTO write_comments (comment, post_id) VALUES ('Comment 60 for post 77', 60);
INSERT INTO read_comments (comment, post_id) VALUES ('Comment 60 for post 77', 60);
INSERT INTO write_comments (comment, post_id) VALUES ('Comment 61 for post 77', 61);
INSERT INTO read_comments (comment, post_id) VALUES ('Comment 61 for post 77', 61);
INSERT INTO write_comments (comment, post_id) VALUES ('Comment 62 for post 77', 62);
INSERT INTO read_comments (comment, post_id) VALUES ('Comment 62 for post 77', 62);
INSERT INTO write_comments (comment, post_id) VALUES ('Comment 63 for post 77', 63);
INSERT INTO read_comments (comment, post_id) VALUES ('Comment 63 for post 77', 63);
INSERT INTO write_comments (comment, post_id) VALUES ('Comment 64 for post 77', 64);
INSERT INTO read_comments (comment, post_id) VALUES ('Comment 64 for post 77', 64);
INSERT INTO write_comments (comment, post_id) VALUES ('Comment 65 for post 77', 65);
INSERT INTO read_comments (comment, post_id) VALUES ('Comment 65 for post 77', 65);
INSERT INTO write_comments (comment, post_id) VALUES ('Comment 66 for post 77', 66);
INSERT INTO read_comments (comment, post_id) VALUES ('Comment 66 for post 77', 66);
INSERT INTO write_comments (comment, post_id) VALUES ('Comment 67 for post 77', 67);
INSERT INTO read_comments (comment, post_id) VALUES ('Comment 67 for post 77', 67);
INSERT INTO write_comments (comment, post_id) VALUES ('Comment 68 for post 77', 68);
INSERT INTO read_comments (comment, post_id) VALUES ('Comment 68 for post 77', 68);
INSERT INTO write_comments (comment, post_id) VALUES ('Comment 69 for post 77', 69);
INSERT INTO read_comments (comment, post_id) VALUES ('Comment 69 for post 77', 69);
INSERT INTO write_comments (comment, post_id) VALUES ('Comment 70 for post 77', 70);
INSERT INTO read_comments (comment, post_id) VALUES ('Comment 70 for post 77', 70);
INSERT INTO write_comments (comment, post_id) VALUES ('Comment 71 for post 77', 71);
INSERT INTO read_comments (comment, post_id) VALUES ('Comment 71 for post 77', 71);
INSERT INTO write_comments (comment, post_id) VALUES ('Comment 72 for post 77', 72);
INSERT INTO read_comments (comment, post_id) VALUES ('Comment 72 for post 77', 72);
INSERT INTO write_comments (comment, post_id) VALUES ('Comment 73 for post 77', 73);
INSERT INTO read_comments (comment, post_id) VALUES ('Comment 73 for post 77', 73);
INSERT INTO write_comments (comment, post_id) VALUES ('Comment 74 for post 77', 74);
INSERT INTO read_comments (comment, post_id) VALUES ('Comment 74 for post 77', 74);
INSERT INTO write_comments (comment, post_id) VALUES ('Comment 75 for post 77', 75);
INSERT INTO read_comments (comment, post_id) VALUES ('Comment 75 for post 77', 75);
INSERT INTO write_comments (comment, post_id) VALUES ('Comment 76 for post 77', 76);
INSERT INTO read_comments (comment, post_id) VALUES ('Comment 76 for post 77', 76);
INSERT INTO write_comments (comment, post_id) VALUES ('Comment 77 for post 77', 77);
INSERT INTO read_comments (comment, post_id) VALUES ('Comment 77 for post 77', 77);
INSERT INTO write_comments (comment, post_id) VALUES ('Comment 78 for post 77', 78);
INSERT INTO read_comments (comment, post_id) VALUES ('Comment 78 for post 77', 78);
INSERT INTO write_comments (comment, post_id) VALUES ('Comment 79 for post 77', 79);
INSERT INTO read_comments (comment, post_id) VALUES ('Comment 79 for post 77', 79);
INSERT INTO write_comments (comment, post_id) VALUES ('Comment 80 for post 77', 80);
INSERT INTO read_comments (comment, post_id) VALUES ('Comment 80 for post 77', 80);
INSERT INTO write_comments (comment, post_id) VALUES ('Comment 81 for post 77', 81);
INSERT INTO read_comments (comment, post_id) VALUES ('Comment 81 for post 77', 81);
INSERT INTO write_comments (comment, post_id) VALUES ('Comment 82 for post 77', 82);
INSERT INTO read_comments (comment, post_id) VALUES ('Comment 82 for post 77', 82);
INSERT INTO write_comments (comment, post_id) VALUES ('Comment 83 for post 77', 83);
INSERT INTO read_comments (comment, post_id) VALUES ('Comment 83 for post 77', 83);
INSERT INTO write_comments (comment, post_id) VALUES ('Comment 84 for post 77', 84);
INSERT INTO read_comments (comment, post_id) VALUES ('Comment 84 for post 77', 84);
INSERT INTO write_comments (comment, post_id) VALUES ('Comment 85 for post 77', 85);
INSERT INTO read_comments (comment, post_id) VALUES ('Comment 85 for post 77', 85);
INSERT INTO write_comments (comment, post_id) VALUES ('Comment 86 for post 77', 86);
INSERT INTO read_comments (comment, post_id) VALUES ('Comment 86 for post 77', 86);
INSERT INTO write_comments (comment, post_id) VALUES ('Comment 87 for post 77', 87);
INSERT INTO read_comments (comment, post_id) VALUES ('Comment 87 for post 77', 87);
INSERT INTO write_comments (comment, post_id) VALUES ('Comment 88 for post 77', 88);
INSERT INTO read_comments (comment, post_id) VALUES ('Comment 88 for post 77', 88);
INSERT INTO write_comments (comment, post_id) VALUES ('Comment 89 for post 77', 89);
INSERT INTO read_comments (comment, post_id) VALUES ('Comment 89 for post 77', 89);
INSERT INTO write_comments (comment, post_id) VALUES ('Comment 90 for post 77', 90);
INSERT INTO read_comments (comment, post_id) VALUES ('Comment 90 for post 77', 90);
INSERT INTO write_comments (comment, post_id) VALUES ('Comment 91 for post 77', 91);
INSERT INTO read_comments (comment, post_id) VALUES ('Comment 91 for post 77', 91);
INSERT INTO write_comments (comment, post_id) VALUES ('Comment 92 for post 77', 92);
INSERT INTO read_comments (comment, post_id) VALUES ('Comment 92 for post 77', 92);
INSERT INTO write_comments (comment, post_id) VALUES ('Comment 93 for post 77', 93);
INSERT INTO read_comments (comment, post_id) VALUES ('Comment 93 for post 77', 93);
INSERT INTO write_comments (comment, post_id) VALUES ('Comment 94 for post 77', 94);
INSERT INTO read_comments (comment, post_id) VALUES ('Comment 94 for post 77', 94);
INSERT INTO write_comments (comment, post_id) VALUES ('Comment 95 for post 77', 95);
INSERT INTO read_comments (comment, post_id) VALUES ('Comment 95 for post 77', 95);
INSERT INTO write_comments (comment, post_id) VALUES ('Comment 96 for post 77', 96);
INSERT INTO read_comments (comment, post_id) VALUES ('Comment 96 for post 77', 96);
INSERT INTO write_comments (comment, post_id) VALUES ('Comment 97 for post 77', 97);
INSERT INTO read_comments (comment, post_id) VALUES ('Comment 97 for post 77', 97);
INSERT INTO write_comments (comment, post_id) VALUES ('Comment 98 for post 77', 98);
INSERT INTO read_comments (comment, post_id) VALUES ('Comment 98 for post 77', 98);
INSERT INTO write_comments (comment, post_id) VALUES ('Comment 99 for post 77', 99);
INSERT INTO read_comments (comment, post_id) VALUES ('Comment 99 for post 77', 99);
INSERT INTO write_comments (comment, post_id) VALUES ('Comment 100 for post 77', 100);
INSERT INTO read_comments (comment, post_id) VALUES ('Comment 100 for post 77', 100);
INSERT INTO write_comments (comment, post_id) VALUES ('Comment 1 for post 78', 1);
INSERT INTO read_comments (comment, post_id) VALUES ('Comment 1 for post 78', 1);
INSERT INTO write_comments (comment, post_id) VALUES ('Comment 2 for post 78', 2);
INSERT INTO read_comments (comment, post_id) VALUES ('Comment 2 for post 78', 2);
INSERT INTO write_comments (comment, post_id) VALUES ('Comment 3 for post 78', 3);
INSERT INTO read_comments (comment, post_id) VALUES ('Comment 3 for post 78', 3);
INSERT INTO write_comments (comment, post_id) VALUES ('Comment 4 for post 78', 4);
INSERT INTO read_comments (comment, post_id) VALUES ('Comment 4 for post 78', 4);
INSERT INTO write_comments (comment, post_id) VALUES ('Comment 5 for post 78', 5);
INSERT INTO read_comments (comment, post_id) VALUES ('Comment 5 for post 78', 5);
INSERT INTO write_comments (comment, post_id) VALUES ('Comment 6 for post 78', 6);
INSERT INTO read_comments (comment, post_id) VALUES ('Comment 6 for post 78', 6);
INSERT INTO write_comments (comment, post_id) VALUES ('Comment 7 for post 78', 7);
INSERT INTO read_comments (comment, post_id) VALUES ('Comment 7 for post 78', 7);
INSERT INTO write_comments (comment, post_id) VALUES ('Comment 8 for post 78', 8);
INSERT INTO read_comments (comment, post_id) VALUES ('Comment 8 for post 78', 8);
INSERT INTO write_comments (comment, post_id) VALUES ('Comment 9 for post 78', 9);
INSERT INTO read_comments (comment, post_id) VALUES ('Comment 9 for post 78', 9);
INSERT INTO write_comments (comment, post_id) VALUES ('Comment 10 for post 78', 10);
INSERT INTO read_comments (comment, post_id) VALUES ('Comment 10 for post 78', 10);
INSERT INTO write_comments (comment, post_id) VALUES ('Comment 11 for post 78', 11);
INSERT INTO read_comments (comment, post_id) VALUES ('Comment 11 for post 78', 11);
INSERT INTO write_comments (comment, post_id) VALUES ('Comment 12 for post 78', 12);
INSERT INTO read_comments (comment, post_id) VALUES ('Comment 12 for post 78', 12);
INSERT INTO write_comments (comment, post_id) VALUES ('Comment 13 for post 78', 13);
INSERT INTO read_comments (comment, post_id) VALUES ('Comment 13 for post 78', 13);
INSERT INTO write_comments (comment, post_id) VALUES ('Comment 14 for post 78', 14);
INSERT INTO read_comments (comment, post_id) VALUES ('Comment 14 for post 78', 14);
INSERT INTO write_comments (comment, post_id) VALUES ('Comment 15 for post 78', 15);
INSERT INTO read_comments (comment, post_id) VALUES ('Comment 15 for post 78', 15);
INSERT INTO write_comments (comment, post_id) VALUES ('Comment 16 for post 78', 16);
INSERT INTO read_comments (comment, post_id) VALUES ('Comment 16 for post 78', 16);
INSERT INTO write_comments (comment, post_id) VALUES ('Comment 17 for post 78', 17);
INSERT INTO read_comments (comment, post_id) VALUES ('Comment 17 for post 78', 17);
INSERT INTO write_comments (comment, post_id) VALUES ('Comment 18 for post 78', 18);
INSERT INTO read_comments (comment, post_id) VALUES ('Comment 18 for post 78', 18);
INSERT INTO write_comments (comment, post_id) VALUES ('Comment 19 for post 78', 19);
INSERT INTO read_comments (comment, post_id) VALUES ('Comment 19 for post 78', 19);
INSERT INTO write_comments (comment, post_id) VALUES ('Comment 20 for post 78', 20);
INSERT INTO read_comments (comment, post_id) VALUES ('Comment 20 for post 78', 20);
INSERT INTO write_comments (comment, post_id) VALUES ('Comment 21 for post 78', 21);
INSERT INTO read_comments (comment, post_id) VALUES ('Comment 21 for post 78', 21);
INSERT INTO write_comments (comment, post_id) VALUES ('Comment 22 for post 78', 22);
INSERT INTO read_comments (comment, post_id) VALUES ('Comment 22 for post 78', 22);
INSERT INTO write_comments (comment, post_id) VALUES ('Comment 23 for post 78', 23);
INSERT INTO read_comments (comment, post_id) VALUES ('Comment 23 for post 78', 23);
INSERT INTO write_comments (comment, post_id) VALUES ('Comment 24 for post 78', 24);
INSERT INTO read_comments (comment, post_id) VALUES ('Comment 24 for post 78', 24);
INSERT INTO write_comments (comment, post_id) VALUES ('Comment 25 for post 78', 25);
INSERT INTO read_comments (comment, post_id) VALUES ('Comment 25 for post 78', 25);
INSERT INTO write_comments (comment, post_id) VALUES ('Comment 26 for post 78', 26);
INSERT INTO read_comments (comment, post_id) VALUES ('Comment 26 for post 78', 26);
INSERT INTO write_comments (comment, post_id) VALUES ('Comment 27 for post 78', 27);
INSERT INTO read_comments (comment, post_id) VALUES ('Comment 27 for post 78', 27);
INSERT INTO write_comments (comment, post_id) VALUES ('Comment 28 for post 78', 28);
INSERT INTO read_comments (comment, post_id) VALUES ('Comment 28 for post 78', 28);
INSERT INTO write_comments (comment, post_id) VALUES ('Comment 29 for post 78', 29);
INSERT INTO read_comments (comment, post_id) VALUES ('Comment 29 for post 78', 29);
INSERT INTO write_comments (comment, post_id) VALUES ('Comment 30 for post 78', 30);
INSERT INTO read_comments (comment, post_id) VALUES ('Comment 30 for post 78', 30);
INSERT INTO write_comments (comment, post_id) VALUES ('Comment 31 for post 78', 31);
INSERT INTO read_comments (comment, post_id) VALUES ('Comment 31 for post 78', 31);
INSERT INTO write_comments (comment, post_id) VALUES ('Comment 32 for post 78', 32);
INSERT INTO read_comments (comment, post_id) VALUES ('Comment 32 for post 78', 32);
INSERT INTO write_comments (comment, post_id) VALUES ('Comment 33 for post 78', 33);
INSERT INTO read_comments (comment, post_id) VALUES ('Comment 33 for post 78', 33);
INSERT INTO write_comments (comment, post_id) VALUES ('Comment 34 for post 78', 34);
INSERT INTO read_comments (comment, post_id) VALUES ('Comment 34 for post 78', 34);
INSERT INTO write_comments (comment, post_id) VALUES ('Comment 35 for post 78', 35);
INSERT INTO read_comments (comment, post_id) VALUES ('Comment 35 for post 78', 35);
INSERT INTO write_comments (comment, post_id) VALUES ('Comment 36 for post 78', 36);
INSERT INTO read_comments (comment, post_id) VALUES ('Comment 36 for post 78', 36);
INSERT INTO write_comments (comment, post_id) VALUES ('Comment 37 for post 78', 37);
INSERT INTO read_comments (comment, post_id) VALUES ('Comment 37 for post 78', 37);
INSERT INTO write_comments (comment, post_id) VALUES ('Comment 38 for post 78', 38);
INSERT INTO read_comments (comment, post_id) VALUES ('Comment 38 for post 78', 38);
INSERT INTO write_comments (comment, post_id) VALUES ('Comment 39 for post 78', 39);
INSERT INTO read_comments (comment, post_id) VALUES ('Comment 39 for post 78', 39);
INSERT INTO write_comments (comment, post_id) VALUES ('Comment 40 for post 78', 40);
INSERT INTO read_comments (comment, post_id) VALUES ('Comment 40 for post 78', 40);
INSERT INTO write_comments (comment, post_id) VALUES ('Comment 41 for post 78', 41);
INSERT INTO read_comments (comment, post_id) VALUES ('Comment 41 for post 78', 41);
INSERT INTO write_comments (comment, post_id) VALUES ('Comment 42 for post 78', 42);
INSERT INTO read_comments (comment, post_id) VALUES ('Comment 42 for post 78', 42);
INSERT INTO write_comments (comment, post_id) VALUES ('Comment 43 for post 78', 43);
INSERT INTO read_comments (comment, post_id) VALUES ('Comment 43 for post 78', 43);
INSERT INTO write_comments (comment, post_id) VALUES ('Comment 44 for post 78', 44);
INSERT INTO read_comments (comment, post_id) VALUES ('Comment 44 for post 78', 44);
INSERT INTO write_comments (comment, post_id) VALUES ('Comment 45 for post 78', 45);
INSERT INTO read_comments (comment, post_id) VALUES ('Comment 45 for post 78', 45);
INSERT INTO write_comments (comment, post_id) VALUES ('Comment 46 for post 78', 46);
INSERT INTO read_comments (comment, post_id) VALUES ('Comment 46 for post 78', 46);
INSERT INTO write_comments (comment, post_id) VALUES ('Comment 47 for post 78', 47);
INSERT INTO read_comments (comment, post_id) VALUES ('Comment 47 for post 78', 47);
INSERT INTO write_comments (comment, post_id) VALUES ('Comment 48 for post 78', 48);
INSERT INTO read_comments (comment, post_id) VALUES ('Comment 48 for post 78', 48);
INSERT INTO write_comments (comment, post_id) VALUES ('Comment 49 for post 78', 49);
INSERT INTO read_comments (comment, post_id) VALUES ('Comment 49 for post 78', 49);
INSERT INTO write_comments (comment, post_id) VALUES ('Comment 50 for post 78', 50);
INSERT INTO read_comments (comment, post_id) VALUES ('Comment 50 for post 78', 50);
INSERT INTO write_comments (comment, post_id) VALUES ('Comment 51 for post 78', 51);
INSERT INTO read_comments (comment, post_id) VALUES ('Comment 51 for post 78', 51);
INSERT INTO write_comments (comment, post_id) VALUES ('Comment 52 for post 78', 52);
INSERT INTO read_comments (comment, post_id) VALUES ('Comment 52 for post 78', 52);
INSERT INTO write_comments (comment, post_id) VALUES ('Comment 53 for post 78', 53);
INSERT INTO read_comments (comment, post_id) VALUES ('Comment 53 for post 78', 53);
INSERT INTO write_comments (comment, post_id) VALUES ('Comment 54 for post 78', 54);
INSERT INTO read_comments (comment, post_id) VALUES ('Comment 54 for post 78', 54);
INSERT INTO write_comments (comment, post_id) VALUES ('Comment 55 for post 78', 55);
INSERT INTO read_comments (comment, post_id) VALUES ('Comment 55 for post 78', 55);
INSERT INTO write_comments (comment, post_id) VALUES ('Comment 56 for post 78', 56);
INSERT INTO read_comments (comment, post_id) VALUES ('Comment 56 for post 78', 56);
INSERT INTO write_comments (comment, post_id) VALUES ('Comment 57 for post 78', 57);
INSERT INTO read_comments (comment, post_id) VALUES ('Comment 57 for post 78', 57);
INSERT INTO write_comments (comment, post_id) VALUES ('Comment 58 for post 78', 58);
INSERT INTO read_comments (comment, post_id) VALUES ('Comment 58 for post 78', 58);
INSERT INTO write_comments (comment, post_id) VALUES ('Comment 59 for post 78', 59);
INSERT INTO read_comments (comment, post_id) VALUES ('Comment 59 for post 78', 59);
INSERT INTO write_comments (comment, post_id) VALUES ('Comment 60 for post 78', 60);
INSERT INTO read_comments (comment, post_id) VALUES ('Comment 60 for post 78', 60);
INSERT INTO write_comments (comment, post_id) VALUES ('Comment 61 for post 78', 61);
INSERT INTO read_comments (comment, post_id) VALUES ('Comment 61 for post 78', 61);
INSERT INTO write_comments (comment, post_id) VALUES ('Comment 62 for post 78', 62);
INSERT INTO read_comments (comment, post_id) VALUES ('Comment 62 for post 78', 62);
INSERT INTO write_comments (comment, post_id) VALUES ('Comment 63 for post 78', 63);
INSERT INTO read_comments (comment, post_id) VALUES ('Comment 63 for post 78', 63);
INSERT INTO write_comments (comment, post_id) VALUES ('Comment 64 for post 78', 64);
INSERT INTO read_comments (comment, post_id) VALUES ('Comment 64 for post 78', 64);
INSERT INTO write_comments (comment, post_id) VALUES ('Comment 65 for post 78', 65);
INSERT INTO read_comments (comment, post_id) VALUES ('Comment 65 for post 78', 65);
INSERT INTO write_comments (comment, post_id) VALUES ('Comment 66 for post 78', 66);
INSERT INTO read_comments (comment, post_id) VALUES ('Comment 66 for post 78', 66);
INSERT INTO write_comments (comment, post_id) VALUES ('Comment 67 for post 78', 67);
INSERT INTO read_comments (comment, post_id) VALUES ('Comment 67 for post 78', 67);
INSERT INTO write_comments (comment, post_id) VALUES ('Comment 68 for post 78', 68);
INSERT INTO read_comments (comment, post_id) VALUES ('Comment 68 for post 78', 68);
INSERT INTO write_comments (comment, post_id) VALUES ('Comment 69 for post 78', 69);
INSERT INTO read_comments (comment, post_id) VALUES ('Comment 69 for post 78', 69);
INSERT INTO write_comments (comment, post_id) VALUES ('Comment 70 for post 78', 70);
INSERT INTO read_comments (comment, post_id) VALUES ('Comment 70 for post 78', 70);
INSERT INTO write_comments (comment, post_id) VALUES ('Comment 71 for post 78', 71);
INSERT INTO read_comments (comment, post_id) VALUES ('Comment 71 for post 78', 71);
INSERT INTO write_comments (comment, post_id) VALUES ('Comment 72 for post 78', 72);
INSERT INTO read_comments (comment, post_id) VALUES ('Comment 72 for post 78', 72);
INSERT INTO write_comments (comment, post_id) VALUES ('Comment 73 for post 78', 73);
INSERT INTO read_comments (comment, post_id) VALUES ('Comment 73 for post 78', 73);
INSERT INTO write_comments (comment, post_id) VALUES ('Comment 74 for post 78', 74);
INSERT INTO read_comments (comment, post_id) VALUES ('Comment 74 for post 78', 74);
INSERT INTO write_comments (comment, post_id) VALUES ('Comment 75 for post 78', 75);
INSERT INTO read_comments (comment, post_id) VALUES ('Comment 75 for post 78', 75);
INSERT INTO write_comments (comment, post_id) VALUES ('Comment 76 for post 78', 76);
INSERT INTO read_comments (comment, post_id) VALUES ('Comment 76 for post 78', 76);
INSERT INTO write_comments (comment, post_id) VALUES ('Comment 77 for post 78', 77);
INSERT INTO read_comments (comment, post_id) VALUES ('Comment 77 for post 78', 77);
INSERT INTO write_comments (comment, post_id) VALUES ('Comment 78 for post 78', 78);
INSERT INTO read_comments (comment, post_id) VALUES ('Comment 78 for post 78', 78);
INSERT INTO write_comments (comment, post_id) VALUES ('Comment 79 for post 78', 79);
INSERT INTO read_comments (comment, post_id) VALUES ('Comment 79 for post 78', 79);
INSERT INTO write_comments (comment, post_id) VALUES ('Comment 80 for post 78', 80);
INSERT INTO read_comments (comment, post_id) VALUES ('Comment 80 for post 78', 80);
INSERT INTO write_comments (comment, post_id) VALUES ('Comment 81 for post 78', 81);
INSERT INTO read_comments (comment, post_id) VALUES ('Comment 81 for post 78', 81);
INSERT INTO write_comments (comment, post_id) VALUES ('Comment 82 for post 78', 82);
INSERT INTO read_comments (comment, post_id) VALUES ('Comment 82 for post 78', 82);
INSERT INTO write_comments (comment, post_id) VALUES ('Comment 83 for post 78', 83);
INSERT INTO read_comments (comment, post_id) VALUES ('Comment 83 for post 78', 83);
INSERT INTO write_comments (comment, post_id) VALUES ('Comment 84 for post 78', 84);
INSERT INTO read_comments (comment, post_id) VALUES ('Comment 84 for post 78', 84);
INSERT INTO write_comments (comment, post_id) VALUES ('Comment 85 for post 78', 85);
INSERT INTO read_comments (comment, post_id) VALUES ('Comment 85 for post 78', 85);
INSERT INTO write_comments (comment, post_id) VALUES ('Comment 86 for post 78', 86);
INSERT INTO read_comments (comment, post_id) VALUES ('Comment 86 for post 78', 86);
INSERT INTO write_comments (comment, post_id) VALUES ('Comment 87 for post 78', 87);
INSERT INTO read_comments (comment, post_id) VALUES ('Comment 87 for post 78', 87);
INSERT INTO write_comments (comment, post_id) VALUES ('Comment 88 for post 78', 88);
INSERT INTO read_comments (comment, post_id) VALUES ('Comment 88 for post 78', 88);
INSERT INTO write_comments (comment, post_id) VALUES ('Comment 89 for post 78', 89);
INSERT INTO read_comments (comment, post_id) VALUES ('Comment 89 for post 78', 89);
INSERT INTO write_comments (comment, post_id) VALUES ('Comment 90 for post 78', 90);
INSERT INTO read_comments (comment, post_id) VALUES ('Comment 90 for post 78', 90);
INSERT INTO write_comments (comment, post_id) VALUES ('Comment 91 for post 78', 91);
INSERT INTO read_comments (comment, post_id) VALUES ('Comment 91 for post 78', 91);
INSERT INTO write_comments (comment, post_id) VALUES ('Comment 92 for post 78', 92);
INSERT INTO read_comments (comment, post_id) VALUES ('Comment 92 for post 78', 92);
INSERT INTO write_comments (comment, post_id) VALUES ('Comment 93 for post 78', 93);
INSERT INTO read_comments (comment, post_id) VALUES ('Comment 93 for post 78', 93);
INSERT INTO write_comments (comment, post_id) VALUES ('Comment 94 for post 78', 94);
INSERT INTO read_comments (comment, post_id) VALUES ('Comment 94 for post 78', 94);
INSERT INTO write_comments (comment, post_id) VALUES ('Comment 95 for post 78', 95);
INSERT INTO read_comments (comment, post_id) VALUES ('Comment 95 for post 78', 95);
INSERT INTO write_comments (comment, post_id) VALUES ('Comment 96 for post 78', 96);
INSERT INTO read_comments (comment, post_id) VALUES ('Comment 96 for post 78', 96);
INSERT INTO write_comments (comment, post_id) VALUES ('Comment 97 for post 78', 97);
INSERT INTO read_comments (comment, post_id) VALUES ('Comment 97 for post 78', 97);
INSERT INTO write_comments (comment, post_id) VALUES ('Comment 98 for post 78', 98);
INSERT INTO read_comments (comment, post_id) VALUES ('Comment 98 for post 78', 98);
INSERT INTO write_comments (comment, post_id) VALUES ('Comment 99 for post 78', 99);
INSERT INTO read_comments (comment, post_id) VALUES ('Comment 99 for post 78', 99);
INSERT INTO write_comments (comment, post_id) VALUES ('Comment 100 for post 78', 100);
INSERT INTO read_comments (comment, post_id) VALUES ('Comment 100 for post 78', 100);
INSERT INTO write_comments (comment, post_id) VALUES ('Comment 1 for post 79', 1);
INSERT INTO read_comments (comment, post_id) VALUES ('Comment 1 for post 79', 1);
INSERT INTO write_comments (comment, post_id) VALUES ('Comment 2 for post 79', 2);
INSERT INTO read_comments (comment, post_id) VALUES ('Comment 2 for post 79', 2);
INSERT INTO write_comments (comment, post_id) VALUES ('Comment 3 for post 79', 3);
INSERT INTO read_comments (comment, post_id) VALUES ('Comment 3 for post 79', 3);
INSERT INTO write_comments (comment, post_id) VALUES ('Comment 4 for post 79', 4);
INSERT INTO read_comments (comment, post_id) VALUES ('Comment 4 for post 79', 4);
INSERT INTO write_comments (comment, post_id) VALUES ('Comment 5 for post 79', 5);
INSERT INTO read_comments (comment, post_id) VALUES ('Comment 5 for post 79', 5);
INSERT INTO write_comments (comment, post_id) VALUES ('Comment 6 for post 79', 6);
INSERT INTO read_comments (comment, post_id) VALUES ('Comment 6 for post 79', 6);
INSERT INTO write_comments (comment, post_id) VALUES ('Comment 7 for post 79', 7);
INSERT INTO read_comments (comment, post_id) VALUES ('Comment 7 for post 79', 7);
INSERT INTO write_comments (comment, post_id) VALUES ('Comment 8 for post 79', 8);
INSERT INTO read_comments (comment, post_id) VALUES ('Comment 8 for post 79', 8);
INSERT INTO write_comments (comment, post_id) VALUES ('Comment 9 for post 79', 9);
INSERT INTO read_comments (comment, post_id) VALUES ('Comment 9 for post 79', 9);
INSERT INTO write_comments (comment, post_id) VALUES ('Comment 10 for post 79', 10);
INSERT INTO read_comments (comment, post_id) VALUES ('Comment 10 for post 79', 10);
INSERT INTO write_comments (comment, post_id) VALUES ('Comment 11 for post 79', 11);
INSERT INTO read_comments (comment, post_id) VALUES ('Comment 11 for post 79', 11);
INSERT INTO write_comments (comment, post_id) VALUES ('Comment 12 for post 79', 12);
INSERT INTO read_comments (comment, post_id) VALUES ('Comment 12 for post 79', 12);
INSERT INTO write_comments (comment, post_id) VALUES ('Comment 13 for post 79', 13);
INSERT INTO read_comments (comment, post_id) VALUES ('Comment 13 for post 79', 13);
INSERT INTO write_comments (comment, post_id) VALUES ('Comment 14 for post 79', 14);
INSERT INTO read_comments (comment, post_id) VALUES ('Comment 14 for post 79', 14);
INSERT INTO write_comments (comment, post_id) VALUES ('Comment 15 for post 79', 15);
INSERT INTO read_comments (comment, post_id) VALUES ('Comment 15 for post 79', 15);
INSERT INTO write_comments (comment, post_id) VALUES ('Comment 16 for post 79', 16);
INSERT INTO read_comments (comment, post_id) VALUES ('Comment 16 for post 79', 16);
INSERT INTO write_comments (comment, post_id) VALUES ('Comment 17 for post 79', 17);
INSERT INTO read_comments (comment, post_id) VALUES ('Comment 17 for post 79', 17);
INSERT INTO write_comments (comment, post_id) VALUES ('Comment 18 for post 79', 18);
INSERT INTO read_comments (comment, post_id) VALUES ('Comment 18 for post 79', 18);
INSERT INTO write_comments (comment, post_id) VALUES ('Comment 19 for post 79', 19);
INSERT INTO read_comments (comment, post_id) VALUES ('Comment 19 for post 79', 19);
INSERT INTO write_comments (comment, post_id) VALUES ('Comment 20 for post 79', 20);
INSERT INTO read_comments (comment, post_id) VALUES ('Comment 20 for post 79', 20);
INSERT INTO write_comments (comment, post_id) VALUES ('Comment 21 for post 79', 21);
INSERT INTO read_comments (comment, post_id) VALUES ('Comment 21 for post 79', 21);
INSERT INTO write_comments (comment, post_id) VALUES ('Comment 22 for post 79', 22);
INSERT INTO read_comments (comment, post_id) VALUES ('Comment 22 for post 79', 22);
INSERT INTO write_comments (comment, post_id) VALUES ('Comment 23 for post 79', 23);
INSERT INTO read_comments (comment, post_id) VALUES ('Comment 23 for post 79', 23);
INSERT INTO write_comments (comment, post_id) VALUES ('Comment 24 for post 79', 24);
INSERT INTO read_comments (comment, post_id) VALUES ('Comment 24 for post 79', 24);
INSERT INTO write_comments (comment, post_id) VALUES ('Comment 25 for post 79', 25);
INSERT INTO read_comments (comment, post_id) VALUES ('Comment 25 for post 79', 25);
INSERT INTO write_comments (comment, post_id) VALUES ('Comment 26 for post 79', 26);
INSERT INTO read_comments (comment, post_id) VALUES ('Comment 26 for post 79', 26);
INSERT INTO write_comments (comment, post_id) VALUES ('Comment 27 for post 79', 27);
INSERT INTO read_comments (comment, post_id) VALUES ('Comment 27 for post 79', 27);
INSERT INTO write_comments (comment, post_id) VALUES ('Comment 28 for post 79', 28);
INSERT INTO read_comments (comment, post_id) VALUES ('Comment 28 for post 79', 28);
INSERT INTO write_comments (comment, post_id) VALUES ('Comment 29 for post 79', 29);
INSERT INTO read_comments (comment, post_id) VALUES ('Comment 29 for post 79', 29);
INSERT INTO write_comments (comment, post_id) VALUES ('Comment 30 for post 79', 30);
INSERT INTO read_comments (comment, post_id) VALUES ('Comment 30 for post 79', 30);
INSERT INTO write_comments (comment, post_id) VALUES ('Comment 31 for post 79', 31);
INSERT INTO read_comments (comment, post_id) VALUES ('Comment 31 for post 79', 31);
INSERT INTO write_comments (comment, post_id) VALUES ('Comment 32 for post 79', 32);
INSERT INTO read_comments (comment, post_id) VALUES ('Comment 32 for post 79', 32);
INSERT INTO write_comments (comment, post_id) VALUES ('Comment 33 for post 79', 33);
INSERT INTO read_comments (comment, post_id) VALUES ('Comment 33 for post 79', 33);
INSERT INTO write_comments (comment, post_id) VALUES ('Comment 34 for post 79', 34);
INSERT INTO read_comments (comment, post_id) VALUES ('Comment 34 for post 79', 34);
INSERT INTO write_comments (comment, post_id) VALUES ('Comment 35 for post 79', 35);
INSERT INTO read_comments (comment, post_id) VALUES ('Comment 35 for post 79', 35);
INSERT INTO write_comments (comment, post_id) VALUES ('Comment 36 for post 79', 36);
INSERT INTO read_comments (comment, post_id) VALUES ('Comment 36 for post 79', 36);
INSERT INTO write_comments (comment, post_id) VALUES ('Comment 37 for post 79', 37);
INSERT INTO read_comments (comment, post_id) VALUES ('Comment 37 for post 79', 37);
INSERT INTO write_comments (comment, post_id) VALUES ('Comment 38 for post 79', 38);
INSERT INTO read_comments (comment, post_id) VALUES ('Comment 38 for post 79', 38);
INSERT INTO write_comments (comment, post_id) VALUES ('Comment 39 for post 79', 39);
INSERT INTO read_comments (comment, post_id) VALUES ('Comment 39 for post 79', 39);
INSERT INTO write_comments (comment, post_id) VALUES ('Comment 40 for post 79', 40);
INSERT INTO read_comments (comment, post_id) VALUES ('Comment 40 for post 79', 40);
INSERT INTO write_comments (comment, post_id) VALUES ('Comment 41 for post 79', 41);
INSERT INTO read_comments (comment, post_id) VALUES ('Comment 41 for post 79', 41);
INSERT INTO write_comments (comment, post_id) VALUES ('Comment 42 for post 79', 42);
INSERT INTO read_comments (comment, post_id) VALUES ('Comment 42 for post 79', 42);
INSERT INTO write_comments (comment, post_id) VALUES ('Comment 43 for post 79', 43);
INSERT INTO read_comments (comment, post_id) VALUES ('Comment 43 for post 79', 43);
INSERT INTO write_comments (comment, post_id) VALUES ('Comment 44 for post 79', 44);
INSERT INTO read_comments (comment, post_id) VALUES ('Comment 44 for post 79', 44);
INSERT INTO write_comments (comment, post_id) VALUES ('Comment 45 for post 79', 45);
INSERT INTO read_comments (comment, post_id) VALUES ('Comment 45 for post 79', 45);
INSERT INTO write_comments (comment, post_id) VALUES ('Comment 46 for post 79', 46);
INSERT INTO read_comments (comment, post_id) VALUES ('Comment 46 for post 79', 46);
INSERT INTO write_comments (comment, post_id) VALUES ('Comment 47 for post 79', 47);
INSERT INTO read_comments (comment, post_id) VALUES ('Comment 47 for post 79', 47);
INSERT INTO write_comments (comment, post_id) VALUES ('Comment 48 for post 79', 48);
INSERT INTO read_comments (comment, post_id) VALUES ('Comment 48 for post 79', 48);
INSERT INTO write_comments (comment, post_id) VALUES ('Comment 49 for post 79', 49);
INSERT INTO read_comments (comment, post_id) VALUES ('Comment 49 for post 79', 49);
INSERT INTO write_comments (comment, post_id) VALUES ('Comment 50 for post 79', 50);
INSERT INTO read_comments (comment, post_id) VALUES ('Comment 50 for post 79', 50);
INSERT INTO write_comments (comment, post_id) VALUES ('Comment 51 for post 79', 51);
INSERT INTO read_comments (comment, post_id) VALUES ('Comment 51 for post 79', 51);
INSERT INTO write_comments (comment, post_id) VALUES ('Comment 52 for post 79', 52);
INSERT INTO read_comments (comment, post_id) VALUES ('Comment 52 for post 79', 52);
INSERT INTO write_comments (comment, post_id) VALUES ('Comment 53 for post 79', 53);
INSERT INTO read_comments (comment, post_id) VALUES ('Comment 53 for post 79', 53);
INSERT INTO write_comments (comment, post_id) VALUES ('Comment 54 for post 79', 54);
INSERT INTO read_comments (comment, post_id) VALUES ('Comment 54 for post 79', 54);
INSERT INTO write_comments (comment, post_id) VALUES ('Comment 55 for post 79', 55);
INSERT INTO read_comments (comment, post_id) VALUES ('Comment 55 for post 79', 55);
INSERT INTO write_comments (comment, post_id) VALUES ('Comment 56 for post 79', 56);
INSERT INTO read_comments (comment, post_id) VALUES ('Comment 56 for post 79', 56);
INSERT INTO write_comments (comment, post_id) VALUES ('Comment 57 for post 79', 57);
INSERT INTO read_comments (comment, post_id) VALUES ('Comment 57 for post 79', 57);
INSERT INTO write_comments (comment, post_id) VALUES ('Comment 58 for post 79', 58);
INSERT INTO read_comments (comment, post_id) VALUES ('Comment 58 for post 79', 58);
INSERT INTO write_comments (comment, post_id) VALUES ('Comment 59 for post 79', 59);
INSERT INTO read_comments (comment, post_id) VALUES ('Comment 59 for post 79', 59);
INSERT INTO write_comments (comment, post_id) VALUES ('Comment 60 for post 79', 60);
INSERT INTO read_comments (comment, post_id) VALUES ('Comment 60 for post 79', 60);
INSERT INTO write_comments (comment, post_id) VALUES ('Comment 61 for post 79', 61);
INSERT INTO read_comments (comment, post_id) VALUES ('Comment 61 for post 79', 61);
INSERT INTO write_comments (comment, post_id) VALUES ('Comment 62 for post 79', 62);
INSERT INTO read_comments (comment, post_id) VALUES ('Comment 62 for post 79', 62);
INSERT INTO write_comments (comment, post_id) VALUES ('Comment 63 for post 79', 63);
INSERT INTO read_comments (comment, post_id) VALUES ('Comment 63 for post 79', 63);
INSERT INTO write_comments (comment, post_id) VALUES ('Comment 64 for post 79', 64);
INSERT INTO read_comments (comment, post_id) VALUES ('Comment 64 for post 79', 64);
INSERT INTO write_comments (comment, post_id) VALUES ('Comment 65 for post 79', 65);
INSERT INTO read_comments (comment, post_id) VALUES ('Comment 65 for post 79', 65);
INSERT INTO write_comments (comment, post_id) VALUES ('Comment 66 for post 79', 66);
INSERT INTO read_comments (comment, post_id) VALUES ('Comment 66 for post 79', 66);
INSERT INTO write_comments (comment, post_id) VALUES ('Comment 67 for post 79', 67);
INSERT INTO read_comments (comment, post_id) VALUES ('Comment 67 for post 79', 67);
INSERT INTO write_comments (comment, post_id) VALUES ('Comment 68 for post 79', 68);
INSERT INTO read_comments (comment, post_id) VALUES ('Comment 68 for post 79', 68);
INSERT INTO write_comments (comment, post_id) VALUES ('Comment 69 for post 79', 69);
INSERT INTO read_comments (comment, post_id) VALUES ('Comment 69 for post 79', 69);
INSERT INTO write_comments (comment, post_id) VALUES ('Comment 70 for post 79', 70);
INSERT INTO read_comments (comment, post_id) VALUES ('Comment 70 for post 79', 70);
INSERT INTO write_comments (comment, post_id) VALUES ('Comment 71 for post 79', 71);
INSERT INTO read_comments (comment, post_id) VALUES ('Comment 71 for post 79', 71);
INSERT INTO write_comments (comment, post_id) VALUES ('Comment 72 for post 79', 72);
INSERT INTO read_comments (comment, post_id) VALUES ('Comment 72 for post 79', 72);
INSERT INTO write_comments (comment, post_id) VALUES ('Comment 73 for post 79', 73);
INSERT INTO read_comments (comment, post_id) VALUES ('Comment 73 for post 79', 73);
INSERT INTO write_comments (comment, post_id) VALUES ('Comment 74 for post 79', 74);
INSERT INTO read_comments (comment, post_id) VALUES ('Comment 74 for post 79', 74);
INSERT INTO write_comments (comment, post_id) VALUES ('Comment 75 for post 79', 75);
INSERT INTO read_comments (comment, post_id) VALUES ('Comment 75 for post 79', 75);
INSERT INTO write_comments (comment, post_id) VALUES ('Comment 76 for post 79', 76);
INSERT INTO read_comments (comment, post_id) VALUES ('Comment 76 for post 79', 76);
INSERT INTO write_comments (comment, post_id) VALUES ('Comment 77 for post 79', 77);
INSERT INTO read_comments (comment, post_id) VALUES ('Comment 77 for post 79', 77);
INSERT INTO write_comments (comment, post_id) VALUES ('Comment 78 for post 79', 78);
INSERT INTO read_comments (comment, post_id) VALUES ('Comment 78 for post 79', 78);
INSERT INTO write_comments (comment, post_id) VALUES ('Comment 79 for post 79', 79);
INSERT INTO read_comments (comment, post_id) VALUES ('Comment 79 for post 79', 79);
INSERT INTO write_comments (comment, post_id) VALUES ('Comment 80 for post 79', 80);
INSERT INTO read_comments (comment, post_id) VALUES ('Comment 80 for post 79', 80);
INSERT INTO write_comments (comment, post_id) VALUES ('Comment 81 for post 79', 81);
INSERT INTO read_comments (comment, post_id) VALUES ('Comment 81 for post 79', 81);
INSERT INTO write_comments (comment, post_id) VALUES ('Comment 82 for post 79', 82);
INSERT INTO read_comments (comment, post_id) VALUES ('Comment 82 for post 79', 82);
INSERT INTO write_comments (comment, post_id) VALUES ('Comment 83 for post 79', 83);
INSERT INTO read_comments (comment, post_id) VALUES ('Comment 83 for post 79', 83);
INSERT INTO write_comments (comment, post_id) VALUES ('Comment 84 for post 79', 84);
INSERT INTO read_comments (comment, post_id) VALUES ('Comment 84 for post 79', 84);
INSERT INTO write_comments (comment, post_id) VALUES ('Comment 85 for post 79', 85);
INSERT INTO read_comments (comment, post_id) VALUES ('Comment 85 for post 79', 85);
INSERT INTO write_comments (comment, post_id) VALUES ('Comment 86 for post 79', 86);
INSERT INTO read_comments (comment, post_id) VALUES ('Comment 86 for post 79', 86);
INSERT INTO write_comments (comment, post_id) VALUES ('Comment 87 for post 79', 87);
INSERT INTO read_comments (comment, post_id) VALUES ('Comment 87 for post 79', 87);
INSERT INTO write_comments (comment, post_id) VALUES ('Comment 88 for post 79', 88);
INSERT INTO read_comments (comment, post_id) VALUES ('Comment 88 for post 79', 88);
INSERT INTO write_comments (comment, post_id) VALUES ('Comment 89 for post 79', 89);
INSERT INTO read_comments (comment, post_id) VALUES ('Comment 89 for post 79', 89);
INSERT INTO write_comments (comment, post_id) VALUES ('Comment 90 for post 79', 90);
INSERT INTO read_comments (comment, post_id) VALUES ('Comment 90 for post 79', 90);
INSERT INTO write_comments (comment, post_id) VALUES ('Comment 91 for post 79', 91);
INSERT INTO read_comments (comment, post_id) VALUES ('Comment 91 for post 79', 91);
INSERT INTO write_comments (comment, post_id) VALUES ('Comment 92 for post 79', 92);
INSERT INTO read_comments (comment, post_id) VALUES ('Comment 92 for post 79', 92);
INSERT INTO write_comments (comment, post_id) VALUES ('Comment 93 for post 79', 93);
INSERT INTO read_comments (comment, post_id) VALUES ('Comment 93 for post 79', 93);
INSERT INTO write_comments (comment, post_id) VALUES ('Comment 94 for post 79', 94);
INSERT INTO read_comments (comment, post_id) VALUES ('Comment 94 for post 79', 94);
INSERT INTO write_comments (comment, post_id) VALUES ('Comment 95 for post 79', 95);
INSERT INTO read_comments (comment, post_id) VALUES ('Comment 95 for post 79', 95);
INSERT INTO write_comments (comment, post_id) VALUES ('Comment 96 for post 79', 96);
INSERT INTO read_comments (comment, post_id) VALUES ('Comment 96 for post 79', 96);
INSERT INTO write_comments (comment, post_id) VALUES ('Comment 97 for post 79', 97);
INSERT INTO read_comments (comment, post_id) VALUES ('Comment 97 for post 79', 97);
INSERT INTO write_comments (comment, post_id) VALUES ('Comment 98 for post 79', 98);
INSERT INTO read_comments (comment, post_id) VALUES ('Comment 98 for post 79', 98);
INSERT INTO write_comments (comment, post_id) VALUES ('Comment 99 for post 79', 99);
INSERT INTO read_comments (comment, post_id) VALUES ('Comment 99 for post 79', 99);
INSERT INTO write_comments (comment, post_id) VALUES ('Comment 100 for post 79', 100);
INSERT INTO read_comments (comment, post_id) VALUES ('Comment 100 for post 79', 100);
INSERT INTO write_comments (comment, post_id) VALUES ('Comment 1 for post 80', 1);
INSERT INTO read_comments (comment, post_id) VALUES ('Comment 1 for post 80', 1);
INSERT INTO write_comments (comment, post_id) VALUES ('Comment 2 for post 80', 2);
INSERT INTO read_comments (comment, post_id) VALUES ('Comment 2 for post 80', 2);
INSERT INTO write_comments (comment, post_id) VALUES ('Comment 3 for post 80', 3);
INSERT INTO read_comments (comment, post_id) VALUES ('Comment 3 for post 80', 3);
INSERT INTO write_comments (comment, post_id) VALUES ('Comment 4 for post 80', 4);
INSERT INTO read_comments (comment, post_id) VALUES ('Comment 4 for post 80', 4);
INSERT INTO write_comments (comment, post_id) VALUES ('Comment 5 for post 80', 5);
INSERT INTO read_comments (comment, post_id) VALUES ('Comment 5 for post 80', 5);
INSERT INTO write_comments (comment, post_id) VALUES ('Comment 6 for post 80', 6);
INSERT INTO read_comments (comment, post_id) VALUES ('Comment 6 for post 80', 6);
INSERT INTO write_comments (comment, post_id) VALUES ('Comment 7 for post 80', 7);
INSERT INTO read_comments (comment, post_id) VALUES ('Comment 7 for post 80', 7);
INSERT INTO write_comments (comment, post_id) VALUES ('Comment 8 for post 80', 8);
INSERT INTO read_comments (comment, post_id) VALUES ('Comment 8 for post 80', 8);
INSERT INTO write_comments (comment, post_id) VALUES ('Comment 9 for post 80', 9);
INSERT INTO read_comments (comment, post_id) VALUES ('Comment 9 for post 80', 9);
INSERT INTO write_comments (comment, post_id) VALUES ('Comment 10 for post 80', 10);
INSERT INTO read_comments (comment, post_id) VALUES ('Comment 10 for post 80', 10);
INSERT INTO write_comments (comment, post_id) VALUES ('Comment 11 for post 80', 11);
INSERT INTO read_comments (comment, post_id) VALUES ('Comment 11 for post 80', 11);
INSERT INTO write_comments (comment, post_id) VALUES ('Comment 12 for post 80', 12);
INSERT INTO read_comments (comment, post_id) VALUES ('Comment 12 for post 80', 12);
INSERT INTO write_comments (comment, post_id) VALUES ('Comment 13 for post 80', 13);
INSERT INTO read_comments (comment, post_id) VALUES ('Comment 13 for post 80', 13);
INSERT INTO write_comments (comment, post_id) VALUES ('Comment 14 for post 80', 14);
INSERT INTO read_comments (comment, post_id) VALUES ('Comment 14 for post 80', 14);
INSERT INTO write_comments (comment, post_id) VALUES ('Comment 15 for post 80', 15);
INSERT INTO read_comments (comment, post_id) VALUES ('Comment 15 for post 80', 15);
INSERT INTO write_comments (comment, post_id) VALUES ('Comment 16 for post 80', 16);
INSERT INTO read_comments (comment, post_id) VALUES ('Comment 16 for post 80', 16);
INSERT INTO write_comments (comment, post_id) VALUES ('Comment 17 for post 80', 17);
INSERT INTO read_comments (comment, post_id) VALUES ('Comment 17 for post 80', 17);
INSERT INTO write_comments (comment, post_id) VALUES ('Comment 18 for post 80', 18);
INSERT INTO read_comments (comment, post_id) VALUES ('Comment 18 for post 80', 18);
INSERT INTO write_comments (comment, post_id) VALUES ('Comment 19 for post 80', 19);
INSERT INTO read_comments (comment, post_id) VALUES ('Comment 19 for post 80', 19);
INSERT INTO write_comments (comment, post_id) VALUES ('Comment 20 for post 80', 20);
INSERT INTO read_comments (comment, post_id) VALUES ('Comment 20 for post 80', 20);
INSERT INTO write_comments (comment, post_id) VALUES ('Comment 21 for post 80', 21);
INSERT INTO read_comments (comment, post_id) VALUES ('Comment 21 for post 80', 21);
INSERT INTO write_comments (comment, post_id) VALUES ('Comment 22 for post 80', 22);
INSERT INTO read_comments (comment, post_id) VALUES ('Comment 22 for post 80', 22);
INSERT INTO write_comments (comment, post_id) VALUES ('Comment 23 for post 80', 23);
INSERT INTO read_comments (comment, post_id) VALUES ('Comment 23 for post 80', 23);
INSERT INTO write_comments (comment, post_id) VALUES ('Comment 24 for post 80', 24);
INSERT INTO read_comments (comment, post_id) VALUES ('Comment 24 for post 80', 24);
INSERT INTO write_comments (comment, post_id) VALUES ('Comment 25 for post 80', 25);
INSERT INTO read_comments (comment, post_id) VALUES ('Comment 25 for post 80', 25);
INSERT INTO write_comments (comment, post_id) VALUES ('Comment 26 for post 80', 26);
INSERT INTO read_comments (comment, post_id) VALUES ('Comment 26 for post 80', 26);
INSERT INTO write_comments (comment, post_id) VALUES ('Comment 27 for post 80', 27);
INSERT INTO read_comments (comment, post_id) VALUES ('Comment 27 for post 80', 27);
INSERT INTO write_comments (comment, post_id) VALUES ('Comment 28 for post 80', 28);
INSERT INTO read_comments (comment, post_id) VALUES ('Comment 28 for post 80', 28);
INSERT INTO write_comments (comment, post_id) VALUES ('Comment 29 for post 80', 29);
INSERT INTO read_comments (comment, post_id) VALUES ('Comment 29 for post 80', 29);
INSERT INTO write_comments (comment, post_id) VALUES ('Comment 30 for post 80', 30);
INSERT INTO read_comments (comment, post_id) VALUES ('Comment 30 for post 80', 30);
INSERT INTO write_comments (comment, post_id) VALUES ('Comment 31 for post 80', 31);
INSERT INTO read_comments (comment, post_id) VALUES ('Comment 31 for post 80', 31);
INSERT INTO write_comments (comment, post_id) VALUES ('Comment 32 for post 80', 32);
INSERT INTO read_comments (comment, post_id) VALUES ('Comment 32 for post 80', 32);
INSERT INTO write_comments (comment, post_id) VALUES ('Comment 33 for post 80', 33);
INSERT INTO read_comments (comment, post_id) VALUES ('Comment 33 for post 80', 33);
INSERT INTO write_comments (comment, post_id) VALUES ('Comment 34 for post 80', 34);
INSERT INTO read_comments (comment, post_id) VALUES ('Comment 34 for post 80', 34);
INSERT INTO write_comments (comment, post_id) VALUES ('Comment 35 for post 80', 35);
INSERT INTO read_comments (comment, post_id) VALUES ('Comment 35 for post 80', 35);
INSERT INTO write_comments (comment, post_id) VALUES ('Comment 36 for post 80', 36);
INSERT INTO read_comments (comment, post_id) VALUES ('Comment 36 for post 80', 36);
INSERT INTO write_comments (comment, post_id) VALUES ('Comment 37 for post 80', 37);
INSERT INTO read_comments (comment, post_id) VALUES ('Comment 37 for post 80', 37);
INSERT INTO write_comments (comment, post_id) VALUES ('Comment 38 for post 80', 38);
INSERT INTO read_comments (comment, post_id) VALUES ('Comment 38 for post 80', 38);
INSERT INTO write_comments (comment, post_id) VALUES ('Comment 39 for post 80', 39);
INSERT INTO read_comments (comment, post_id) VALUES ('Comment 39 for post 80', 39);
INSERT INTO write_comments (comment, post_id) VALUES ('Comment 40 for post 80', 40);
INSERT INTO read_comments (comment, post_id) VALUES ('Comment 40 for post 80', 40);
INSERT INTO write_comments (comment, post_id) VALUES ('Comment 41 for post 80', 41);
INSERT INTO read_comments (comment, post_id) VALUES ('Comment 41 for post 80', 41);
INSERT INTO write_comments (comment, post_id) VALUES ('Comment 42 for post 80', 42);
INSERT INTO read_comments (comment, post_id) VALUES ('Comment 42 for post 80', 42);
INSERT INTO write_comments (comment, post_id) VALUES ('Comment 43 for post 80', 43);
INSERT INTO read_comments (comment, post_id) VALUES ('Comment 43 for post 80', 43);
INSERT INTO write_comments (comment, post_id) VALUES ('Comment 44 for post 80', 44);
INSERT INTO read_comments (comment, post_id) VALUES ('Comment 44 for post 80', 44);
INSERT INTO write_comments (comment, post_id) VALUES ('Comment 45 for post 80', 45);
INSERT INTO read_comments (comment, post_id) VALUES ('Comment 45 for post 80', 45);
INSERT INTO write_comments (comment, post_id) VALUES ('Comment 46 for post 80', 46);
INSERT INTO read_comments (comment, post_id) VALUES ('Comment 46 for post 80', 46);
INSERT INTO write_comments (comment, post_id) VALUES ('Comment 47 for post 80', 47);
INSERT INTO read_comments (comment, post_id) VALUES ('Comment 47 for post 80', 47);
INSERT INTO write_comments (comment, post_id) VALUES ('Comment 48 for post 80', 48);
INSERT INTO read_comments (comment, post_id) VALUES ('Comment 48 for post 80', 48);
INSERT INTO write_comments (comment, post_id) VALUES ('Comment 49 for post 80', 49);
INSERT INTO read_comments (comment, post_id) VALUES ('Comment 49 for post 80', 49);
INSERT INTO write_comments (comment, post_id) VALUES ('Comment 50 for post 80', 50);
INSERT INTO read_comments (comment, post_id) VALUES ('Comment 50 for post 80', 50);
INSERT INTO write_comments (comment, post_id) VALUES ('Comment 51 for post 80', 51);
INSERT INTO read_comments (comment, post_id) VALUES ('Comment 51 for post 80', 51);
INSERT INTO write_comments (comment, post_id) VALUES ('Comment 52 for post 80', 52);
INSERT INTO read_comments (comment, post_id) VALUES ('Comment 52 for post 80', 52);
INSERT INTO write_comments (comment, post_id) VALUES ('Comment 53 for post 80', 53);
INSERT INTO read_comments (comment, post_id) VALUES ('Comment 53 for post 80', 53);
INSERT INTO write_comments (comment, post_id) VALUES ('Comment 54 for post 80', 54);
INSERT INTO read_comments (comment, post_id) VALUES ('Comment 54 for post 80', 54);
INSERT INTO write_comments (comment, post_id) VALUES ('Comment 55 for post 80', 55);
INSERT INTO read_comments (comment, post_id) VALUES ('Comment 55 for post 80', 55);
INSERT INTO write_comments (comment, post_id) VALUES ('Comment 56 for post 80', 56);
INSERT INTO read_comments (comment, post_id) VALUES ('Comment 56 for post 80', 56);
INSERT INTO write_comments (comment, post_id) VALUES ('Comment 57 for post 80', 57);
INSERT INTO read_comments (comment, post_id) VALUES ('Comment 57 for post 80', 57);
INSERT INTO write_comments (comment, post_id) VALUES ('Comment 58 for post 80', 58);
INSERT INTO read_comments (comment, post_id) VALUES ('Comment 58 for post 80', 58);
INSERT INTO write_comments (comment, post_id) VALUES ('Comment 59 for post 80', 59);
INSERT INTO read_comments (comment, post_id) VALUES ('Comment 59 for post 80', 59);
INSERT INTO write_comments (comment, post_id) VALUES ('Comment 60 for post 80', 60);
INSERT INTO read_comments (comment, post_id) VALUES ('Comment 60 for post 80', 60);
INSERT INTO write_comments (comment, post_id) VALUES ('Comment 61 for post 80', 61);
INSERT INTO read_comments (comment, post_id) VALUES ('Comment 61 for post 80', 61);
INSERT INTO write_comments (comment, post_id) VALUES ('Comment 62 for post 80', 62);
INSERT INTO read_comments (comment, post_id) VALUES ('Comment 62 for post 80', 62);
INSERT INTO write_comments (comment, post_id) VALUES ('Comment 63 for post 80', 63);
INSERT INTO read_comments (comment, post_id) VALUES ('Comment 63 for post 80', 63);
INSERT INTO write_comments (comment, post_id) VALUES ('Comment 64 for post 80', 64);
INSERT INTO read_comments (comment, post_id) VALUES ('Comment 64 for post 80', 64);
INSERT INTO write_comments (comment, post_id) VALUES ('Comment 65 for post 80', 65);
INSERT INTO read_comments (comment, post_id) VALUES ('Comment 65 for post 80', 65);
INSERT INTO write_comments (comment, post_id) VALUES ('Comment 66 for post 80', 66);
INSERT INTO read_comments (comment, post_id) VALUES ('Comment 66 for post 80', 66);
INSERT INTO write_comments (comment, post_id) VALUES ('Comment 67 for post 80', 67);
INSERT INTO read_comments (comment, post_id) VALUES ('Comment 67 for post 80', 67);
INSERT INTO write_comments (comment, post_id) VALUES ('Comment 68 for post 80', 68);
INSERT INTO read_comments (comment, post_id) VALUES ('Comment 68 for post 80', 68);
INSERT INTO write_comments (comment, post_id) VALUES ('Comment 69 for post 80', 69);
INSERT INTO read_comments (comment, post_id) VALUES ('Comment 69 for post 80', 69);
INSERT INTO write_comments (comment, post_id) VALUES ('Comment 70 for post 80', 70);
INSERT INTO read_comments (comment, post_id) VALUES ('Comment 70 for post 80', 70);
INSERT INTO write_comments (comment, post_id) VALUES ('Comment 71 for post 80', 71);
INSERT INTO read_comments (comment, post_id) VALUES ('Comment 71 for post 80', 71);
INSERT INTO write_comments (comment, post_id) VALUES ('Comment 72 for post 80', 72);
INSERT INTO read_comments (comment, post_id) VALUES ('Comment 72 for post 80', 72);
INSERT INTO write_comments (comment, post_id) VALUES ('Comment 73 for post 80', 73);
INSERT INTO read_comments (comment, post_id) VALUES ('Comment 73 for post 80', 73);
INSERT INTO write_comments (comment, post_id) VALUES ('Comment 74 for post 80', 74);
INSERT INTO read_comments (comment, post_id) VALUES ('Comment 74 for post 80', 74);
INSERT INTO write_comments (comment, post_id) VALUES ('Comment 75 for post 80', 75);
INSERT INTO read_comments (comment, post_id) VALUES ('Comment 75 for post 80', 75);
INSERT INTO write_comments (comment, post_id) VALUES ('Comment 76 for post 80', 76);
INSERT INTO read_comments (comment, post_id) VALUES ('Comment 76 for post 80', 76);
INSERT INTO write_comments (comment, post_id) VALUES ('Comment 77 for post 80', 77);
INSERT INTO read_comments (comment, post_id) VALUES ('Comment 77 for post 80', 77);
INSERT INTO write_comments (comment, post_id) VALUES ('Comment 78 for post 80', 78);
INSERT INTO read_comments (comment, post_id) VALUES ('Comment 78 for post 80', 78);
INSERT INTO write_comments (comment, post_id) VALUES ('Comment 79 for post 80', 79);
INSERT INTO read_comments (comment, post_id) VALUES ('Comment 79 for post 80', 79);
INSERT INTO write_comments (comment, post_id) VALUES ('Comment 80 for post 80', 80);
INSERT INTO read_comments (comment, post_id) VALUES ('Comment 80 for post 80', 80);
INSERT INTO write_comments (comment, post_id) VALUES ('Comment 81 for post 80', 81);
INSERT INTO read_comments (comment, post_id) VALUES ('Comment 81 for post 80', 81);
INSERT INTO write_comments (comment, post_id) VALUES ('Comment 82 for post 80', 82);
INSERT INTO read_comments (comment, post_id) VALUES ('Comment 82 for post 80', 82);
INSERT INTO write_comments (comment, post_id) VALUES ('Comment 83 for post 80', 83);
INSERT INTO read_comments (comment, post_id) VALUES ('Comment 83 for post 80', 83);
INSERT INTO write_comments (comment, post_id) VALUES ('Comment 84 for post 80', 84);
INSERT INTO read_comments (comment, post_id) VALUES ('Comment 84 for post 80', 84);
INSERT INTO write_comments (comment, post_id) VALUES ('Comment 85 for post 80', 85);
INSERT INTO read_comments (comment, post_id) VALUES ('Comment 85 for post 80', 85);
INSERT INTO write_comments (comment, post_id) VALUES ('Comment 86 for post 80', 86);
INSERT INTO read_comments (comment, post_id) VALUES ('Comment 86 for post 80', 86);
INSERT INTO write_comments (comment, post_id) VALUES ('Comment 87 for post 80', 87);
INSERT INTO read_comments (comment, post_id) VALUES ('Comment 87 for post 80', 87);
INSERT INTO write_comments (comment, post_id) VALUES ('Comment 88 for post 80', 88);
INSERT INTO read_comments (comment, post_id) VALUES ('Comment 88 for post 80', 88);
INSERT INTO write_comments (comment, post_id) VALUES ('Comment 89 for post 80', 89);
INSERT INTO read_comments (comment, post_id) VALUES ('Comment 89 for post 80', 89);
INSERT INTO write_comments (comment, post_id) VALUES ('Comment 90 for post 80', 90);
INSERT INTO read_comments (comment, post_id) VALUES ('Comment 90 for post 80', 90);
INSERT INTO write_comments (comment, post_id) VALUES ('Comment 91 for post 80', 91);
INSERT INTO read_comments (comment, post_id) VALUES ('Comment 91 for post 80', 91);
INSERT INTO write_comments (comment, post_id) VALUES ('Comment 92 for post 80', 92);
INSERT INTO read_comments (comment, post_id) VALUES ('Comment 92 for post 80', 92);
INSERT INTO write_comments (comment, post_id) VALUES ('Comment 93 for post 80', 93);
INSERT INTO read_comments (comment, post_id) VALUES ('Comment 93 for post 80', 93);
INSERT INTO write_comments (comment, post_id) VALUES ('Comment 94 for post 80', 94);
INSERT INTO read_comments (comment, post_id) VALUES ('Comment 94 for post 80', 94);
INSERT INTO write_comments (comment, post_id) VALUES ('Comment 95 for post 80', 95);
INSERT INTO read_comments (comment, post_id) VALUES ('Comment 95 for post 80', 95);
INSERT INTO write_comments (comment, post_id) VALUES ('Comment 96 for post 80', 96);
INSERT INTO read_comments (comment, post_id) VALUES ('Comment 96 for post 80', 96);
INSERT INTO write_comments (comment, post_id) VALUES ('Comment 97 for post 80', 97);
INSERT INTO read_comments (comment, post_id) VALUES ('Comment 97 for post 80', 97);
INSERT INTO write_comments (comment, post_id) VALUES ('Comment 98 for post 80', 98);
INSERT INTO read_comments (comment, post_id) VALUES ('Comment 98 for post 80', 98);
INSERT INTO write_comments (comment, post_id) VALUES ('Comment 99 for post 80', 99);
INSERT INTO read_comments (comment, post_id) VALUES ('Comment 99 for post 80', 99);
INSERT INTO write_comments (comment, post_id) VALUES ('Comment 100 for post 80', 100);
INSERT INTO read_comments (comment, post_id) VALUES ('Comment 100 for post 80', 100);
INSERT INTO write_comments (comment, post_id) VALUES ('Comment 1 for post 81', 1);
INSERT INTO read_comments (comment, post_id) VALUES ('Comment 1 for post 81', 1);
INSERT INTO write_comments (comment, post_id) VALUES ('Comment 2 for post 81', 2);
INSERT INTO read_comments (comment, post_id) VALUES ('Comment 2 for post 81', 2);
INSERT INTO write_comments (comment, post_id) VALUES ('Comment 3 for post 81', 3);
INSERT INTO read_comments (comment, post_id) VALUES ('Comment 3 for post 81', 3);
INSERT INTO write_comments (comment, post_id) VALUES ('Comment 4 for post 81', 4);
INSERT INTO read_comments (comment, post_id) VALUES ('Comment 4 for post 81', 4);
INSERT INTO write_comments (comment, post_id) VALUES ('Comment 5 for post 81', 5);
INSERT INTO read_comments (comment, post_id) VALUES ('Comment 5 for post 81', 5);
INSERT INTO write_comments (comment, post_id) VALUES ('Comment 6 for post 81', 6);
INSERT INTO read_comments (comment, post_id) VALUES ('Comment 6 for post 81', 6);
INSERT INTO write_comments (comment, post_id) VALUES ('Comment 7 for post 81', 7);
INSERT INTO read_comments (comment, post_id) VALUES ('Comment 7 for post 81', 7);
INSERT INTO write_comments (comment, post_id) VALUES ('Comment 8 for post 81', 8);
INSERT INTO read_comments (comment, post_id) VALUES ('Comment 8 for post 81', 8);
INSERT INTO write_comments (comment, post_id) VALUES ('Comment 9 for post 81', 9);
INSERT INTO read_comments (comment, post_id) VALUES ('Comment 9 for post 81', 9);
INSERT INTO write_comments (comment, post_id) VALUES ('Comment 10 for post 81', 10);
INSERT INTO read_comments (comment, post_id) VALUES ('Comment 10 for post 81', 10);
INSERT INTO write_comments (comment, post_id) VALUES ('Comment 11 for post 81', 11);
INSERT INTO read_comments (comment, post_id) VALUES ('Comment 11 for post 81', 11);
INSERT INTO write_comments (comment, post_id) VALUES ('Comment 12 for post 81', 12);
INSERT INTO read_comments (comment, post_id) VALUES ('Comment 12 for post 81', 12);
INSERT INTO write_comments (comment, post_id) VALUES ('Comment 13 for post 81', 13);
INSERT INTO read_comments (comment, post_id) VALUES ('Comment 13 for post 81', 13);
INSERT INTO write_comments (comment, post_id) VALUES ('Comment 14 for post 81', 14);
INSERT INTO read_comments (comment, post_id) VALUES ('Comment 14 for post 81', 14);
INSERT INTO write_comments (comment, post_id) VALUES ('Comment 15 for post 81', 15);
INSERT INTO read_comments (comment, post_id) VALUES ('Comment 15 for post 81', 15);
INSERT INTO write_comments (comment, post_id) VALUES ('Comment 16 for post 81', 16);
INSERT INTO read_comments (comment, post_id) VALUES ('Comment 16 for post 81', 16);
INSERT INTO write_comments (comment, post_id) VALUES ('Comment 17 for post 81', 17);
INSERT INTO read_comments (comment, post_id) VALUES ('Comment 17 for post 81', 17);
INSERT INTO write_comments (comment, post_id) VALUES ('Comment 18 for post 81', 18);
INSERT INTO read_comments (comment, post_id) VALUES ('Comment 18 for post 81', 18);
INSERT INTO write_comments (comment, post_id) VALUES ('Comment 19 for post 81', 19);
INSERT INTO read_comments (comment, post_id) VALUES ('Comment 19 for post 81', 19);
INSERT INTO write_comments (comment, post_id) VALUES ('Comment 20 for post 81', 20);
INSERT INTO read_comments (comment, post_id) VALUES ('Comment 20 for post 81', 20);
INSERT INTO write_comments (comment, post_id) VALUES ('Comment 21 for post 81', 21);
INSERT INTO read_comments (comment, post_id) VALUES ('Comment 21 for post 81', 21);
INSERT INTO write_comments (comment, post_id) VALUES ('Comment 22 for post 81', 22);
INSERT INTO read_comments (comment, post_id) VALUES ('Comment 22 for post 81', 22);
INSERT INTO write_comments (comment, post_id) VALUES ('Comment 23 for post 81', 23);
INSERT INTO read_comments (comment, post_id) VALUES ('Comment 23 for post 81', 23);
INSERT INTO write_comments (comment, post_id) VALUES ('Comment 24 for post 81', 24);
INSERT INTO read_comments (comment, post_id) VALUES ('Comment 24 for post 81', 24);
INSERT INTO write_comments (comment, post_id) VALUES ('Comment 25 for post 81', 25);
INSERT INTO read_comments (comment, post_id) VALUES ('Comment 25 for post 81', 25);
INSERT INTO write_comments (comment, post_id) VALUES ('Comment 26 for post 81', 26);
INSERT INTO read_comments (comment, post_id) VALUES ('Comment 26 for post 81', 26);
INSERT INTO write_comments (comment, post_id) VALUES ('Comment 27 for post 81', 27);
INSERT INTO read_comments (comment, post_id) VALUES ('Comment 27 for post 81', 27);
INSERT INTO write_comments (comment, post_id) VALUES ('Comment 28 for post 81', 28);
INSERT INTO read_comments (comment, post_id) VALUES ('Comment 28 for post 81', 28);
INSERT INTO write_comments (comment, post_id) VALUES ('Comment 29 for post 81', 29);
INSERT INTO read_comments (comment, post_id) VALUES ('Comment 29 for post 81', 29);
INSERT INTO write_comments (comment, post_id) VALUES ('Comment 30 for post 81', 30);
INSERT INTO read_comments (comment, post_id) VALUES ('Comment 30 for post 81', 30);
INSERT INTO write_comments (comment, post_id) VALUES ('Comment 31 for post 81', 31);
INSERT INTO read_comments (comment, post_id) VALUES ('Comment 31 for post 81', 31);
INSERT INTO write_comments (comment, post_id) VALUES ('Comment 32 for post 81', 32);
INSERT INTO read_comments (comment, post_id) VALUES ('Comment 32 for post 81', 32);
INSERT INTO write_comments (comment, post_id) VALUES ('Comment 33 for post 81', 33);
INSERT INTO read_comments (comment, post_id) VALUES ('Comment 33 for post 81', 33);
INSERT INTO write_comments (comment, post_id) VALUES ('Comment 34 for post 81', 34);
INSERT INTO read_comments (comment, post_id) VALUES ('Comment 34 for post 81', 34);
INSERT INTO write_comments (comment, post_id) VALUES ('Comment 35 for post 81', 35);
INSERT INTO read_comments (comment, post_id) VALUES ('Comment 35 for post 81', 35);
INSERT INTO write_comments (comment, post_id) VALUES ('Comment 36 for post 81', 36);
INSERT INTO read_comments (comment, post_id) VALUES ('Comment 36 for post 81', 36);
INSERT INTO write_comments (comment, post_id) VALUES ('Comment 37 for post 81', 37);
INSERT INTO read_comments (comment, post_id) VALUES ('Comment 37 for post 81', 37);
INSERT INTO write_comments (comment, post_id) VALUES ('Comment 38 for post 81', 38);
INSERT INTO read_comments (comment, post_id) VALUES ('Comment 38 for post 81', 38);
INSERT INTO write_comments (comment, post_id) VALUES ('Comment 39 for post 81', 39);
INSERT INTO read_comments (comment, post_id) VALUES ('Comment 39 for post 81', 39);
INSERT INTO write_comments (comment, post_id) VALUES ('Comment 40 for post 81', 40);
INSERT INTO read_comments (comment, post_id) VALUES ('Comment 40 for post 81', 40);
INSERT INTO write_comments (comment, post_id) VALUES ('Comment 41 for post 81', 41);
INSERT INTO read_comments (comment, post_id) VALUES ('Comment 41 for post 81', 41);
INSERT INTO write_comments (comment, post_id) VALUES ('Comment 42 for post 81', 42);
INSERT INTO read_comments (comment, post_id) VALUES ('Comment 42 for post 81', 42);
INSERT INTO write_comments (comment, post_id) VALUES ('Comment 43 for post 81', 43);
INSERT INTO read_comments (comment, post_id) VALUES ('Comment 43 for post 81', 43);
INSERT INTO write_comments (comment, post_id) VALUES ('Comment 44 for post 81', 44);
INSERT INTO read_comments (comment, post_id) VALUES ('Comment 44 for post 81', 44);
INSERT INTO write_comments (comment, post_id) VALUES ('Comment 45 for post 81', 45);
INSERT INTO read_comments (comment, post_id) VALUES ('Comment 45 for post 81', 45);
INSERT INTO write_comments (comment, post_id) VALUES ('Comment 46 for post 81', 46);
INSERT INTO read_comments (comment, post_id) VALUES ('Comment 46 for post 81', 46);
INSERT INTO write_comments (comment, post_id) VALUES ('Comment 47 for post 81', 47);
INSERT INTO read_comments (comment, post_id) VALUES ('Comment 47 for post 81', 47);
INSERT INTO write_comments (comment, post_id) VALUES ('Comment 48 for post 81', 48);
INSERT INTO read_comments (comment, post_id) VALUES ('Comment 48 for post 81', 48);
INSERT INTO write_comments (comment, post_id) VALUES ('Comment 49 for post 81', 49);
INSERT INTO read_comments (comment, post_id) VALUES ('Comment 49 for post 81', 49);
INSERT INTO write_comments (comment, post_id) VALUES ('Comment 50 for post 81', 50);
INSERT INTO read_comments (comment, post_id) VALUES ('Comment 50 for post 81', 50);
INSERT INTO write_comments (comment, post_id) VALUES ('Comment 51 for post 81', 51);
INSERT INTO read_comments (comment, post_id) VALUES ('Comment 51 for post 81', 51);
INSERT INTO write_comments (comment, post_id) VALUES ('Comment 52 for post 81', 52);
INSERT INTO read_comments (comment, post_id) VALUES ('Comment 52 for post 81', 52);
INSERT INTO write_comments (comment, post_id) VALUES ('Comment 53 for post 81', 53);
INSERT INTO read_comments (comment, post_id) VALUES ('Comment 53 for post 81', 53);
INSERT INTO write_comments (comment, post_id) VALUES ('Comment 54 for post 81', 54);
INSERT INTO read_comments (comment, post_id) VALUES ('Comment 54 for post 81', 54);
INSERT INTO write_comments (comment, post_id) VALUES ('Comment 55 for post 81', 55);
INSERT INTO read_comments (comment, post_id) VALUES ('Comment 55 for post 81', 55);
INSERT INTO write_comments (comment, post_id) VALUES ('Comment 56 for post 81', 56);
INSERT INTO read_comments (comment, post_id) VALUES ('Comment 56 for post 81', 56);
INSERT INTO write_comments (comment, post_id) VALUES ('Comment 57 for post 81', 57);
INSERT INTO read_comments (comment, post_id) VALUES ('Comment 57 for post 81', 57);
INSERT INTO write_comments (comment, post_id) VALUES ('Comment 58 for post 81', 58);
INSERT INTO read_comments (comment, post_id) VALUES ('Comment 58 for post 81', 58);
INSERT INTO write_comments (comment, post_id) VALUES ('Comment 59 for post 81', 59);
INSERT INTO read_comments (comment, post_id) VALUES ('Comment 59 for post 81', 59);
INSERT INTO write_comments (comment, post_id) VALUES ('Comment 60 for post 81', 60);
INSERT INTO read_comments (comment, post_id) VALUES ('Comment 60 for post 81', 60);
INSERT INTO write_comments (comment, post_id) VALUES ('Comment 61 for post 81', 61);
INSERT INTO read_comments (comment, post_id) VALUES ('Comment 61 for post 81', 61);
INSERT INTO write_comments (comment, post_id) VALUES ('Comment 62 for post 81', 62);
INSERT INTO read_comments (comment, post_id) VALUES ('Comment 62 for post 81', 62);
INSERT INTO write_comments (comment, post_id) VALUES ('Comment 63 for post 81', 63);
INSERT INTO read_comments (comment, post_id) VALUES ('Comment 63 for post 81', 63);
INSERT INTO write_comments (comment, post_id) VALUES ('Comment 64 for post 81', 64);
INSERT INTO read_comments (comment, post_id) VALUES ('Comment 64 for post 81', 64);
INSERT INTO write_comments (comment, post_id) VALUES ('Comment 65 for post 81', 65);
INSERT INTO read_comments (comment, post_id) VALUES ('Comment 65 for post 81', 65);
INSERT INTO write_comments (comment, post_id) VALUES ('Comment 66 for post 81', 66);
INSERT INTO read_comments (comment, post_id) VALUES ('Comment 66 for post 81', 66);
INSERT INTO write_comments (comment, post_id) VALUES ('Comment 67 for post 81', 67);
INSERT INTO read_comments (comment, post_id) VALUES ('Comment 67 for post 81', 67);
INSERT INTO write_comments (comment, post_id) VALUES ('Comment 68 for post 81', 68);
INSERT INTO read_comments (comment, post_id) VALUES ('Comment 68 for post 81', 68);
INSERT INTO write_comments (comment, post_id) VALUES ('Comment 69 for post 81', 69);
INSERT INTO read_comments (comment, post_id) VALUES ('Comment 69 for post 81', 69);
INSERT INTO write_comments (comment, post_id) VALUES ('Comment 70 for post 81', 70);
INSERT INTO read_comments (comment, post_id) VALUES ('Comment 70 for post 81', 70);
INSERT INTO write_comments (comment, post_id) VALUES ('Comment 71 for post 81', 71);
INSERT INTO read_comments (comment, post_id) VALUES ('Comment 71 for post 81', 71);
INSERT INTO write_comments (comment, post_id) VALUES ('Comment 72 for post 81', 72);
INSERT INTO read_comments (comment, post_id) VALUES ('Comment 72 for post 81', 72);
INSERT INTO write_comments (comment, post_id) VALUES ('Comment 73 for post 81', 73);
INSERT INTO read_comments (comment, post_id) VALUES ('Comment 73 for post 81', 73);
INSERT INTO write_comments (comment, post_id) VALUES ('Comment 74 for post 81', 74);
INSERT INTO read_comments (comment, post_id) VALUES ('Comment 74 for post 81', 74);
INSERT INTO write_comments (comment, post_id) VALUES ('Comment 75 for post 81', 75);
INSERT INTO read_comments (comment, post_id) VALUES ('Comment 75 for post 81', 75);
INSERT INTO write_comments (comment, post_id) VALUES ('Comment 76 for post 81', 76);
INSERT INTO read_comments (comment, post_id) VALUES ('Comment 76 for post 81', 76);
INSERT INTO write_comments (comment, post_id) VALUES ('Comment 77 for post 81', 77);
INSERT INTO read_comments (comment, post_id) VALUES ('Comment 77 for post 81', 77);
INSERT INTO write_comments (comment, post_id) VALUES ('Comment 78 for post 81', 78);
INSERT INTO read_comments (comment, post_id) VALUES ('Comment 78 for post 81', 78);
INSERT INTO write_comments (comment, post_id) VALUES ('Comment 79 for post 81', 79);
INSERT INTO read_comments (comment, post_id) VALUES ('Comment 79 for post 81', 79);
INSERT INTO write_comments (comment, post_id) VALUES ('Comment 80 for post 81', 80);
INSERT INTO read_comments (comment, post_id) VALUES ('Comment 80 for post 81', 80);
INSERT INTO write_comments (comment, post_id) VALUES ('Comment 81 for post 81', 81);
INSERT INTO read_comments (comment, post_id) VALUES ('Comment 81 for post 81', 81);
INSERT INTO write_comments (comment, post_id) VALUES ('Comment 82 for post 81', 82);
INSERT INTO read_comments (comment, post_id) VALUES ('Comment 82 for post 81', 82);
INSERT INTO write_comments (comment, post_id) VALUES ('Comment 83 for post 81', 83);
INSERT INTO read_comments (comment, post_id) VALUES ('Comment 83 for post 81', 83);
INSERT INTO write_comments (comment, post_id) VALUES ('Comment 84 for post 81', 84);
INSERT INTO read_comments (comment, post_id) VALUES ('Comment 84 for post 81', 84);
INSERT INTO write_comments (comment, post_id) VALUES ('Comment 85 for post 81', 85);
INSERT INTO read_comments (comment, post_id) VALUES ('Comment 85 for post 81', 85);
INSERT INTO write_comments (comment, post_id) VALUES ('Comment 86 for post 81', 86);
INSERT INTO read_comments (comment, post_id) VALUES ('Comment 86 for post 81', 86);
INSERT INTO write_comments (comment, post_id) VALUES ('Comment 87 for post 81', 87);
INSERT INTO read_comments (comment, post_id) VALUES ('Comment 87 for post 81', 87);
INSERT INTO write_comments (comment, post_id) VALUES ('Comment 88 for post 81', 88);
INSERT INTO read_comments (comment, post_id) VALUES ('Comment 88 for post 81', 88);
INSERT INTO write_comments (comment, post_id) VALUES ('Comment 89 for post 81', 89);
INSERT INTO read_comments (comment, post_id) VALUES ('Comment 89 for post 81', 89);
INSERT INTO write_comments (comment, post_id) VALUES ('Comment 90 for post 81', 90);
INSERT INTO read_comments (comment, post_id) VALUES ('Comment 90 for post 81', 90);
INSERT INTO write_comments (comment, post_id) VALUES ('Comment 91 for post 81', 91);
INSERT INTO read_comments (comment, post_id) VALUES ('Comment 91 for post 81', 91);
INSERT INTO write_comments (comment, post_id) VALUES ('Comment 92 for post 81', 92);
INSERT INTO read_comments (comment, post_id) VALUES ('Comment 92 for post 81', 92);
INSERT INTO write_comments (comment, post_id) VALUES ('Comment 93 for post 81', 93);
INSERT INTO read_comments (comment, post_id) VALUES ('Comment 93 for post 81', 93);
INSERT INTO write_comments (comment, post_id) VALUES ('Comment 94 for post 81', 94);
INSERT INTO read_comments (comment, post_id) VALUES ('Comment 94 for post 81', 94);
INSERT INTO write_comments (comment, post_id) VALUES ('Comment 95 for post 81', 95);
INSERT INTO read_comments (comment, post_id) VALUES ('Comment 95 for post 81', 95);
INSERT INTO write_comments (comment, post_id) VALUES ('Comment 96 for post 81', 96);
INSERT INTO read_comments (comment, post_id) VALUES ('Comment 96 for post 81', 96);
INSERT INTO write_comments (comment, post_id) VALUES ('Comment 97 for post 81', 97);
INSERT INTO read_comments (comment, post_id) VALUES ('Comment 97 for post 81', 97);
INSERT INTO write_comments (comment, post_id) VALUES ('Comment 98 for post 81', 98);
INSERT INTO read_comments (comment, post_id) VALUES ('Comment 98 for post 81', 98);
INSERT INTO write_comments (comment, post_id) VALUES ('Comment 99 for post 81', 99);
INSERT INTO read_comments (comment, post_id) VALUES ('Comment 99 for post 81', 99);
INSERT INTO write_comments (comment, post_id) VALUES ('Comment 100 for post 81', 100);
INSERT INTO read_comments (comment, post_id) VALUES ('Comment 100 for post 81', 100);
INSERT INTO write_comments (comment, post_id) VALUES ('Comment 1 for post 82', 1);
INSERT INTO read_comments (comment, post_id) VALUES ('Comment 1 for post 82', 1);
INSERT INTO write_comments (comment, post_id) VALUES ('Comment 2 for post 82', 2);
INSERT INTO read_comments (comment, post_id) VALUES ('Comment 2 for post 82', 2);
INSERT INTO write_comments (comment, post_id) VALUES ('Comment 3 for post 82', 3);
INSERT INTO read_comments (comment, post_id) VALUES ('Comment 3 for post 82', 3);
INSERT INTO write_comments (comment, post_id) VALUES ('Comment 4 for post 82', 4);
INSERT INTO read_comments (comment, post_id) VALUES ('Comment 4 for post 82', 4);
INSERT INTO write_comments (comment, post_id) VALUES ('Comment 5 for post 82', 5);
INSERT INTO read_comments (comment, post_id) VALUES ('Comment 5 for post 82', 5);
INSERT INTO write_comments (comment, post_id) VALUES ('Comment 6 for post 82', 6);
INSERT INTO read_comments (comment, post_id) VALUES ('Comment 6 for post 82', 6);
INSERT INTO write_comments (comment, post_id) VALUES ('Comment 7 for post 82', 7);
INSERT INTO read_comments (comment, post_id) VALUES ('Comment 7 for post 82', 7);
INSERT INTO write_comments (comment, post_id) VALUES ('Comment 8 for post 82', 8);
INSERT INTO read_comments (comment, post_id) VALUES ('Comment 8 for post 82', 8);
INSERT INTO write_comments (comment, post_id) VALUES ('Comment 9 for post 82', 9);
INSERT INTO read_comments (comment, post_id) VALUES ('Comment 9 for post 82', 9);
INSERT INTO write_comments (comment, post_id) VALUES ('Comment 10 for post 82', 10);
INSERT INTO read_comments (comment, post_id) VALUES ('Comment 10 for post 82', 10);
INSERT INTO write_comments (comment, post_id) VALUES ('Comment 11 for post 82', 11);
INSERT INTO read_comments (comment, post_id) VALUES ('Comment 11 for post 82', 11);
INSERT INTO write_comments (comment, post_id) VALUES ('Comment 12 for post 82', 12);
INSERT INTO read_comments (comment, post_id) VALUES ('Comment 12 for post 82', 12);
INSERT INTO write_comments (comment, post_id) VALUES ('Comment 13 for post 82', 13);
INSERT INTO read_comments (comment, post_id) VALUES ('Comment 13 for post 82', 13);
INSERT INTO write_comments (comment, post_id) VALUES ('Comment 14 for post 82', 14);
INSERT INTO read_comments (comment, post_id) VALUES ('Comment 14 for post 82', 14);
INSERT INTO write_comments (comment, post_id) VALUES ('Comment 15 for post 82', 15);
INSERT INTO read_comments (comment, post_id) VALUES ('Comment 15 for post 82', 15);
INSERT INTO write_comments (comment, post_id) VALUES ('Comment 16 for post 82', 16);
INSERT INTO read_comments (comment, post_id) VALUES ('Comment 16 for post 82', 16);
INSERT INTO write_comments (comment, post_id) VALUES ('Comment 17 for post 82', 17);
INSERT INTO read_comments (comment, post_id) VALUES ('Comment 17 for post 82', 17);
INSERT INTO write_comments (comment, post_id) VALUES ('Comment 18 for post 82', 18);
INSERT INTO read_comments (comment, post_id) VALUES ('Comment 18 for post 82', 18);
INSERT INTO write_comments (comment, post_id) VALUES ('Comment 19 for post 82', 19);
INSERT INTO read_comments (comment, post_id) VALUES ('Comment 19 for post 82', 19);
INSERT INTO write_comments (comment, post_id) VALUES ('Comment 20 for post 82', 20);
INSERT INTO read_comments (comment, post_id) VALUES ('Comment 20 for post 82', 20);
INSERT INTO write_comments (comment, post_id) VALUES ('Comment 21 for post 82', 21);
INSERT INTO read_comments (comment, post_id) VALUES ('Comment 21 for post 82', 21);
INSERT INTO write_comments (comment, post_id) VALUES ('Comment 22 for post 82', 22);
INSERT INTO read_comments (comment, post_id) VALUES ('Comment 22 for post 82', 22);
INSERT INTO write_comments (comment, post_id) VALUES ('Comment 23 for post 82', 23);
INSERT INTO read_comments (comment, post_id) VALUES ('Comment 23 for post 82', 23);
INSERT INTO write_comments (comment, post_id) VALUES ('Comment 24 for post 82', 24);
INSERT INTO read_comments (comment, post_id) VALUES ('Comment 24 for post 82', 24);
INSERT INTO write_comments (comment, post_id) VALUES ('Comment 25 for post 82', 25);
INSERT INTO read_comments (comment, post_id) VALUES ('Comment 25 for post 82', 25);
INSERT INTO write_comments (comment, post_id) VALUES ('Comment 26 for post 82', 26);
INSERT INTO read_comments (comment, post_id) VALUES ('Comment 26 for post 82', 26);
INSERT INTO write_comments (comment, post_id) VALUES ('Comment 27 for post 82', 27);
INSERT INTO read_comments (comment, post_id) VALUES ('Comment 27 for post 82', 27);
INSERT INTO write_comments (comment, post_id) VALUES ('Comment 28 for post 82', 28);
INSERT INTO read_comments (comment, post_id) VALUES ('Comment 28 for post 82', 28);
INSERT INTO write_comments (comment, post_id) VALUES ('Comment 29 for post 82', 29);
INSERT INTO read_comments (comment, post_id) VALUES ('Comment 29 for post 82', 29);
INSERT INTO write_comments (comment, post_id) VALUES ('Comment 30 for post 82', 30);
INSERT INTO read_comments (comment, post_id) VALUES ('Comment 30 for post 82', 30);
INSERT INTO write_comments (comment, post_id) VALUES ('Comment 31 for post 82', 31);
INSERT INTO read_comments (comment, post_id) VALUES ('Comment 31 for post 82', 31);
INSERT INTO write_comments (comment, post_id) VALUES ('Comment 32 for post 82', 32);
INSERT INTO read_comments (comment, post_id) VALUES ('Comment 32 for post 82', 32);
INSERT INTO write_comments (comment, post_id) VALUES ('Comment 33 for post 82', 33);
INSERT INTO read_comments (comment, post_id) VALUES ('Comment 33 for post 82', 33);
INSERT INTO write_comments (comment, post_id) VALUES ('Comment 34 for post 82', 34);
INSERT INTO read_comments (comment, post_id) VALUES ('Comment 34 for post 82', 34);
INSERT INTO write_comments (comment, post_id) VALUES ('Comment 35 for post 82', 35);
INSERT INTO read_comments (comment, post_id) VALUES ('Comment 35 for post 82', 35);
INSERT INTO write_comments (comment, post_id) VALUES ('Comment 36 for post 82', 36);
INSERT INTO read_comments (comment, post_id) VALUES ('Comment 36 for post 82', 36);
INSERT INTO write_comments (comment, post_id) VALUES ('Comment 37 for post 82', 37);
INSERT INTO read_comments (comment, post_id) VALUES ('Comment 37 for post 82', 37);
INSERT INTO write_comments (comment, post_id) VALUES ('Comment 38 for post 82', 38);
INSERT INTO read_comments (comment, post_id) VALUES ('Comment 38 for post 82', 38);
INSERT INTO write_comments (comment, post_id) VALUES ('Comment 39 for post 82', 39);
INSERT INTO read_comments (comment, post_id) VALUES ('Comment 39 for post 82', 39);
INSERT INTO write_comments (comment, post_id) VALUES ('Comment 40 for post 82', 40);
INSERT INTO read_comments (comment, post_id) VALUES ('Comment 40 for post 82', 40);
INSERT INTO write_comments (comment, post_id) VALUES ('Comment 41 for post 82', 41);
INSERT INTO read_comments (comment, post_id) VALUES ('Comment 41 for post 82', 41);
INSERT INTO write_comments (comment, post_id) VALUES ('Comment 42 for post 82', 42);
INSERT INTO read_comments (comment, post_id) VALUES ('Comment 42 for post 82', 42);
INSERT INTO write_comments (comment, post_id) VALUES ('Comment 43 for post 82', 43);
INSERT INTO read_comments (comment, post_id) VALUES ('Comment 43 for post 82', 43);
INSERT INTO write_comments (comment, post_id) VALUES ('Comment 44 for post 82', 44);
INSERT INTO read_comments (comment, post_id) VALUES ('Comment 44 for post 82', 44);
INSERT INTO write_comments (comment, post_id) VALUES ('Comment 45 for post 82', 45);
INSERT INTO read_comments (comment, post_id) VALUES ('Comment 45 for post 82', 45);
INSERT INTO write_comments (comment, post_id) VALUES ('Comment 46 for post 82', 46);
INSERT INTO read_comments (comment, post_id) VALUES ('Comment 46 for post 82', 46);
INSERT INTO write_comments (comment, post_id) VALUES ('Comment 47 for post 82', 47);
INSERT INTO read_comments (comment, post_id) VALUES ('Comment 47 for post 82', 47);
INSERT INTO write_comments (comment, post_id) VALUES ('Comment 48 for post 82', 48);
INSERT INTO read_comments (comment, post_id) VALUES ('Comment 48 for post 82', 48);
INSERT INTO write_comments (comment, post_id) VALUES ('Comment 49 for post 82', 49);
INSERT INTO read_comments (comment, post_id) VALUES ('Comment 49 for post 82', 49);
INSERT INTO write_comments (comment, post_id) VALUES ('Comment 50 for post 82', 50);
INSERT INTO read_comments (comment, post_id) VALUES ('Comment 50 for post 82', 50);
INSERT INTO write_comments (comment, post_id) VALUES ('Comment 51 for post 82', 51);
INSERT INTO read_comments (comment, post_id) VALUES ('Comment 51 for post 82', 51);
INSERT INTO write_comments (comment, post_id) VALUES ('Comment 52 for post 82', 52);
INSERT INTO read_comments (comment, post_id) VALUES ('Comment 52 for post 82', 52);
INSERT INTO write_comments (comment, post_id) VALUES ('Comment 53 for post 82', 53);
INSERT INTO read_comments (comment, post_id) VALUES ('Comment 53 for post 82', 53);
INSERT INTO write_comments (comment, post_id) VALUES ('Comment 54 for post 82', 54);
INSERT INTO read_comments (comment, post_id) VALUES ('Comment 54 for post 82', 54);
INSERT INTO write_comments (comment, post_id) VALUES ('Comment 55 for post 82', 55);
INSERT INTO read_comments (comment, post_id) VALUES ('Comment 55 for post 82', 55);
INSERT INTO write_comments (comment, post_id) VALUES ('Comment 56 for post 82', 56);
INSERT INTO read_comments (comment, post_id) VALUES ('Comment 56 for post 82', 56);
INSERT INTO write_comments (comment, post_id) VALUES ('Comment 57 for post 82', 57);
INSERT INTO read_comments (comment, post_id) VALUES ('Comment 57 for post 82', 57);
INSERT INTO write_comments (comment, post_id) VALUES ('Comment 58 for post 82', 58);
INSERT INTO read_comments (comment, post_id) VALUES ('Comment 58 for post 82', 58);
INSERT INTO write_comments (comment, post_id) VALUES ('Comment 59 for post 82', 59);
INSERT INTO read_comments (comment, post_id) VALUES ('Comment 59 for post 82', 59);
INSERT INTO write_comments (comment, post_id) VALUES ('Comment 60 for post 82', 60);
INSERT INTO read_comments (comment, post_id) VALUES ('Comment 60 for post 82', 60);
INSERT INTO write_comments (comment, post_id) VALUES ('Comment 61 for post 82', 61);
INSERT INTO read_comments (comment, post_id) VALUES ('Comment 61 for post 82', 61);
INSERT INTO write_comments (comment, post_id) VALUES ('Comment 62 for post 82', 62);
INSERT INTO read_comments (comment, post_id) VALUES ('Comment 62 for post 82', 62);
INSERT INTO write_comments (comment, post_id) VALUES ('Comment 63 for post 82', 63);
INSERT INTO read_comments (comment, post_id) VALUES ('Comment 63 for post 82', 63);
INSERT INTO write_comments (comment, post_id) VALUES ('Comment 64 for post 82', 64);
INSERT INTO read_comments (comment, post_id) VALUES ('Comment 64 for post 82', 64);
INSERT INTO write_comments (comment, post_id) VALUES ('Comment 65 for post 82', 65);
INSERT INTO read_comments (comment, post_id) VALUES ('Comment 65 for post 82', 65);
INSERT INTO write_comments (comment, post_id) VALUES ('Comment 66 for post 82', 66);
INSERT INTO read_comments (comment, post_id) VALUES ('Comment 66 for post 82', 66);
INSERT INTO write_comments (comment, post_id) VALUES ('Comment 67 for post 82', 67);
INSERT INTO read_comments (comment, post_id) VALUES ('Comment 67 for post 82', 67);
INSERT INTO write_comments (comment, post_id) VALUES ('Comment 68 for post 82', 68);
INSERT INTO read_comments (comment, post_id) VALUES ('Comment 68 for post 82', 68);
INSERT INTO write_comments (comment, post_id) VALUES ('Comment 69 for post 82', 69);
INSERT INTO read_comments (comment, post_id) VALUES ('Comment 69 for post 82', 69);
INSERT INTO write_comments (comment, post_id) VALUES ('Comment 70 for post 82', 70);
INSERT INTO read_comments (comment, post_id) VALUES ('Comment 70 for post 82', 70);
INSERT INTO write_comments (comment, post_id) VALUES ('Comment 71 for post 82', 71);
INSERT INTO read_comments (comment, post_id) VALUES ('Comment 71 for post 82', 71);
INSERT INTO write_comments (comment, post_id) VALUES ('Comment 72 for post 82', 72);
INSERT INTO read_comments (comment, post_id) VALUES ('Comment 72 for post 82', 72);
INSERT INTO write_comments (comment, post_id) VALUES ('Comment 73 for post 82', 73);
INSERT INTO read_comments (comment, post_id) VALUES ('Comment 73 for post 82', 73);
INSERT INTO write_comments (comment, post_id) VALUES ('Comment 74 for post 82', 74);
INSERT INTO read_comments (comment, post_id) VALUES ('Comment 74 for post 82', 74);
INSERT INTO write_comments (comment, post_id) VALUES ('Comment 75 for post 82', 75);
INSERT INTO read_comments (comment, post_id) VALUES ('Comment 75 for post 82', 75);
INSERT INTO write_comments (comment, post_id) VALUES ('Comment 76 for post 82', 76);
INSERT INTO read_comments (comment, post_id) VALUES ('Comment 76 for post 82', 76);
INSERT INTO write_comments (comment, post_id) VALUES ('Comment 77 for post 82', 77);
INSERT INTO read_comments (comment, post_id) VALUES ('Comment 77 for post 82', 77);
INSERT INTO write_comments (comment, post_id) VALUES ('Comment 78 for post 82', 78);
INSERT INTO read_comments (comment, post_id) VALUES ('Comment 78 for post 82', 78);
INSERT INTO write_comments (comment, post_id) VALUES ('Comment 79 for post 82', 79);
INSERT INTO read_comments (comment, post_id) VALUES ('Comment 79 for post 82', 79);
INSERT INTO write_comments (comment, post_id) VALUES ('Comment 80 for post 82', 80);
INSERT INTO read_comments (comment, post_id) VALUES ('Comment 80 for post 82', 80);
INSERT INTO write_comments (comment, post_id) VALUES ('Comment 81 for post 82', 81);
INSERT INTO read_comments (comment, post_id) VALUES ('Comment 81 for post 82', 81);
INSERT INTO write_comments (comment, post_id) VALUES ('Comment 82 for post 82', 82);
INSERT INTO read_comments (comment, post_id) VALUES ('Comment 82 for post 82', 82);
INSERT INTO write_comments (comment, post_id) VALUES ('Comment 83 for post 82', 83);
INSERT INTO read_comments (comment, post_id) VALUES ('Comment 83 for post 82', 83);
INSERT INTO write_comments (comment, post_id) VALUES ('Comment 84 for post 82', 84);
INSERT INTO read_comments (comment, post_id) VALUES ('Comment 84 for post 82', 84);
INSERT INTO write_comments (comment, post_id) VALUES ('Comment 85 for post 82', 85);
INSERT INTO read_comments (comment, post_id) VALUES ('Comment 85 for post 82', 85);
INSERT INTO write_comments (comment, post_id) VALUES ('Comment 86 for post 82', 86);
INSERT INTO read_comments (comment, post_id) VALUES ('Comment 86 for post 82', 86);
INSERT INTO write_comments (comment, post_id) VALUES ('Comment 87 for post 82', 87);
INSERT INTO read_comments (comment, post_id) VALUES ('Comment 87 for post 82', 87);
INSERT INTO write_comments (comment, post_id) VALUES ('Comment 88 for post 82', 88);
INSERT INTO read_comments (comment, post_id) VALUES ('Comment 88 for post 82', 88);
INSERT INTO write_comments (comment, post_id) VALUES ('Comment 89 for post 82', 89);
INSERT INTO read_comments (comment, post_id) VALUES ('Comment 89 for post 82', 89);
INSERT INTO write_comments (comment, post_id) VALUES ('Comment 90 for post 82', 90);
INSERT INTO read_comments (comment, post_id) VALUES ('Comment 90 for post 82', 90);
INSERT INTO write_comments (comment, post_id) VALUES ('Comment 91 for post 82', 91);
INSERT INTO read_comments (comment, post_id) VALUES ('Comment 91 for post 82', 91);
INSERT INTO write_comments (comment, post_id) VALUES ('Comment 92 for post 82', 92);
INSERT INTO read_comments (comment, post_id) VALUES ('Comment 92 for post 82', 92);
INSERT INTO write_comments (comment, post_id) VALUES ('Comment 93 for post 82', 93);
INSERT INTO read_comments (comment, post_id) VALUES ('Comment 93 for post 82', 93);
INSERT INTO write_comments (comment, post_id) VALUES ('Comment 94 for post 82', 94);
INSERT INTO read_comments (comment, post_id) VALUES ('Comment 94 for post 82', 94);
INSERT INTO write_comments (comment, post_id) VALUES ('Comment 95 for post 82', 95);
INSERT INTO read_comments (comment, post_id) VALUES ('Comment 95 for post 82', 95);
INSERT INTO write_comments (comment, post_id) VALUES ('Comment 96 for post 82', 96);
INSERT INTO read_comments (comment, post_id) VALUES ('Comment 96 for post 82', 96);
INSERT INTO write_comments (comment, post_id) VALUES ('Comment 97 for post 82', 97);
INSERT INTO read_comments (comment, post_id) VALUES ('Comment 97 for post 82', 97);
INSERT INTO write_comments (comment, post_id) VALUES ('Comment 98 for post 82', 98);
INSERT INTO read_comments (comment, post_id) VALUES ('Comment 98 for post 82', 98);
INSERT INTO write_comments (comment, post_id) VALUES ('Comment 99 for post 82', 99);
INSERT INTO read_comments (comment, post_id) VALUES ('Comment 99 for post 82', 99);
INSERT INTO write_comments (comment, post_id) VALUES ('Comment 100 for post 82', 100);
INSERT INTO read_comments (comment, post_id) VALUES ('Comment 100 for post 82', 100);
INSERT INTO write_comments (comment, post_id) VALUES ('Comment 1 for post 83', 1);
INSERT INTO read_comments (comment, post_id) VALUES ('Comment 1 for post 83', 1);
INSERT INTO write_comments (comment, post_id) VALUES ('Comment 2 for post 83', 2);
INSERT INTO read_comments (comment, post_id) VALUES ('Comment 2 for post 83', 2);
INSERT INTO write_comments (comment, post_id) VALUES ('Comment 3 for post 83', 3);
INSERT INTO read_comments (comment, post_id) VALUES ('Comment 3 for post 83', 3);
INSERT INTO write_comments (comment, post_id) VALUES ('Comment 4 for post 83', 4);
INSERT INTO read_comments (comment, post_id) VALUES ('Comment 4 for post 83', 4);
INSERT INTO write_comments (comment, post_id) VALUES ('Comment 5 for post 83', 5);
INSERT INTO read_comments (comment, post_id) VALUES ('Comment 5 for post 83', 5);
INSERT INTO write_comments (comment, post_id) VALUES ('Comment 6 for post 83', 6);
INSERT INTO read_comments (comment, post_id) VALUES ('Comment 6 for post 83', 6);
INSERT INTO write_comments (comment, post_id) VALUES ('Comment 7 for post 83', 7);
INSERT INTO read_comments (comment, post_id) VALUES ('Comment 7 for post 83', 7);
INSERT INTO write_comments (comment, post_id) VALUES ('Comment 8 for post 83', 8);
INSERT INTO read_comments (comment, post_id) VALUES ('Comment 8 for post 83', 8);
INSERT INTO write_comments (comment, post_id) VALUES ('Comment 9 for post 83', 9);
INSERT INTO read_comments (comment, post_id) VALUES ('Comment 9 for post 83', 9);
INSERT INTO write_comments (comment, post_id) VALUES ('Comment 10 for post 83', 10);
INSERT INTO read_comments (comment, post_id) VALUES ('Comment 10 for post 83', 10);
INSERT INTO write_comments (comment, post_id) VALUES ('Comment 11 for post 83', 11);
INSERT INTO read_comments (comment, post_id) VALUES ('Comment 11 for post 83', 11);
INSERT INTO write_comments (comment, post_id) VALUES ('Comment 12 for post 83', 12);
INSERT INTO read_comments (comment, post_id) VALUES ('Comment 12 for post 83', 12);
INSERT INTO write_comments (comment, post_id) VALUES ('Comment 13 for post 83', 13);
INSERT INTO read_comments (comment, post_id) VALUES ('Comment 13 for post 83', 13);
INSERT INTO write_comments (comment, post_id) VALUES ('Comment 14 for post 83', 14);
INSERT INTO read_comments (comment, post_id) VALUES ('Comment 14 for post 83', 14);
INSERT INTO write_comments (comment, post_id) VALUES ('Comment 15 for post 83', 15);
INSERT INTO read_comments (comment, post_id) VALUES ('Comment 15 for post 83', 15);
INSERT INTO write_comments (comment, post_id) VALUES ('Comment 16 for post 83', 16);
INSERT INTO read_comments (comment, post_id) VALUES ('Comment 16 for post 83', 16);
INSERT INTO write_comments (comment, post_id) VALUES ('Comment 17 for post 83', 17);
INSERT INTO read_comments (comment, post_id) VALUES ('Comment 17 for post 83', 17);
INSERT INTO write_comments (comment, post_id) VALUES ('Comment 18 for post 83', 18);
INSERT INTO read_comments (comment, post_id) VALUES ('Comment 18 for post 83', 18);
INSERT INTO write_comments (comment, post_id) VALUES ('Comment 19 for post 83', 19);
INSERT INTO read_comments (comment, post_id) VALUES ('Comment 19 for post 83', 19);
INSERT INTO write_comments (comment, post_id) VALUES ('Comment 20 for post 83', 20);
INSERT INTO read_comments (comment, post_id) VALUES ('Comment 20 for post 83', 20);
INSERT INTO write_comments (comment, post_id) VALUES ('Comment 21 for post 83', 21);
INSERT INTO read_comments (comment, post_id) VALUES ('Comment 21 for post 83', 21);
INSERT INTO write_comments (comment, post_id) VALUES ('Comment 22 for post 83', 22);
INSERT INTO read_comments (comment, post_id) VALUES ('Comment 22 for post 83', 22);
INSERT INTO write_comments (comment, post_id) VALUES ('Comment 23 for post 83', 23);
INSERT INTO read_comments (comment, post_id) VALUES ('Comment 23 for post 83', 23);
INSERT INTO write_comments (comment, post_id) VALUES ('Comment 24 for post 83', 24);
INSERT INTO read_comments (comment, post_id) VALUES ('Comment 24 for post 83', 24);
INSERT INTO write_comments (comment, post_id) VALUES ('Comment 25 for post 83', 25);
INSERT INTO read_comments (comment, post_id) VALUES ('Comment 25 for post 83', 25);
INSERT INTO write_comments (comment, post_id) VALUES ('Comment 26 for post 83', 26);
INSERT INTO read_comments (comment, post_id) VALUES ('Comment 26 for post 83', 26);
INSERT INTO write_comments (comment, post_id) VALUES ('Comment 27 for post 83', 27);
INSERT INTO read_comments (comment, post_id) VALUES ('Comment 27 for post 83', 27);
INSERT INTO write_comments (comment, post_id) VALUES ('Comment 28 for post 83', 28);
INSERT INTO read_comments (comment, post_id) VALUES ('Comment 28 for post 83', 28);
INSERT INTO write_comments (comment, post_id) VALUES ('Comment 29 for post 83', 29);
INSERT INTO read_comments (comment, post_id) VALUES ('Comment 29 for post 83', 29);
INSERT INTO write_comments (comment, post_id) VALUES ('Comment 30 for post 83', 30);
INSERT INTO read_comments (comment, post_id) VALUES ('Comment 30 for post 83', 30);
INSERT INTO write_comments (comment, post_id) VALUES ('Comment 31 for post 83', 31);
INSERT INTO read_comments (comment, post_id) VALUES ('Comment 31 for post 83', 31);
INSERT INTO write_comments (comment, post_id) VALUES ('Comment 32 for post 83', 32);
INSERT INTO read_comments (comment, post_id) VALUES ('Comment 32 for post 83', 32);
INSERT INTO write_comments (comment, post_id) VALUES ('Comment 33 for post 83', 33);
INSERT INTO read_comments (comment, post_id) VALUES ('Comment 33 for post 83', 33);
INSERT INTO write_comments (comment, post_id) VALUES ('Comment 34 for post 83', 34);
INSERT INTO read_comments (comment, post_id) VALUES ('Comment 34 for post 83', 34);
INSERT INTO write_comments (comment, post_id) VALUES ('Comment 35 for post 83', 35);
INSERT INTO read_comments (comment, post_id) VALUES ('Comment 35 for post 83', 35);
INSERT INTO write_comments (comment, post_id) VALUES ('Comment 36 for post 83', 36);
INSERT INTO read_comments (comment, post_id) VALUES ('Comment 36 for post 83', 36);
INSERT INTO write_comments (comment, post_id) VALUES ('Comment 37 for post 83', 37);
INSERT INTO read_comments (comment, post_id) VALUES ('Comment 37 for post 83', 37);
INSERT INTO write_comments (comment, post_id) VALUES ('Comment 38 for post 83', 38);
INSERT INTO read_comments (comment, post_id) VALUES ('Comment 38 for post 83', 38);
INSERT INTO write_comments (comment, post_id) VALUES ('Comment 39 for post 83', 39);
INSERT INTO read_comments (comment, post_id) VALUES ('Comment 39 for post 83', 39);
INSERT INTO write_comments (comment, post_id) VALUES ('Comment 40 for post 83', 40);
INSERT INTO read_comments (comment, post_id) VALUES ('Comment 40 for post 83', 40);
INSERT INTO write_comments (comment, post_id) VALUES ('Comment 41 for post 83', 41);
INSERT INTO read_comments (comment, post_id) VALUES ('Comment 41 for post 83', 41);
INSERT INTO write_comments (comment, post_id) VALUES ('Comment 42 for post 83', 42);
INSERT INTO read_comments (comment, post_id) VALUES ('Comment 42 for post 83', 42);
INSERT INTO write_comments (comment, post_id) VALUES ('Comment 43 for post 83', 43);
INSERT INTO read_comments (comment, post_id) VALUES ('Comment 43 for post 83', 43);
INSERT INTO write_comments (comment, post_id) VALUES ('Comment 44 for post 83', 44);
INSERT INTO read_comments (comment, post_id) VALUES ('Comment 44 for post 83', 44);
INSERT INTO write_comments (comment, post_id) VALUES ('Comment 45 for post 83', 45);
INSERT INTO read_comments (comment, post_id) VALUES ('Comment 45 for post 83', 45);
INSERT INTO write_comments (comment, post_id) VALUES ('Comment 46 for post 83', 46);
INSERT INTO read_comments (comment, post_id) VALUES ('Comment 46 for post 83', 46);
INSERT INTO write_comments (comment, post_id) VALUES ('Comment 47 for post 83', 47);
INSERT INTO read_comments (comment, post_id) VALUES ('Comment 47 for post 83', 47);
INSERT INTO write_comments (comment, post_id) VALUES ('Comment 48 for post 83', 48);
INSERT INTO read_comments (comment, post_id) VALUES ('Comment 48 for post 83', 48);
INSERT INTO write_comments (comment, post_id) VALUES ('Comment 49 for post 83', 49);
INSERT INTO read_comments (comment, post_id) VALUES ('Comment 49 for post 83', 49);
INSERT INTO write_comments (comment, post_id) VALUES ('Comment 50 for post 83', 50);
INSERT INTO read_comments (comment, post_id) VALUES ('Comment 50 for post 83', 50);
INSERT INTO write_comments (comment, post_id) VALUES ('Comment 51 for post 83', 51);
INSERT INTO read_comments (comment, post_id) VALUES ('Comment 51 for post 83', 51);
INSERT INTO write_comments (comment, post_id) VALUES ('Comment 52 for post 83', 52);
INSERT INTO read_comments (comment, post_id) VALUES ('Comment 52 for post 83', 52);
INSERT INTO write_comments (comment, post_id) VALUES ('Comment 53 for post 83', 53);
INSERT INTO read_comments (comment, post_id) VALUES ('Comment 53 for post 83', 53);
INSERT INTO write_comments (comment, post_id) VALUES ('Comment 54 for post 83', 54);
INSERT INTO read_comments (comment, post_id) VALUES ('Comment 54 for post 83', 54);
INSERT INTO write_comments (comment, post_id) VALUES ('Comment 55 for post 83', 55);
INSERT INTO read_comments (comment, post_id) VALUES ('Comment 55 for post 83', 55);
INSERT INTO write_comments (comment, post_id) VALUES ('Comment 56 for post 83', 56);
INSERT INTO read_comments (comment, post_id) VALUES ('Comment 56 for post 83', 56);
INSERT INTO write_comments (comment, post_id) VALUES ('Comment 57 for post 83', 57);
INSERT INTO read_comments (comment, post_id) VALUES ('Comment 57 for post 83', 57);
INSERT INTO write_comments (comment, post_id) VALUES ('Comment 58 for post 83', 58);
INSERT INTO read_comments (comment, post_id) VALUES ('Comment 58 for post 83', 58);
INSERT INTO write_comments (comment, post_id) VALUES ('Comment 59 for post 83', 59);
INSERT INTO read_comments (comment, post_id) VALUES ('Comment 59 for post 83', 59);
INSERT INTO write_comments (comment, post_id) VALUES ('Comment 60 for post 83', 60);
INSERT INTO read_comments (comment, post_id) VALUES ('Comment 60 for post 83', 60);
INSERT INTO write_comments (comment, post_id) VALUES ('Comment 61 for post 83', 61);
INSERT INTO read_comments (comment, post_id) VALUES ('Comment 61 for post 83', 61);
INSERT INTO write_comments (comment, post_id) VALUES ('Comment 62 for post 83', 62);
INSERT INTO read_comments (comment, post_id) VALUES ('Comment 62 for post 83', 62);
INSERT INTO write_comments (comment, post_id) VALUES ('Comment 63 for post 83', 63);
INSERT INTO read_comments (comment, post_id) VALUES ('Comment 63 for post 83', 63);
INSERT INTO write_comments (comment, post_id) VALUES ('Comment 64 for post 83', 64);
INSERT INTO read_comments (comment, post_id) VALUES ('Comment 64 for post 83', 64);
INSERT INTO write_comments (comment, post_id) VALUES ('Comment 65 for post 83', 65);
INSERT INTO read_comments (comment, post_id) VALUES ('Comment 65 for post 83', 65);
INSERT INTO write_comments (comment, post_id) VALUES ('Comment 66 for post 83', 66);
INSERT INTO read_comments (comment, post_id) VALUES ('Comment 66 for post 83', 66);
INSERT INTO write_comments (comment, post_id) VALUES ('Comment 67 for post 83', 67);
INSERT INTO read_comments (comment, post_id) VALUES ('Comment 67 for post 83', 67);
INSERT INTO write_comments (comment, post_id) VALUES ('Comment 68 for post 83', 68);
INSERT INTO read_comments (comment, post_id) VALUES ('Comment 68 for post 83', 68);
INSERT INTO write_comments (comment, post_id) VALUES ('Comment 69 for post 83', 69);
INSERT INTO read_comments (comment, post_id) VALUES ('Comment 69 for post 83', 69);
INSERT INTO write_comments (comment, post_id) VALUES ('Comment 70 for post 83', 70);
INSERT INTO read_comments (comment, post_id) VALUES ('Comment 70 for post 83', 70);
INSERT INTO write_comments (comment, post_id) VALUES ('Comment 71 for post 83', 71);
INSERT INTO read_comments (comment, post_id) VALUES ('Comment 71 for post 83', 71);
INSERT INTO write_comments (comment, post_id) VALUES ('Comment 72 for post 83', 72);
INSERT INTO read_comments (comment, post_id) VALUES ('Comment 72 for post 83', 72);
INSERT INTO write_comments (comment, post_id) VALUES ('Comment 73 for post 83', 73);
INSERT INTO read_comments (comment, post_id) VALUES ('Comment 73 for post 83', 73);
INSERT INTO write_comments (comment, post_id) VALUES ('Comment 74 for post 83', 74);
INSERT INTO read_comments (comment, post_id) VALUES ('Comment 74 for post 83', 74);
INSERT INTO write_comments (comment, post_id) VALUES ('Comment 75 for post 83', 75);
INSERT INTO read_comments (comment, post_id) VALUES ('Comment 75 for post 83', 75);
INSERT INTO write_comments (comment, post_id) VALUES ('Comment 76 for post 83', 76);
INSERT INTO read_comments (comment, post_id) VALUES ('Comment 76 for post 83', 76);
INSERT INTO write_comments (comment, post_id) VALUES ('Comment 77 for post 83', 77);
INSERT INTO read_comments (comment, post_id) VALUES ('Comment 77 for post 83', 77);
INSERT INTO write_comments (comment, post_id) VALUES ('Comment 78 for post 83', 78);
INSERT INTO read_comments (comment, post_id) VALUES ('Comment 78 for post 83', 78);
INSERT INTO write_comments (comment, post_id) VALUES ('Comment 79 for post 83', 79);
INSERT INTO read_comments (comment, post_id) VALUES ('Comment 79 for post 83', 79);
INSERT INTO write_comments (comment, post_id) VALUES ('Comment 80 for post 83', 80);
INSERT INTO read_comments (comment, post_id) VALUES ('Comment 80 for post 83', 80);
INSERT INTO write_comments (comment, post_id) VALUES ('Comment 81 for post 83', 81);
INSERT INTO read_comments (comment, post_id) VALUES ('Comment 81 for post 83', 81);
INSERT INTO write_comments (comment, post_id) VALUES ('Comment 82 for post 83', 82);
INSERT INTO read_comments (comment, post_id) VALUES ('Comment 82 for post 83', 82);
INSERT INTO write_comments (comment, post_id) VALUES ('Comment 83 for post 83', 83);
INSERT INTO read_comments (comment, post_id) VALUES ('Comment 83 for post 83', 83);
INSERT INTO write_comments (comment, post_id) VALUES ('Comment 84 for post 83', 84);
INSERT INTO read_comments (comment, post_id) VALUES ('Comment 84 for post 83', 84);
INSERT INTO write_comments (comment, post_id) VALUES ('Comment 85 for post 83', 85);
INSERT INTO read_comments (comment, post_id) VALUES ('Comment 85 for post 83', 85);
INSERT INTO write_comments (comment, post_id) VALUES ('Comment 86 for post 83', 86);
INSERT INTO read_comments (comment, post_id) VALUES ('Comment 86 for post 83', 86);
INSERT INTO write_comments (comment, post_id) VALUES ('Comment 87 for post 83', 87);
INSERT INTO read_comments (comment, post_id) VALUES ('Comment 87 for post 83', 87);
INSERT INTO write_comments (comment, post_id) VALUES ('Comment 88 for post 83', 88);
INSERT INTO read_comments (comment, post_id) VALUES ('Comment 88 for post 83', 88);
INSERT INTO write_comments (comment, post_id) VALUES ('Comment 89 for post 83', 89);
INSERT INTO read_comments (comment, post_id) VALUES ('Comment 89 for post 83', 89);
INSERT INTO write_comments (comment, post_id) VALUES ('Comment 90 for post 83', 90);
INSERT INTO read_comments (comment, post_id) VALUES ('Comment 90 for post 83', 90);
INSERT INTO write_comments (comment, post_id) VALUES ('Comment 91 for post 83', 91);
INSERT INTO read_comments (comment, post_id) VALUES ('Comment 91 for post 83', 91);
INSERT INTO write_comments (comment, post_id) VALUES ('Comment 92 for post 83', 92);
INSERT INTO read_comments (comment, post_id) VALUES ('Comment 92 for post 83', 92);
INSERT INTO write_comments (comment, post_id) VALUES ('Comment 93 for post 83', 93);
INSERT INTO read_comments (comment, post_id) VALUES ('Comment 93 for post 83', 93);
INSERT INTO write_comments (comment, post_id) VALUES ('Comment 94 for post 83', 94);
INSERT INTO read_comments (comment, post_id) VALUES ('Comment 94 for post 83', 94);
INSERT INTO write_comments (comment, post_id) VALUES ('Comment 95 for post 83', 95);
INSERT INTO read_comments (comment, post_id) VALUES ('Comment 95 for post 83', 95);
INSERT INTO write_comments (comment, post_id) VALUES ('Comment 96 for post 83', 96);
INSERT INTO read_comments (comment, post_id) VALUES ('Comment 96 for post 83', 96);
INSERT INTO write_comments (comment, post_id) VALUES ('Comment 97 for post 83', 97);
INSERT INTO read_comments (comment, post_id) VALUES ('Comment 97 for post 83', 97);
INSERT INTO write_comments (comment, post_id) VALUES ('Comment 98 for post 83', 98);
INSERT INTO read_comments (comment, post_id) VALUES ('Comment 98 for post 83', 98);
INSERT INTO write_comments (comment, post_id) VALUES ('Comment 99 for post 83', 99);
INSERT INTO read_comments (comment, post_id) VALUES ('Comment 99 for post 83', 99);
INSERT INTO write_comments (comment, post_id) VALUES ('Comment 100 for post 83', 100);
INSERT INTO read_comments (comment, post_id) VALUES ('Comment 100 for post 83', 100);
INSERT INTO write_comments (comment, post_id) VALUES ('Comment 1 for post 84', 1);
INSERT INTO read_comments (comment, post_id) VALUES ('Comment 1 for post 84', 1);
INSERT INTO write_comments (comment, post_id) VALUES ('Comment 2 for post 84', 2);
INSERT INTO read_comments (comment, post_id) VALUES ('Comment 2 for post 84', 2);
INSERT INTO write_comments (comment, post_id) VALUES ('Comment 3 for post 84', 3);
INSERT INTO read_comments (comment, post_id) VALUES ('Comment 3 for post 84', 3);
INSERT INTO write_comments (comment, post_id) VALUES ('Comment 4 for post 84', 4);
INSERT INTO read_comments (comment, post_id) VALUES ('Comment 4 for post 84', 4);
INSERT INTO write_comments (comment, post_id) VALUES ('Comment 5 for post 84', 5);
INSERT INTO read_comments (comment, post_id) VALUES ('Comment 5 for post 84', 5);
INSERT INTO write_comments (comment, post_id) VALUES ('Comment 6 for post 84', 6);
INSERT INTO read_comments (comment, post_id) VALUES ('Comment 6 for post 84', 6);
INSERT INTO write_comments (comment, post_id) VALUES ('Comment 7 for post 84', 7);
INSERT INTO read_comments (comment, post_id) VALUES ('Comment 7 for post 84', 7);
INSERT INTO write_comments (comment, post_id) VALUES ('Comment 8 for post 84', 8);
INSERT INTO read_comments (comment, post_id) VALUES ('Comment 8 for post 84', 8);
INSERT INTO write_comments (comment, post_id) VALUES ('Comment 9 for post 84', 9);
INSERT INTO read_comments (comment, post_id) VALUES ('Comment 9 for post 84', 9);
INSERT INTO write_comments (comment, post_id) VALUES ('Comment 10 for post 84', 10);
INSERT INTO read_comments (comment, post_id) VALUES ('Comment 10 for post 84', 10);
INSERT INTO write_comments (comment, post_id) VALUES ('Comment 11 for post 84', 11);
INSERT INTO read_comments (comment, post_id) VALUES ('Comment 11 for post 84', 11);
INSERT INTO write_comments (comment, post_id) VALUES ('Comment 12 for post 84', 12);
INSERT INTO read_comments (comment, post_id) VALUES ('Comment 12 for post 84', 12);
INSERT INTO write_comments (comment, post_id) VALUES ('Comment 13 for post 84', 13);
INSERT INTO read_comments (comment, post_id) VALUES ('Comment 13 for post 84', 13);
INSERT INTO write_comments (comment, post_id) VALUES ('Comment 14 for post 84', 14);
INSERT INTO read_comments (comment, post_id) VALUES ('Comment 14 for post 84', 14);
INSERT INTO write_comments (comment, post_id) VALUES ('Comment 15 for post 84', 15);
INSERT INTO read_comments (comment, post_id) VALUES ('Comment 15 for post 84', 15);
INSERT INTO write_comments (comment, post_id) VALUES ('Comment 16 for post 84', 16);
INSERT INTO read_comments (comment, post_id) VALUES ('Comment 16 for post 84', 16);
INSERT INTO write_comments (comment, post_id) VALUES ('Comment 17 for post 84', 17);
INSERT INTO read_comments (comment, post_id) VALUES ('Comment 17 for post 84', 17);
INSERT INTO write_comments (comment, post_id) VALUES ('Comment 18 for post 84', 18);
INSERT INTO read_comments (comment, post_id) VALUES ('Comment 18 for post 84', 18);
INSERT INTO write_comments (comment, post_id) VALUES ('Comment 19 for post 84', 19);
INSERT INTO read_comments (comment, post_id) VALUES ('Comment 19 for post 84', 19);
INSERT INTO write_comments (comment, post_id) VALUES ('Comment 20 for post 84', 20);
INSERT INTO read_comments (comment, post_id) VALUES ('Comment 20 for post 84', 20);
INSERT INTO write_comments (comment, post_id) VALUES ('Comment 21 for post 84', 21);
INSERT INTO read_comments (comment, post_id) VALUES ('Comment 21 for post 84', 21);
INSERT INTO write_comments (comment, post_id) VALUES ('Comment 22 for post 84', 22);
INSERT INTO read_comments (comment, post_id) VALUES ('Comment 22 for post 84', 22);
INSERT INTO write_comments (comment, post_id) VALUES ('Comment 23 for post 84', 23);
INSERT INTO read_comments (comment, post_id) VALUES ('Comment 23 for post 84', 23);
INSERT INTO write_comments (comment, post_id) VALUES ('Comment 24 for post 84', 24);
INSERT INTO read_comments (comment, post_id) VALUES ('Comment 24 for post 84', 24);
INSERT INTO write_comments (comment, post_id) VALUES ('Comment 25 for post 84', 25);
INSERT INTO read_comments (comment, post_id) VALUES ('Comment 25 for post 84', 25);
INSERT INTO write_comments (comment, post_id) VALUES ('Comment 26 for post 84', 26);
INSERT INTO read_comments (comment, post_id) VALUES ('Comment 26 for post 84', 26);
INSERT INTO write_comments (comment, post_id) VALUES ('Comment 27 for post 84', 27);
INSERT INTO read_comments (comment, post_id) VALUES ('Comment 27 for post 84', 27);
INSERT INTO write_comments (comment, post_id) VALUES ('Comment 28 for post 84', 28);
INSERT INTO read_comments (comment, post_id) VALUES ('Comment 28 for post 84', 28);
INSERT INTO write_comments (comment, post_id) VALUES ('Comment 29 for post 84', 29);
INSERT INTO read_comments (comment, post_id) VALUES ('Comment 29 for post 84', 29);
INSERT INTO write_comments (comment, post_id) VALUES ('Comment 30 for post 84', 30);
INSERT INTO read_comments (comment, post_id) VALUES ('Comment 30 for post 84', 30);
INSERT INTO write_comments (comment, post_id) VALUES ('Comment 31 for post 84', 31);
INSERT INTO read_comments (comment, post_id) VALUES ('Comment 31 for post 84', 31);
INSERT INTO write_comments (comment, post_id) VALUES ('Comment 32 for post 84', 32);
INSERT INTO read_comments (comment, post_id) VALUES ('Comment 32 for post 84', 32);
INSERT INTO write_comments (comment, post_id) VALUES ('Comment 33 for post 84', 33);
INSERT INTO read_comments (comment, post_id) VALUES ('Comment 33 for post 84', 33);
INSERT INTO write_comments (comment, post_id) VALUES ('Comment 34 for post 84', 34);
INSERT INTO read_comments (comment, post_id) VALUES ('Comment 34 for post 84', 34);
INSERT INTO write_comments (comment, post_id) VALUES ('Comment 35 for post 84', 35);
INSERT INTO read_comments (comment, post_id) VALUES ('Comment 35 for post 84', 35);
INSERT INTO write_comments (comment, post_id) VALUES ('Comment 36 for post 84', 36);
INSERT INTO read_comments (comment, post_id) VALUES ('Comment 36 for post 84', 36);
INSERT INTO write_comments (comment, post_id) VALUES ('Comment 37 for post 84', 37);
INSERT INTO read_comments (comment, post_id) VALUES ('Comment 37 for post 84', 37);
INSERT INTO write_comments (comment, post_id) VALUES ('Comment 38 for post 84', 38);
INSERT INTO read_comments (comment, post_id) VALUES ('Comment 38 for post 84', 38);
INSERT INTO write_comments (comment, post_id) VALUES ('Comment 39 for post 84', 39);
INSERT INTO read_comments (comment, post_id) VALUES ('Comment 39 for post 84', 39);
INSERT INTO write_comments (comment, post_id) VALUES ('Comment 40 for post 84', 40);
INSERT INTO read_comments (comment, post_id) VALUES ('Comment 40 for post 84', 40);
INSERT INTO write_comments (comment, post_id) VALUES ('Comment 41 for post 84', 41);
INSERT INTO read_comments (comment, post_id) VALUES ('Comment 41 for post 84', 41);
INSERT INTO write_comments (comment, post_id) VALUES ('Comment 42 for post 84', 42);
INSERT INTO read_comments (comment, post_id) VALUES ('Comment 42 for post 84', 42);
INSERT INTO write_comments (comment, post_id) VALUES ('Comment 43 for post 84', 43);
INSERT INTO read_comments (comment, post_id) VALUES ('Comment 43 for post 84', 43);
INSERT INTO write_comments (comment, post_id) VALUES ('Comment 44 for post 84', 44);
INSERT INTO read_comments (comment, post_id) VALUES ('Comment 44 for post 84', 44);
INSERT INTO write_comments (comment, post_id) VALUES ('Comment 45 for post 84', 45);
INSERT INTO read_comments (comment, post_id) VALUES ('Comment 45 for post 84', 45);
INSERT INTO write_comments (comment, post_id) VALUES ('Comment 46 for post 84', 46);
INSERT INTO read_comments (comment, post_id) VALUES ('Comment 46 for post 84', 46);
INSERT INTO write_comments (comment, post_id) VALUES ('Comment 47 for post 84', 47);
INSERT INTO read_comments (comment, post_id) VALUES ('Comment 47 for post 84', 47);
INSERT INTO write_comments (comment, post_id) VALUES ('Comment 48 for post 84', 48);
INSERT INTO read_comments (comment, post_id) VALUES ('Comment 48 for post 84', 48);
INSERT INTO write_comments (comment, post_id) VALUES ('Comment 49 for post 84', 49);
INSERT INTO read_comments (comment, post_id) VALUES ('Comment 49 for post 84', 49);
INSERT INTO write_comments (comment, post_id) VALUES ('Comment 50 for post 84', 50);
INSERT INTO read_comments (comment, post_id) VALUES ('Comment 50 for post 84', 50);
INSERT INTO write_comments (comment, post_id) VALUES ('Comment 51 for post 84', 51);
INSERT INTO read_comments (comment, post_id) VALUES ('Comment 51 for post 84', 51);
INSERT INTO write_comments (comment, post_id) VALUES ('Comment 52 for post 84', 52);
INSERT INTO read_comments (comment, post_id) VALUES ('Comment 52 for post 84', 52);
INSERT INTO write_comments (comment, post_id) VALUES ('Comment 53 for post 84', 53);
INSERT INTO read_comments (comment, post_id) VALUES ('Comment 53 for post 84', 53);
INSERT INTO write_comments (comment, post_id) VALUES ('Comment 54 for post 84', 54);
INSERT INTO read_comments (comment, post_id) VALUES ('Comment 54 for post 84', 54);
INSERT INTO write_comments (comment, post_id) VALUES ('Comment 55 for post 84', 55);
INSERT INTO read_comments (comment, post_id) VALUES ('Comment 55 for post 84', 55);
INSERT INTO write_comments (comment, post_id) VALUES ('Comment 56 for post 84', 56);
INSERT INTO read_comments (comment, post_id) VALUES ('Comment 56 for post 84', 56);
INSERT INTO write_comments (comment, post_id) VALUES ('Comment 57 for post 84', 57);
INSERT INTO read_comments (comment, post_id) VALUES ('Comment 57 for post 84', 57);
INSERT INTO write_comments (comment, post_id) VALUES ('Comment 58 for post 84', 58);
INSERT INTO read_comments (comment, post_id) VALUES ('Comment 58 for post 84', 58);
INSERT INTO write_comments (comment, post_id) VALUES ('Comment 59 for post 84', 59);
INSERT INTO read_comments (comment, post_id) VALUES ('Comment 59 for post 84', 59);
INSERT INTO write_comments (comment, post_id) VALUES ('Comment 60 for post 84', 60);
INSERT INTO read_comments (comment, post_id) VALUES ('Comment 60 for post 84', 60);
INSERT INTO write_comments (comment, post_id) VALUES ('Comment 61 for post 84', 61);
INSERT INTO read_comments (comment, post_id) VALUES ('Comment 61 for post 84', 61);
INSERT INTO write_comments (comment, post_id) VALUES ('Comment 62 for post 84', 62);
INSERT INTO read_comments (comment, post_id) VALUES ('Comment 62 for post 84', 62);
INSERT INTO write_comments (comment, post_id) VALUES ('Comment 63 for post 84', 63);
INSERT INTO read_comments (comment, post_id) VALUES ('Comment 63 for post 84', 63);
INSERT INTO write_comments (comment, post_id) VALUES ('Comment 64 for post 84', 64);
INSERT INTO read_comments (comment, post_id) VALUES ('Comment 64 for post 84', 64);
INSERT INTO write_comments (comment, post_id) VALUES ('Comment 65 for post 84', 65);
INSERT INTO read_comments (comment, post_id) VALUES ('Comment 65 for post 84', 65);
INSERT INTO write_comments (comment, post_id) VALUES ('Comment 66 for post 84', 66);
INSERT INTO read_comments (comment, post_id) VALUES ('Comment 66 for post 84', 66);
INSERT INTO write_comments (comment, post_id) VALUES ('Comment 67 for post 84', 67);
INSERT INTO read_comments (comment, post_id) VALUES ('Comment 67 for post 84', 67);
INSERT INTO write_comments (comment, post_id) VALUES ('Comment 68 for post 84', 68);
INSERT INTO read_comments (comment, post_id) VALUES ('Comment 68 for post 84', 68);
INSERT INTO write_comments (comment, post_id) VALUES ('Comment 69 for post 84', 69);
INSERT INTO read_comments (comment, post_id) VALUES ('Comment 69 for post 84', 69);
INSERT INTO write_comments (comment, post_id) VALUES ('Comment 70 for post 84', 70);
INSERT INTO read_comments (comment, post_id) VALUES ('Comment 70 for post 84', 70);
INSERT INTO write_comments (comment, post_id) VALUES ('Comment 71 for post 84', 71);
INSERT INTO read_comments (comment, post_id) VALUES ('Comment 71 for post 84', 71);
INSERT INTO write_comments (comment, post_id) VALUES ('Comment 72 for post 84', 72);
INSERT INTO read_comments (comment, post_id) VALUES ('Comment 72 for post 84', 72);
INSERT INTO write_comments (comment, post_id) VALUES ('Comment 73 for post 84', 73);
INSERT INTO read_comments (comment, post_id) VALUES ('Comment 73 for post 84', 73);
INSERT INTO write_comments (comment, post_id) VALUES ('Comment 74 for post 84', 74);
INSERT INTO read_comments (comment, post_id) VALUES ('Comment 74 for post 84', 74);
INSERT INTO write_comments (comment, post_id) VALUES ('Comment 75 for post 84', 75);
INSERT INTO read_comments (comment, post_id) VALUES ('Comment 75 for post 84', 75);
INSERT INTO write_comments (comment, post_id) VALUES ('Comment 76 for post 84', 76);
INSERT INTO read_comments (comment, post_id) VALUES ('Comment 76 for post 84', 76);
INSERT INTO write_comments (comment, post_id) VALUES ('Comment 77 for post 84', 77);
INSERT INTO read_comments (comment, post_id) VALUES ('Comment 77 for post 84', 77);
INSERT INTO write_comments (comment, post_id) VALUES ('Comment 78 for post 84', 78);
INSERT INTO read_comments (comment, post_id) VALUES ('Comment 78 for post 84', 78);
INSERT INTO write_comments (comment, post_id) VALUES ('Comment 79 for post 84', 79);
INSERT INTO read_comments (comment, post_id) VALUES ('Comment 79 for post 84', 79);
INSERT INTO write_comments (comment, post_id) VALUES ('Comment 80 for post 84', 80);
INSERT INTO read_comments (comment, post_id) VALUES ('Comment 80 for post 84', 80);
INSERT INTO write_comments (comment, post_id) VALUES ('Comment 81 for post 84', 81);
INSERT INTO read_comments (comment, post_id) VALUES ('Comment 81 for post 84', 81);
INSERT INTO write_comments (comment, post_id) VALUES ('Comment 82 for post 84', 82);
INSERT INTO read_comments (comment, post_id) VALUES ('Comment 82 for post 84', 82);
INSERT INTO write_comments (comment, post_id) VALUES ('Comment 83 for post 84', 83);
INSERT INTO read_comments (comment, post_id) VALUES ('Comment 83 for post 84', 83);
INSERT INTO write_comments (comment, post_id) VALUES ('Comment 84 for post 84', 84);
INSERT INTO read_comments (comment, post_id) VALUES ('Comment 84 for post 84', 84);
INSERT INTO write_comments (comment, post_id) VALUES ('Comment 85 for post 84', 85);
INSERT INTO read_comments (comment, post_id) VALUES ('Comment 85 for post 84', 85);
INSERT INTO write_comments (comment, post_id) VALUES ('Comment 86 for post 84', 86);
INSERT INTO read_comments (comment, post_id) VALUES ('Comment 86 for post 84', 86);
INSERT INTO write_comments (comment, post_id) VALUES ('Comment 87 for post 84', 87);
INSERT INTO read_comments (comment, post_id) VALUES ('Comment 87 for post 84', 87);
INSERT INTO write_comments (comment, post_id) VALUES ('Comment 88 for post 84', 88);
INSERT INTO read_comments (comment, post_id) VALUES ('Comment 88 for post 84', 88);
INSERT INTO write_comments (comment, post_id) VALUES ('Comment 89 for post 84', 89);
INSERT INTO read_comments (comment, post_id) VALUES ('Comment 89 for post 84', 89);
INSERT INTO write_comments (comment, post_id) VALUES ('Comment 90 for post 84', 90);
INSERT INTO read_comments (comment, post_id) VALUES ('Comment 90 for post 84', 90);
INSERT INTO write_comments (comment, post_id) VALUES ('Comment 91 for post 84', 91);
INSERT INTO read_comments (comment, post_id) VALUES ('Comment 91 for post 84', 91);
INSERT INTO write_comments (comment, post_id) VALUES ('Comment 92 for post 84', 92);
INSERT INTO read_comments (comment, post_id) VALUES ('Comment 92 for post 84', 92);
INSERT INTO write_comments (comment, post_id) VALUES ('Comment 93 for post 84', 93);
INSERT INTO read_comments (comment, post_id) VALUES ('Comment 93 for post 84', 93);
INSERT INTO write_comments (comment, post_id) VALUES ('Comment 94 for post 84', 94);
INSERT INTO read_comments (comment, post_id) VALUES ('Comment 94 for post 84', 94);
INSERT INTO write_comments (comment, post_id) VALUES ('Comment 95 for post 84', 95);
INSERT INTO read_comments (comment, post_id) VALUES ('Comment 95 for post 84', 95);
INSERT INTO write_comments (comment, post_id) VALUES ('Comment 96 for post 84', 96);
INSERT INTO read_comments (comment, post_id) VALUES ('Comment 96 for post 84', 96);
INSERT INTO write_comments (comment, post_id) VALUES ('Comment 97 for post 84', 97);
INSERT INTO read_comments (comment, post_id) VALUES ('Comment 97 for post 84', 97);
INSERT INTO write_comments (comment, post_id) VALUES ('Comment 98 for post 84', 98);
INSERT INTO read_comments (comment, post_id) VALUES ('Comment 98 for post 84', 98);
INSERT INTO write_comments (comment, post_id) VALUES ('Comment 99 for post 84', 99);
INSERT INTO read_comments (comment, post_id) VALUES ('Comment 99 for post 84', 99);
INSERT INTO write_comments (comment, post_id) VALUES ('Comment 100 for post 84', 100);
INSERT INTO read_comments (comment, post_id) VALUES ('Comment 100 for post 84', 100);
INSERT INTO write_comments (comment, post_id) VALUES ('Comment 1 for post 85', 1);
INSERT INTO read_comments (comment, post_id) VALUES ('Comment 1 for post 85', 1);
INSERT INTO write_comments (comment, post_id) VALUES ('Comment 2 for post 85', 2);
INSERT INTO read_comments (comment, post_id) VALUES ('Comment 2 for post 85', 2);
INSERT INTO write_comments (comment, post_id) VALUES ('Comment 3 for post 85', 3);
INSERT INTO read_comments (comment, post_id) VALUES ('Comment 3 for post 85', 3);
INSERT INTO write_comments (comment, post_id) VALUES ('Comment 4 for post 85', 4);
INSERT INTO read_comments (comment, post_id) VALUES ('Comment 4 for post 85', 4);
INSERT INTO write_comments (comment, post_id) VALUES ('Comment 5 for post 85', 5);
INSERT INTO read_comments (comment, post_id) VALUES ('Comment 5 for post 85', 5);
INSERT INTO write_comments (comment, post_id) VALUES ('Comment 6 for post 85', 6);
INSERT INTO read_comments (comment, post_id) VALUES ('Comment 6 for post 85', 6);
INSERT INTO write_comments (comment, post_id) VALUES ('Comment 7 for post 85', 7);
INSERT INTO read_comments (comment, post_id) VALUES ('Comment 7 for post 85', 7);
INSERT INTO write_comments (comment, post_id) VALUES ('Comment 8 for post 85', 8);
INSERT INTO read_comments (comment, post_id) VALUES ('Comment 8 for post 85', 8);
INSERT INTO write_comments (comment, post_id) VALUES ('Comment 9 for post 85', 9);
INSERT INTO read_comments (comment, post_id) VALUES ('Comment 9 for post 85', 9);
INSERT INTO write_comments (comment, post_id) VALUES ('Comment 10 for post 85', 10);
INSERT INTO read_comments (comment, post_id) VALUES ('Comment 10 for post 85', 10);
INSERT INTO write_comments (comment, post_id) VALUES ('Comment 11 for post 85', 11);
INSERT INTO read_comments (comment, post_id) VALUES ('Comment 11 for post 85', 11);
INSERT INTO write_comments (comment, post_id) VALUES ('Comment 12 for post 85', 12);
INSERT INTO read_comments (comment, post_id) VALUES ('Comment 12 for post 85', 12);
INSERT INTO write_comments (comment, post_id) VALUES ('Comment 13 for post 85', 13);
INSERT INTO read_comments (comment, post_id) VALUES ('Comment 13 for post 85', 13);
INSERT INTO write_comments (comment, post_id) VALUES ('Comment 14 for post 85', 14);
INSERT INTO read_comments (comment, post_id) VALUES ('Comment 14 for post 85', 14);
INSERT INTO write_comments (comment, post_id) VALUES ('Comment 15 for post 85', 15);
INSERT INTO read_comments (comment, post_id) VALUES ('Comment 15 for post 85', 15);
INSERT INTO write_comments (comment, post_id) VALUES ('Comment 16 for post 85', 16);
INSERT INTO read_comments (comment, post_id) VALUES ('Comment 16 for post 85', 16);
INSERT INTO write_comments (comment, post_id) VALUES ('Comment 17 for post 85', 17);
INSERT INTO read_comments (comment, post_id) VALUES ('Comment 17 for post 85', 17);
INSERT INTO write_comments (comment, post_id) VALUES ('Comment 18 for post 85', 18);
INSERT INTO read_comments (comment, post_id) VALUES ('Comment 18 for post 85', 18);
INSERT INTO write_comments (comment, post_id) VALUES ('Comment 19 for post 85', 19);
INSERT INTO read_comments (comment, post_id) VALUES ('Comment 19 for post 85', 19);
INSERT INTO write_comments (comment, post_id) VALUES ('Comment 20 for post 85', 20);
INSERT INTO read_comments (comment, post_id) VALUES ('Comment 20 for post 85', 20);
INSERT INTO write_comments (comment, post_id) VALUES ('Comment 21 for post 85', 21);
INSERT INTO read_comments (comment, post_id) VALUES ('Comment 21 for post 85', 21);
INSERT INTO write_comments (comment, post_id) VALUES ('Comment 22 for post 85', 22);
INSERT INTO read_comments (comment, post_id) VALUES ('Comment 22 for post 85', 22);
INSERT INTO write_comments (comment, post_id) VALUES ('Comment 23 for post 85', 23);
INSERT INTO read_comments (comment, post_id) VALUES ('Comment 23 for post 85', 23);
INSERT INTO write_comments (comment, post_id) VALUES ('Comment 24 for post 85', 24);
INSERT INTO read_comments (comment, post_id) VALUES ('Comment 24 for post 85', 24);
INSERT INTO write_comments (comment, post_id) VALUES ('Comment 25 for post 85', 25);
INSERT INTO read_comments (comment, post_id) VALUES ('Comment 25 for post 85', 25);
INSERT INTO write_comments (comment, post_id) VALUES ('Comment 26 for post 85', 26);
INSERT INTO read_comments (comment, post_id) VALUES ('Comment 26 for post 85', 26);
INSERT INTO write_comments (comment, post_id) VALUES ('Comment 27 for post 85', 27);
INSERT INTO read_comments (comment, post_id) VALUES ('Comment 27 for post 85', 27);
INSERT INTO write_comments (comment, post_id) VALUES ('Comment 28 for post 85', 28);
INSERT INTO read_comments (comment, post_id) VALUES ('Comment 28 for post 85', 28);
INSERT INTO write_comments (comment, post_id) VALUES ('Comment 29 for post 85', 29);
INSERT INTO read_comments (comment, post_id) VALUES ('Comment 29 for post 85', 29);
INSERT INTO write_comments (comment, post_id) VALUES ('Comment 30 for post 85', 30);
INSERT INTO read_comments (comment, post_id) VALUES ('Comment 30 for post 85', 30);
INSERT INTO write_comments (comment, post_id) VALUES ('Comment 31 for post 85', 31);
INSERT INTO read_comments (comment, post_id) VALUES ('Comment 31 for post 85', 31);
INSERT INTO write_comments (comment, post_id) VALUES ('Comment 32 for post 85', 32);
INSERT INTO read_comments (comment, post_id) VALUES ('Comment 32 for post 85', 32);
INSERT INTO write_comments (comment, post_id) VALUES ('Comment 33 for post 85', 33);
INSERT INTO read_comments (comment, post_id) VALUES ('Comment 33 for post 85', 33);
INSERT INTO write_comments (comment, post_id) VALUES ('Comment 34 for post 85', 34);
INSERT INTO read_comments (comment, post_id) VALUES ('Comment 34 for post 85', 34);
INSERT INTO write_comments (comment, post_id) VALUES ('Comment 35 for post 85', 35);
INSERT INTO read_comments (comment, post_id) VALUES ('Comment 35 for post 85', 35);
INSERT INTO write_comments (comment, post_id) VALUES ('Comment 36 for post 85', 36);
INSERT INTO read_comments (comment, post_id) VALUES ('Comment 36 for post 85', 36);
INSERT INTO write_comments (comment, post_id) VALUES ('Comment 37 for post 85', 37);
INSERT INTO read_comments (comment, post_id) VALUES ('Comment 37 for post 85', 37);
INSERT INTO write_comments (comment, post_id) VALUES ('Comment 38 for post 85', 38);
INSERT INTO read_comments (comment, post_id) VALUES ('Comment 38 for post 85', 38);
INSERT INTO write_comments (comment, post_id) VALUES ('Comment 39 for post 85', 39);
INSERT INTO read_comments (comment, post_id) VALUES ('Comment 39 for post 85', 39);
INSERT INTO write_comments (comment, post_id) VALUES ('Comment 40 for post 85', 40);
INSERT INTO read_comments (comment, post_id) VALUES ('Comment 40 for post 85', 40);
INSERT INTO write_comments (comment, post_id) VALUES ('Comment 41 for post 85', 41);
INSERT INTO read_comments (comment, post_id) VALUES ('Comment 41 for post 85', 41);
INSERT INTO write_comments (comment, post_id) VALUES ('Comment 42 for post 85', 42);
INSERT INTO read_comments (comment, post_id) VALUES ('Comment 42 for post 85', 42);
INSERT INTO write_comments (comment, post_id) VALUES ('Comment 43 for post 85', 43);
INSERT INTO read_comments (comment, post_id) VALUES ('Comment 43 for post 85', 43);
INSERT INTO write_comments (comment, post_id) VALUES ('Comment 44 for post 85', 44);
INSERT INTO read_comments (comment, post_id) VALUES ('Comment 44 for post 85', 44);
INSERT INTO write_comments (comment, post_id) VALUES ('Comment 45 for post 85', 45);
INSERT INTO read_comments (comment, post_id) VALUES ('Comment 45 for post 85', 45);
INSERT INTO write_comments (comment, post_id) VALUES ('Comment 46 for post 85', 46);
INSERT INTO read_comments (comment, post_id) VALUES ('Comment 46 for post 85', 46);
INSERT INTO write_comments (comment, post_id) VALUES ('Comment 47 for post 85', 47);
INSERT INTO read_comments (comment, post_id) VALUES ('Comment 47 for post 85', 47);
INSERT INTO write_comments (comment, post_id) VALUES ('Comment 48 for post 85', 48);
INSERT INTO read_comments (comment, post_id) VALUES ('Comment 48 for post 85', 48);
INSERT INTO write_comments (comment, post_id) VALUES ('Comment 49 for post 85', 49);
INSERT INTO read_comments (comment, post_id) VALUES ('Comment 49 for post 85', 49);
INSERT INTO write_comments (comment, post_id) VALUES ('Comment 50 for post 85', 50);
INSERT INTO read_comments (comment, post_id) VALUES ('Comment 50 for post 85', 50);
INSERT INTO write_comments (comment, post_id) VALUES ('Comment 51 for post 85', 51);
INSERT INTO read_comments (comment, post_id) VALUES ('Comment 51 for post 85', 51);
INSERT INTO write_comments (comment, post_id) VALUES ('Comment 52 for post 85', 52);
INSERT INTO read_comments (comment, post_id) VALUES ('Comment 52 for post 85', 52);
INSERT INTO write_comments (comment, post_id) VALUES ('Comment 53 for post 85', 53);
INSERT INTO read_comments (comment, post_id) VALUES ('Comment 53 for post 85', 53);
INSERT INTO write_comments (comment, post_id) VALUES ('Comment 54 for post 85', 54);
INSERT INTO read_comments (comment, post_id) VALUES ('Comment 54 for post 85', 54);
INSERT INTO write_comments (comment, post_id) VALUES ('Comment 55 for post 85', 55);
INSERT INTO read_comments (comment, post_id) VALUES ('Comment 55 for post 85', 55);
INSERT INTO write_comments (comment, post_id) VALUES ('Comment 56 for post 85', 56);
INSERT INTO read_comments (comment, post_id) VALUES ('Comment 56 for post 85', 56);
INSERT INTO write_comments (comment, post_id) VALUES ('Comment 57 for post 85', 57);
INSERT INTO read_comments (comment, post_id) VALUES ('Comment 57 for post 85', 57);
INSERT INTO write_comments (comment, post_id) VALUES ('Comment 58 for post 85', 58);
INSERT INTO read_comments (comment, post_id) VALUES ('Comment 58 for post 85', 58);
INSERT INTO write_comments (comment, post_id) VALUES ('Comment 59 for post 85', 59);
INSERT INTO read_comments (comment, post_id) VALUES ('Comment 59 for post 85', 59);
INSERT INTO write_comments (comment, post_id) VALUES ('Comment 60 for post 85', 60);
INSERT INTO read_comments (comment, post_id) VALUES ('Comment 60 for post 85', 60);
INSERT INTO write_comments (comment, post_id) VALUES ('Comment 61 for post 85', 61);
INSERT INTO read_comments (comment, post_id) VALUES ('Comment 61 for post 85', 61);
INSERT INTO write_comments (comment, post_id) VALUES ('Comment 62 for post 85', 62);
INSERT INTO read_comments (comment, post_id) VALUES ('Comment 62 for post 85', 62);
INSERT INTO write_comments (comment, post_id) VALUES ('Comment 63 for post 85', 63);
INSERT INTO read_comments (comment, post_id) VALUES ('Comment 63 for post 85', 63);
INSERT INTO write_comments (comment, post_id) VALUES ('Comment 64 for post 85', 64);
INSERT INTO read_comments (comment, post_id) VALUES ('Comment 64 for post 85', 64);
INSERT INTO write_comments (comment, post_id) VALUES ('Comment 65 for post 85', 65);
INSERT INTO read_comments (comment, post_id) VALUES ('Comment 65 for post 85', 65);
INSERT INTO write_comments (comment, post_id) VALUES ('Comment 66 for post 85', 66);
INSERT INTO read_comments (comment, post_id) VALUES ('Comment 66 for post 85', 66);
INSERT INTO write_comments (comment, post_id) VALUES ('Comment 67 for post 85', 67);
INSERT INTO read_comments (comment, post_id) VALUES ('Comment 67 for post 85', 67);
INSERT INTO write_comments (comment, post_id) VALUES ('Comment 68 for post 85', 68);
INSERT INTO read_comments (comment, post_id) VALUES ('Comment 68 for post 85', 68);
INSERT INTO write_comments (comment, post_id) VALUES ('Comment 69 for post 85', 69);
INSERT INTO read_comments (comment, post_id) VALUES ('Comment 69 for post 85', 69);
INSERT INTO write_comments (comment, post_id) VALUES ('Comment 70 for post 85', 70);
INSERT INTO read_comments (comment, post_id) VALUES ('Comment 70 for post 85', 70);
INSERT INTO write_comments (comment, post_id) VALUES ('Comment 71 for post 85', 71);
INSERT INTO read_comments (comment, post_id) VALUES ('Comment 71 for post 85', 71);
INSERT INTO write_comments (comment, post_id) VALUES ('Comment 72 for post 85', 72);
INSERT INTO read_comments (comment, post_id) VALUES ('Comment 72 for post 85', 72);
INSERT INTO write_comments (comment, post_id) VALUES ('Comment 73 for post 85', 73);
INSERT INTO read_comments (comment, post_id) VALUES ('Comment 73 for post 85', 73);
INSERT INTO write_comments (comment, post_id) VALUES ('Comment 74 for post 85', 74);
INSERT INTO read_comments (comment, post_id) VALUES ('Comment 74 for post 85', 74);
INSERT INTO write_comments (comment, post_id) VALUES ('Comment 75 for post 85', 75);
INSERT INTO read_comments (comment, post_id) VALUES ('Comment 75 for post 85', 75);
INSERT INTO write_comments (comment, post_id) VALUES ('Comment 76 for post 85', 76);
INSERT INTO read_comments (comment, post_id) VALUES ('Comment 76 for post 85', 76);
INSERT INTO write_comments (comment, post_id) VALUES ('Comment 77 for post 85', 77);
INSERT INTO read_comments (comment, post_id) VALUES ('Comment 77 for post 85', 77);
INSERT INTO write_comments (comment, post_id) VALUES ('Comment 78 for post 85', 78);
INSERT INTO read_comments (comment, post_id) VALUES ('Comment 78 for post 85', 78);
INSERT INTO write_comments (comment, post_id) VALUES ('Comment 79 for post 85', 79);
INSERT INTO read_comments (comment, post_id) VALUES ('Comment 79 for post 85', 79);
INSERT INTO write_comments (comment, post_id) VALUES ('Comment 80 for post 85', 80);
INSERT INTO read_comments (comment, post_id) VALUES ('Comment 80 for post 85', 80);
INSERT INTO write_comments (comment, post_id) VALUES ('Comment 81 for post 85', 81);
INSERT INTO read_comments (comment, post_id) VALUES ('Comment 81 for post 85', 81);
INSERT INTO write_comments (comment, post_id) VALUES ('Comment 82 for post 85', 82);
INSERT INTO read_comments (comment, post_id) VALUES ('Comment 82 for post 85', 82);
INSERT INTO write_comments (comment, post_id) VALUES ('Comment 83 for post 85', 83);
INSERT INTO read_comments (comment, post_id) VALUES ('Comment 83 for post 85', 83);
INSERT INTO write_comments (comment, post_id) VALUES ('Comment 84 for post 85', 84);
INSERT INTO read_comments (comment, post_id) VALUES ('Comment 84 for post 85', 84);
INSERT INTO write_comments (comment, post_id) VALUES ('Comment 85 for post 85', 85);
INSERT INTO read_comments (comment, post_id) VALUES ('Comment 85 for post 85', 85);
INSERT INTO write_comments (comment, post_id) VALUES ('Comment 86 for post 85', 86);
INSERT INTO read_comments (comment, post_id) VALUES ('Comment 86 for post 85', 86);
INSERT INTO write_comments (comment, post_id) VALUES ('Comment 87 for post 85', 87);
INSERT INTO read_comments (comment, post_id) VALUES ('Comment 87 for post 85', 87);
INSERT INTO write_comments (comment, post_id) VALUES ('Comment 88 for post 85', 88);
INSERT INTO read_comments (comment, post_id) VALUES ('Comment 88 for post 85', 88);
INSERT INTO write_comments (comment, post_id) VALUES ('Comment 89 for post 85', 89);
INSERT INTO read_comments (comment, post_id) VALUES ('Comment 89 for post 85', 89);
INSERT INTO write_comments (comment, post_id) VALUES ('Comment 90 for post 85', 90);
INSERT INTO read_comments (comment, post_id) VALUES ('Comment 90 for post 85', 90);
INSERT INTO write_comments (comment, post_id) VALUES ('Comment 91 for post 85', 91);
INSERT INTO read_comments (comment, post_id) VALUES ('Comment 91 for post 85', 91);
INSERT INTO write_comments (comment, post_id) VALUES ('Comment 92 for post 85', 92);
INSERT INTO read_comments (comment, post_id) VALUES ('Comment 92 for post 85', 92);
INSERT INTO write_comments (comment, post_id) VALUES ('Comment 93 for post 85', 93);
INSERT INTO read_comments (comment, post_id) VALUES ('Comment 93 for post 85', 93);
INSERT INTO write_comments (comment, post_id) VALUES ('Comment 94 for post 85', 94);
INSERT INTO read_comments (comment, post_id) VALUES ('Comment 94 for post 85', 94);
INSERT INTO write_comments (comment, post_id) VALUES ('Comment 95 for post 85', 95);
INSERT INTO read_comments (comment, post_id) VALUES ('Comment 95 for post 85', 95);
INSERT INTO write_comments (comment, post_id) VALUES ('Comment 96 for post 85', 96);
INSERT INTO read_comments (comment, post_id) VALUES ('Comment 96 for post 85', 96);
INSERT INTO write_comments (comment, post_id) VALUES ('Comment 97 for post 85', 97);
INSERT INTO read_comments (comment, post_id) VALUES ('Comment 97 for post 85', 97);
INSERT INTO write_comments (comment, post_id) VALUES ('Comment 98 for post 85', 98);
INSERT INTO read_comments (comment, post_id) VALUES ('Comment 98 for post 85', 98);
INSERT INTO write_comments (comment, post_id) VALUES ('Comment 99 for post 85', 99);
INSERT INTO read_comments (comment, post_id) VALUES ('Comment 99 for post 85', 99);
INSERT INTO write_comments (comment, post_id) VALUES ('Comment 100 for post 85', 100);
INSERT INTO read_comments (comment, post_id) VALUES ('Comment 100 for post 85', 100);
INSERT INTO write_comments (comment, post_id) VALUES ('Comment 1 for post 86', 1);
INSERT INTO read_comments (comment, post_id) VALUES ('Comment 1 for post 86', 1);
INSERT INTO write_comments (comment, post_id) VALUES ('Comment 2 for post 86', 2);
INSERT INTO read_comments (comment, post_id) VALUES ('Comment 2 for post 86', 2);
INSERT INTO write_comments (comment, post_id) VALUES ('Comment 3 for post 86', 3);
INSERT INTO read_comments (comment, post_id) VALUES ('Comment 3 for post 86', 3);
INSERT INTO write_comments (comment, post_id) VALUES ('Comment 4 for post 86', 4);
INSERT INTO read_comments (comment, post_id) VALUES ('Comment 4 for post 86', 4);
INSERT INTO write_comments (comment, post_id) VALUES ('Comment 5 for post 86', 5);
INSERT INTO read_comments (comment, post_id) VALUES ('Comment 5 for post 86', 5);
INSERT INTO write_comments (comment, post_id) VALUES ('Comment 6 for post 86', 6);
INSERT INTO read_comments (comment, post_id) VALUES ('Comment 6 for post 86', 6);
INSERT INTO write_comments (comment, post_id) VALUES ('Comment 7 for post 86', 7);
INSERT INTO read_comments (comment, post_id) VALUES ('Comment 7 for post 86', 7);
INSERT INTO write_comments (comment, post_id) VALUES ('Comment 8 for post 86', 8);
INSERT INTO read_comments (comment, post_id) VALUES ('Comment 8 for post 86', 8);
INSERT INTO write_comments (comment, post_id) VALUES ('Comment 9 for post 86', 9);
INSERT INTO read_comments (comment, post_id) VALUES ('Comment 9 for post 86', 9);
INSERT INTO write_comments (comment, post_id) VALUES ('Comment 10 for post 86', 10);
INSERT INTO read_comments (comment, post_id) VALUES ('Comment 10 for post 86', 10);
INSERT INTO write_comments (comment, post_id) VALUES ('Comment 11 for post 86', 11);
INSERT INTO read_comments (comment, post_id) VALUES ('Comment 11 for post 86', 11);
INSERT INTO write_comments (comment, post_id) VALUES ('Comment 12 for post 86', 12);
INSERT INTO read_comments (comment, post_id) VALUES ('Comment 12 for post 86', 12);
INSERT INTO write_comments (comment, post_id) VALUES ('Comment 13 for post 86', 13);
INSERT INTO read_comments (comment, post_id) VALUES ('Comment 13 for post 86', 13);
INSERT INTO write_comments (comment, post_id) VALUES ('Comment 14 for post 86', 14);
INSERT INTO read_comments (comment, post_id) VALUES ('Comment 14 for post 86', 14);
INSERT INTO write_comments (comment, post_id) VALUES ('Comment 15 for post 86', 15);
INSERT INTO read_comments (comment, post_id) VALUES ('Comment 15 for post 86', 15);
INSERT INTO write_comments (comment, post_id) VALUES ('Comment 16 for post 86', 16);
INSERT INTO read_comments (comment, post_id) VALUES ('Comment 16 for post 86', 16);
INSERT INTO write_comments (comment, post_id) VALUES ('Comment 17 for post 86', 17);
INSERT INTO read_comments (comment, post_id) VALUES ('Comment 17 for post 86', 17);
INSERT INTO write_comments (comment, post_id) VALUES ('Comment 18 for post 86', 18);
INSERT INTO read_comments (comment, post_id) VALUES ('Comment 18 for post 86', 18);
INSERT INTO write_comments (comment, post_id) VALUES ('Comment 19 for post 86', 19);
INSERT INTO read_comments (comment, post_id) VALUES ('Comment 19 for post 86', 19);
INSERT INTO write_comments (comment, post_id) VALUES ('Comment 20 for post 86', 20);
INSERT INTO read_comments (comment, post_id) VALUES ('Comment 20 for post 86', 20);
INSERT INTO write_comments (comment, post_id) VALUES ('Comment 21 for post 86', 21);
INSERT INTO read_comments (comment, post_id) VALUES ('Comment 21 for post 86', 21);
INSERT INTO write_comments (comment, post_id) VALUES ('Comment 22 for post 86', 22);
INSERT INTO read_comments (comment, post_id) VALUES ('Comment 22 for post 86', 22);
INSERT INTO write_comments (comment, post_id) VALUES ('Comment 23 for post 86', 23);
INSERT INTO read_comments (comment, post_id) VALUES ('Comment 23 for post 86', 23);
INSERT INTO write_comments (comment, post_id) VALUES ('Comment 24 for post 86', 24);
INSERT INTO read_comments (comment, post_id) VALUES ('Comment 24 for post 86', 24);
INSERT INTO write_comments (comment, post_id) VALUES ('Comment 25 for post 86', 25);
INSERT INTO read_comments (comment, post_id) VALUES ('Comment 25 for post 86', 25);
INSERT INTO write_comments (comment, post_id) VALUES ('Comment 26 for post 86', 26);
INSERT INTO read_comments (comment, post_id) VALUES ('Comment 26 for post 86', 26);
INSERT INTO write_comments (comment, post_id) VALUES ('Comment 27 for post 86', 27);
INSERT INTO read_comments (comment, post_id) VALUES ('Comment 27 for post 86', 27);
INSERT INTO write_comments (comment, post_id) VALUES ('Comment 28 for post 86', 28);
INSERT INTO read_comments (comment, post_id) VALUES ('Comment 28 for post 86', 28);
INSERT INTO write_comments (comment, post_id) VALUES ('Comment 29 for post 86', 29);
INSERT INTO read_comments (comment, post_id) VALUES ('Comment 29 for post 86', 29);
INSERT INTO write_comments (comment, post_id) VALUES ('Comment 30 for post 86', 30);
INSERT INTO read_comments (comment, post_id) VALUES ('Comment 30 for post 86', 30);
INSERT INTO write_comments (comment, post_id) VALUES ('Comment 31 for post 86', 31);
INSERT INTO read_comments (comment, post_id) VALUES ('Comment 31 for post 86', 31);
INSERT INTO write_comments (comment, post_id) VALUES ('Comment 32 for post 86', 32);
INSERT INTO read_comments (comment, post_id) VALUES ('Comment 32 for post 86', 32);
INSERT INTO write_comments (comment, post_id) VALUES ('Comment 33 for post 86', 33);
INSERT INTO read_comments (comment, post_id) VALUES ('Comment 33 for post 86', 33);
INSERT INTO write_comments (comment, post_id) VALUES ('Comment 34 for post 86', 34);
INSERT INTO read_comments (comment, post_id) VALUES ('Comment 34 for post 86', 34);
INSERT INTO write_comments (comment, post_id) VALUES ('Comment 35 for post 86', 35);
INSERT INTO read_comments (comment, post_id) VALUES ('Comment 35 for post 86', 35);
INSERT INTO write_comments (comment, post_id) VALUES ('Comment 36 for post 86', 36);
INSERT INTO read_comments (comment, post_id) VALUES ('Comment 36 for post 86', 36);
INSERT INTO write_comments (comment, post_id) VALUES ('Comment 37 for post 86', 37);
INSERT INTO read_comments (comment, post_id) VALUES ('Comment 37 for post 86', 37);
INSERT INTO write_comments (comment, post_id) VALUES ('Comment 38 for post 86', 38);
INSERT INTO read_comments (comment, post_id) VALUES ('Comment 38 for post 86', 38);
INSERT INTO write_comments (comment, post_id) VALUES ('Comment 39 for post 86', 39);
INSERT INTO read_comments (comment, post_id) VALUES ('Comment 39 for post 86', 39);
INSERT INTO write_comments (comment, post_id) VALUES ('Comment 40 for post 86', 40);
INSERT INTO read_comments (comment, post_id) VALUES ('Comment 40 for post 86', 40);
INSERT INTO write_comments (comment, post_id) VALUES ('Comment 41 for post 86', 41);
INSERT INTO read_comments (comment, post_id) VALUES ('Comment 41 for post 86', 41);
INSERT INTO write_comments (comment, post_id) VALUES ('Comment 42 for post 86', 42);
INSERT INTO read_comments (comment, post_id) VALUES ('Comment 42 for post 86', 42);
INSERT INTO write_comments (comment, post_id) VALUES ('Comment 43 for post 86', 43);
INSERT INTO read_comments (comment, post_id) VALUES ('Comment 43 for post 86', 43);
INSERT INTO write_comments (comment, post_id) VALUES ('Comment 44 for post 86', 44);
INSERT INTO read_comments (comment, post_id) VALUES ('Comment 44 for post 86', 44);
INSERT INTO write_comments (comment, post_id) VALUES ('Comment 45 for post 86', 45);
INSERT INTO read_comments (comment, post_id) VALUES ('Comment 45 for post 86', 45);
INSERT INTO write_comments (comment, post_id) VALUES ('Comment 46 for post 86', 46);
INSERT INTO read_comments (comment, post_id) VALUES ('Comment 46 for post 86', 46);
INSERT INTO write_comments (comment, post_id) VALUES ('Comment 47 for post 86', 47);
INSERT INTO read_comments (comment, post_id) VALUES ('Comment 47 for post 86', 47);
INSERT INTO write_comments (comment, post_id) VALUES ('Comment 48 for post 86', 48);
INSERT INTO read_comments (comment, post_id) VALUES ('Comment 48 for post 86', 48);
INSERT INTO write_comments (comment, post_id) VALUES ('Comment 49 for post 86', 49);
INSERT INTO read_comments (comment, post_id) VALUES ('Comment 49 for post 86', 49);
INSERT INTO write_comments (comment, post_id) VALUES ('Comment 50 for post 86', 50);
INSERT INTO read_comments (comment, post_id) VALUES ('Comment 50 for post 86', 50);
INSERT INTO write_comments (comment, post_id) VALUES ('Comment 51 for post 86', 51);
INSERT INTO read_comments (comment, post_id) VALUES ('Comment 51 for post 86', 51);
INSERT INTO write_comments (comment, post_id) VALUES ('Comment 52 for post 86', 52);
INSERT INTO read_comments (comment, post_id) VALUES ('Comment 52 for post 86', 52);
INSERT INTO write_comments (comment, post_id) VALUES ('Comment 53 for post 86', 53);
INSERT INTO read_comments (comment, post_id) VALUES ('Comment 53 for post 86', 53);
INSERT INTO write_comments (comment, post_id) VALUES ('Comment 54 for post 86', 54);
INSERT INTO read_comments (comment, post_id) VALUES ('Comment 54 for post 86', 54);
INSERT INTO write_comments (comment, post_id) VALUES ('Comment 55 for post 86', 55);
INSERT INTO read_comments (comment, post_id) VALUES ('Comment 55 for post 86', 55);
INSERT INTO write_comments (comment, post_id) VALUES ('Comment 56 for post 86', 56);
INSERT INTO read_comments (comment, post_id) VALUES ('Comment 56 for post 86', 56);
INSERT INTO write_comments (comment, post_id) VALUES ('Comment 57 for post 86', 57);
INSERT INTO read_comments (comment, post_id) VALUES ('Comment 57 for post 86', 57);
INSERT INTO write_comments (comment, post_id) VALUES ('Comment 58 for post 86', 58);
INSERT INTO read_comments (comment, post_id) VALUES ('Comment 58 for post 86', 58);
INSERT INTO write_comments (comment, post_id) VALUES ('Comment 59 for post 86', 59);
INSERT INTO read_comments (comment, post_id) VALUES ('Comment 59 for post 86', 59);
INSERT INTO write_comments (comment, post_id) VALUES ('Comment 60 for post 86', 60);
INSERT INTO read_comments (comment, post_id) VALUES ('Comment 60 for post 86', 60);
INSERT INTO write_comments (comment, post_id) VALUES ('Comment 61 for post 86', 61);
INSERT INTO read_comments (comment, post_id) VALUES ('Comment 61 for post 86', 61);
INSERT INTO write_comments (comment, post_id) VALUES ('Comment 62 for post 86', 62);
INSERT INTO read_comments (comment, post_id) VALUES ('Comment 62 for post 86', 62);
INSERT INTO write_comments (comment, post_id) VALUES ('Comment 63 for post 86', 63);
INSERT INTO read_comments (comment, post_id) VALUES ('Comment 63 for post 86', 63);
INSERT INTO write_comments (comment, post_id) VALUES ('Comment 64 for post 86', 64);
INSERT INTO read_comments (comment, post_id) VALUES ('Comment 64 for post 86', 64);
INSERT INTO write_comments (comment, post_id) VALUES ('Comment 65 for post 86', 65);
INSERT INTO read_comments (comment, post_id) VALUES ('Comment 65 for post 86', 65);
INSERT INTO write_comments (comment, post_id) VALUES ('Comment 66 for post 86', 66);
INSERT INTO read_comments (comment, post_id) VALUES ('Comment 66 for post 86', 66);
INSERT INTO write_comments (comment, post_id) VALUES ('Comment 67 for post 86', 67);
INSERT INTO read_comments (comment, post_id) VALUES ('Comment 67 for post 86', 67);
INSERT INTO write_comments (comment, post_id) VALUES ('Comment 68 for post 86', 68);
INSERT INTO read_comments (comment, post_id) VALUES ('Comment 68 for post 86', 68);
INSERT INTO write_comments (comment, post_id) VALUES ('Comment 69 for post 86', 69);
INSERT INTO read_comments (comment, post_id) VALUES ('Comment 69 for post 86', 69);
INSERT INTO write_comments (comment, post_id) VALUES ('Comment 70 for post 86', 70);
INSERT INTO read_comments (comment, post_id) VALUES ('Comment 70 for post 86', 70);
INSERT INTO write_comments (comment, post_id) VALUES ('Comment 71 for post 86', 71);
INSERT INTO read_comments (comment, post_id) VALUES ('Comment 71 for post 86', 71);
INSERT INTO write_comments (comment, post_id) VALUES ('Comment 72 for post 86', 72);
INSERT INTO read_comments (comment, post_id) VALUES ('Comment 72 for post 86', 72);
INSERT INTO write_comments (comment, post_id) VALUES ('Comment 73 for post 86', 73);
INSERT INTO read_comments (comment, post_id) VALUES ('Comment 73 for post 86', 73);
INSERT INTO write_comments (comment, post_id) VALUES ('Comment 74 for post 86', 74);
INSERT INTO read_comments (comment, post_id) VALUES ('Comment 74 for post 86', 74);
INSERT INTO write_comments (comment, post_id) VALUES ('Comment 75 for post 86', 75);
INSERT INTO read_comments (comment, post_id) VALUES ('Comment 75 for post 86', 75);
INSERT INTO write_comments (comment, post_id) VALUES ('Comment 76 for post 86', 76);
INSERT INTO read_comments (comment, post_id) VALUES ('Comment 76 for post 86', 76);
INSERT INTO write_comments (comment, post_id) VALUES ('Comment 77 for post 86', 77);
INSERT INTO read_comments (comment, post_id) VALUES ('Comment 77 for post 86', 77);
INSERT INTO write_comments (comment, post_id) VALUES ('Comment 78 for post 86', 78);
INSERT INTO read_comments (comment, post_id) VALUES ('Comment 78 for post 86', 78);
INSERT INTO write_comments (comment, post_id) VALUES ('Comment 79 for post 86', 79);
INSERT INTO read_comments (comment, post_id) VALUES ('Comment 79 for post 86', 79);
INSERT INTO write_comments (comment, post_id) VALUES ('Comment 80 for post 86', 80);
INSERT INTO read_comments (comment, post_id) VALUES ('Comment 80 for post 86', 80);
INSERT INTO write_comments (comment, post_id) VALUES ('Comment 81 for post 86', 81);
INSERT INTO read_comments (comment, post_id) VALUES ('Comment 81 for post 86', 81);
INSERT INTO write_comments (comment, post_id) VALUES ('Comment 82 for post 86', 82);
INSERT INTO read_comments (comment, post_id) VALUES ('Comment 82 for post 86', 82);
INSERT INTO write_comments (comment, post_id) VALUES ('Comment 83 for post 86', 83);
INSERT INTO read_comments (comment, post_id) VALUES ('Comment 83 for post 86', 83);
INSERT INTO write_comments (comment, post_id) VALUES ('Comment 84 for post 86', 84);
INSERT INTO read_comments (comment, post_id) VALUES ('Comment 84 for post 86', 84);
INSERT INTO write_comments (comment, post_id) VALUES ('Comment 85 for post 86', 85);
INSERT INTO read_comments (comment, post_id) VALUES ('Comment 85 for post 86', 85);
INSERT INTO write_comments (comment, post_id) VALUES ('Comment 86 for post 86', 86);
INSERT INTO read_comments (comment, post_id) VALUES ('Comment 86 for post 86', 86);
INSERT INTO write_comments (comment, post_id) VALUES ('Comment 87 for post 86', 87);
INSERT INTO read_comments (comment, post_id) VALUES ('Comment 87 for post 86', 87);
INSERT INTO write_comments (comment, post_id) VALUES ('Comment 88 for post 86', 88);
INSERT INTO read_comments (comment, post_id) VALUES ('Comment 88 for post 86', 88);
INSERT INTO write_comments (comment, post_id) VALUES ('Comment 89 for post 86', 89);
INSERT INTO read_comments (comment, post_id) VALUES ('Comment 89 for post 86', 89);
INSERT INTO write_comments (comment, post_id) VALUES ('Comment 90 for post 86', 90);
INSERT INTO read_comments (comment, post_id) VALUES ('Comment 90 for post 86', 90);
INSERT INTO write_comments (comment, post_id) VALUES ('Comment 91 for post 86', 91);
INSERT INTO read_comments (comment, post_id) VALUES ('Comment 91 for post 86', 91);
INSERT INTO write_comments (comment, post_id) VALUES ('Comment 92 for post 86', 92);
INSERT INTO read_comments (comment, post_id) VALUES ('Comment 92 for post 86', 92);
INSERT INTO write_comments (comment, post_id) VALUES ('Comment 93 for post 86', 93);
INSERT INTO read_comments (comment, post_id) VALUES ('Comment 93 for post 86', 93);
INSERT INTO write_comments (comment, post_id) VALUES ('Comment 94 for post 86', 94);
INSERT INTO read_comments (comment, post_id) VALUES ('Comment 94 for post 86', 94);
INSERT INTO write_comments (comment, post_id) VALUES ('Comment 95 for post 86', 95);
INSERT INTO read_comments (comment, post_id) VALUES ('Comment 95 for post 86', 95);
INSERT INTO write_comments (comment, post_id) VALUES ('Comment 96 for post 86', 96);
INSERT INTO read_comments (comment, post_id) VALUES ('Comment 96 for post 86', 96);
INSERT INTO write_comments (comment, post_id) VALUES ('Comment 97 for post 86', 97);
INSERT INTO read_comments (comment, post_id) VALUES ('Comment 97 for post 86', 97);
INSERT INTO write_comments (comment, post_id) VALUES ('Comment 98 for post 86', 98);
INSERT INTO read_comments (comment, post_id) VALUES ('Comment 98 for post 86', 98);
INSERT INTO write_comments (comment, post_id) VALUES ('Comment 99 for post 86', 99);
INSERT INTO read_comments (comment, post_id) VALUES ('Comment 99 for post 86', 99);
INSERT INTO write_comments (comment, post_id) VALUES ('Comment 100 for post 86', 100);
INSERT INTO read_comments (comment, post_id) VALUES ('Comment 100 for post 86', 100);
INSERT INTO write_comments (comment, post_id) VALUES ('Comment 1 for post 87', 1);
INSERT INTO read_comments (comment, post_id) VALUES ('Comment 1 for post 87', 1);
INSERT INTO write_comments (comment, post_id) VALUES ('Comment 2 for post 87', 2);
INSERT INTO read_comments (comment, post_id) VALUES ('Comment 2 for post 87', 2);
INSERT INTO write_comments (comment, post_id) VALUES ('Comment 3 for post 87', 3);
INSERT INTO read_comments (comment, post_id) VALUES ('Comment 3 for post 87', 3);
INSERT INTO write_comments (comment, post_id) VALUES ('Comment 4 for post 87', 4);
INSERT INTO read_comments (comment, post_id) VALUES ('Comment 4 for post 87', 4);
INSERT INTO write_comments (comment, post_id) VALUES ('Comment 5 for post 87', 5);
INSERT INTO read_comments (comment, post_id) VALUES ('Comment 5 for post 87', 5);
INSERT INTO write_comments (comment, post_id) VALUES ('Comment 6 for post 87', 6);
INSERT INTO read_comments (comment, post_id) VALUES ('Comment 6 for post 87', 6);
INSERT INTO write_comments (comment, post_id) VALUES ('Comment 7 for post 87', 7);
INSERT INTO read_comments (comment, post_id) VALUES ('Comment 7 for post 87', 7);
INSERT INTO write_comments (comment, post_id) VALUES ('Comment 8 for post 87', 8);
INSERT INTO read_comments (comment, post_id) VALUES ('Comment 8 for post 87', 8);
INSERT INTO write_comments (comment, post_id) VALUES ('Comment 9 for post 87', 9);
INSERT INTO read_comments (comment, post_id) VALUES ('Comment 9 for post 87', 9);
INSERT INTO write_comments (comment, post_id) VALUES ('Comment 10 for post 87', 10);
INSERT INTO read_comments (comment, post_id) VALUES ('Comment 10 for post 87', 10);
INSERT INTO write_comments (comment, post_id) VALUES ('Comment 11 for post 87', 11);
INSERT INTO read_comments (comment, post_id) VALUES ('Comment 11 for post 87', 11);
INSERT INTO write_comments (comment, post_id) VALUES ('Comment 12 for post 87', 12);
INSERT INTO read_comments (comment, post_id) VALUES ('Comment 12 for post 87', 12);
INSERT INTO write_comments (comment, post_id) VALUES ('Comment 13 for post 87', 13);
INSERT INTO read_comments (comment, post_id) VALUES ('Comment 13 for post 87', 13);
INSERT INTO write_comments (comment, post_id) VALUES ('Comment 14 for post 87', 14);
INSERT INTO read_comments (comment, post_id) VALUES ('Comment 14 for post 87', 14);
INSERT INTO write_comments (comment, post_id) VALUES ('Comment 15 for post 87', 15);
INSERT INTO read_comments (comment, post_id) VALUES ('Comment 15 for post 87', 15);
INSERT INTO write_comments (comment, post_id) VALUES ('Comment 16 for post 87', 16);
INSERT INTO read_comments (comment, post_id) VALUES ('Comment 16 for post 87', 16);
INSERT INTO write_comments (comment, post_id) VALUES ('Comment 17 for post 87', 17);
INSERT INTO read_comments (comment, post_id) VALUES ('Comment 17 for post 87', 17);
INSERT INTO write_comments (comment, post_id) VALUES ('Comment 18 for post 87', 18);
INSERT INTO read_comments (comment, post_id) VALUES ('Comment 18 for post 87', 18);
INSERT INTO write_comments (comment, post_id) VALUES ('Comment 19 for post 87', 19);
INSERT INTO read_comments (comment, post_id) VALUES ('Comment 19 for post 87', 19);
INSERT INTO write_comments (comment, post_id) VALUES ('Comment 20 for post 87', 20);
INSERT INTO read_comments (comment, post_id) VALUES ('Comment 20 for post 87', 20);
INSERT INTO write_comments (comment, post_id) VALUES ('Comment 21 for post 87', 21);
INSERT INTO read_comments (comment, post_id) VALUES ('Comment 21 for post 87', 21);
INSERT INTO write_comments (comment, post_id) VALUES ('Comment 22 for post 87', 22);
INSERT INTO read_comments (comment, post_id) VALUES ('Comment 22 for post 87', 22);
INSERT INTO write_comments (comment, post_id) VALUES ('Comment 23 for post 87', 23);
INSERT INTO read_comments (comment, post_id) VALUES ('Comment 23 for post 87', 23);
INSERT INTO write_comments (comment, post_id) VALUES ('Comment 24 for post 87', 24);
INSERT INTO read_comments (comment, post_id) VALUES ('Comment 24 for post 87', 24);
INSERT INTO write_comments (comment, post_id) VALUES ('Comment 25 for post 87', 25);
INSERT INTO read_comments (comment, post_id) VALUES ('Comment 25 for post 87', 25);
INSERT INTO write_comments (comment, post_id) VALUES ('Comment 26 for post 87', 26);
INSERT INTO read_comments (comment, post_id) VALUES ('Comment 26 for post 87', 26);
INSERT INTO write_comments (comment, post_id) VALUES ('Comment 27 for post 87', 27);
INSERT INTO read_comments (comment, post_id) VALUES ('Comment 27 for post 87', 27);
INSERT INTO write_comments (comment, post_id) VALUES ('Comment 28 for post 87', 28);
INSERT INTO read_comments (comment, post_id) VALUES ('Comment 28 for post 87', 28);
INSERT INTO write_comments (comment, post_id) VALUES ('Comment 29 for post 87', 29);
INSERT INTO read_comments (comment, post_id) VALUES ('Comment 29 for post 87', 29);
INSERT INTO write_comments (comment, post_id) VALUES ('Comment 30 for post 87', 30);
INSERT INTO read_comments (comment, post_id) VALUES ('Comment 30 for post 87', 30);
INSERT INTO write_comments (comment, post_id) VALUES ('Comment 31 for post 87', 31);
INSERT INTO read_comments (comment, post_id) VALUES ('Comment 31 for post 87', 31);
INSERT INTO write_comments (comment, post_id) VALUES ('Comment 32 for post 87', 32);
INSERT INTO read_comments (comment, post_id) VALUES ('Comment 32 for post 87', 32);
INSERT INTO write_comments (comment, post_id) VALUES ('Comment 33 for post 87', 33);
INSERT INTO read_comments (comment, post_id) VALUES ('Comment 33 for post 87', 33);
INSERT INTO write_comments (comment, post_id) VALUES ('Comment 34 for post 87', 34);
INSERT INTO read_comments (comment, post_id) VALUES ('Comment 34 for post 87', 34);
INSERT INTO write_comments (comment, post_id) VALUES ('Comment 35 for post 87', 35);
INSERT INTO read_comments (comment, post_id) VALUES ('Comment 35 for post 87', 35);
INSERT INTO write_comments (comment, post_id) VALUES ('Comment 36 for post 87', 36);
INSERT INTO read_comments (comment, post_id) VALUES ('Comment 36 for post 87', 36);
INSERT INTO write_comments (comment, post_id) VALUES ('Comment 37 for post 87', 37);
INSERT INTO read_comments (comment, post_id) VALUES ('Comment 37 for post 87', 37);
INSERT INTO write_comments (comment, post_id) VALUES ('Comment 38 for post 87', 38);
INSERT INTO read_comments (comment, post_id) VALUES ('Comment 38 for post 87', 38);
INSERT INTO write_comments (comment, post_id) VALUES ('Comment 39 for post 87', 39);
INSERT INTO read_comments (comment, post_id) VALUES ('Comment 39 for post 87', 39);
INSERT INTO write_comments (comment, post_id) VALUES ('Comment 40 for post 87', 40);
INSERT INTO read_comments (comment, post_id) VALUES ('Comment 40 for post 87', 40);
INSERT INTO write_comments (comment, post_id) VALUES ('Comment 41 for post 87', 41);
INSERT INTO read_comments (comment, post_id) VALUES ('Comment 41 for post 87', 41);
INSERT INTO write_comments (comment, post_id) VALUES ('Comment 42 for post 87', 42);
INSERT INTO read_comments (comment, post_id) VALUES ('Comment 42 for post 87', 42);
INSERT INTO write_comments (comment, post_id) VALUES ('Comment 43 for post 87', 43);
INSERT INTO read_comments (comment, post_id) VALUES ('Comment 43 for post 87', 43);
INSERT INTO write_comments (comment, post_id) VALUES ('Comment 44 for post 87', 44);
INSERT INTO read_comments (comment, post_id) VALUES ('Comment 44 for post 87', 44);
INSERT INTO write_comments (comment, post_id) VALUES ('Comment 45 for post 87', 45);
INSERT INTO read_comments (comment, post_id) VALUES ('Comment 45 for post 87', 45);
INSERT INTO write_comments (comment, post_id) VALUES ('Comment 46 for post 87', 46);
INSERT INTO read_comments (comment, post_id) VALUES ('Comment 46 for post 87', 46);
INSERT INTO write_comments (comment, post_id) VALUES ('Comment 47 for post 87', 47);
INSERT INTO read_comments (comment, post_id) VALUES ('Comment 47 for post 87', 47);
INSERT INTO write_comments (comment, post_id) VALUES ('Comment 48 for post 87', 48);
INSERT INTO read_comments (comment, post_id) VALUES ('Comment 48 for post 87', 48);
INSERT INTO write_comments (comment, post_id) VALUES ('Comment 49 for post 87', 49);
INSERT INTO read_comments (comment, post_id) VALUES ('Comment 49 for post 87', 49);
INSERT INTO write_comments (comment, post_id) VALUES ('Comment 50 for post 87', 50);
INSERT INTO read_comments (comment, post_id) VALUES ('Comment 50 for post 87', 50);
INSERT INTO write_comments (comment, post_id) VALUES ('Comment 51 for post 87', 51);
INSERT INTO read_comments (comment, post_id) VALUES ('Comment 51 for post 87', 51);
INSERT INTO write_comments (comment, post_id) VALUES ('Comment 52 for post 87', 52);
INSERT INTO read_comments (comment, post_id) VALUES ('Comment 52 for post 87', 52);
INSERT INTO write_comments (comment, post_id) VALUES ('Comment 53 for post 87', 53);
INSERT INTO read_comments (comment, post_id) VALUES ('Comment 53 for post 87', 53);
INSERT INTO write_comments (comment, post_id) VALUES ('Comment 54 for post 87', 54);
INSERT INTO read_comments (comment, post_id) VALUES ('Comment 54 for post 87', 54);
INSERT INTO write_comments (comment, post_id) VALUES ('Comment 55 for post 87', 55);
INSERT INTO read_comments (comment, post_id) VALUES ('Comment 55 for post 87', 55);
INSERT INTO write_comments (comment, post_id) VALUES ('Comment 56 for post 87', 56);
INSERT INTO read_comments (comment, post_id) VALUES ('Comment 56 for post 87', 56);
INSERT INTO write_comments (comment, post_id) VALUES ('Comment 57 for post 87', 57);
INSERT INTO read_comments (comment, post_id) VALUES ('Comment 57 for post 87', 57);
INSERT INTO write_comments (comment, post_id) VALUES ('Comment 58 for post 87', 58);
INSERT INTO read_comments (comment, post_id) VALUES ('Comment 58 for post 87', 58);
INSERT INTO write_comments (comment, post_id) VALUES ('Comment 59 for post 87', 59);
INSERT INTO read_comments (comment, post_id) VALUES ('Comment 59 for post 87', 59);
INSERT INTO write_comments (comment, post_id) VALUES ('Comment 60 for post 87', 60);
INSERT INTO read_comments (comment, post_id) VALUES ('Comment 60 for post 87', 60);
INSERT INTO write_comments (comment, post_id) VALUES ('Comment 61 for post 87', 61);
INSERT INTO read_comments (comment, post_id) VALUES ('Comment 61 for post 87', 61);
INSERT INTO write_comments (comment, post_id) VALUES ('Comment 62 for post 87', 62);
INSERT INTO read_comments (comment, post_id) VALUES ('Comment 62 for post 87', 62);
INSERT INTO write_comments (comment, post_id) VALUES ('Comment 63 for post 87', 63);
INSERT INTO read_comments (comment, post_id) VALUES ('Comment 63 for post 87', 63);
INSERT INTO write_comments (comment, post_id) VALUES ('Comment 64 for post 87', 64);
INSERT INTO read_comments (comment, post_id) VALUES ('Comment 64 for post 87', 64);
INSERT INTO write_comments (comment, post_id) VALUES ('Comment 65 for post 87', 65);
INSERT INTO read_comments (comment, post_id) VALUES ('Comment 65 for post 87', 65);
INSERT INTO write_comments (comment, post_id) VALUES ('Comment 66 for post 87', 66);
INSERT INTO read_comments (comment, post_id) VALUES ('Comment 66 for post 87', 66);
INSERT INTO write_comments (comment, post_id) VALUES ('Comment 67 for post 87', 67);
INSERT INTO read_comments (comment, post_id) VALUES ('Comment 67 for post 87', 67);
INSERT INTO write_comments (comment, post_id) VALUES ('Comment 68 for post 87', 68);
INSERT INTO read_comments (comment, post_id) VALUES ('Comment 68 for post 87', 68);
INSERT INTO write_comments (comment, post_id) VALUES ('Comment 69 for post 87', 69);
INSERT INTO read_comments (comment, post_id) VALUES ('Comment 69 for post 87', 69);
INSERT INTO write_comments (comment, post_id) VALUES ('Comment 70 for post 87', 70);
INSERT INTO read_comments (comment, post_id) VALUES ('Comment 70 for post 87', 70);
INSERT INTO write_comments (comment, post_id) VALUES ('Comment 71 for post 87', 71);
INSERT INTO read_comments (comment, post_id) VALUES ('Comment 71 for post 87', 71);
INSERT INTO write_comments (comment, post_id) VALUES ('Comment 72 for post 87', 72);
INSERT INTO read_comments (comment, post_id) VALUES ('Comment 72 for post 87', 72);
INSERT INTO write_comments (comment, post_id) VALUES ('Comment 73 for post 87', 73);
INSERT INTO read_comments (comment, post_id) VALUES ('Comment 73 for post 87', 73);
INSERT INTO write_comments (comment, post_id) VALUES ('Comment 74 for post 87', 74);
INSERT INTO read_comments (comment, post_id) VALUES ('Comment 74 for post 87', 74);
INSERT INTO write_comments (comment, post_id) VALUES ('Comment 75 for post 87', 75);
INSERT INTO read_comments (comment, post_id) VALUES ('Comment 75 for post 87', 75);
INSERT INTO write_comments (comment, post_id) VALUES ('Comment 76 for post 87', 76);
INSERT INTO read_comments (comment, post_id) VALUES ('Comment 76 for post 87', 76);
INSERT INTO write_comments (comment, post_id) VALUES ('Comment 77 for post 87', 77);
INSERT INTO read_comments (comment, post_id) VALUES ('Comment 77 for post 87', 77);
INSERT INTO write_comments (comment, post_id) VALUES ('Comment 78 for post 87', 78);
INSERT INTO read_comments (comment, post_id) VALUES ('Comment 78 for post 87', 78);
INSERT INTO write_comments (comment, post_id) VALUES ('Comment 79 for post 87', 79);
INSERT INTO read_comments (comment, post_id) VALUES ('Comment 79 for post 87', 79);
INSERT INTO write_comments (comment, post_id) VALUES ('Comment 80 for post 87', 80);
INSERT INTO read_comments (comment, post_id) VALUES ('Comment 80 for post 87', 80);
INSERT INTO write_comments (comment, post_id) VALUES ('Comment 81 for post 87', 81);
INSERT INTO read_comments (comment, post_id) VALUES ('Comment 81 for post 87', 81);
INSERT INTO write_comments (comment, post_id) VALUES ('Comment 82 for post 87', 82);
INSERT INTO read_comments (comment, post_id) VALUES ('Comment 82 for post 87', 82);
INSERT INTO write_comments (comment, post_id) VALUES ('Comment 83 for post 87', 83);
INSERT INTO read_comments (comment, post_id) VALUES ('Comment 83 for post 87', 83);
INSERT INTO write_comments (comment, post_id) VALUES ('Comment 84 for post 87', 84);
INSERT INTO read_comments (comment, post_id) VALUES ('Comment 84 for post 87', 84);
INSERT INTO write_comments (comment, post_id) VALUES ('Comment 85 for post 87', 85);
INSERT INTO read_comments (comment, post_id) VALUES ('Comment 85 for post 87', 85);
INSERT INTO write_comments (comment, post_id) VALUES ('Comment 86 for post 87', 86);
INSERT INTO read_comments (comment, post_id) VALUES ('Comment 86 for post 87', 86);
INSERT INTO write_comments (comment, post_id) VALUES ('Comment 87 for post 87', 87);
INSERT INTO read_comments (comment, post_id) VALUES ('Comment 87 for post 87', 87);
INSERT INTO write_comments (comment, post_id) VALUES ('Comment 88 for post 87', 88);
INSERT INTO read_comments (comment, post_id) VALUES ('Comment 88 for post 87', 88);
INSERT INTO write_comments (comment, post_id) VALUES ('Comment 89 for post 87', 89);
INSERT INTO read_comments (comment, post_id) VALUES ('Comment 89 for post 87', 89);
INSERT INTO write_comments (comment, post_id) VALUES ('Comment 90 for post 87', 90);
INSERT INTO read_comments (comment, post_id) VALUES ('Comment 90 for post 87', 90);
INSERT INTO write_comments (comment, post_id) VALUES ('Comment 91 for post 87', 91);
INSERT INTO read_comments (comment, post_id) VALUES ('Comment 91 for post 87', 91);
INSERT INTO write_comments (comment, post_id) VALUES ('Comment 92 for post 87', 92);
INSERT INTO read_comments (comment, post_id) VALUES ('Comment 92 for post 87', 92);
INSERT INTO write_comments (comment, post_id) VALUES ('Comment 93 for post 87', 93);
INSERT INTO read_comments (comment, post_id) VALUES ('Comment 93 for post 87', 93);
INSERT INTO write_comments (comment, post_id) VALUES ('Comment 94 for post 87', 94);
INSERT INTO read_comments (comment, post_id) VALUES ('Comment 94 for post 87', 94);
INSERT INTO write_comments (comment, post_id) VALUES ('Comment 95 for post 87', 95);
INSERT INTO read_comments (comment, post_id) VALUES ('Comment 95 for post 87', 95);
INSERT INTO write_comments (comment, post_id) VALUES ('Comment 96 for post 87', 96);
INSERT INTO read_comments (comment, post_id) VALUES ('Comment 96 for post 87', 96);
INSERT INTO write_comments (comment, post_id) VALUES ('Comment 97 for post 87', 97);
INSERT INTO read_comments (comment, post_id) VALUES ('Comment 97 for post 87', 97);
INSERT INTO write_comments (comment, post_id) VALUES ('Comment 98 for post 87', 98);
INSERT INTO read_comments (comment, post_id) VALUES ('Comment 98 for post 87', 98);
INSERT INTO write_comments (comment, post_id) VALUES ('Comment 99 for post 87', 99);
INSERT INTO read_comments (comment, post_id) VALUES ('Comment 99 for post 87', 99);
INSERT INTO write_comments (comment, post_id) VALUES ('Comment 100 for post 87', 100);
INSERT INTO read_comments (comment, post_id) VALUES ('Comment 100 for post 87', 100);
INSERT INTO write_comments (comment, post_id) VALUES ('Comment 1 for post 88', 1);
INSERT INTO read_comments (comment, post_id) VALUES ('Comment 1 for post 88', 1);
INSERT INTO write_comments (comment, post_id) VALUES ('Comment 2 for post 88', 2);
INSERT INTO read_comments (comment, post_id) VALUES ('Comment 2 for post 88', 2);
INSERT INTO write_comments (comment, post_id) VALUES ('Comment 3 for post 88', 3);
INSERT INTO read_comments (comment, post_id) VALUES ('Comment 3 for post 88', 3);
INSERT INTO write_comments (comment, post_id) VALUES ('Comment 4 for post 88', 4);
INSERT INTO read_comments (comment, post_id) VALUES ('Comment 4 for post 88', 4);
INSERT INTO write_comments (comment, post_id) VALUES ('Comment 5 for post 88', 5);
INSERT INTO read_comments (comment, post_id) VALUES ('Comment 5 for post 88', 5);
INSERT INTO write_comments (comment, post_id) VALUES ('Comment 6 for post 88', 6);
INSERT INTO read_comments (comment, post_id) VALUES ('Comment 6 for post 88', 6);
INSERT INTO write_comments (comment, post_id) VALUES ('Comment 7 for post 88', 7);
INSERT INTO read_comments (comment, post_id) VALUES ('Comment 7 for post 88', 7);
INSERT INTO write_comments (comment, post_id) VALUES ('Comment 8 for post 88', 8);
INSERT INTO read_comments (comment, post_id) VALUES ('Comment 8 for post 88', 8);
INSERT INTO write_comments (comment, post_id) VALUES ('Comment 9 for post 88', 9);
INSERT INTO read_comments (comment, post_id) VALUES ('Comment 9 for post 88', 9);
INSERT INTO write_comments (comment, post_id) VALUES ('Comment 10 for post 88', 10);
INSERT INTO read_comments (comment, post_id) VALUES ('Comment 10 for post 88', 10);
INSERT INTO write_comments (comment, post_id) VALUES ('Comment 11 for post 88', 11);
INSERT INTO read_comments (comment, post_id) VALUES ('Comment 11 for post 88', 11);
INSERT INTO write_comments (comment, post_id) VALUES ('Comment 12 for post 88', 12);
INSERT INTO read_comments (comment, post_id) VALUES ('Comment 12 for post 88', 12);
INSERT INTO write_comments (comment, post_id) VALUES ('Comment 13 for post 88', 13);
INSERT INTO read_comments (comment, post_id) VALUES ('Comment 13 for post 88', 13);
INSERT INTO write_comments (comment, post_id) VALUES ('Comment 14 for post 88', 14);
INSERT INTO read_comments (comment, post_id) VALUES ('Comment 14 for post 88', 14);
INSERT INTO write_comments (comment, post_id) VALUES ('Comment 15 for post 88', 15);
INSERT INTO read_comments (comment, post_id) VALUES ('Comment 15 for post 88', 15);
INSERT INTO write_comments (comment, post_id) VALUES ('Comment 16 for post 88', 16);
INSERT INTO read_comments (comment, post_id) VALUES ('Comment 16 for post 88', 16);
INSERT INTO write_comments (comment, post_id) VALUES ('Comment 17 for post 88', 17);
INSERT INTO read_comments (comment, post_id) VALUES ('Comment 17 for post 88', 17);
INSERT INTO write_comments (comment, post_id) VALUES ('Comment 18 for post 88', 18);
INSERT INTO read_comments (comment, post_id) VALUES ('Comment 18 for post 88', 18);
INSERT INTO write_comments (comment, post_id) VALUES ('Comment 19 for post 88', 19);
INSERT INTO read_comments (comment, post_id) VALUES ('Comment 19 for post 88', 19);
INSERT INTO write_comments (comment, post_id) VALUES ('Comment 20 for post 88', 20);
INSERT INTO read_comments (comment, post_id) VALUES ('Comment 20 for post 88', 20);
INSERT INTO write_comments (comment, post_id) VALUES ('Comment 21 for post 88', 21);
INSERT INTO read_comments (comment, post_id) VALUES ('Comment 21 for post 88', 21);
INSERT INTO write_comments (comment, post_id) VALUES ('Comment 22 for post 88', 22);
INSERT INTO read_comments (comment, post_id) VALUES ('Comment 22 for post 88', 22);
INSERT INTO write_comments (comment, post_id) VALUES ('Comment 23 for post 88', 23);
INSERT INTO read_comments (comment, post_id) VALUES ('Comment 23 for post 88', 23);
INSERT INTO write_comments (comment, post_id) VALUES ('Comment 24 for post 88', 24);
INSERT INTO read_comments (comment, post_id) VALUES ('Comment 24 for post 88', 24);
INSERT INTO write_comments (comment, post_id) VALUES ('Comment 25 for post 88', 25);
INSERT INTO read_comments (comment, post_id) VALUES ('Comment 25 for post 88', 25);
INSERT INTO write_comments (comment, post_id) VALUES ('Comment 26 for post 88', 26);
INSERT INTO read_comments (comment, post_id) VALUES ('Comment 26 for post 88', 26);
INSERT INTO write_comments (comment, post_id) VALUES ('Comment 27 for post 88', 27);
INSERT INTO read_comments (comment, post_id) VALUES ('Comment 27 for post 88', 27);
INSERT INTO write_comments (comment, post_id) VALUES ('Comment 28 for post 88', 28);
INSERT INTO read_comments (comment, post_id) VALUES ('Comment 28 for post 88', 28);
INSERT INTO write_comments (comment, post_id) VALUES ('Comment 29 for post 88', 29);
INSERT INTO read_comments (comment, post_id) VALUES ('Comment 29 for post 88', 29);
INSERT INTO write_comments (comment, post_id) VALUES ('Comment 30 for post 88', 30);
INSERT INTO read_comments (comment, post_id) VALUES ('Comment 30 for post 88', 30);
INSERT INTO write_comments (comment, post_id) VALUES ('Comment 31 for post 88', 31);
INSERT INTO read_comments (comment, post_id) VALUES ('Comment 31 for post 88', 31);
INSERT INTO write_comments (comment, post_id) VALUES ('Comment 32 for post 88', 32);
INSERT INTO read_comments (comment, post_id) VALUES ('Comment 32 for post 88', 32);
INSERT INTO write_comments (comment, post_id) VALUES ('Comment 33 for post 88', 33);
INSERT INTO read_comments (comment, post_id) VALUES ('Comment 33 for post 88', 33);
INSERT INTO write_comments (comment, post_id) VALUES ('Comment 34 for post 88', 34);
INSERT INTO read_comments (comment, post_id) VALUES ('Comment 34 for post 88', 34);
INSERT INTO write_comments (comment, post_id) VALUES ('Comment 35 for post 88', 35);
INSERT INTO read_comments (comment, post_id) VALUES ('Comment 35 for post 88', 35);
INSERT INTO write_comments (comment, post_id) VALUES ('Comment 36 for post 88', 36);
INSERT INTO read_comments (comment, post_id) VALUES ('Comment 36 for post 88', 36);
INSERT INTO write_comments (comment, post_id) VALUES ('Comment 37 for post 88', 37);
INSERT INTO read_comments (comment, post_id) VALUES ('Comment 37 for post 88', 37);
INSERT INTO write_comments (comment, post_id) VALUES ('Comment 38 for post 88', 38);
INSERT INTO read_comments (comment, post_id) VALUES ('Comment 38 for post 88', 38);
INSERT INTO write_comments (comment, post_id) VALUES ('Comment 39 for post 88', 39);
INSERT INTO read_comments (comment, post_id) VALUES ('Comment 39 for post 88', 39);
INSERT INTO write_comments (comment, post_id) VALUES ('Comment 40 for post 88', 40);
INSERT INTO read_comments (comment, post_id) VALUES ('Comment 40 for post 88', 40);
INSERT INTO write_comments (comment, post_id) VALUES ('Comment 41 for post 88', 41);
INSERT INTO read_comments (comment, post_id) VALUES ('Comment 41 for post 88', 41);
INSERT INTO write_comments (comment, post_id) VALUES ('Comment 42 for post 88', 42);
INSERT INTO read_comments (comment, post_id) VALUES ('Comment 42 for post 88', 42);
INSERT INTO write_comments (comment, post_id) VALUES ('Comment 43 for post 88', 43);
INSERT INTO read_comments (comment, post_id) VALUES ('Comment 43 for post 88', 43);
INSERT INTO write_comments (comment, post_id) VALUES ('Comment 44 for post 88', 44);
INSERT INTO read_comments (comment, post_id) VALUES ('Comment 44 for post 88', 44);
INSERT INTO write_comments (comment, post_id) VALUES ('Comment 45 for post 88', 45);
INSERT INTO read_comments (comment, post_id) VALUES ('Comment 45 for post 88', 45);
INSERT INTO write_comments (comment, post_id) VALUES ('Comment 46 for post 88', 46);
INSERT INTO read_comments (comment, post_id) VALUES ('Comment 46 for post 88', 46);
INSERT INTO write_comments (comment, post_id) VALUES ('Comment 47 for post 88', 47);
INSERT INTO read_comments (comment, post_id) VALUES ('Comment 47 for post 88', 47);
INSERT INTO write_comments (comment, post_id) VALUES ('Comment 48 for post 88', 48);
INSERT INTO read_comments (comment, post_id) VALUES ('Comment 48 for post 88', 48);
INSERT INTO write_comments (comment, post_id) VALUES ('Comment 49 for post 88', 49);
INSERT INTO read_comments (comment, post_id) VALUES ('Comment 49 for post 88', 49);
INSERT INTO write_comments (comment, post_id) VALUES ('Comment 50 for post 88', 50);
INSERT INTO read_comments (comment, post_id) VALUES ('Comment 50 for post 88', 50);
INSERT INTO write_comments (comment, post_id) VALUES ('Comment 51 for post 88', 51);
INSERT INTO read_comments (comment, post_id) VALUES ('Comment 51 for post 88', 51);
INSERT INTO write_comments (comment, post_id) VALUES ('Comment 52 for post 88', 52);
INSERT INTO read_comments (comment, post_id) VALUES ('Comment 52 for post 88', 52);
INSERT INTO write_comments (comment, post_id) VALUES ('Comment 53 for post 88', 53);
INSERT INTO read_comments (comment, post_id) VALUES ('Comment 53 for post 88', 53);
INSERT INTO write_comments (comment, post_id) VALUES ('Comment 54 for post 88', 54);
INSERT INTO read_comments (comment, post_id) VALUES ('Comment 54 for post 88', 54);
INSERT INTO write_comments (comment, post_id) VALUES ('Comment 55 for post 88', 55);
INSERT INTO read_comments (comment, post_id) VALUES ('Comment 55 for post 88', 55);
INSERT INTO write_comments (comment, post_id) VALUES ('Comment 56 for post 88', 56);
INSERT INTO read_comments (comment, post_id) VALUES ('Comment 56 for post 88', 56);
INSERT INTO write_comments (comment, post_id) VALUES ('Comment 57 for post 88', 57);
INSERT INTO read_comments (comment, post_id) VALUES ('Comment 57 for post 88', 57);
INSERT INTO write_comments (comment, post_id) VALUES ('Comment 58 for post 88', 58);
INSERT INTO read_comments (comment, post_id) VALUES ('Comment 58 for post 88', 58);
INSERT INTO write_comments (comment, post_id) VALUES ('Comment 59 for post 88', 59);
INSERT INTO read_comments (comment, post_id) VALUES ('Comment 59 for post 88', 59);
INSERT INTO write_comments (comment, post_id) VALUES ('Comment 60 for post 88', 60);
INSERT INTO read_comments (comment, post_id) VALUES ('Comment 60 for post 88', 60);
INSERT INTO write_comments (comment, post_id) VALUES ('Comment 61 for post 88', 61);
INSERT INTO read_comments (comment, post_id) VALUES ('Comment 61 for post 88', 61);
INSERT INTO write_comments (comment, post_id) VALUES ('Comment 62 for post 88', 62);
INSERT INTO read_comments (comment, post_id) VALUES ('Comment 62 for post 88', 62);
INSERT INTO write_comments (comment, post_id) VALUES ('Comment 63 for post 88', 63);
INSERT INTO read_comments (comment, post_id) VALUES ('Comment 63 for post 88', 63);
INSERT INTO write_comments (comment, post_id) VALUES ('Comment 64 for post 88', 64);
INSERT INTO read_comments (comment, post_id) VALUES ('Comment 64 for post 88', 64);
INSERT INTO write_comments (comment, post_id) VALUES ('Comment 65 for post 88', 65);
INSERT INTO read_comments (comment, post_id) VALUES ('Comment 65 for post 88', 65);
INSERT INTO write_comments (comment, post_id) VALUES ('Comment 66 for post 88', 66);
INSERT INTO read_comments (comment, post_id) VALUES ('Comment 66 for post 88', 66);
INSERT INTO write_comments (comment, post_id) VALUES ('Comment 67 for post 88', 67);
INSERT INTO read_comments (comment, post_id) VALUES ('Comment 67 for post 88', 67);
INSERT INTO write_comments (comment, post_id) VALUES ('Comment 68 for post 88', 68);
INSERT INTO read_comments (comment, post_id) VALUES ('Comment 68 for post 88', 68);
INSERT INTO write_comments (comment, post_id) VALUES ('Comment 69 for post 88', 69);
INSERT INTO read_comments (comment, post_id) VALUES ('Comment 69 for post 88', 69);
INSERT INTO write_comments (comment, post_id) VALUES ('Comment 70 for post 88', 70);
INSERT INTO read_comments (comment, post_id) VALUES ('Comment 70 for post 88', 70);
INSERT INTO write_comments (comment, post_id) VALUES ('Comment 71 for post 88', 71);
INSERT INTO read_comments (comment, post_id) VALUES ('Comment 71 for post 88', 71);
INSERT INTO write_comments (comment, post_id) VALUES ('Comment 72 for post 88', 72);
INSERT INTO read_comments (comment, post_id) VALUES ('Comment 72 for post 88', 72);
INSERT INTO write_comments (comment, post_id) VALUES ('Comment 73 for post 88', 73);
INSERT INTO read_comments (comment, post_id) VALUES ('Comment 73 for post 88', 73);
INSERT INTO write_comments (comment, post_id) VALUES ('Comment 74 for post 88', 74);
INSERT INTO read_comments (comment, post_id) VALUES ('Comment 74 for post 88', 74);
INSERT INTO write_comments (comment, post_id) VALUES ('Comment 75 for post 88', 75);
INSERT INTO read_comments (comment, post_id) VALUES ('Comment 75 for post 88', 75);
INSERT INTO write_comments (comment, post_id) VALUES ('Comment 76 for post 88', 76);
INSERT INTO read_comments (comment, post_id) VALUES ('Comment 76 for post 88', 76);
INSERT INTO write_comments (comment, post_id) VALUES ('Comment 77 for post 88', 77);
INSERT INTO read_comments (comment, post_id) VALUES ('Comment 77 for post 88', 77);
INSERT INTO write_comments (comment, post_id) VALUES ('Comment 78 for post 88', 78);
INSERT INTO read_comments (comment, post_id) VALUES ('Comment 78 for post 88', 78);
INSERT INTO write_comments (comment, post_id) VALUES ('Comment 79 for post 88', 79);
INSERT INTO read_comments (comment, post_id) VALUES ('Comment 79 for post 88', 79);
INSERT INTO write_comments (comment, post_id) VALUES ('Comment 80 for post 88', 80);
INSERT INTO read_comments (comment, post_id) VALUES ('Comment 80 for post 88', 80);
INSERT INTO write_comments (comment, post_id) VALUES ('Comment 81 for post 88', 81);
INSERT INTO read_comments (comment, post_id) VALUES ('Comment 81 for post 88', 81);
INSERT INTO write_comments (comment, post_id) VALUES ('Comment 82 for post 88', 82);
INSERT INTO read_comments (comment, post_id) VALUES ('Comment 82 for post 88', 82);
INSERT INTO write_comments (comment, post_id) VALUES ('Comment 83 for post 88', 83);
INSERT INTO read_comments (comment, post_id) VALUES ('Comment 83 for post 88', 83);
INSERT INTO write_comments (comment, post_id) VALUES ('Comment 84 for post 88', 84);
INSERT INTO read_comments (comment, post_id) VALUES ('Comment 84 for post 88', 84);
INSERT INTO write_comments (comment, post_id) VALUES ('Comment 85 for post 88', 85);
INSERT INTO read_comments (comment, post_id) VALUES ('Comment 85 for post 88', 85);
INSERT INTO write_comments (comment, post_id) VALUES ('Comment 86 for post 88', 86);
INSERT INTO read_comments (comment, post_id) VALUES ('Comment 86 for post 88', 86);
INSERT INTO write_comments (comment, post_id) VALUES ('Comment 87 for post 88', 87);
INSERT INTO read_comments (comment, post_id) VALUES ('Comment 87 for post 88', 87);
INSERT INTO write_comments (comment, post_id) VALUES ('Comment 88 for post 88', 88);
INSERT INTO read_comments (comment, post_id) VALUES ('Comment 88 for post 88', 88);
INSERT INTO write_comments (comment, post_id) VALUES ('Comment 89 for post 88', 89);
INSERT INTO read_comments (comment, post_id) VALUES ('Comment 89 for post 88', 89);
INSERT INTO write_comments (comment, post_id) VALUES ('Comment 90 for post 88', 90);
INSERT INTO read_comments (comment, post_id) VALUES ('Comment 90 for post 88', 90);
INSERT INTO write_comments (comment, post_id) VALUES ('Comment 91 for post 88', 91);
INSERT INTO read_comments (comment, post_id) VALUES ('Comment 91 for post 88', 91);
INSERT INTO write_comments (comment, post_id) VALUES ('Comment 92 for post 88', 92);
INSERT INTO read_comments (comment, post_id) VALUES ('Comment 92 for post 88', 92);
INSERT INTO write_comments (comment, post_id) VALUES ('Comment 93 for post 88', 93);
INSERT INTO read_comments (comment, post_id) VALUES ('Comment 93 for post 88', 93);
INSERT INTO write_comments (comment, post_id) VALUES ('Comment 94 for post 88', 94);
INSERT INTO read_comments (comment, post_id) VALUES ('Comment 94 for post 88', 94);
INSERT INTO write_comments (comment, post_id) VALUES ('Comment 95 for post 88', 95);
INSERT INTO read_comments (comment, post_id) VALUES ('Comment 95 for post 88', 95);
INSERT INTO write_comments (comment, post_id) VALUES ('Comment 96 for post 88', 96);
INSERT INTO read_comments (comment, post_id) VALUES ('Comment 96 for post 88', 96);
INSERT INTO write_comments (comment, post_id) VALUES ('Comment 97 for post 88', 97);
INSERT INTO read_comments (comment, post_id) VALUES ('Comment 97 for post 88', 97);
INSERT INTO write_comments (comment, post_id) VALUES ('Comment 98 for post 88', 98);
INSERT INTO read_comments (comment, post_id) VALUES ('Comment 98 for post 88', 98);
INSERT INTO write_comments (comment, post_id) VALUES ('Comment 99 for post 88', 99);
INSERT INTO read_comments (comment, post_id) VALUES ('Comment 99 for post 88', 99);
INSERT INTO write_comments (comment, post_id) VALUES ('Comment 100 for post 88', 100);
INSERT INTO read_comments (comment, post_id) VALUES ('Comment 100 for post 88', 100);
INSERT INTO write_comments (comment, post_id) VALUES ('Comment 1 for post 89', 1);
INSERT INTO read_comments (comment, post_id) VALUES ('Comment 1 for post 89', 1);
INSERT INTO write_comments (comment, post_id) VALUES ('Comment 2 for post 89', 2);
INSERT INTO read_comments (comment, post_id) VALUES ('Comment 2 for post 89', 2);
INSERT INTO write_comments (comment, post_id) VALUES ('Comment 3 for post 89', 3);
INSERT INTO read_comments (comment, post_id) VALUES ('Comment 3 for post 89', 3);
INSERT INTO write_comments (comment, post_id) VALUES ('Comment 4 for post 89', 4);
INSERT INTO read_comments (comment, post_id) VALUES ('Comment 4 for post 89', 4);
INSERT INTO write_comments (comment, post_id) VALUES ('Comment 5 for post 89', 5);
INSERT INTO read_comments (comment, post_id) VALUES ('Comment 5 for post 89', 5);
INSERT INTO write_comments (comment, post_id) VALUES ('Comment 6 for post 89', 6);
INSERT INTO read_comments (comment, post_id) VALUES ('Comment 6 for post 89', 6);
INSERT INTO write_comments (comment, post_id) VALUES ('Comment 7 for post 89', 7);
INSERT INTO read_comments (comment, post_id) VALUES ('Comment 7 for post 89', 7);
INSERT INTO write_comments (comment, post_id) VALUES ('Comment 8 for post 89', 8);
INSERT INTO read_comments (comment, post_id) VALUES ('Comment 8 for post 89', 8);
INSERT INTO write_comments (comment, post_id) VALUES ('Comment 9 for post 89', 9);
INSERT INTO read_comments (comment, post_id) VALUES ('Comment 9 for post 89', 9);
INSERT INTO write_comments (comment, post_id) VALUES ('Comment 10 for post 89', 10);
INSERT INTO read_comments (comment, post_id) VALUES ('Comment 10 for post 89', 10);
INSERT INTO write_comments (comment, post_id) VALUES ('Comment 11 for post 89', 11);
INSERT INTO read_comments (comment, post_id) VALUES ('Comment 11 for post 89', 11);
INSERT INTO write_comments (comment, post_id) VALUES ('Comment 12 for post 89', 12);
INSERT INTO read_comments (comment, post_id) VALUES ('Comment 12 for post 89', 12);
INSERT INTO write_comments (comment, post_id) VALUES ('Comment 13 for post 89', 13);
INSERT INTO read_comments (comment, post_id) VALUES ('Comment 13 for post 89', 13);
INSERT INTO write_comments (comment, post_id) VALUES ('Comment 14 for post 89', 14);
INSERT INTO read_comments (comment, post_id) VALUES ('Comment 14 for post 89', 14);
INSERT INTO write_comments (comment, post_id) VALUES ('Comment 15 for post 89', 15);
INSERT INTO read_comments (comment, post_id) VALUES ('Comment 15 for post 89', 15);
INSERT INTO write_comments (comment, post_id) VALUES ('Comment 16 for post 89', 16);
INSERT INTO read_comments (comment, post_id) VALUES ('Comment 16 for post 89', 16);
INSERT INTO write_comments (comment, post_id) VALUES ('Comment 17 for post 89', 17);
INSERT INTO read_comments (comment, post_id) VALUES ('Comment 17 for post 89', 17);
INSERT INTO write_comments (comment, post_id) VALUES ('Comment 18 for post 89', 18);
INSERT INTO read_comments (comment, post_id) VALUES ('Comment 18 for post 89', 18);
INSERT INTO write_comments (comment, post_id) VALUES ('Comment 19 for post 89', 19);
INSERT INTO read_comments (comment, post_id) VALUES ('Comment 19 for post 89', 19);
INSERT INTO write_comments (comment, post_id) VALUES ('Comment 20 for post 89', 20);
INSERT INTO read_comments (comment, post_id) VALUES ('Comment 20 for post 89', 20);
INSERT INTO write_comments (comment, post_id) VALUES ('Comment 21 for post 89', 21);
INSERT INTO read_comments (comment, post_id) VALUES ('Comment 21 for post 89', 21);
INSERT INTO write_comments (comment, post_id) VALUES ('Comment 22 for post 89', 22);
INSERT INTO read_comments (comment, post_id) VALUES ('Comment 22 for post 89', 22);
INSERT INTO write_comments (comment, post_id) VALUES ('Comment 23 for post 89', 23);
INSERT INTO read_comments (comment, post_id) VALUES ('Comment 23 for post 89', 23);
INSERT INTO write_comments (comment, post_id) VALUES ('Comment 24 for post 89', 24);
INSERT INTO read_comments (comment, post_id) VALUES ('Comment 24 for post 89', 24);
INSERT INTO write_comments (comment, post_id) VALUES ('Comment 25 for post 89', 25);
INSERT INTO read_comments (comment, post_id) VALUES ('Comment 25 for post 89', 25);
INSERT INTO write_comments (comment, post_id) VALUES ('Comment 26 for post 89', 26);
INSERT INTO read_comments (comment, post_id) VALUES ('Comment 26 for post 89', 26);
INSERT INTO write_comments (comment, post_id) VALUES ('Comment 27 for post 89', 27);
INSERT INTO read_comments (comment, post_id) VALUES ('Comment 27 for post 89', 27);
INSERT INTO write_comments (comment, post_id) VALUES ('Comment 28 for post 89', 28);
INSERT INTO read_comments (comment, post_id) VALUES ('Comment 28 for post 89', 28);
INSERT INTO write_comments (comment, post_id) VALUES ('Comment 29 for post 89', 29);
INSERT INTO read_comments (comment, post_id) VALUES ('Comment 29 for post 89', 29);
INSERT INTO write_comments (comment, post_id) VALUES ('Comment 30 for post 89', 30);
INSERT INTO read_comments (comment, post_id) VALUES ('Comment 30 for post 89', 30);
INSERT INTO write_comments (comment, post_id) VALUES ('Comment 31 for post 89', 31);
INSERT INTO read_comments (comment, post_id) VALUES ('Comment 31 for post 89', 31);
INSERT INTO write_comments (comment, post_id) VALUES ('Comment 32 for post 89', 32);
INSERT INTO read_comments (comment, post_id) VALUES ('Comment 32 for post 89', 32);
INSERT INTO write_comments (comment, post_id) VALUES ('Comment 33 for post 89', 33);
INSERT INTO read_comments (comment, post_id) VALUES ('Comment 33 for post 89', 33);
INSERT INTO write_comments (comment, post_id) VALUES ('Comment 34 for post 89', 34);
INSERT INTO read_comments (comment, post_id) VALUES ('Comment 34 for post 89', 34);
INSERT INTO write_comments (comment, post_id) VALUES ('Comment 35 for post 89', 35);
INSERT INTO read_comments (comment, post_id) VALUES ('Comment 35 for post 89', 35);
INSERT INTO write_comments (comment, post_id) VALUES ('Comment 36 for post 89', 36);
INSERT INTO read_comments (comment, post_id) VALUES ('Comment 36 for post 89', 36);
INSERT INTO write_comments (comment, post_id) VALUES ('Comment 37 for post 89', 37);
INSERT INTO read_comments (comment, post_id) VALUES ('Comment 37 for post 89', 37);
INSERT INTO write_comments (comment, post_id) VALUES ('Comment 38 for post 89', 38);
INSERT INTO read_comments (comment, post_id) VALUES ('Comment 38 for post 89', 38);
INSERT INTO write_comments (comment, post_id) VALUES ('Comment 39 for post 89', 39);
INSERT INTO read_comments (comment, post_id) VALUES ('Comment 39 for post 89', 39);
INSERT INTO write_comments (comment, post_id) VALUES ('Comment 40 for post 89', 40);
INSERT INTO read_comments (comment, post_id) VALUES ('Comment 40 for post 89', 40);
INSERT INTO write_comments (comment, post_id) VALUES ('Comment 41 for post 89', 41);
INSERT INTO read_comments (comment, post_id) VALUES ('Comment 41 for post 89', 41);
INSERT INTO write_comments (comment, post_id) VALUES ('Comment 42 for post 89', 42);
INSERT INTO read_comments (comment, post_id) VALUES ('Comment 42 for post 89', 42);
INSERT INTO write_comments (comment, post_id) VALUES ('Comment 43 for post 89', 43);
INSERT INTO read_comments (comment, post_id) VALUES ('Comment 43 for post 89', 43);
INSERT INTO write_comments (comment, post_id) VALUES ('Comment 44 for post 89', 44);
INSERT INTO read_comments (comment, post_id) VALUES ('Comment 44 for post 89', 44);
INSERT INTO write_comments (comment, post_id) VALUES ('Comment 45 for post 89', 45);
INSERT INTO read_comments (comment, post_id) VALUES ('Comment 45 for post 89', 45);
INSERT INTO write_comments (comment, post_id) VALUES ('Comment 46 for post 89', 46);
INSERT INTO read_comments (comment, post_id) VALUES ('Comment 46 for post 89', 46);
INSERT INTO write_comments (comment, post_id) VALUES ('Comment 47 for post 89', 47);
INSERT INTO read_comments (comment, post_id) VALUES ('Comment 47 for post 89', 47);
INSERT INTO write_comments (comment, post_id) VALUES ('Comment 48 for post 89', 48);
INSERT INTO read_comments (comment, post_id) VALUES ('Comment 48 for post 89', 48);
INSERT INTO write_comments (comment, post_id) VALUES ('Comment 49 for post 89', 49);
INSERT INTO read_comments (comment, post_id) VALUES ('Comment 49 for post 89', 49);
INSERT INTO write_comments (comment, post_id) VALUES ('Comment 50 for post 89', 50);
INSERT INTO read_comments (comment, post_id) VALUES ('Comment 50 for post 89', 50);
INSERT INTO write_comments (comment, post_id) VALUES ('Comment 51 for post 89', 51);
INSERT INTO read_comments (comment, post_id) VALUES ('Comment 51 for post 89', 51);
INSERT INTO write_comments (comment, post_id) VALUES ('Comment 52 for post 89', 52);
INSERT INTO read_comments (comment, post_id) VALUES ('Comment 52 for post 89', 52);
INSERT INTO write_comments (comment, post_id) VALUES ('Comment 53 for post 89', 53);
INSERT INTO read_comments (comment, post_id) VALUES ('Comment 53 for post 89', 53);
INSERT INTO write_comments (comment, post_id) VALUES ('Comment 54 for post 89', 54);
INSERT INTO read_comments (comment, post_id) VALUES ('Comment 54 for post 89', 54);
INSERT INTO write_comments (comment, post_id) VALUES ('Comment 55 for post 89', 55);
INSERT INTO read_comments (comment, post_id) VALUES ('Comment 55 for post 89', 55);
INSERT INTO write_comments (comment, post_id) VALUES ('Comment 56 for post 89', 56);
INSERT INTO read_comments (comment, post_id) VALUES ('Comment 56 for post 89', 56);
INSERT INTO write_comments (comment, post_id) VALUES ('Comment 57 for post 89', 57);
INSERT INTO read_comments (comment, post_id) VALUES ('Comment 57 for post 89', 57);
INSERT INTO write_comments (comment, post_id) VALUES ('Comment 58 for post 89', 58);
INSERT INTO read_comments (comment, post_id) VALUES ('Comment 58 for post 89', 58);
INSERT INTO write_comments (comment, post_id) VALUES ('Comment 59 for post 89', 59);
INSERT INTO read_comments (comment, post_id) VALUES ('Comment 59 for post 89', 59);
INSERT INTO write_comments (comment, post_id) VALUES ('Comment 60 for post 89', 60);
INSERT INTO read_comments (comment, post_id) VALUES ('Comment 60 for post 89', 60);
INSERT INTO write_comments (comment, post_id) VALUES ('Comment 61 for post 89', 61);
INSERT INTO read_comments (comment, post_id) VALUES ('Comment 61 for post 89', 61);
INSERT INTO write_comments (comment, post_id) VALUES ('Comment 62 for post 89', 62);
INSERT INTO read_comments (comment, post_id) VALUES ('Comment 62 for post 89', 62);
INSERT INTO write_comments (comment, post_id) VALUES ('Comment 63 for post 89', 63);
INSERT INTO read_comments (comment, post_id) VALUES ('Comment 63 for post 89', 63);
INSERT INTO write_comments (comment, post_id) VALUES ('Comment 64 for post 89', 64);
INSERT INTO read_comments (comment, post_id) VALUES ('Comment 64 for post 89', 64);
INSERT INTO write_comments (comment, post_id) VALUES ('Comment 65 for post 89', 65);
INSERT INTO read_comments (comment, post_id) VALUES ('Comment 65 for post 89', 65);
INSERT INTO write_comments (comment, post_id) VALUES ('Comment 66 for post 89', 66);
INSERT INTO read_comments (comment, post_id) VALUES ('Comment 66 for post 89', 66);
INSERT INTO write_comments (comment, post_id) VALUES ('Comment 67 for post 89', 67);
INSERT INTO read_comments (comment, post_id) VALUES ('Comment 67 for post 89', 67);
INSERT INTO write_comments (comment, post_id) VALUES ('Comment 68 for post 89', 68);
INSERT INTO read_comments (comment, post_id) VALUES ('Comment 68 for post 89', 68);
INSERT INTO write_comments (comment, post_id) VALUES ('Comment 69 for post 89', 69);
INSERT INTO read_comments (comment, post_id) VALUES ('Comment 69 for post 89', 69);
INSERT INTO write_comments (comment, post_id) VALUES ('Comment 70 for post 89', 70);
INSERT INTO read_comments (comment, post_id) VALUES ('Comment 70 for post 89', 70);
INSERT INTO write_comments (comment, post_id) VALUES ('Comment 71 for post 89', 71);
INSERT INTO read_comments (comment, post_id) VALUES ('Comment 71 for post 89', 71);
INSERT INTO write_comments (comment, post_id) VALUES ('Comment 72 for post 89', 72);
INSERT INTO read_comments (comment, post_id) VALUES ('Comment 72 for post 89', 72);
INSERT INTO write_comments (comment, post_id) VALUES ('Comment 73 for post 89', 73);
INSERT INTO read_comments (comment, post_id) VALUES ('Comment 73 for post 89', 73);
INSERT INTO write_comments (comment, post_id) VALUES ('Comment 74 for post 89', 74);
INSERT INTO read_comments (comment, post_id) VALUES ('Comment 74 for post 89', 74);
INSERT INTO write_comments (comment, post_id) VALUES ('Comment 75 for post 89', 75);
INSERT INTO read_comments (comment, post_id) VALUES ('Comment 75 for post 89', 75);
INSERT INTO write_comments (comment, post_id) VALUES ('Comment 76 for post 89', 76);
INSERT INTO read_comments (comment, post_id) VALUES ('Comment 76 for post 89', 76);
INSERT INTO write_comments (comment, post_id) VALUES ('Comment 77 for post 89', 77);
INSERT INTO read_comments (comment, post_id) VALUES ('Comment 77 for post 89', 77);
INSERT INTO write_comments (comment, post_id) VALUES ('Comment 78 for post 89', 78);
INSERT INTO read_comments (comment, post_id) VALUES ('Comment 78 for post 89', 78);
INSERT INTO write_comments (comment, post_id) VALUES ('Comment 79 for post 89', 79);
INSERT INTO read_comments (comment, post_id) VALUES ('Comment 79 for post 89', 79);
INSERT INTO write_comments (comment, post_id) VALUES ('Comment 80 for post 89', 80);
INSERT INTO read_comments (comment, post_id) VALUES ('Comment 80 for post 89', 80);
INSERT INTO write_comments (comment, post_id) VALUES ('Comment 81 for post 89', 81);
INSERT INTO read_comments (comment, post_id) VALUES ('Comment 81 for post 89', 81);
INSERT INTO write_comments (comment, post_id) VALUES ('Comment 82 for post 89', 82);
INSERT INTO read_comments (comment, post_id) VALUES ('Comment 82 for post 89', 82);
INSERT INTO write_comments (comment, post_id) VALUES ('Comment 83 for post 89', 83);
INSERT INTO read_comments (comment, post_id) VALUES ('Comment 83 for post 89', 83);
INSERT INTO write_comments (comment, post_id) VALUES ('Comment 84 for post 89', 84);
INSERT INTO read_comments (comment, post_id) VALUES ('Comment 84 for post 89', 84);
INSERT INTO write_comments (comment, post_id) VALUES ('Comment 85 for post 89', 85);
INSERT INTO read_comments (comment, post_id) VALUES ('Comment 85 for post 89', 85);
INSERT INTO write_comments (comment, post_id) VALUES ('Comment 86 for post 89', 86);
INSERT INTO read_comments (comment, post_id) VALUES ('Comment 86 for post 89', 86);
INSERT INTO write_comments (comment, post_id) VALUES ('Comment 87 for post 89', 87);
INSERT INTO read_comments (comment, post_id) VALUES ('Comment 87 for post 89', 87);
INSERT INTO write_comments (comment, post_id) VALUES ('Comment 88 for post 89', 88);
INSERT INTO read_comments (comment, post_id) VALUES ('Comment 88 for post 89', 88);
INSERT INTO write_comments (comment, post_id) VALUES ('Comment 89 for post 89', 89);
INSERT INTO read_comments (comment, post_id) VALUES ('Comment 89 for post 89', 89);
INSERT INTO write_comments (comment, post_id) VALUES ('Comment 90 for post 89', 90);
INSERT INTO read_comments (comment, post_id) VALUES ('Comment 90 for post 89', 90);
INSERT INTO write_comments (comment, post_id) VALUES ('Comment 91 for post 89', 91);
INSERT INTO read_comments (comment, post_id) VALUES ('Comment 91 for post 89', 91);
INSERT INTO write_comments (comment, post_id) VALUES ('Comment 92 for post 89', 92);
INSERT INTO read_comments (comment, post_id) VALUES ('Comment 92 for post 89', 92);
INSERT INTO write_comments (comment, post_id) VALUES ('Comment 93 for post 89', 93);
INSERT INTO read_comments (comment, post_id) VALUES ('Comment 93 for post 89', 93);
INSERT INTO write_comments (comment, post_id) VALUES ('Comment 94 for post 89', 94);
INSERT INTO read_comments (comment, post_id) VALUES ('Comment 94 for post 89', 94);
INSERT INTO write_comments (comment, post_id) VALUES ('Comment 95 for post 89', 95);
INSERT INTO read_comments (comment, post_id) VALUES ('Comment 95 for post 89', 95);
INSERT INTO write_comments (comment, post_id) VALUES ('Comment 96 for post 89', 96);
INSERT INTO read_comments (comment, post_id) VALUES ('Comment 96 for post 89', 96);
INSERT INTO write_comments (comment, post_id) VALUES ('Comment 97 for post 89', 97);
INSERT INTO read_comments (comment, post_id) VALUES ('Comment 97 for post 89', 97);
INSERT INTO write_comments (comment, post_id) VALUES ('Comment 98 for post 89', 98);
INSERT INTO read_comments (comment, post_id) VALUES ('Comment 98 for post 89', 98);
INSERT INTO write_comments (comment, post_id) VALUES ('Comment 99 for post 89', 99);
INSERT INTO read_comments (comment, post_id) VALUES ('Comment 99 for post 89', 99);
INSERT INTO write_comments (comment, post_id) VALUES ('Comment 100 for post 89', 100);
INSERT INTO read_comments (comment, post_id) VALUES ('Comment 100 for post 89', 100);
INSERT INTO write_comments (comment, post_id) VALUES ('Comment 1 for post 90', 1);
INSERT INTO read_comments (comment, post_id) VALUES ('Comment 1 for post 90', 1);
INSERT INTO write_comments (comment, post_id) VALUES ('Comment 2 for post 90', 2);
INSERT INTO read_comments (comment, post_id) VALUES ('Comment 2 for post 90', 2);
INSERT INTO write_comments (comment, post_id) VALUES ('Comment 3 for post 90', 3);
INSERT INTO read_comments (comment, post_id) VALUES ('Comment 3 for post 90', 3);
INSERT INTO write_comments (comment, post_id) VALUES ('Comment 4 for post 90', 4);
INSERT INTO read_comments (comment, post_id) VALUES ('Comment 4 for post 90', 4);
INSERT INTO write_comments (comment, post_id) VALUES ('Comment 5 for post 90', 5);
INSERT INTO read_comments (comment, post_id) VALUES ('Comment 5 for post 90', 5);
INSERT INTO write_comments (comment, post_id) VALUES ('Comment 6 for post 90', 6);
INSERT INTO read_comments (comment, post_id) VALUES ('Comment 6 for post 90', 6);
INSERT INTO write_comments (comment, post_id) VALUES ('Comment 7 for post 90', 7);
INSERT INTO read_comments (comment, post_id) VALUES ('Comment 7 for post 90', 7);
INSERT INTO write_comments (comment, post_id) VALUES ('Comment 8 for post 90', 8);
INSERT INTO read_comments (comment, post_id) VALUES ('Comment 8 for post 90', 8);
INSERT INTO write_comments (comment, post_id) VALUES ('Comment 9 for post 90', 9);
INSERT INTO read_comments (comment, post_id) VALUES ('Comment 9 for post 90', 9);
INSERT INTO write_comments (comment, post_id) VALUES ('Comment 10 for post 90', 10);
INSERT INTO read_comments (comment, post_id) VALUES ('Comment 10 for post 90', 10);
INSERT INTO write_comments (comment, post_id) VALUES ('Comment 11 for post 90', 11);
INSERT INTO read_comments (comment, post_id) VALUES ('Comment 11 for post 90', 11);
INSERT INTO write_comments (comment, post_id) VALUES ('Comment 12 for post 90', 12);
INSERT INTO read_comments (comment, post_id) VALUES ('Comment 12 for post 90', 12);
INSERT INTO write_comments (comment, post_id) VALUES ('Comment 13 for post 90', 13);
INSERT INTO read_comments (comment, post_id) VALUES ('Comment 13 for post 90', 13);
INSERT INTO write_comments (comment, post_id) VALUES ('Comment 14 for post 90', 14);
INSERT INTO read_comments (comment, post_id) VALUES ('Comment 14 for post 90', 14);
INSERT INTO write_comments (comment, post_id) VALUES ('Comment 15 for post 90', 15);
INSERT INTO read_comments (comment, post_id) VALUES ('Comment 15 for post 90', 15);
INSERT INTO write_comments (comment, post_id) VALUES ('Comment 16 for post 90', 16);
INSERT INTO read_comments (comment, post_id) VALUES ('Comment 16 for post 90', 16);
INSERT INTO write_comments (comment, post_id) VALUES ('Comment 17 for post 90', 17);
INSERT INTO read_comments (comment, post_id) VALUES ('Comment 17 for post 90', 17);
INSERT INTO write_comments (comment, post_id) VALUES ('Comment 18 for post 90', 18);
INSERT INTO read_comments (comment, post_id) VALUES ('Comment 18 for post 90', 18);
INSERT INTO write_comments (comment, post_id) VALUES ('Comment 19 for post 90', 19);
INSERT INTO read_comments (comment, post_id) VALUES ('Comment 19 for post 90', 19);
INSERT INTO write_comments (comment, post_id) VALUES ('Comment 20 for post 90', 20);
INSERT INTO read_comments (comment, post_id) VALUES ('Comment 20 for post 90', 20);
INSERT INTO write_comments (comment, post_id) VALUES ('Comment 21 for post 90', 21);
INSERT INTO read_comments (comment, post_id) VALUES ('Comment 21 for post 90', 21);
INSERT INTO write_comments (comment, post_id) VALUES ('Comment 22 for post 90', 22);
INSERT INTO read_comments (comment, post_id) VALUES ('Comment 22 for post 90', 22);
INSERT INTO write_comments (comment, post_id) VALUES ('Comment 23 for post 90', 23);
INSERT INTO read_comments (comment, post_id) VALUES ('Comment 23 for post 90', 23);
INSERT INTO write_comments (comment, post_id) VALUES ('Comment 24 for post 90', 24);
INSERT INTO read_comments (comment, post_id) VALUES ('Comment 24 for post 90', 24);
INSERT INTO write_comments (comment, post_id) VALUES ('Comment 25 for post 90', 25);
INSERT INTO read_comments (comment, post_id) VALUES ('Comment 25 for post 90', 25);
INSERT INTO write_comments (comment, post_id) VALUES ('Comment 26 for post 90', 26);
INSERT INTO read_comments (comment, post_id) VALUES ('Comment 26 for post 90', 26);
INSERT INTO write_comments (comment, post_id) VALUES ('Comment 27 for post 90', 27);
INSERT INTO read_comments (comment, post_id) VALUES ('Comment 27 for post 90', 27);
INSERT INTO write_comments (comment, post_id) VALUES ('Comment 28 for post 90', 28);
INSERT INTO read_comments (comment, post_id) VALUES ('Comment 28 for post 90', 28);
INSERT INTO write_comments (comment, post_id) VALUES ('Comment 29 for post 90', 29);
INSERT INTO read_comments (comment, post_id) VALUES ('Comment 29 for post 90', 29);
INSERT INTO write_comments (comment, post_id) VALUES ('Comment 30 for post 90', 30);
INSERT INTO read_comments (comment, post_id) VALUES ('Comment 30 for post 90', 30);
INSERT INTO write_comments (comment, post_id) VALUES ('Comment 31 for post 90', 31);
INSERT INTO read_comments (comment, post_id) VALUES ('Comment 31 for post 90', 31);
INSERT INTO write_comments (comment, post_id) VALUES ('Comment 32 for post 90', 32);
INSERT INTO read_comments (comment, post_id) VALUES ('Comment 32 for post 90', 32);
INSERT INTO write_comments (comment, post_id) VALUES ('Comment 33 for post 90', 33);
INSERT INTO read_comments (comment, post_id) VALUES ('Comment 33 for post 90', 33);
INSERT INTO write_comments (comment, post_id) VALUES ('Comment 34 for post 90', 34);
INSERT INTO read_comments (comment, post_id) VALUES ('Comment 34 for post 90', 34);
INSERT INTO write_comments (comment, post_id) VALUES ('Comment 35 for post 90', 35);
INSERT INTO read_comments (comment, post_id) VALUES ('Comment 35 for post 90', 35);
INSERT INTO write_comments (comment, post_id) VALUES ('Comment 36 for post 90', 36);
INSERT INTO read_comments (comment, post_id) VALUES ('Comment 36 for post 90', 36);
INSERT INTO write_comments (comment, post_id) VALUES ('Comment 37 for post 90', 37);
INSERT INTO read_comments (comment, post_id) VALUES ('Comment 37 for post 90', 37);
INSERT INTO write_comments (comment, post_id) VALUES ('Comment 38 for post 90', 38);
INSERT INTO read_comments (comment, post_id) VALUES ('Comment 38 for post 90', 38);
INSERT INTO write_comments (comment, post_id) VALUES ('Comment 39 for post 90', 39);
INSERT INTO read_comments (comment, post_id) VALUES ('Comment 39 for post 90', 39);
INSERT INTO write_comments (comment, post_id) VALUES ('Comment 40 for post 90', 40);
INSERT INTO read_comments (comment, post_id) VALUES ('Comment 40 for post 90', 40);
INSERT INTO write_comments (comment, post_id) VALUES ('Comment 41 for post 90', 41);
INSERT INTO read_comments (comment, post_id) VALUES ('Comment 41 for post 90', 41);
INSERT INTO write_comments (comment, post_id) VALUES ('Comment 42 for post 90', 42);
INSERT INTO read_comments (comment, post_id) VALUES ('Comment 42 for post 90', 42);
INSERT INTO write_comments (comment, post_id) VALUES ('Comment 43 for post 90', 43);
INSERT INTO read_comments (comment, post_id) VALUES ('Comment 43 for post 90', 43);
INSERT INTO write_comments (comment, post_id) VALUES ('Comment 44 for post 90', 44);
INSERT INTO read_comments (comment, post_id) VALUES ('Comment 44 for post 90', 44);
INSERT INTO write_comments (comment, post_id) VALUES ('Comment 45 for post 90', 45);
INSERT INTO read_comments (comment, post_id) VALUES ('Comment 45 for post 90', 45);
INSERT INTO write_comments (comment, post_id) VALUES ('Comment 46 for post 90', 46);
INSERT INTO read_comments (comment, post_id) VALUES ('Comment 46 for post 90', 46);
INSERT INTO write_comments (comment, post_id) VALUES ('Comment 47 for post 90', 47);
INSERT INTO read_comments (comment, post_id) VALUES ('Comment 47 for post 90', 47);
INSERT INTO write_comments (comment, post_id) VALUES ('Comment 48 for post 90', 48);
INSERT INTO read_comments (comment, post_id) VALUES ('Comment 48 for post 90', 48);
INSERT INTO write_comments (comment, post_id) VALUES ('Comment 49 for post 90', 49);
INSERT INTO read_comments (comment, post_id) VALUES ('Comment 49 for post 90', 49);
INSERT INTO write_comments (comment, post_id) VALUES ('Comment 50 for post 90', 50);
INSERT INTO read_comments (comment, post_id) VALUES ('Comment 50 for post 90', 50);
INSERT INTO write_comments (comment, post_id) VALUES ('Comment 51 for post 90', 51);
INSERT INTO read_comments (comment, post_id) VALUES ('Comment 51 for post 90', 51);
INSERT INTO write_comments (comment, post_id) VALUES ('Comment 52 for post 90', 52);
INSERT INTO read_comments (comment, post_id) VALUES ('Comment 52 for post 90', 52);
INSERT INTO write_comments (comment, post_id) VALUES ('Comment 53 for post 90', 53);
INSERT INTO read_comments (comment, post_id) VALUES ('Comment 53 for post 90', 53);
INSERT INTO write_comments (comment, post_id) VALUES ('Comment 54 for post 90', 54);
INSERT INTO read_comments (comment, post_id) VALUES ('Comment 54 for post 90', 54);
INSERT INTO write_comments (comment, post_id) VALUES ('Comment 55 for post 90', 55);
INSERT INTO read_comments (comment, post_id) VALUES ('Comment 55 for post 90', 55);
INSERT INTO write_comments (comment, post_id) VALUES ('Comment 56 for post 90', 56);
INSERT INTO read_comments (comment, post_id) VALUES ('Comment 56 for post 90', 56);
INSERT INTO write_comments (comment, post_id) VALUES ('Comment 57 for post 90', 57);
INSERT INTO read_comments (comment, post_id) VALUES ('Comment 57 for post 90', 57);
INSERT INTO write_comments (comment, post_id) VALUES ('Comment 58 for post 90', 58);
INSERT INTO read_comments (comment, post_id) VALUES ('Comment 58 for post 90', 58);
INSERT INTO write_comments (comment, post_id) VALUES ('Comment 59 for post 90', 59);
INSERT INTO read_comments (comment, post_id) VALUES ('Comment 59 for post 90', 59);
INSERT INTO write_comments (comment, post_id) VALUES ('Comment 60 for post 90', 60);
INSERT INTO read_comments (comment, post_id) VALUES ('Comment 60 for post 90', 60);
INSERT INTO write_comments (comment, post_id) VALUES ('Comment 61 for post 90', 61);
INSERT INTO read_comments (comment, post_id) VALUES ('Comment 61 for post 90', 61);
INSERT INTO write_comments (comment, post_id) VALUES ('Comment 62 for post 90', 62);
INSERT INTO read_comments (comment, post_id) VALUES ('Comment 62 for post 90', 62);
INSERT INTO write_comments (comment, post_id) VALUES ('Comment 63 for post 90', 63);
INSERT INTO read_comments (comment, post_id) VALUES ('Comment 63 for post 90', 63);
INSERT INTO write_comments (comment, post_id) VALUES ('Comment 64 for post 90', 64);
INSERT INTO read_comments (comment, post_id) VALUES ('Comment 64 for post 90', 64);
INSERT INTO write_comments (comment, post_id) VALUES ('Comment 65 for post 90', 65);
INSERT INTO read_comments (comment, post_id) VALUES ('Comment 65 for post 90', 65);
INSERT INTO write_comments (comment, post_id) VALUES ('Comment 66 for post 90', 66);
INSERT INTO read_comments (comment, post_id) VALUES ('Comment 66 for post 90', 66);
INSERT INTO write_comments (comment, post_id) VALUES ('Comment 67 for post 90', 67);
INSERT INTO read_comments (comment, post_id) VALUES ('Comment 67 for post 90', 67);
INSERT INTO write_comments (comment, post_id) VALUES ('Comment 68 for post 90', 68);
INSERT INTO read_comments (comment, post_id) VALUES ('Comment 68 for post 90', 68);
INSERT INTO write_comments (comment, post_id) VALUES ('Comment 69 for post 90', 69);
INSERT INTO read_comments (comment, post_id) VALUES ('Comment 69 for post 90', 69);
INSERT INTO write_comments (comment, post_id) VALUES ('Comment 70 for post 90', 70);
INSERT INTO read_comments (comment, post_id) VALUES ('Comment 70 for post 90', 70);
INSERT INTO write_comments (comment, post_id) VALUES ('Comment 71 for post 90', 71);
INSERT INTO read_comments (comment, post_id) VALUES ('Comment 71 for post 90', 71);
INSERT INTO write_comments (comment, post_id) VALUES ('Comment 72 for post 90', 72);
INSERT INTO read_comments (comment, post_id) VALUES ('Comment 72 for post 90', 72);
INSERT INTO write_comments (comment, post_id) VALUES ('Comment 73 for post 90', 73);
INSERT INTO read_comments (comment, post_id) VALUES ('Comment 73 for post 90', 73);
INSERT INTO write_comments (comment, post_id) VALUES ('Comment 74 for post 90', 74);
INSERT INTO read_comments (comment, post_id) VALUES ('Comment 74 for post 90', 74);
INSERT INTO write_comments (comment, post_id) VALUES ('Comment 75 for post 90', 75);
INSERT INTO read_comments (comment, post_id) VALUES ('Comment 75 for post 90', 75);
INSERT INTO write_comments (comment, post_id) VALUES ('Comment 76 for post 90', 76);
INSERT INTO read_comments (comment, post_id) VALUES ('Comment 76 for post 90', 76);
INSERT INTO write_comments (comment, post_id) VALUES ('Comment 77 for post 90', 77);
INSERT INTO read_comments (comment, post_id) VALUES ('Comment 77 for post 90', 77);
INSERT INTO write_comments (comment, post_id) VALUES ('Comment 78 for post 90', 78);
INSERT INTO read_comments (comment, post_id) VALUES ('Comment 78 for post 90', 78);
INSERT INTO write_comments (comment, post_id) VALUES ('Comment 79 for post 90', 79);
INSERT INTO read_comments (comment, post_id) VALUES ('Comment 79 for post 90', 79);
INSERT INTO write_comments (comment, post_id) VALUES ('Comment 80 for post 90', 80);
INSERT INTO read_comments (comment, post_id) VALUES ('Comment 80 for post 90', 80);
INSERT INTO write_comments (comment, post_id) VALUES ('Comment 81 for post 90', 81);
INSERT INTO read_comments (comment, post_id) VALUES ('Comment 81 for post 90', 81);
INSERT INTO write_comments (comment, post_id) VALUES ('Comment 82 for post 90', 82);
INSERT INTO read_comments (comment, post_id) VALUES ('Comment 82 for post 90', 82);
INSERT INTO write_comments (comment, post_id) VALUES ('Comment 83 for post 90', 83);
INSERT INTO read_comments (comment, post_id) VALUES ('Comment 83 for post 90', 83);
INSERT INTO write_comments (comment, post_id) VALUES ('Comment 84 for post 90', 84);
INSERT INTO read_comments (comment, post_id) VALUES ('Comment 84 for post 90', 84);
INSERT INTO write_comments (comment, post_id) VALUES ('Comment 85 for post 90', 85);
INSERT INTO read_comments (comment, post_id) VALUES ('Comment 85 for post 90', 85);
INSERT INTO write_comments (comment, post_id) VALUES ('Comment 86 for post 90', 86);
INSERT INTO read_comments (comment, post_id) VALUES ('Comment 86 for post 90', 86);
INSERT INTO write_comments (comment, post_id) VALUES ('Comment 87 for post 90', 87);
INSERT INTO read_comments (comment, post_id) VALUES ('Comment 87 for post 90', 87);
INSERT INTO write_comments (comment, post_id) VALUES ('Comment 88 for post 90', 88);
INSERT INTO read_comments (comment, post_id) VALUES ('Comment 88 for post 90', 88);
INSERT INTO write_comments (comment, post_id) VALUES ('Comment 89 for post 90', 89);
INSERT INTO read_comments (comment, post_id) VALUES ('Comment 89 for post 90', 89);
INSERT INTO write_comments (comment, post_id) VALUES ('Comment 90 for post 90', 90);
INSERT INTO read_comments (comment, post_id) VALUES ('Comment 90 for post 90', 90);
INSERT INTO write_comments (comment, post_id) VALUES ('Comment 91 for post 90', 91);
INSERT INTO read_comments (comment, post_id) VALUES ('Comment 91 for post 90', 91);
INSERT INTO write_comments (comment, post_id) VALUES ('Comment 92 for post 90', 92);
INSERT INTO read_comments (comment, post_id) VALUES ('Comment 92 for post 90', 92);
INSERT INTO write_comments (comment, post_id) VALUES ('Comment 93 for post 90', 93);
INSERT INTO read_comments (comment, post_id) VALUES ('Comment 93 for post 90', 93);
INSERT INTO write_comments (comment, post_id) VALUES ('Comment 94 for post 90', 94);
INSERT INTO read_comments (comment, post_id) VALUES ('Comment 94 for post 90', 94);
INSERT INTO write_comments (comment, post_id) VALUES ('Comment 95 for post 90', 95);
INSERT INTO read_comments (comment, post_id) VALUES ('Comment 95 for post 90', 95);
INSERT INTO write_comments (comment, post_id) VALUES ('Comment 96 for post 90', 96);
INSERT INTO read_comments (comment, post_id) VALUES ('Comment 96 for post 90', 96);
INSERT INTO write_comments (comment, post_id) VALUES ('Comment 97 for post 90', 97);
INSERT INTO read_comments (comment, post_id) VALUES ('Comment 97 for post 90', 97);
INSERT INTO write_comments (comment, post_id) VALUES ('Comment 98 for post 90', 98);
INSERT INTO read_comments (comment, post_id) VALUES ('Comment 98 for post 90', 98);
INSERT INTO write_comments (comment, post_id) VALUES ('Comment 99 for post 90', 99);
INSERT INTO read_comments (comment, post_id) VALUES ('Comment 99 for post 90', 99);
INSERT INTO write_comments (comment, post_id) VALUES ('Comment 100 for post 90', 100);
INSERT INTO read_comments (comment, post_id) VALUES ('Comment 100 for post 90', 100);
INSERT INTO write_comments (comment, post_id) VALUES ('Comment 1 for post 91', 1);
INSERT INTO read_comments (comment, post_id) VALUES ('Comment 1 for post 91', 1);
INSERT INTO write_comments (comment, post_id) VALUES ('Comment 2 for post 91', 2);
INSERT INTO read_comments (comment, post_id) VALUES ('Comment 2 for post 91', 2);
INSERT INTO write_comments (comment, post_id) VALUES ('Comment 3 for post 91', 3);
INSERT INTO read_comments (comment, post_id) VALUES ('Comment 3 for post 91', 3);
INSERT INTO write_comments (comment, post_id) VALUES ('Comment 4 for post 91', 4);
INSERT INTO read_comments (comment, post_id) VALUES ('Comment 4 for post 91', 4);
INSERT INTO write_comments (comment, post_id) VALUES ('Comment 5 for post 91', 5);
INSERT INTO read_comments (comment, post_id) VALUES ('Comment 5 for post 91', 5);
INSERT INTO write_comments (comment, post_id) VALUES ('Comment 6 for post 91', 6);
INSERT INTO read_comments (comment, post_id) VALUES ('Comment 6 for post 91', 6);
INSERT INTO write_comments (comment, post_id) VALUES ('Comment 7 for post 91', 7);
INSERT INTO read_comments (comment, post_id) VALUES ('Comment 7 for post 91', 7);
INSERT INTO write_comments (comment, post_id) VALUES ('Comment 8 for post 91', 8);
INSERT INTO read_comments (comment, post_id) VALUES ('Comment 8 for post 91', 8);
INSERT INTO write_comments (comment, post_id) VALUES ('Comment 9 for post 91', 9);
INSERT INTO read_comments (comment, post_id) VALUES ('Comment 9 for post 91', 9);
INSERT INTO write_comments (comment, post_id) VALUES ('Comment 10 for post 91', 10);
INSERT INTO read_comments (comment, post_id) VALUES ('Comment 10 for post 91', 10);
INSERT INTO write_comments (comment, post_id) VALUES ('Comment 11 for post 91', 11);
INSERT INTO read_comments (comment, post_id) VALUES ('Comment 11 for post 91', 11);
INSERT INTO write_comments (comment, post_id) VALUES ('Comment 12 for post 91', 12);
INSERT INTO read_comments (comment, post_id) VALUES ('Comment 12 for post 91', 12);
INSERT INTO write_comments (comment, post_id) VALUES ('Comment 13 for post 91', 13);
INSERT INTO read_comments (comment, post_id) VALUES ('Comment 13 for post 91', 13);
INSERT INTO write_comments (comment, post_id) VALUES ('Comment 14 for post 91', 14);
INSERT INTO read_comments (comment, post_id) VALUES ('Comment 14 for post 91', 14);
INSERT INTO write_comments (comment, post_id) VALUES ('Comment 15 for post 91', 15);
INSERT INTO read_comments (comment, post_id) VALUES ('Comment 15 for post 91', 15);
INSERT INTO write_comments (comment, post_id) VALUES ('Comment 16 for post 91', 16);
INSERT INTO read_comments (comment, post_id) VALUES ('Comment 16 for post 91', 16);
INSERT INTO write_comments (comment, post_id) VALUES ('Comment 17 for post 91', 17);
INSERT INTO read_comments (comment, post_id) VALUES ('Comment 17 for post 91', 17);
INSERT INTO write_comments (comment, post_id) VALUES ('Comment 18 for post 91', 18);
INSERT INTO read_comments (comment, post_id) VALUES ('Comment 18 for post 91', 18);
INSERT INTO write_comments (comment, post_id) VALUES ('Comment 19 for post 91', 19);
INSERT INTO read_comments (comment, post_id) VALUES ('Comment 19 for post 91', 19);
INSERT INTO write_comments (comment, post_id) VALUES ('Comment 20 for post 91', 20);
INSERT INTO read_comments (comment, post_id) VALUES ('Comment 20 for post 91', 20);
INSERT INTO write_comments (comment, post_id) VALUES ('Comment 21 for post 91', 21);
INSERT INTO read_comments (comment, post_id) VALUES ('Comment 21 for post 91', 21);
INSERT INTO write_comments (comment, post_id) VALUES ('Comment 22 for post 91', 22);
INSERT INTO read_comments (comment, post_id) VALUES ('Comment 22 for post 91', 22);
INSERT INTO write_comments (comment, post_id) VALUES ('Comment 23 for post 91', 23);
INSERT INTO read_comments (comment, post_id) VALUES ('Comment 23 for post 91', 23);
INSERT INTO write_comments (comment, post_id) VALUES ('Comment 24 for post 91', 24);
INSERT INTO read_comments (comment, post_id) VALUES ('Comment 24 for post 91', 24);
INSERT INTO write_comments (comment, post_id) VALUES ('Comment 25 for post 91', 25);
INSERT INTO read_comments (comment, post_id) VALUES ('Comment 25 for post 91', 25);
INSERT INTO write_comments (comment, post_id) VALUES ('Comment 26 for post 91', 26);
INSERT INTO read_comments (comment, post_id) VALUES ('Comment 26 for post 91', 26);
INSERT INTO write_comments (comment, post_id) VALUES ('Comment 27 for post 91', 27);
INSERT INTO read_comments (comment, post_id) VALUES ('Comment 27 for post 91', 27);
INSERT INTO write_comments (comment, post_id) VALUES ('Comment 28 for post 91', 28);
INSERT INTO read_comments (comment, post_id) VALUES ('Comment 28 for post 91', 28);
INSERT INTO write_comments (comment, post_id) VALUES ('Comment 29 for post 91', 29);
INSERT INTO read_comments (comment, post_id) VALUES ('Comment 29 for post 91', 29);
INSERT INTO write_comments (comment, post_id) VALUES ('Comment 30 for post 91', 30);
INSERT INTO read_comments (comment, post_id) VALUES ('Comment 30 for post 91', 30);
INSERT INTO write_comments (comment, post_id) VALUES ('Comment 31 for post 91', 31);
INSERT INTO read_comments (comment, post_id) VALUES ('Comment 31 for post 91', 31);
INSERT INTO write_comments (comment, post_id) VALUES ('Comment 32 for post 91', 32);
INSERT INTO read_comments (comment, post_id) VALUES ('Comment 32 for post 91', 32);
INSERT INTO write_comments (comment, post_id) VALUES ('Comment 33 for post 91', 33);
INSERT INTO read_comments (comment, post_id) VALUES ('Comment 33 for post 91', 33);
INSERT INTO write_comments (comment, post_id) VALUES ('Comment 34 for post 91', 34);
INSERT INTO read_comments (comment, post_id) VALUES ('Comment 34 for post 91', 34);
INSERT INTO write_comments (comment, post_id) VALUES ('Comment 35 for post 91', 35);
INSERT INTO read_comments (comment, post_id) VALUES ('Comment 35 for post 91', 35);
INSERT INTO write_comments (comment, post_id) VALUES ('Comment 36 for post 91', 36);
INSERT INTO read_comments (comment, post_id) VALUES ('Comment 36 for post 91', 36);
INSERT INTO write_comments (comment, post_id) VALUES ('Comment 37 for post 91', 37);
INSERT INTO read_comments (comment, post_id) VALUES ('Comment 37 for post 91', 37);
INSERT INTO write_comments (comment, post_id) VALUES ('Comment 38 for post 91', 38);
INSERT INTO read_comments (comment, post_id) VALUES ('Comment 38 for post 91', 38);
INSERT INTO write_comments (comment, post_id) VALUES ('Comment 39 for post 91', 39);
INSERT INTO read_comments (comment, post_id) VALUES ('Comment 39 for post 91', 39);
INSERT INTO write_comments (comment, post_id) VALUES ('Comment 40 for post 91', 40);
INSERT INTO read_comments (comment, post_id) VALUES ('Comment 40 for post 91', 40);
INSERT INTO write_comments (comment, post_id) VALUES ('Comment 41 for post 91', 41);
INSERT INTO read_comments (comment, post_id) VALUES ('Comment 41 for post 91', 41);
INSERT INTO write_comments (comment, post_id) VALUES ('Comment 42 for post 91', 42);
INSERT INTO read_comments (comment, post_id) VALUES ('Comment 42 for post 91', 42);
INSERT INTO write_comments (comment, post_id) VALUES ('Comment 43 for post 91', 43);
INSERT INTO read_comments (comment, post_id) VALUES ('Comment 43 for post 91', 43);
INSERT INTO write_comments (comment, post_id) VALUES ('Comment 44 for post 91', 44);
INSERT INTO read_comments (comment, post_id) VALUES ('Comment 44 for post 91', 44);
INSERT INTO write_comments (comment, post_id) VALUES ('Comment 45 for post 91', 45);
INSERT INTO read_comments (comment, post_id) VALUES ('Comment 45 for post 91', 45);
INSERT INTO write_comments (comment, post_id) VALUES ('Comment 46 for post 91', 46);
INSERT INTO read_comments (comment, post_id) VALUES ('Comment 46 for post 91', 46);
INSERT INTO write_comments (comment, post_id) VALUES ('Comment 47 for post 91', 47);
INSERT INTO read_comments (comment, post_id) VALUES ('Comment 47 for post 91', 47);
INSERT INTO write_comments (comment, post_id) VALUES ('Comment 48 for post 91', 48);
INSERT INTO read_comments (comment, post_id) VALUES ('Comment 48 for post 91', 48);
INSERT INTO write_comments (comment, post_id) VALUES ('Comment 49 for post 91', 49);
INSERT INTO read_comments (comment, post_id) VALUES ('Comment 49 for post 91', 49);
INSERT INTO write_comments (comment, post_id) VALUES ('Comment 50 for post 91', 50);
INSERT INTO read_comments (comment, post_id) VALUES ('Comment 50 for post 91', 50);
INSERT INTO write_comments (comment, post_id) VALUES ('Comment 51 for post 91', 51);
INSERT INTO read_comments (comment, post_id) VALUES ('Comment 51 for post 91', 51);
INSERT INTO write_comments (comment, post_id) VALUES ('Comment 52 for post 91', 52);
INSERT INTO read_comments (comment, post_id) VALUES ('Comment 52 for post 91', 52);
INSERT INTO write_comments (comment, post_id) VALUES ('Comment 53 for post 91', 53);
INSERT INTO read_comments (comment, post_id) VALUES ('Comment 53 for post 91', 53);
INSERT INTO write_comments (comment, post_id) VALUES ('Comment 54 for post 91', 54);
INSERT INTO read_comments (comment, post_id) VALUES ('Comment 54 for post 91', 54);
INSERT INTO write_comments (comment, post_id) VALUES ('Comment 55 for post 91', 55);
INSERT INTO read_comments (comment, post_id) VALUES ('Comment 55 for post 91', 55);
INSERT INTO write_comments (comment, post_id) VALUES ('Comment 56 for post 91', 56);
INSERT INTO read_comments (comment, post_id) VALUES ('Comment 56 for post 91', 56);
INSERT INTO write_comments (comment, post_id) VALUES ('Comment 57 for post 91', 57);
INSERT INTO read_comments (comment, post_id) VALUES ('Comment 57 for post 91', 57);
INSERT INTO write_comments (comment, post_id) VALUES ('Comment 58 for post 91', 58);
INSERT INTO read_comments (comment, post_id) VALUES ('Comment 58 for post 91', 58);
INSERT INTO write_comments (comment, post_id) VALUES ('Comment 59 for post 91', 59);
INSERT INTO read_comments (comment, post_id) VALUES ('Comment 59 for post 91', 59);
INSERT INTO write_comments (comment, post_id) VALUES ('Comment 60 for post 91', 60);
INSERT INTO read_comments (comment, post_id) VALUES ('Comment 60 for post 91', 60);
INSERT INTO write_comments (comment, post_id) VALUES ('Comment 61 for post 91', 61);
INSERT INTO read_comments (comment, post_id) VALUES ('Comment 61 for post 91', 61);
INSERT INTO write_comments (comment, post_id) VALUES ('Comment 62 for post 91', 62);
INSERT INTO read_comments (comment, post_id) VALUES ('Comment 62 for post 91', 62);
INSERT INTO write_comments (comment, post_id) VALUES ('Comment 63 for post 91', 63);
INSERT INTO read_comments (comment, post_id) VALUES ('Comment 63 for post 91', 63);
INSERT INTO write_comments (comment, post_id) VALUES ('Comment 64 for post 91', 64);
INSERT INTO read_comments (comment, post_id) VALUES ('Comment 64 for post 91', 64);
INSERT INTO write_comments (comment, post_id) VALUES ('Comment 65 for post 91', 65);
INSERT INTO read_comments (comment, post_id) VALUES ('Comment 65 for post 91', 65);
INSERT INTO write_comments (comment, post_id) VALUES ('Comment 66 for post 91', 66);
INSERT INTO read_comments (comment, post_id) VALUES ('Comment 66 for post 91', 66);
INSERT INTO write_comments (comment, post_id) VALUES ('Comment 67 for post 91', 67);
INSERT INTO read_comments (comment, post_id) VALUES ('Comment 67 for post 91', 67);
INSERT INTO write_comments (comment, post_id) VALUES ('Comment 68 for post 91', 68);
INSERT INTO read_comments (comment, post_id) VALUES ('Comment 68 for post 91', 68);
INSERT INTO write_comments (comment, post_id) VALUES ('Comment 69 for post 91', 69);
INSERT INTO read_comments (comment, post_id) VALUES ('Comment 69 for post 91', 69);
INSERT INTO write_comments (comment, post_id) VALUES ('Comment 70 for post 91', 70);
INSERT INTO read_comments (comment, post_id) VALUES ('Comment 70 for post 91', 70);
INSERT INTO write_comments (comment, post_id) VALUES ('Comment 71 for post 91', 71);
INSERT INTO read_comments (comment, post_id) VALUES ('Comment 71 for post 91', 71);
INSERT INTO write_comments (comment, post_id) VALUES ('Comment 72 for post 91', 72);
INSERT INTO read_comments (comment, post_id) VALUES ('Comment 72 for post 91', 72);
INSERT INTO write_comments (comment, post_id) VALUES ('Comment 73 for post 91', 73);
INSERT INTO read_comments (comment, post_id) VALUES ('Comment 73 for post 91', 73);
INSERT INTO write_comments (comment, post_id) VALUES ('Comment 74 for post 91', 74);
INSERT INTO read_comments (comment, post_id) VALUES ('Comment 74 for post 91', 74);
INSERT INTO write_comments (comment, post_id) VALUES ('Comment 75 for post 91', 75);
INSERT INTO read_comments (comment, post_id) VALUES ('Comment 75 for post 91', 75);
INSERT INTO write_comments (comment, post_id) VALUES ('Comment 76 for post 91', 76);
INSERT INTO read_comments (comment, post_id) VALUES ('Comment 76 for post 91', 76);
INSERT INTO write_comments (comment, post_id) VALUES ('Comment 77 for post 91', 77);
INSERT INTO read_comments (comment, post_id) VALUES ('Comment 77 for post 91', 77);
INSERT INTO write_comments (comment, post_id) VALUES ('Comment 78 for post 91', 78);
INSERT INTO read_comments (comment, post_id) VALUES ('Comment 78 for post 91', 78);
INSERT INTO write_comments (comment, post_id) VALUES ('Comment 79 for post 91', 79);
INSERT INTO read_comments (comment, post_id) VALUES ('Comment 79 for post 91', 79);
INSERT INTO write_comments (comment, post_id) VALUES ('Comment 80 for post 91', 80);
INSERT INTO read_comments (comment, post_id) VALUES ('Comment 80 for post 91', 80);
INSERT INTO write_comments (comment, post_id) VALUES ('Comment 81 for post 91', 81);
INSERT INTO read_comments (comment, post_id) VALUES ('Comment 81 for post 91', 81);
INSERT INTO write_comments (comment, post_id) VALUES ('Comment 82 for post 91', 82);
INSERT INTO read_comments (comment, post_id) VALUES ('Comment 82 for post 91', 82);
INSERT INTO write_comments (comment, post_id) VALUES ('Comment 83 for post 91', 83);
INSERT INTO read_comments (comment, post_id) VALUES ('Comment 83 for post 91', 83);
INSERT INTO write_comments (comment, post_id) VALUES ('Comment 84 for post 91', 84);
INSERT INTO read_comments (comment, post_id) VALUES ('Comment 84 for post 91', 84);
INSERT INTO write_comments (comment, post_id) VALUES ('Comment 85 for post 91', 85);
INSERT INTO read_comments (comment, post_id) VALUES ('Comment 85 for post 91', 85);
INSERT INTO write_comments (comment, post_id) VALUES ('Comment 86 for post 91', 86);
INSERT INTO read_comments (comment, post_id) VALUES ('Comment 86 for post 91', 86);
INSERT INTO write_comments (comment, post_id) VALUES ('Comment 87 for post 91', 87);
INSERT INTO read_comments (comment, post_id) VALUES ('Comment 87 for post 91', 87);
INSERT INTO write_comments (comment, post_id) VALUES ('Comment 88 for post 91', 88);
INSERT INTO read_comments (comment, post_id) VALUES ('Comment 88 for post 91', 88);
INSERT INTO write_comments (comment, post_id) VALUES ('Comment 89 for post 91', 89);
INSERT INTO read_comments (comment, post_id) VALUES ('Comment 89 for post 91', 89);
INSERT INTO write_comments (comment, post_id) VALUES ('Comment 90 for post 91', 90);
INSERT INTO read_comments (comment, post_id) VALUES ('Comment 90 for post 91', 90);
INSERT INTO write_comments (comment, post_id) VALUES ('Comment 91 for post 91', 91);
INSERT INTO read_comments (comment, post_id) VALUES ('Comment 91 for post 91', 91);
INSERT INTO write_comments (comment, post_id) VALUES ('Comment 92 for post 91', 92);
INSERT INTO read_comments (comment, post_id) VALUES ('Comment 92 for post 91', 92);
INSERT INTO write_comments (comment, post_id) VALUES ('Comment 93 for post 91', 93);
INSERT INTO read_comments (comment, post_id) VALUES ('Comment 93 for post 91', 93);
INSERT INTO write_comments (comment, post_id) VALUES ('Comment 94 for post 91', 94);
INSERT INTO read_comments (comment, post_id) VALUES ('Comment 94 for post 91', 94);
INSERT INTO write_comments (comment, post_id) VALUES ('Comment 95 for post 91', 95);
INSERT INTO read_comments (comment, post_id) VALUES ('Comment 95 for post 91', 95);
INSERT INTO write_comments (comment, post_id) VALUES ('Comment 96 for post 91', 96);
INSERT INTO read_comments (comment, post_id) VALUES ('Comment 96 for post 91', 96);
INSERT INTO write_comments (comment, post_id) VALUES ('Comment 97 for post 91', 97);
INSERT INTO read_comments (comment, post_id) VALUES ('Comment 97 for post 91', 97);
INSERT INTO write_comments (comment, post_id) VALUES ('Comment 98 for post 91', 98);
INSERT INTO read_comments (comment, post_id) VALUES ('Comment 98 for post 91', 98);
INSERT INTO write_comments (comment, post_id) VALUES ('Comment 99 for post 91', 99);
INSERT INTO read_comments (comment, post_id) VALUES ('Comment 99 for post 91', 99);
INSERT INTO write_comments (comment, post_id) VALUES ('Comment 100 for post 91', 100);
INSERT INTO read_comments (comment, post_id) VALUES ('Comment 100 for post 91', 100);
INSERT INTO write_comments (comment, post_id) VALUES ('Comment 1 for post 92', 1);
INSERT INTO read_comments (comment, post_id) VALUES ('Comment 1 for post 92', 1);
INSERT INTO write_comments (comment, post_id) VALUES ('Comment 2 for post 92', 2);
INSERT INTO read_comments (comment, post_id) VALUES ('Comment 2 for post 92', 2);
INSERT INTO write_comments (comment, post_id) VALUES ('Comment 3 for post 92', 3);
INSERT INTO read_comments (comment, post_id) VALUES ('Comment 3 for post 92', 3);
INSERT INTO write_comments (comment, post_id) VALUES ('Comment 4 for post 92', 4);
INSERT INTO read_comments (comment, post_id) VALUES ('Comment 4 for post 92', 4);
INSERT INTO write_comments (comment, post_id) VALUES ('Comment 5 for post 92', 5);
INSERT INTO read_comments (comment, post_id) VALUES ('Comment 5 for post 92', 5);
INSERT INTO write_comments (comment, post_id) VALUES ('Comment 6 for post 92', 6);
INSERT INTO read_comments (comment, post_id) VALUES ('Comment 6 for post 92', 6);
INSERT INTO write_comments (comment, post_id) VALUES ('Comment 7 for post 92', 7);
INSERT INTO read_comments (comment, post_id) VALUES ('Comment 7 for post 92', 7);
INSERT INTO write_comments (comment, post_id) VALUES ('Comment 8 for post 92', 8);
INSERT INTO read_comments (comment, post_id) VALUES ('Comment 8 for post 92', 8);
INSERT INTO write_comments (comment, post_id) VALUES ('Comment 9 for post 92', 9);
INSERT INTO read_comments (comment, post_id) VALUES ('Comment 9 for post 92', 9);
INSERT INTO write_comments (comment, post_id) VALUES ('Comment 10 for post 92', 10);
INSERT INTO read_comments (comment, post_id) VALUES ('Comment 10 for post 92', 10);
INSERT INTO write_comments (comment, post_id) VALUES ('Comment 11 for post 92', 11);
INSERT INTO read_comments (comment, post_id) VALUES ('Comment 11 for post 92', 11);
INSERT INTO write_comments (comment, post_id) VALUES ('Comment 12 for post 92', 12);
INSERT INTO read_comments (comment, post_id) VALUES ('Comment 12 for post 92', 12);
INSERT INTO write_comments (comment, post_id) VALUES ('Comment 13 for post 92', 13);
INSERT INTO read_comments (comment, post_id) VALUES ('Comment 13 for post 92', 13);
INSERT INTO write_comments (comment, post_id) VALUES ('Comment 14 for post 92', 14);
INSERT INTO read_comments (comment, post_id) VALUES ('Comment 14 for post 92', 14);
INSERT INTO write_comments (comment, post_id) VALUES ('Comment 15 for post 92', 15);
INSERT INTO read_comments (comment, post_id) VALUES ('Comment 15 for post 92', 15);
INSERT INTO write_comments (comment, post_id) VALUES ('Comment 16 for post 92', 16);
INSERT INTO read_comments (comment, post_id) VALUES ('Comment 16 for post 92', 16);
INSERT INTO write_comments (comment, post_id) VALUES ('Comment 17 for post 92', 17);
INSERT INTO read_comments (comment, post_id) VALUES ('Comment 17 for post 92', 17);
INSERT INTO write_comments (comment, post_id) VALUES ('Comment 18 for post 92', 18);
INSERT INTO read_comments (comment, post_id) VALUES ('Comment 18 for post 92', 18);
INSERT INTO write_comments (comment, post_id) VALUES ('Comment 19 for post 92', 19);
INSERT INTO read_comments (comment, post_id) VALUES ('Comment 19 for post 92', 19);
INSERT INTO write_comments (comment, post_id) VALUES ('Comment 20 for post 92', 20);
INSERT INTO read_comments (comment, post_id) VALUES ('Comment 20 for post 92', 20);
INSERT INTO write_comments (comment, post_id) VALUES ('Comment 21 for post 92', 21);
INSERT INTO read_comments (comment, post_id) VALUES ('Comment 21 for post 92', 21);
INSERT INTO write_comments (comment, post_id) VALUES ('Comment 22 for post 92', 22);
INSERT INTO read_comments (comment, post_id) VALUES ('Comment 22 for post 92', 22);
INSERT INTO write_comments (comment, post_id) VALUES ('Comment 23 for post 92', 23);
INSERT INTO read_comments (comment, post_id) VALUES ('Comment 23 for post 92', 23);
INSERT INTO write_comments (comment, post_id) VALUES ('Comment 24 for post 92', 24);
INSERT INTO read_comments (comment, post_id) VALUES ('Comment 24 for post 92', 24);
INSERT INTO write_comments (comment, post_id) VALUES ('Comment 25 for post 92', 25);
INSERT INTO read_comments (comment, post_id) VALUES ('Comment 25 for post 92', 25);
INSERT INTO write_comments (comment, post_id) VALUES ('Comment 26 for post 92', 26);
INSERT INTO read_comments (comment, post_id) VALUES ('Comment 26 for post 92', 26);
INSERT INTO write_comments (comment, post_id) VALUES ('Comment 27 for post 92', 27);
INSERT INTO read_comments (comment, post_id) VALUES ('Comment 27 for post 92', 27);
INSERT INTO write_comments (comment, post_id) VALUES ('Comment 28 for post 92', 28);
INSERT INTO read_comments (comment, post_id) VALUES ('Comment 28 for post 92', 28);
INSERT INTO write_comments (comment, post_id) VALUES ('Comment 29 for post 92', 29);
INSERT INTO read_comments (comment, post_id) VALUES ('Comment 29 for post 92', 29);
INSERT INTO write_comments (comment, post_id) VALUES ('Comment 30 for post 92', 30);
INSERT INTO read_comments (comment, post_id) VALUES ('Comment 30 for post 92', 30);
INSERT INTO write_comments (comment, post_id) VALUES ('Comment 31 for post 92', 31);
INSERT INTO read_comments (comment, post_id) VALUES ('Comment 31 for post 92', 31);
INSERT INTO write_comments (comment, post_id) VALUES ('Comment 32 for post 92', 32);
INSERT INTO read_comments (comment, post_id) VALUES ('Comment 32 for post 92', 32);
INSERT INTO write_comments (comment, post_id) VALUES ('Comment 33 for post 92', 33);
INSERT INTO read_comments (comment, post_id) VALUES ('Comment 33 for post 92', 33);
INSERT INTO write_comments (comment, post_id) VALUES ('Comment 34 for post 92', 34);
INSERT INTO read_comments (comment, post_id) VALUES ('Comment 34 for post 92', 34);
INSERT INTO write_comments (comment, post_id) VALUES ('Comment 35 for post 92', 35);
INSERT INTO read_comments (comment, post_id) VALUES ('Comment 35 for post 92', 35);
INSERT INTO write_comments (comment, post_id) VALUES ('Comment 36 for post 92', 36);
INSERT INTO read_comments (comment, post_id) VALUES ('Comment 36 for post 92', 36);
INSERT INTO write_comments (comment, post_id) VALUES ('Comment 37 for post 92', 37);
INSERT INTO read_comments (comment, post_id) VALUES ('Comment 37 for post 92', 37);
INSERT INTO write_comments (comment, post_id) VALUES ('Comment 38 for post 92', 38);
INSERT INTO read_comments (comment, post_id) VALUES ('Comment 38 for post 92', 38);
INSERT INTO write_comments (comment, post_id) VALUES ('Comment 39 for post 92', 39);
INSERT INTO read_comments (comment, post_id) VALUES ('Comment 39 for post 92', 39);
INSERT INTO write_comments (comment, post_id) VALUES ('Comment 40 for post 92', 40);
INSERT INTO read_comments (comment, post_id) VALUES ('Comment 40 for post 92', 40);
INSERT INTO write_comments (comment, post_id) VALUES ('Comment 41 for post 92', 41);
INSERT INTO read_comments (comment, post_id) VALUES ('Comment 41 for post 92', 41);
INSERT INTO write_comments (comment, post_id) VALUES ('Comment 42 for post 92', 42);
INSERT INTO read_comments (comment, post_id) VALUES ('Comment 42 for post 92', 42);
INSERT INTO write_comments (comment, post_id) VALUES ('Comment 43 for post 92', 43);
INSERT INTO read_comments (comment, post_id) VALUES ('Comment 43 for post 92', 43);
INSERT INTO write_comments (comment, post_id) VALUES ('Comment 44 for post 92', 44);
INSERT INTO read_comments (comment, post_id) VALUES ('Comment 44 for post 92', 44);
INSERT INTO write_comments (comment, post_id) VALUES ('Comment 45 for post 92', 45);
INSERT INTO read_comments (comment, post_id) VALUES ('Comment 45 for post 92', 45);
INSERT INTO write_comments (comment, post_id) VALUES ('Comment 46 for post 92', 46);
INSERT INTO read_comments (comment, post_id) VALUES ('Comment 46 for post 92', 46);
INSERT INTO write_comments (comment, post_id) VALUES ('Comment 47 for post 92', 47);
INSERT INTO read_comments (comment, post_id) VALUES ('Comment 47 for post 92', 47);
INSERT INTO write_comments (comment, post_id) VALUES ('Comment 48 for post 92', 48);
INSERT INTO read_comments (comment, post_id) VALUES ('Comment 48 for post 92', 48);
INSERT INTO write_comments (comment, post_id) VALUES ('Comment 49 for post 92', 49);
INSERT INTO read_comments (comment, post_id) VALUES ('Comment 49 for post 92', 49);
INSERT INTO write_comments (comment, post_id) VALUES ('Comment 50 for post 92', 50);
INSERT INTO read_comments (comment, post_id) VALUES ('Comment 50 for post 92', 50);
INSERT INTO write_comments (comment, post_id) VALUES ('Comment 51 for post 92', 51);
INSERT INTO read_comments (comment, post_id) VALUES ('Comment 51 for post 92', 51);
INSERT INTO write_comments (comment, post_id) VALUES ('Comment 52 for post 92', 52);
INSERT INTO read_comments (comment, post_id) VALUES ('Comment 52 for post 92', 52);
INSERT INTO write_comments (comment, post_id) VALUES ('Comment 53 for post 92', 53);
INSERT INTO read_comments (comment, post_id) VALUES ('Comment 53 for post 92', 53);
INSERT INTO write_comments (comment, post_id) VALUES ('Comment 54 for post 92', 54);
INSERT INTO read_comments (comment, post_id) VALUES ('Comment 54 for post 92', 54);
INSERT INTO write_comments (comment, post_id) VALUES ('Comment 55 for post 92', 55);
INSERT INTO read_comments (comment, post_id) VALUES ('Comment 55 for post 92', 55);
INSERT INTO write_comments (comment, post_id) VALUES ('Comment 56 for post 92', 56);
INSERT INTO read_comments (comment, post_id) VALUES ('Comment 56 for post 92', 56);
INSERT INTO write_comments (comment, post_id) VALUES ('Comment 57 for post 92', 57);
INSERT INTO read_comments (comment, post_id) VALUES ('Comment 57 for post 92', 57);
INSERT INTO write_comments (comment, post_id) VALUES ('Comment 58 for post 92', 58);
INSERT INTO read_comments (comment, post_id) VALUES ('Comment 58 for post 92', 58);
INSERT INTO write_comments (comment, post_id) VALUES ('Comment 59 for post 92', 59);
INSERT INTO read_comments (comment, post_id) VALUES ('Comment 59 for post 92', 59);
INSERT INTO write_comments (comment, post_id) VALUES ('Comment 60 for post 92', 60);
INSERT INTO read_comments (comment, post_id) VALUES ('Comment 60 for post 92', 60);
INSERT INTO write_comments (comment, post_id) VALUES ('Comment 61 for post 92', 61);
INSERT INTO read_comments (comment, post_id) VALUES ('Comment 61 for post 92', 61);
INSERT INTO write_comments (comment, post_id) VALUES ('Comment 62 for post 92', 62);
INSERT INTO read_comments (comment, post_id) VALUES ('Comment 62 for post 92', 62);
INSERT INTO write_comments (comment, post_id) VALUES ('Comment 63 for post 92', 63);
INSERT INTO read_comments (comment, post_id) VALUES ('Comment 63 for post 92', 63);
INSERT INTO write_comments (comment, post_id) VALUES ('Comment 64 for post 92', 64);
INSERT INTO read_comments (comment, post_id) VALUES ('Comment 64 for post 92', 64);
INSERT INTO write_comments (comment, post_id) VALUES ('Comment 65 for post 92', 65);
INSERT INTO read_comments (comment, post_id) VALUES ('Comment 65 for post 92', 65);
INSERT INTO write_comments (comment, post_id) VALUES ('Comment 66 for post 92', 66);
INSERT INTO read_comments (comment, post_id) VALUES ('Comment 66 for post 92', 66);
INSERT INTO write_comments (comment, post_id) VALUES ('Comment 67 for post 92', 67);
INSERT INTO read_comments (comment, post_id) VALUES ('Comment 67 for post 92', 67);
INSERT INTO write_comments (comment, post_id) VALUES ('Comment 68 for post 92', 68);
INSERT INTO read_comments (comment, post_id) VALUES ('Comment 68 for post 92', 68);
INSERT INTO write_comments (comment, post_id) VALUES ('Comment 69 for post 92', 69);
INSERT INTO read_comments (comment, post_id) VALUES ('Comment 69 for post 92', 69);
INSERT INTO write_comments (comment, post_id) VALUES ('Comment 70 for post 92', 70);
INSERT INTO read_comments (comment, post_id) VALUES ('Comment 70 for post 92', 70);
INSERT INTO write_comments (comment, post_id) VALUES ('Comment 71 for post 92', 71);
INSERT INTO read_comments (comment, post_id) VALUES ('Comment 71 for post 92', 71);
INSERT INTO write_comments (comment, post_id) VALUES ('Comment 72 for post 92', 72);
INSERT INTO read_comments (comment, post_id) VALUES ('Comment 72 for post 92', 72);
INSERT INTO write_comments (comment, post_id) VALUES ('Comment 73 for post 92', 73);
INSERT INTO read_comments (comment, post_id) VALUES ('Comment 73 for post 92', 73);
INSERT INTO write_comments (comment, post_id) VALUES ('Comment 74 for post 92', 74);
INSERT INTO read_comments (comment, post_id) VALUES ('Comment 74 for post 92', 74);
INSERT INTO write_comments (comment, post_id) VALUES ('Comment 75 for post 92', 75);
INSERT INTO read_comments (comment, post_id) VALUES ('Comment 75 for post 92', 75);
INSERT INTO write_comments (comment, post_id) VALUES ('Comment 76 for post 92', 76);
INSERT INTO read_comments (comment, post_id) VALUES ('Comment 76 for post 92', 76);
INSERT INTO write_comments (comment, post_id) VALUES ('Comment 77 for post 92', 77);
INSERT INTO read_comments (comment, post_id) VALUES ('Comment 77 for post 92', 77);
INSERT INTO write_comments (comment, post_id) VALUES ('Comment 78 for post 92', 78);
INSERT INTO read_comments (comment, post_id) VALUES ('Comment 78 for post 92', 78);
INSERT INTO write_comments (comment, post_id) VALUES ('Comment 79 for post 92', 79);
INSERT INTO read_comments (comment, post_id) VALUES ('Comment 79 for post 92', 79);
INSERT INTO write_comments (comment, post_id) VALUES ('Comment 80 for post 92', 80);
INSERT INTO read_comments (comment, post_id) VALUES ('Comment 80 for post 92', 80);
INSERT INTO write_comments (comment, post_id) VALUES ('Comment 81 for post 92', 81);
INSERT INTO read_comments (comment, post_id) VALUES ('Comment 81 for post 92', 81);
INSERT INTO write_comments (comment, post_id) VALUES ('Comment 82 for post 92', 82);
INSERT INTO read_comments (comment, post_id) VALUES ('Comment 82 for post 92', 82);
INSERT INTO write_comments (comment, post_id) VALUES ('Comment 83 for post 92', 83);
INSERT INTO read_comments (comment, post_id) VALUES ('Comment 83 for post 92', 83);
INSERT INTO write_comments (comment, post_id) VALUES ('Comment 84 for post 92', 84);
INSERT INTO read_comments (comment, post_id) VALUES ('Comment 84 for post 92', 84);
INSERT INTO write_comments (comment, post_id) VALUES ('Comment 85 for post 92', 85);
INSERT INTO read_comments (comment, post_id) VALUES ('Comment 85 for post 92', 85);
INSERT INTO write_comments (comment, post_id) VALUES ('Comment 86 for post 92', 86);
INSERT INTO read_comments (comment, post_id) VALUES ('Comment 86 for post 92', 86);
INSERT INTO write_comments (comment, post_id) VALUES ('Comment 87 for post 92', 87);
INSERT INTO read_comments (comment, post_id) VALUES ('Comment 87 for post 92', 87);
INSERT INTO write_comments (comment, post_id) VALUES ('Comment 88 for post 92', 88);
INSERT INTO read_comments (comment, post_id) VALUES ('Comment 88 for post 92', 88);
INSERT INTO write_comments (comment, post_id) VALUES ('Comment 89 for post 92', 89);
INSERT INTO read_comments (comment, post_id) VALUES ('Comment 89 for post 92', 89);
INSERT INTO write_comments (comment, post_id) VALUES ('Comment 90 for post 92', 90);
INSERT INTO read_comments (comment, post_id) VALUES ('Comment 90 for post 92', 90);
INSERT INTO write_comments (comment, post_id) VALUES ('Comment 91 for post 92', 91);
INSERT INTO read_comments (comment, post_id) VALUES ('Comment 91 for post 92', 91);
INSERT INTO write_comments (comment, post_id) VALUES ('Comment 92 for post 92', 92);
INSERT INTO read_comments (comment, post_id) VALUES ('Comment 92 for post 92', 92);
INSERT INTO write_comments (comment, post_id) VALUES ('Comment 93 for post 92', 93);
INSERT INTO read_comments (comment, post_id) VALUES ('Comment 93 for post 92', 93);
INSERT INTO write_comments (comment, post_id) VALUES ('Comment 94 for post 92', 94);
INSERT INTO read_comments (comment, post_id) VALUES ('Comment 94 for post 92', 94);
INSERT INTO write_comments (comment, post_id) VALUES ('Comment 95 for post 92', 95);
INSERT INTO read_comments (comment, post_id) VALUES ('Comment 95 for post 92', 95);
INSERT INTO write_comments (comment, post_id) VALUES ('Comment 96 for post 92', 96);
INSERT INTO read_comments (comment, post_id) VALUES ('Comment 96 for post 92', 96);
INSERT INTO write_comments (comment, post_id) VALUES ('Comment 97 for post 92', 97);
INSERT INTO read_comments (comment, post_id) VALUES ('Comment 97 for post 92', 97);
INSERT INTO write_comments (comment, post_id) VALUES ('Comment 98 for post 92', 98);
INSERT INTO read_comments (comment, post_id) VALUES ('Comment 98 for post 92', 98);
INSERT INTO write_comments (comment, post_id) VALUES ('Comment 99 for post 92', 99);
INSERT INTO read_comments (comment, post_id) VALUES ('Comment 99 for post 92', 99);
INSERT INTO write_comments (comment, post_id) VALUES ('Comment 100 for post 92', 100);
INSERT INTO read_comments (comment, post_id) VALUES ('Comment 100 for post 92', 100);
INSERT INTO write_comments (comment, post_id) VALUES ('Comment 1 for post 93', 1);
INSERT INTO read_comments (comment, post_id) VALUES ('Comment 1 for post 93', 1);
INSERT INTO write_comments (comment, post_id) VALUES ('Comment 2 for post 93', 2);
INSERT INTO read_comments (comment, post_id) VALUES ('Comment 2 for post 93', 2);
INSERT INTO write_comments (comment, post_id) VALUES ('Comment 3 for post 93', 3);
INSERT INTO read_comments (comment, post_id) VALUES ('Comment 3 for post 93', 3);
INSERT INTO write_comments (comment, post_id) VALUES ('Comment 4 for post 93', 4);
INSERT INTO read_comments (comment, post_id) VALUES ('Comment 4 for post 93', 4);
INSERT INTO write_comments (comment, post_id) VALUES ('Comment 5 for post 93', 5);
INSERT INTO read_comments (comment, post_id) VALUES ('Comment 5 for post 93', 5);
INSERT INTO write_comments (comment, post_id) VALUES ('Comment 6 for post 93', 6);
INSERT INTO read_comments (comment, post_id) VALUES ('Comment 6 for post 93', 6);
INSERT INTO write_comments (comment, post_id) VALUES ('Comment 7 for post 93', 7);
INSERT INTO read_comments (comment, post_id) VALUES ('Comment 7 for post 93', 7);
INSERT INTO write_comments (comment, post_id) VALUES ('Comment 8 for post 93', 8);
INSERT INTO read_comments (comment, post_id) VALUES ('Comment 8 for post 93', 8);
INSERT INTO write_comments (comment, post_id) VALUES ('Comment 9 for post 93', 9);
INSERT INTO read_comments (comment, post_id) VALUES ('Comment 9 for post 93', 9);
INSERT INTO write_comments (comment, post_id) VALUES ('Comment 10 for post 93', 10);
INSERT INTO read_comments (comment, post_id) VALUES ('Comment 10 for post 93', 10);
INSERT INTO write_comments (comment, post_id) VALUES ('Comment 11 for post 93', 11);
INSERT INTO read_comments (comment, post_id) VALUES ('Comment 11 for post 93', 11);
INSERT INTO write_comments (comment, post_id) VALUES ('Comment 12 for post 93', 12);
INSERT INTO read_comments (comment, post_id) VALUES ('Comment 12 for post 93', 12);
INSERT INTO write_comments (comment, post_id) VALUES ('Comment 13 for post 93', 13);
INSERT INTO read_comments (comment, post_id) VALUES ('Comment 13 for post 93', 13);
INSERT INTO write_comments (comment, post_id) VALUES ('Comment 14 for post 93', 14);
INSERT INTO read_comments (comment, post_id) VALUES ('Comment 14 for post 93', 14);
INSERT INTO write_comments (comment, post_id) VALUES ('Comment 15 for post 93', 15);
INSERT INTO read_comments (comment, post_id) VALUES ('Comment 15 for post 93', 15);
INSERT INTO write_comments (comment, post_id) VALUES ('Comment 16 for post 93', 16);
INSERT INTO read_comments (comment, post_id) VALUES ('Comment 16 for post 93', 16);
INSERT INTO write_comments (comment, post_id) VALUES ('Comment 17 for post 93', 17);
INSERT INTO read_comments (comment, post_id) VALUES ('Comment 17 for post 93', 17);
INSERT INTO write_comments (comment, post_id) VALUES ('Comment 18 for post 93', 18);
INSERT INTO read_comments (comment, post_id) VALUES ('Comment 18 for post 93', 18);
INSERT INTO write_comments (comment, post_id) VALUES ('Comment 19 for post 93', 19);
INSERT INTO read_comments (comment, post_id) VALUES ('Comment 19 for post 93', 19);
INSERT INTO write_comments (comment, post_id) VALUES ('Comment 20 for post 93', 20);
INSERT INTO read_comments (comment, post_id) VALUES ('Comment 20 for post 93', 20);
INSERT INTO write_comments (comment, post_id) VALUES ('Comment 21 for post 93', 21);
INSERT INTO read_comments (comment, post_id) VALUES ('Comment 21 for post 93', 21);
INSERT INTO write_comments (comment, post_id) VALUES ('Comment 22 for post 93', 22);
INSERT INTO read_comments (comment, post_id) VALUES ('Comment 22 for post 93', 22);
INSERT INTO write_comments (comment, post_id) VALUES ('Comment 23 for post 93', 23);
INSERT INTO read_comments (comment, post_id) VALUES ('Comment 23 for post 93', 23);
INSERT INTO write_comments (comment, post_id) VALUES ('Comment 24 for post 93', 24);
INSERT INTO read_comments (comment, post_id) VALUES ('Comment 24 for post 93', 24);
INSERT INTO write_comments (comment, post_id) VALUES ('Comment 25 for post 93', 25);
INSERT INTO read_comments (comment, post_id) VALUES ('Comment 25 for post 93', 25);
INSERT INTO write_comments (comment, post_id) VALUES ('Comment 26 for post 93', 26);
INSERT INTO read_comments (comment, post_id) VALUES ('Comment 26 for post 93', 26);
INSERT INTO write_comments (comment, post_id) VALUES ('Comment 27 for post 93', 27);
INSERT INTO read_comments (comment, post_id) VALUES ('Comment 27 for post 93', 27);
INSERT INTO write_comments (comment, post_id) VALUES ('Comment 28 for post 93', 28);
INSERT INTO read_comments (comment, post_id) VALUES ('Comment 28 for post 93', 28);
INSERT INTO write_comments (comment, post_id) VALUES ('Comment 29 for post 93', 29);
INSERT INTO read_comments (comment, post_id) VALUES ('Comment 29 for post 93', 29);
INSERT INTO write_comments (comment, post_id) VALUES ('Comment 30 for post 93', 30);
INSERT INTO read_comments (comment, post_id) VALUES ('Comment 30 for post 93', 30);
INSERT INTO write_comments (comment, post_id) VALUES ('Comment 31 for post 93', 31);
INSERT INTO read_comments (comment, post_id) VALUES ('Comment 31 for post 93', 31);
INSERT INTO write_comments (comment, post_id) VALUES ('Comment 32 for post 93', 32);
INSERT INTO read_comments (comment, post_id) VALUES ('Comment 32 for post 93', 32);
INSERT INTO write_comments (comment, post_id) VALUES ('Comment 33 for post 93', 33);
INSERT INTO read_comments (comment, post_id) VALUES ('Comment 33 for post 93', 33);
INSERT INTO write_comments (comment, post_id) VALUES ('Comment 34 for post 93', 34);
INSERT INTO read_comments (comment, post_id) VALUES ('Comment 34 for post 93', 34);
INSERT INTO write_comments (comment, post_id) VALUES ('Comment 35 for post 93', 35);
INSERT INTO read_comments (comment, post_id) VALUES ('Comment 35 for post 93', 35);
INSERT INTO write_comments (comment, post_id) VALUES ('Comment 36 for post 93', 36);
INSERT INTO read_comments (comment, post_id) VALUES ('Comment 36 for post 93', 36);
INSERT INTO write_comments (comment, post_id) VALUES ('Comment 37 for post 93', 37);
INSERT INTO read_comments (comment, post_id) VALUES ('Comment 37 for post 93', 37);
INSERT INTO write_comments (comment, post_id) VALUES ('Comment 38 for post 93', 38);
INSERT INTO read_comments (comment, post_id) VALUES ('Comment 38 for post 93', 38);
INSERT INTO write_comments (comment, post_id) VALUES ('Comment 39 for post 93', 39);
INSERT INTO read_comments (comment, post_id) VALUES ('Comment 39 for post 93', 39);
INSERT INTO write_comments (comment, post_id) VALUES ('Comment 40 for post 93', 40);
INSERT INTO read_comments (comment, post_id) VALUES ('Comment 40 for post 93', 40);
INSERT INTO write_comments (comment, post_id) VALUES ('Comment 41 for post 93', 41);
INSERT INTO read_comments (comment, post_id) VALUES ('Comment 41 for post 93', 41);
INSERT INTO write_comments (comment, post_id) VALUES ('Comment 42 for post 93', 42);
INSERT INTO read_comments (comment, post_id) VALUES ('Comment 42 for post 93', 42);
INSERT INTO write_comments (comment, post_id) VALUES ('Comment 43 for post 93', 43);
INSERT INTO read_comments (comment, post_id) VALUES ('Comment 43 for post 93', 43);
INSERT INTO write_comments (comment, post_id) VALUES ('Comment 44 for post 93', 44);
INSERT INTO read_comments (comment, post_id) VALUES ('Comment 44 for post 93', 44);
INSERT INTO write_comments (comment, post_id) VALUES ('Comment 45 for post 93', 45);
INSERT INTO read_comments (comment, post_id) VALUES ('Comment 45 for post 93', 45);
INSERT INTO write_comments (comment, post_id) VALUES ('Comment 46 for post 93', 46);
INSERT INTO read_comments (comment, post_id) VALUES ('Comment 46 for post 93', 46);
INSERT INTO write_comments (comment, post_id) VALUES ('Comment 47 for post 93', 47);
INSERT INTO read_comments (comment, post_id) VALUES ('Comment 47 for post 93', 47);
INSERT INTO write_comments (comment, post_id) VALUES ('Comment 48 for post 93', 48);
INSERT INTO read_comments (comment, post_id) VALUES ('Comment 48 for post 93', 48);
INSERT INTO write_comments (comment, post_id) VALUES ('Comment 49 for post 93', 49);
INSERT INTO read_comments (comment, post_id) VALUES ('Comment 49 for post 93', 49);
INSERT INTO write_comments (comment, post_id) VALUES ('Comment 50 for post 93', 50);
INSERT INTO read_comments (comment, post_id) VALUES ('Comment 50 for post 93', 50);
INSERT INTO write_comments (comment, post_id) VALUES ('Comment 51 for post 93', 51);
INSERT INTO read_comments (comment, post_id) VALUES ('Comment 51 for post 93', 51);
INSERT INTO write_comments (comment, post_id) VALUES ('Comment 52 for post 93', 52);
INSERT INTO read_comments (comment, post_id) VALUES ('Comment 52 for post 93', 52);
INSERT INTO write_comments (comment, post_id) VALUES ('Comment 53 for post 93', 53);
INSERT INTO read_comments (comment, post_id) VALUES ('Comment 53 for post 93', 53);
INSERT INTO write_comments (comment, post_id) VALUES ('Comment 54 for post 93', 54);
INSERT INTO read_comments (comment, post_id) VALUES ('Comment 54 for post 93', 54);
INSERT INTO write_comments (comment, post_id) VALUES ('Comment 55 for post 93', 55);
INSERT INTO read_comments (comment, post_id) VALUES ('Comment 55 for post 93', 55);
INSERT INTO write_comments (comment, post_id) VALUES ('Comment 56 for post 93', 56);
INSERT INTO read_comments (comment, post_id) VALUES ('Comment 56 for post 93', 56);
INSERT INTO write_comments (comment, post_id) VALUES ('Comment 57 for post 93', 57);
INSERT INTO read_comments (comment, post_id) VALUES ('Comment 57 for post 93', 57);
INSERT INTO write_comments (comment, post_id) VALUES ('Comment 58 for post 93', 58);
INSERT INTO read_comments (comment, post_id) VALUES ('Comment 58 for post 93', 58);
INSERT INTO write_comments (comment, post_id) VALUES ('Comment 59 for post 93', 59);
INSERT INTO read_comments (comment, post_id) VALUES ('Comment 59 for post 93', 59);
INSERT INTO write_comments (comment, post_id) VALUES ('Comment 60 for post 93', 60);
INSERT INTO read_comments (comment, post_id) VALUES ('Comment 60 for post 93', 60);
INSERT INTO write_comments (comment, post_id) VALUES ('Comment 61 for post 93', 61);
INSERT INTO read_comments (comment, post_id) VALUES ('Comment 61 for post 93', 61);
INSERT INTO write_comments (comment, post_id) VALUES ('Comment 62 for post 93', 62);
INSERT INTO read_comments (comment, post_id) VALUES ('Comment 62 for post 93', 62);
INSERT INTO write_comments (comment, post_id) VALUES ('Comment 63 for post 93', 63);
INSERT INTO read_comments (comment, post_id) VALUES ('Comment 63 for post 93', 63);
INSERT INTO write_comments (comment, post_id) VALUES ('Comment 64 for post 93', 64);
INSERT INTO read_comments (comment, post_id) VALUES ('Comment 64 for post 93', 64);
INSERT INTO write_comments (comment, post_id) VALUES ('Comment 65 for post 93', 65);
INSERT INTO read_comments (comment, post_id) VALUES ('Comment 65 for post 93', 65);
INSERT INTO write_comments (comment, post_id) VALUES ('Comment 66 for post 93', 66);
INSERT INTO read_comments (comment, post_id) VALUES ('Comment 66 for post 93', 66);
INSERT INTO write_comments (comment, post_id) VALUES ('Comment 67 for post 93', 67);
INSERT INTO read_comments (comment, post_id) VALUES ('Comment 67 for post 93', 67);
INSERT INTO write_comments (comment, post_id) VALUES ('Comment 68 for post 93', 68);
INSERT INTO read_comments (comment, post_id) VALUES ('Comment 68 for post 93', 68);
INSERT INTO write_comments (comment, post_id) VALUES ('Comment 69 for post 93', 69);
INSERT INTO read_comments (comment, post_id) VALUES ('Comment 69 for post 93', 69);
INSERT INTO write_comments (comment, post_id) VALUES ('Comment 70 for post 93', 70);
INSERT INTO read_comments (comment, post_id) VALUES ('Comment 70 for post 93', 70);
INSERT INTO write_comments (comment, post_id) VALUES ('Comment 71 for post 93', 71);
INSERT INTO read_comments (comment, post_id) VALUES ('Comment 71 for post 93', 71);
INSERT INTO write_comments (comment, post_id) VALUES ('Comment 72 for post 93', 72);
INSERT INTO read_comments (comment, post_id) VALUES ('Comment 72 for post 93', 72);
INSERT INTO write_comments (comment, post_id) VALUES ('Comment 73 for post 93', 73);
INSERT INTO read_comments (comment, post_id) VALUES ('Comment 73 for post 93', 73);
INSERT INTO write_comments (comment, post_id) VALUES ('Comment 74 for post 93', 74);
INSERT INTO read_comments (comment, post_id) VALUES ('Comment 74 for post 93', 74);
INSERT INTO write_comments (comment, post_id) VALUES ('Comment 75 for post 93', 75);
INSERT INTO read_comments (comment, post_id) VALUES ('Comment 75 for post 93', 75);
INSERT INTO write_comments (comment, post_id) VALUES ('Comment 76 for post 93', 76);
INSERT INTO read_comments (comment, post_id) VALUES ('Comment 76 for post 93', 76);
INSERT INTO write_comments (comment, post_id) VALUES ('Comment 77 for post 93', 77);
INSERT INTO read_comments (comment, post_id) VALUES ('Comment 77 for post 93', 77);
INSERT INTO write_comments (comment, post_id) VALUES ('Comment 78 for post 93', 78);
INSERT INTO read_comments (comment, post_id) VALUES ('Comment 78 for post 93', 78);
INSERT INTO write_comments (comment, post_id) VALUES ('Comment 79 for post 93', 79);
INSERT INTO read_comments (comment, post_id) VALUES ('Comment 79 for post 93', 79);
INSERT INTO write_comments (comment, post_id) VALUES ('Comment 80 for post 93', 80);
INSERT INTO read_comments (comment, post_id) VALUES ('Comment 80 for post 93', 80);
INSERT INTO write_comments (comment, post_id) VALUES ('Comment 81 for post 93', 81);
INSERT INTO read_comments (comment, post_id) VALUES ('Comment 81 for post 93', 81);
INSERT INTO write_comments (comment, post_id) VALUES ('Comment 82 for post 93', 82);
INSERT INTO read_comments (comment, post_id) VALUES ('Comment 82 for post 93', 82);
INSERT INTO write_comments (comment, post_id) VALUES ('Comment 83 for post 93', 83);
INSERT INTO read_comments (comment, post_id) VALUES ('Comment 83 for post 93', 83);
INSERT INTO write_comments (comment, post_id) VALUES ('Comment 84 for post 93', 84);
INSERT INTO read_comments (comment, post_id) VALUES ('Comment 84 for post 93', 84);
INSERT INTO write_comments (comment, post_id) VALUES ('Comment 85 for post 93', 85);
INSERT INTO read_comments (comment, post_id) VALUES ('Comment 85 for post 93', 85);
INSERT INTO write_comments (comment, post_id) VALUES ('Comment 86 for post 93', 86);
INSERT INTO read_comments (comment, post_id) VALUES ('Comment 86 for post 93', 86);
INSERT INTO write_comments (comment, post_id) VALUES ('Comment 87 for post 93', 87);
INSERT INTO read_comments (comment, post_id) VALUES ('Comment 87 for post 93', 87);
INSERT INTO write_comments (comment, post_id) VALUES ('Comment 88 for post 93', 88);
INSERT INTO read_comments (comment, post_id) VALUES ('Comment 88 for post 93', 88);
INSERT INTO write_comments (comment, post_id) VALUES ('Comment 89 for post 93', 89);
INSERT INTO read_comments (comment, post_id) VALUES ('Comment 89 for post 93', 89);
INSERT INTO write_comments (comment, post_id) VALUES ('Comment 90 for post 93', 90);
INSERT INTO read_comments (comment, post_id) VALUES ('Comment 90 for post 93', 90);
INSERT INTO write_comments (comment, post_id) VALUES ('Comment 91 for post 93', 91);
INSERT INTO read_comments (comment, post_id) VALUES ('Comment 91 for post 93', 91);
INSERT INTO write_comments (comment, post_id) VALUES ('Comment 92 for post 93', 92);
INSERT INTO read_comments (comment, post_id) VALUES ('Comment 92 for post 93', 92);
INSERT INTO write_comments (comment, post_id) VALUES ('Comment 93 for post 93', 93);
INSERT INTO read_comments (comment, post_id) VALUES ('Comment 93 for post 93', 93);
INSERT INTO write_comments (comment, post_id) VALUES ('Comment 94 for post 93', 94);
INSERT INTO read_comments (comment, post_id) VALUES ('Comment 94 for post 93', 94);
INSERT INTO write_comments (comment, post_id) VALUES ('Comment 95 for post 93', 95);
INSERT INTO read_comments (comment, post_id) VALUES ('Comment 95 for post 93', 95);
INSERT INTO write_comments (comment, post_id) VALUES ('Comment 96 for post 93', 96);
INSERT INTO read_comments (comment, post_id) VALUES ('Comment 96 for post 93', 96);
INSERT INTO write_comments (comment, post_id) VALUES ('Comment 97 for post 93', 97);
INSERT INTO read_comments (comment, post_id) VALUES ('Comment 97 for post 93', 97);
INSERT INTO write_comments (comment, post_id) VALUES ('Comment 98 for post 93', 98);
INSERT INTO read_comments (comment, post_id) VALUES ('Comment 98 for post 93', 98);
INSERT INTO write_comments (comment, post_id) VALUES ('Comment 99 for post 93', 99);
INSERT INTO read_comments (comment, post_id) VALUES ('Comment 99 for post 93', 99);
INSERT INTO write_comments (comment, post_id) VALUES ('Comment 100 for post 93', 100);
INSERT INTO read_comments (comment, post_id) VALUES ('Comment 100 for post 93', 100);
INSERT INTO write_comments (comment, post_id) VALUES ('Comment 1 for post 94', 1);
INSERT INTO read_comments (comment, post_id) VALUES ('Comment 1 for post 94', 1);
INSERT INTO write_comments (comment, post_id) VALUES ('Comment 2 for post 94', 2);
INSERT INTO read_comments (comment, post_id) VALUES ('Comment 2 for post 94', 2);
INSERT INTO write_comments (comment, post_id) VALUES ('Comment 3 for post 94', 3);
INSERT INTO read_comments (comment, post_id) VALUES ('Comment 3 for post 94', 3);
INSERT INTO write_comments (comment, post_id) VALUES ('Comment 4 for post 94', 4);
INSERT INTO read_comments (comment, post_id) VALUES ('Comment 4 for post 94', 4);
INSERT INTO write_comments (comment, post_id) VALUES ('Comment 5 for post 94', 5);
INSERT INTO read_comments (comment, post_id) VALUES ('Comment 5 for post 94', 5);
INSERT INTO write_comments (comment, post_id) VALUES ('Comment 6 for post 94', 6);
INSERT INTO read_comments (comment, post_id) VALUES ('Comment 6 for post 94', 6);
INSERT INTO write_comments (comment, post_id) VALUES ('Comment 7 for post 94', 7);
INSERT INTO read_comments (comment, post_id) VALUES ('Comment 7 for post 94', 7);
INSERT INTO write_comments (comment, post_id) VALUES ('Comment 8 for post 94', 8);
INSERT INTO read_comments (comment, post_id) VALUES ('Comment 8 for post 94', 8);
INSERT INTO write_comments (comment, post_id) VALUES ('Comment 9 for post 94', 9);
INSERT INTO read_comments (comment, post_id) VALUES ('Comment 9 for post 94', 9);
INSERT INTO write_comments (comment, post_id) VALUES ('Comment 10 for post 94', 10);
INSERT INTO read_comments (comment, post_id) VALUES ('Comment 10 for post 94', 10);
INSERT INTO write_comments (comment, post_id) VALUES ('Comment 11 for post 94', 11);
INSERT INTO read_comments (comment, post_id) VALUES ('Comment 11 for post 94', 11);
INSERT INTO write_comments (comment, post_id) VALUES ('Comment 12 for post 94', 12);
INSERT INTO read_comments (comment, post_id) VALUES ('Comment 12 for post 94', 12);
INSERT INTO write_comments (comment, post_id) VALUES ('Comment 13 for post 94', 13);
INSERT INTO read_comments (comment, post_id) VALUES ('Comment 13 for post 94', 13);
INSERT INTO write_comments (comment, post_id) VALUES ('Comment 14 for post 94', 14);
INSERT INTO read_comments (comment, post_id) VALUES ('Comment 14 for post 94', 14);
INSERT INTO write_comments (comment, post_id) VALUES ('Comment 15 for post 94', 15);
INSERT INTO read_comments (comment, post_id) VALUES ('Comment 15 for post 94', 15);
INSERT INTO write_comments (comment, post_id) VALUES ('Comment 16 for post 94', 16);
INSERT INTO read_comments (comment, post_id) VALUES ('Comment 16 for post 94', 16);
INSERT INTO write_comments (comment, post_id) VALUES ('Comment 17 for post 94', 17);
INSERT INTO read_comments (comment, post_id) VALUES ('Comment 17 for post 94', 17);
INSERT INTO write_comments (comment, post_id) VALUES ('Comment 18 for post 94', 18);
INSERT INTO read_comments (comment, post_id) VALUES ('Comment 18 for post 94', 18);
INSERT INTO write_comments (comment, post_id) VALUES ('Comment 19 for post 94', 19);
INSERT INTO read_comments (comment, post_id) VALUES ('Comment 19 for post 94', 19);
INSERT INTO write_comments (comment, post_id) VALUES ('Comment 20 for post 94', 20);
INSERT INTO read_comments (comment, post_id) VALUES ('Comment 20 for post 94', 20);
INSERT INTO write_comments (comment, post_id) VALUES ('Comment 21 for post 94', 21);
INSERT INTO read_comments (comment, post_id) VALUES ('Comment 21 for post 94', 21);
INSERT INTO write_comments (comment, post_id) VALUES ('Comment 22 for post 94', 22);
INSERT INTO read_comments (comment, post_id) VALUES ('Comment 22 for post 94', 22);
INSERT INTO write_comments (comment, post_id) VALUES ('Comment 23 for post 94', 23);
INSERT INTO read_comments (comment, post_id) VALUES ('Comment 23 for post 94', 23);
INSERT INTO write_comments (comment, post_id) VALUES ('Comment 24 for post 94', 24);
INSERT INTO read_comments (comment, post_id) VALUES ('Comment 24 for post 94', 24);
INSERT INTO write_comments (comment, post_id) VALUES ('Comment 25 for post 94', 25);
INSERT INTO read_comments (comment, post_id) VALUES ('Comment 25 for post 94', 25);
INSERT INTO write_comments (comment, post_id) VALUES ('Comment 26 for post 94', 26);
INSERT INTO read_comments (comment, post_id) VALUES ('Comment 26 for post 94', 26);
INSERT INTO write_comments (comment, post_id) VALUES ('Comment 27 for post 94', 27);
INSERT INTO read_comments (comment, post_id) VALUES ('Comment 27 for post 94', 27);
INSERT INTO write_comments (comment, post_id) VALUES ('Comment 28 for post 94', 28);
INSERT INTO read_comments (comment, post_id) VALUES ('Comment 28 for post 94', 28);
INSERT INTO write_comments (comment, post_id) VALUES ('Comment 29 for post 94', 29);
INSERT INTO read_comments (comment, post_id) VALUES ('Comment 29 for post 94', 29);
INSERT INTO write_comments (comment, post_id) VALUES ('Comment 30 for post 94', 30);
INSERT INTO read_comments (comment, post_id) VALUES ('Comment 30 for post 94', 30);
INSERT INTO write_comments (comment, post_id) VALUES ('Comment 31 for post 94', 31);
INSERT INTO read_comments (comment, post_id) VALUES ('Comment 31 for post 94', 31);
INSERT INTO write_comments (comment, post_id) VALUES ('Comment 32 for post 94', 32);
INSERT INTO read_comments (comment, post_id) VALUES ('Comment 32 for post 94', 32);
INSERT INTO write_comments (comment, post_id) VALUES ('Comment 33 for post 94', 33);
INSERT INTO read_comments (comment, post_id) VALUES ('Comment 33 for post 94', 33);
INSERT INTO write_comments (comment, post_id) VALUES ('Comment 34 for post 94', 34);
INSERT INTO read_comments (comment, post_id) VALUES ('Comment 34 for post 94', 34);
INSERT INTO write_comments (comment, post_id) VALUES ('Comment 35 for post 94', 35);
INSERT INTO read_comments (comment, post_id) VALUES ('Comment 35 for post 94', 35);
INSERT INTO write_comments (comment, post_id) VALUES ('Comment 36 for post 94', 36);
INSERT INTO read_comments (comment, post_id) VALUES ('Comment 36 for post 94', 36);
INSERT INTO write_comments (comment, post_id) VALUES ('Comment 37 for post 94', 37);
INSERT INTO read_comments (comment, post_id) VALUES ('Comment 37 for post 94', 37);
INSERT INTO write_comments (comment, post_id) VALUES ('Comment 38 for post 94', 38);
INSERT INTO read_comments (comment, post_id) VALUES ('Comment 38 for post 94', 38);
INSERT INTO write_comments (comment, post_id) VALUES ('Comment 39 for post 94', 39);
INSERT INTO read_comments (comment, post_id) VALUES ('Comment 39 for post 94', 39);
INSERT INTO write_comments (comment, post_id) VALUES ('Comment 40 for post 94', 40);
INSERT INTO read_comments (comment, post_id) VALUES ('Comment 40 for post 94', 40);
INSERT INTO write_comments (comment, post_id) VALUES ('Comment 41 for post 94', 41);
INSERT INTO read_comments (comment, post_id) VALUES ('Comment 41 for post 94', 41);
INSERT INTO write_comments (comment, post_id) VALUES ('Comment 42 for post 94', 42);
INSERT INTO read_comments (comment, post_id) VALUES ('Comment 42 for post 94', 42);
INSERT INTO write_comments (comment, post_id) VALUES ('Comment 43 for post 94', 43);
INSERT INTO read_comments (comment, post_id) VALUES ('Comment 43 for post 94', 43);
INSERT INTO write_comments (comment, post_id) VALUES ('Comment 44 for post 94', 44);
INSERT INTO read_comments (comment, post_id) VALUES ('Comment 44 for post 94', 44);
INSERT INTO write_comments (comment, post_id) VALUES ('Comment 45 for post 94', 45);
INSERT INTO read_comments (comment, post_id) VALUES ('Comment 45 for post 94', 45);
INSERT INTO write_comments (comment, post_id) VALUES ('Comment 46 for post 94', 46);
INSERT INTO read_comments (comment, post_id) VALUES ('Comment 46 for post 94', 46);
INSERT INTO write_comments (comment, post_id) VALUES ('Comment 47 for post 94', 47);
INSERT INTO read_comments (comment, post_id) VALUES ('Comment 47 for post 94', 47);
INSERT INTO write_comments (comment, post_id) VALUES ('Comment 48 for post 94', 48);
INSERT INTO read_comments (comment, post_id) VALUES ('Comment 48 for post 94', 48);
INSERT INTO write_comments (comment, post_id) VALUES ('Comment 49 for post 94', 49);
INSERT INTO read_comments (comment, post_id) VALUES ('Comment 49 for post 94', 49);
INSERT INTO write_comments (comment, post_id) VALUES ('Comment 50 for post 94', 50);
INSERT INTO read_comments (comment, post_id) VALUES ('Comment 50 for post 94', 50);
INSERT INTO write_comments (comment, post_id) VALUES ('Comment 51 for post 94', 51);
INSERT INTO read_comments (comment, post_id) VALUES ('Comment 51 for post 94', 51);
INSERT INTO write_comments (comment, post_id) VALUES ('Comment 52 for post 94', 52);
INSERT INTO read_comments (comment, post_id) VALUES ('Comment 52 for post 94', 52);
INSERT INTO write_comments (comment, post_id) VALUES ('Comment 53 for post 94', 53);
INSERT INTO read_comments (comment, post_id) VALUES ('Comment 53 for post 94', 53);
INSERT INTO write_comments (comment, post_id) VALUES ('Comment 54 for post 94', 54);
INSERT INTO read_comments (comment, post_id) VALUES ('Comment 54 for post 94', 54);
INSERT INTO write_comments (comment, post_id) VALUES ('Comment 55 for post 94', 55);
INSERT INTO read_comments (comment, post_id) VALUES ('Comment 55 for post 94', 55);
INSERT INTO write_comments (comment, post_id) VALUES ('Comment 56 for post 94', 56);
INSERT INTO read_comments (comment, post_id) VALUES ('Comment 56 for post 94', 56);
INSERT INTO write_comments (comment, post_id) VALUES ('Comment 57 for post 94', 57);
INSERT INTO read_comments (comment, post_id) VALUES ('Comment 57 for post 94', 57);
INSERT INTO write_comments (comment, post_id) VALUES ('Comment 58 for post 94', 58);
INSERT INTO read_comments (comment, post_id) VALUES ('Comment 58 for post 94', 58);
INSERT INTO write_comments (comment, post_id) VALUES ('Comment 59 for post 94', 59);
INSERT INTO read_comments (comment, post_id) VALUES ('Comment 59 for post 94', 59);
INSERT INTO write_comments (comment, post_id) VALUES ('Comment 60 for post 94', 60);
INSERT INTO read_comments (comment, post_id) VALUES ('Comment 60 for post 94', 60);
INSERT INTO write_comments (comment, post_id) VALUES ('Comment 61 for post 94', 61);
INSERT INTO read_comments (comment, post_id) VALUES ('Comment 61 for post 94', 61);
INSERT INTO write_comments (comment, post_id) VALUES ('Comment 62 for post 94', 62);
INSERT INTO read_comments (comment, post_id) VALUES ('Comment 62 for post 94', 62);
INSERT INTO write_comments (comment, post_id) VALUES ('Comment 63 for post 94', 63);
INSERT INTO read_comments (comment, post_id) VALUES ('Comment 63 for post 94', 63);
INSERT INTO write_comments (comment, post_id) VALUES ('Comment 64 for post 94', 64);
INSERT INTO read_comments (comment, post_id) VALUES ('Comment 64 for post 94', 64);
INSERT INTO write_comments (comment, post_id) VALUES ('Comment 65 for post 94', 65);
INSERT INTO read_comments (comment, post_id) VALUES ('Comment 65 for post 94', 65);
INSERT INTO write_comments (comment, post_id) VALUES ('Comment 66 for post 94', 66);
INSERT INTO read_comments (comment, post_id) VALUES ('Comment 66 for post 94', 66);
INSERT INTO write_comments (comment, post_id) VALUES ('Comment 67 for post 94', 67);
INSERT INTO read_comments (comment, post_id) VALUES ('Comment 67 for post 94', 67);
INSERT INTO write_comments (comment, post_id) VALUES ('Comment 68 for post 94', 68);
INSERT INTO read_comments (comment, post_id) VALUES ('Comment 68 for post 94', 68);
INSERT INTO write_comments (comment, post_id) VALUES ('Comment 69 for post 94', 69);
INSERT INTO read_comments (comment, post_id) VALUES ('Comment 69 for post 94', 69);
INSERT INTO write_comments (comment, post_id) VALUES ('Comment 70 for post 94', 70);
INSERT INTO read_comments (comment, post_id) VALUES ('Comment 70 for post 94', 70);
INSERT INTO write_comments (comment, post_id) VALUES ('Comment 71 for post 94', 71);
INSERT INTO read_comments (comment, post_id) VALUES ('Comment 71 for post 94', 71);
INSERT INTO write_comments (comment, post_id) VALUES ('Comment 72 for post 94', 72);
INSERT INTO read_comments (comment, post_id) VALUES ('Comment 72 for post 94', 72);
INSERT INTO write_comments (comment, post_id) VALUES ('Comment 73 for post 94', 73);
INSERT INTO read_comments (comment, post_id) VALUES ('Comment 73 for post 94', 73);
INSERT INTO write_comments (comment, post_id) VALUES ('Comment 74 for post 94', 74);
INSERT INTO read_comments (comment, post_id) VALUES ('Comment 74 for post 94', 74);
INSERT INTO write_comments (comment, post_id) VALUES ('Comment 75 for post 94', 75);
INSERT INTO read_comments (comment, post_id) VALUES ('Comment 75 for post 94', 75);
INSERT INTO write_comments (comment, post_id) VALUES ('Comment 76 for post 94', 76);
INSERT INTO read_comments (comment, post_id) VALUES ('Comment 76 for post 94', 76);
INSERT INTO write_comments (comment, post_id) VALUES ('Comment 77 for post 94', 77);
INSERT INTO read_comments (comment, post_id) VALUES ('Comment 77 for post 94', 77);
INSERT INTO write_comments (comment, post_id) VALUES ('Comment 78 for post 94', 78);
INSERT INTO read_comments (comment, post_id) VALUES ('Comment 78 for post 94', 78);
INSERT INTO write_comments (comment, post_id) VALUES ('Comment 79 for post 94', 79);
INSERT INTO read_comments (comment, post_id) VALUES ('Comment 79 for post 94', 79);
INSERT INTO write_comments (comment, post_id) VALUES ('Comment 80 for post 94', 80);
INSERT INTO read_comments (comment, post_id) VALUES ('Comment 80 for post 94', 80);
INSERT INTO write_comments (comment, post_id) VALUES ('Comment 81 for post 94', 81);
INSERT INTO read_comments (comment, post_id) VALUES ('Comment 81 for post 94', 81);
INSERT INTO write_comments (comment, post_id) VALUES ('Comment 82 for post 94', 82);
INSERT INTO read_comments (comment, post_id) VALUES ('Comment 82 for post 94', 82);
INSERT INTO write_comments (comment, post_id) VALUES ('Comment 83 for post 94', 83);
INSERT INTO read_comments (comment, post_id) VALUES ('Comment 83 for post 94', 83);
INSERT INTO write_comments (comment, post_id) VALUES ('Comment 84 for post 94', 84);
INSERT INTO read_comments (comment, post_id) VALUES ('Comment 84 for post 94', 84);
INSERT INTO write_comments (comment, post_id) VALUES ('Comment 85 for post 94', 85);
INSERT INTO read_comments (comment, post_id) VALUES ('Comment 85 for post 94', 85);
INSERT INTO write_comments (comment, post_id) VALUES ('Comment 86 for post 94', 86);
INSERT INTO read_comments (comment, post_id) VALUES ('Comment 86 for post 94', 86);
INSERT INTO write_comments (comment, post_id) VALUES ('Comment 87 for post 94', 87);
INSERT INTO read_comments (comment, post_id) VALUES ('Comment 87 for post 94', 87);
INSERT INTO write_comments (comment, post_id) VALUES ('Comment 88 for post 94', 88);
INSERT INTO read_comments (comment, post_id) VALUES ('Comment 88 for post 94', 88);
INSERT INTO write_comments (comment, post_id) VALUES ('Comment 89 for post 94', 89);
INSERT INTO read_comments (comment, post_id) VALUES ('Comment 89 for post 94', 89);
INSERT INTO write_comments (comment, post_id) VALUES ('Comment 90 for post 94', 90);
INSERT INTO read_comments (comment, post_id) VALUES ('Comment 90 for post 94', 90);
INSERT INTO write_comments (comment, post_id) VALUES ('Comment 91 for post 94', 91);
INSERT INTO read_comments (comment, post_id) VALUES ('Comment 91 for post 94', 91);
INSERT INTO write_comments (comment, post_id) VALUES ('Comment 92 for post 94', 92);
INSERT INTO read_comments (comment, post_id) VALUES ('Comment 92 for post 94', 92);
INSERT INTO write_comments (comment, post_id) VALUES ('Comment 93 for post 94', 93);
INSERT INTO read_comments (comment, post_id) VALUES ('Comment 93 for post 94', 93);
INSERT INTO write_comments (comment, post_id) VALUES ('Comment 94 for post 94', 94);
INSERT INTO read_comments (comment, post_id) VALUES ('Comment 94 for post 94', 94);
INSERT INTO write_comments (comment, post_id) VALUES ('Comment 95 for post 94', 95);
INSERT INTO read_comments (comment, post_id) VALUES ('Comment 95 for post 94', 95);
INSERT INTO write_comments (comment, post_id) VALUES ('Comment 96 for post 94', 96);
INSERT INTO read_comments (comment, post_id) VALUES ('Comment 96 for post 94', 96);
INSERT INTO write_comments (comment, post_id) VALUES ('Comment 97 for post 94', 97);
INSERT INTO read_comments (comment, post_id) VALUES ('Comment 97 for post 94', 97);
INSERT INTO write_comments (comment, post_id) VALUES ('Comment 98 for post 94', 98);
INSERT INTO read_comments (comment, post_id) VALUES ('Comment 98 for post 94', 98);
INSERT INTO write_comments (comment, post_id) VALUES ('Comment 99 for post 94', 99);
INSERT INTO read_comments (comment, post_id) VALUES ('Comment 99 for post 94', 99);
INSERT INTO write_comments (comment, post_id) VALUES ('Comment 100 for post 94', 100);
INSERT INTO read_comments (comment, post_id) VALUES ('Comment 100 for post 94', 100);
INSERT INTO write_comments (comment, post_id) VALUES ('Comment 1 for post 95', 1);
INSERT INTO read_comments (comment, post_id) VALUES ('Comment 1 for post 95', 1);
INSERT INTO write_comments (comment, post_id) VALUES ('Comment 2 for post 95', 2);
INSERT INTO read_comments (comment, post_id) VALUES ('Comment 2 for post 95', 2);
INSERT INTO write_comments (comment, post_id) VALUES ('Comment 3 for post 95', 3);
INSERT INTO read_comments (comment, post_id) VALUES ('Comment 3 for post 95', 3);
INSERT INTO write_comments (comment, post_id) VALUES ('Comment 4 for post 95', 4);
INSERT INTO read_comments (comment, post_id) VALUES ('Comment 4 for post 95', 4);
INSERT INTO write_comments (comment, post_id) VALUES ('Comment 5 for post 95', 5);
INSERT INTO read_comments (comment, post_id) VALUES ('Comment 5 for post 95', 5);
INSERT INTO write_comments (comment, post_id) VALUES ('Comment 6 for post 95', 6);
INSERT INTO read_comments (comment, post_id) VALUES ('Comment 6 for post 95', 6);
INSERT INTO write_comments (comment, post_id) VALUES ('Comment 7 for post 95', 7);
INSERT INTO read_comments (comment, post_id) VALUES ('Comment 7 for post 95', 7);
INSERT INTO write_comments (comment, post_id) VALUES ('Comment 8 for post 95', 8);
INSERT INTO read_comments (comment, post_id) VALUES ('Comment 8 for post 95', 8);
INSERT INTO write_comments (comment, post_id) VALUES ('Comment 9 for post 95', 9);
INSERT INTO read_comments (comment, post_id) VALUES ('Comment 9 for post 95', 9);
INSERT INTO write_comments (comment, post_id) VALUES ('Comment 10 for post 95', 10);
INSERT INTO read_comments (comment, post_id) VALUES ('Comment 10 for post 95', 10);
INSERT INTO write_comments (comment, post_id) VALUES ('Comment 11 for post 95', 11);
INSERT INTO read_comments (comment, post_id) VALUES ('Comment 11 for post 95', 11);
INSERT INTO write_comments (comment, post_id) VALUES ('Comment 12 for post 95', 12);
INSERT INTO read_comments (comment, post_id) VALUES ('Comment 12 for post 95', 12);
INSERT INTO write_comments (comment, post_id) VALUES ('Comment 13 for post 95', 13);
INSERT INTO read_comments (comment, post_id) VALUES ('Comment 13 for post 95', 13);
INSERT INTO write_comments (comment, post_id) VALUES ('Comment 14 for post 95', 14);
INSERT INTO read_comments (comment, post_id) VALUES ('Comment 14 for post 95', 14);
INSERT INTO write_comments (comment, post_id) VALUES ('Comment 15 for post 95', 15);
INSERT INTO read_comments (comment, post_id) VALUES ('Comment 15 for post 95', 15);
INSERT INTO write_comments (comment, post_id) VALUES ('Comment 16 for post 95', 16);
INSERT INTO read_comments (comment, post_id) VALUES ('Comment 16 for post 95', 16);
INSERT INTO write_comments (comment, post_id) VALUES ('Comment 17 for post 95', 17);
INSERT INTO read_comments (comment, post_id) VALUES ('Comment 17 for post 95', 17);
INSERT INTO write_comments (comment, post_id) VALUES ('Comment 18 for post 95', 18);
INSERT INTO read_comments (comment, post_id) VALUES ('Comment 18 for post 95', 18);
INSERT INTO write_comments (comment, post_id) VALUES ('Comment 19 for post 95', 19);
INSERT INTO read_comments (comment, post_id) VALUES ('Comment 19 for post 95', 19);
INSERT INTO write_comments (comment, post_id) VALUES ('Comment 20 for post 95', 20);
INSERT INTO read_comments (comment, post_id) VALUES ('Comment 20 for post 95', 20);
INSERT INTO write_comments (comment, post_id) VALUES ('Comment 21 for post 95', 21);
INSERT INTO read_comments (comment, post_id) VALUES ('Comment 21 for post 95', 21);
INSERT INTO write_comments (comment, post_id) VALUES ('Comment 22 for post 95', 22);
INSERT INTO read_comments (comment, post_id) VALUES ('Comment 22 for post 95', 22);
INSERT INTO write_comments (comment, post_id) VALUES ('Comment 23 for post 95', 23);
INSERT INTO read_comments (comment, post_id) VALUES ('Comment 23 for post 95', 23);
INSERT INTO write_comments (comment, post_id) VALUES ('Comment 24 for post 95', 24);
INSERT INTO read_comments (comment, post_id) VALUES ('Comment 24 for post 95', 24);
INSERT INTO write_comments (comment, post_id) VALUES ('Comment 25 for post 95', 25);
INSERT INTO read_comments (comment, post_id) VALUES ('Comment 25 for post 95', 25);
INSERT INTO write_comments (comment, post_id) VALUES ('Comment 26 for post 95', 26);
INSERT INTO read_comments (comment, post_id) VALUES ('Comment 26 for post 95', 26);
INSERT INTO write_comments (comment, post_id) VALUES ('Comment 27 for post 95', 27);
INSERT INTO read_comments (comment, post_id) VALUES ('Comment 27 for post 95', 27);
INSERT INTO write_comments (comment, post_id) VALUES ('Comment 28 for post 95', 28);
INSERT INTO read_comments (comment, post_id) VALUES ('Comment 28 for post 95', 28);
INSERT INTO write_comments (comment, post_id) VALUES ('Comment 29 for post 95', 29);
INSERT INTO read_comments (comment, post_id) VALUES ('Comment 29 for post 95', 29);
INSERT INTO write_comments (comment, post_id) VALUES ('Comment 30 for post 95', 30);
INSERT INTO read_comments (comment, post_id) VALUES ('Comment 30 for post 95', 30);
INSERT INTO write_comments (comment, post_id) VALUES ('Comment 31 for post 95', 31);
INSERT INTO read_comments (comment, post_id) VALUES ('Comment 31 for post 95', 31);
INSERT INTO write_comments (comment, post_id) VALUES ('Comment 32 for post 95', 32);
INSERT INTO read_comments (comment, post_id) VALUES ('Comment 32 for post 95', 32);
INSERT INTO write_comments (comment, post_id) VALUES ('Comment 33 for post 95', 33);
INSERT INTO read_comments (comment, post_id) VALUES ('Comment 33 for post 95', 33);
INSERT INTO write_comments (comment, post_id) VALUES ('Comment 34 for post 95', 34);
INSERT INTO read_comments (comment, post_id) VALUES ('Comment 34 for post 95', 34);
INSERT INTO write_comments (comment, post_id) VALUES ('Comment 35 for post 95', 35);
INSERT INTO read_comments (comment, post_id) VALUES ('Comment 35 for post 95', 35);
INSERT INTO write_comments (comment, post_id) VALUES ('Comment 36 for post 95', 36);
INSERT INTO read_comments (comment, post_id) VALUES ('Comment 36 for post 95', 36);
INSERT INTO write_comments (comment, post_id) VALUES ('Comment 37 for post 95', 37);
INSERT INTO read_comments (comment, post_id) VALUES ('Comment 37 for post 95', 37);
INSERT INTO write_comments (comment, post_id) VALUES ('Comment 38 for post 95', 38);
INSERT INTO read_comments (comment, post_id) VALUES ('Comment 38 for post 95', 38);
INSERT INTO write_comments (comment, post_id) VALUES ('Comment 39 for post 95', 39);
INSERT INTO read_comments (comment, post_id) VALUES ('Comment 39 for post 95', 39);
INSERT INTO write_comments (comment, post_id) VALUES ('Comment 40 for post 95', 40);
INSERT INTO read_comments (comment, post_id) VALUES ('Comment 40 for post 95', 40);
INSERT INTO write_comments (comment, post_id) VALUES ('Comment 41 for post 95', 41);
INSERT INTO read_comments (comment, post_id) VALUES ('Comment 41 for post 95', 41);
INSERT INTO write_comments (comment, post_id) VALUES ('Comment 42 for post 95', 42);
INSERT INTO read_comments (comment, post_id) VALUES ('Comment 42 for post 95', 42);
INSERT INTO write_comments (comment, post_id) VALUES ('Comment 43 for post 95', 43);
INSERT INTO read_comments (comment, post_id) VALUES ('Comment 43 for post 95', 43);
INSERT INTO write_comments (comment, post_id) VALUES ('Comment 44 for post 95', 44);
INSERT INTO read_comments (comment, post_id) VALUES ('Comment 44 for post 95', 44);
INSERT INTO write_comments (comment, post_id) VALUES ('Comment 45 for post 95', 45);
INSERT INTO read_comments (comment, post_id) VALUES ('Comment 45 for post 95', 45);
INSERT INTO write_comments (comment, post_id) VALUES ('Comment 46 for post 95', 46);
INSERT INTO read_comments (comment, post_id) VALUES ('Comment 46 for post 95', 46);
INSERT INTO write_comments (comment, post_id) VALUES ('Comment 47 for post 95', 47);
INSERT INTO read_comments (comment, post_id) VALUES ('Comment 47 for post 95', 47);
INSERT INTO write_comments (comment, post_id) VALUES ('Comment 48 for post 95', 48);
INSERT INTO read_comments (comment, post_id) VALUES ('Comment 48 for post 95', 48);
INSERT INTO write_comments (comment, post_id) VALUES ('Comment 49 for post 95', 49);
INSERT INTO read_comments (comment, post_id) VALUES ('Comment 49 for post 95', 49);
INSERT INTO write_comments (comment, post_id) VALUES ('Comment 50 for post 95', 50);
INSERT INTO read_comments (comment, post_id) VALUES ('Comment 50 for post 95', 50);
INSERT INTO write_comments (comment, post_id) VALUES ('Comment 51 for post 95', 51);
INSERT INTO read_comments (comment, post_id) VALUES ('Comment 51 for post 95', 51);
INSERT INTO write_comments (comment, post_id) VALUES ('Comment 52 for post 95', 52);
INSERT INTO read_comments (comment, post_id) VALUES ('Comment 52 for post 95', 52);
INSERT INTO write_comments (comment, post_id) VALUES ('Comment 53 for post 95', 53);
INSERT INTO read_comments (comment, post_id) VALUES ('Comment 53 for post 95', 53);
INSERT INTO write_comments (comment, post_id) VALUES ('Comment 54 for post 95', 54);
INSERT INTO read_comments (comment, post_id) VALUES ('Comment 54 for post 95', 54);
INSERT INTO write_comments (comment, post_id) VALUES ('Comment 55 for post 95', 55);
INSERT INTO read_comments (comment, post_id) VALUES ('Comment 55 for post 95', 55);
INSERT INTO write_comments (comment, post_id) VALUES ('Comment 56 for post 95', 56);
INSERT INTO read_comments (comment, post_id) VALUES ('Comment 56 for post 95', 56);
INSERT INTO write_comments (comment, post_id) VALUES ('Comment 57 for post 95', 57);
INSERT INTO read_comments (comment, post_id) VALUES ('Comment 57 for post 95', 57);
INSERT INTO write_comments (comment, post_id) VALUES ('Comment 58 for post 95', 58);
INSERT INTO read_comments (comment, post_id) VALUES ('Comment 58 for post 95', 58);
INSERT INTO write_comments (comment, post_id) VALUES ('Comment 59 for post 95', 59);
INSERT INTO read_comments (comment, post_id) VALUES ('Comment 59 for post 95', 59);
INSERT INTO write_comments (comment, post_id) VALUES ('Comment 60 for post 95', 60);
INSERT INTO read_comments (comment, post_id) VALUES ('Comment 60 for post 95', 60);
INSERT INTO write_comments (comment, post_id) VALUES ('Comment 61 for post 95', 61);
INSERT INTO read_comments (comment, post_id) VALUES ('Comment 61 for post 95', 61);
INSERT INTO write_comments (comment, post_id) VALUES ('Comment 62 for post 95', 62);
INSERT INTO read_comments (comment, post_id) VALUES ('Comment 62 for post 95', 62);
INSERT INTO write_comments (comment, post_id) VALUES ('Comment 63 for post 95', 63);
INSERT INTO read_comments (comment, post_id) VALUES ('Comment 63 for post 95', 63);
INSERT INTO write_comments (comment, post_id) VALUES ('Comment 64 for post 95', 64);
INSERT INTO read_comments (comment, post_id) VALUES ('Comment 64 for post 95', 64);
INSERT INTO write_comments (comment, post_id) VALUES ('Comment 65 for post 95', 65);
INSERT INTO read_comments (comment, post_id) VALUES ('Comment 65 for post 95', 65);
INSERT INTO write_comments (comment, post_id) VALUES ('Comment 66 for post 95', 66);
INSERT INTO read_comments (comment, post_id) VALUES ('Comment 66 for post 95', 66);
INSERT INTO write_comments (comment, post_id) VALUES ('Comment 67 for post 95', 67);
INSERT INTO read_comments (comment, post_id) VALUES ('Comment 67 for post 95', 67);
INSERT INTO write_comments (comment, post_id) VALUES ('Comment 68 for post 95', 68);
INSERT INTO read_comments (comment, post_id) VALUES ('Comment 68 for post 95', 68);
INSERT INTO write_comments (comment, post_id) VALUES ('Comment 69 for post 95', 69);
INSERT INTO read_comments (comment, post_id) VALUES ('Comment 69 for post 95', 69);
INSERT INTO write_comments (comment, post_id) VALUES ('Comment 70 for post 95', 70);
INSERT INTO read_comments (comment, post_id) VALUES ('Comment 70 for post 95', 70);
INSERT INTO write_comments (comment, post_id) VALUES ('Comment 71 for post 95', 71);
INSERT INTO read_comments (comment, post_id) VALUES ('Comment 71 for post 95', 71);
INSERT INTO write_comments (comment, post_id) VALUES ('Comment 72 for post 95', 72);
INSERT INTO read_comments (comment, post_id) VALUES ('Comment 72 for post 95', 72);
INSERT INTO write_comments (comment, post_id) VALUES ('Comment 73 for post 95', 73);
INSERT INTO read_comments (comment, post_id) VALUES ('Comment 73 for post 95', 73);
INSERT INTO write_comments (comment, post_id) VALUES ('Comment 74 for post 95', 74);
INSERT INTO read_comments (comment, post_id) VALUES ('Comment 74 for post 95', 74);
INSERT INTO write_comments (comment, post_id) VALUES ('Comment 75 for post 95', 75);
INSERT INTO read_comments (comment, post_id) VALUES ('Comment 75 for post 95', 75);
INSERT INTO write_comments (comment, post_id) VALUES ('Comment 76 for post 95', 76);
INSERT INTO read_comments (comment, post_id) VALUES ('Comment 76 for post 95', 76);
INSERT INTO write_comments (comment, post_id) VALUES ('Comment 77 for post 95', 77);
INSERT INTO read_comments (comment, post_id) VALUES ('Comment 77 for post 95', 77);
INSERT INTO write_comments (comment, post_id) VALUES ('Comment 78 for post 95', 78);
INSERT INTO read_comments (comment, post_id) VALUES ('Comment 78 for post 95', 78);
INSERT INTO write_comments (comment, post_id) VALUES ('Comment 79 for post 95', 79);
INSERT INTO read_comments (comment, post_id) VALUES ('Comment 79 for post 95', 79);
INSERT INTO write_comments (comment, post_id) VALUES ('Comment 80 for post 95', 80);
INSERT INTO read_comments (comment, post_id) VALUES ('Comment 80 for post 95', 80);
INSERT INTO write_comments (comment, post_id) VALUES ('Comment 81 for post 95', 81);
INSERT INTO read_comments (comment, post_id) VALUES ('Comment 81 for post 95', 81);
INSERT INTO write_comments (comment, post_id) VALUES ('Comment 82 for post 95', 82);
INSERT INTO read_comments (comment, post_id) VALUES ('Comment 82 for post 95', 82);
INSERT INTO write_comments (comment, post_id) VALUES ('Comment 83 for post 95', 83);
INSERT INTO read_comments (comment, post_id) VALUES ('Comment 83 for post 95', 83);
INSERT INTO write_comments (comment, post_id) VALUES ('Comment 84 for post 95', 84);
INSERT INTO read_comments (comment, post_id) VALUES ('Comment 84 for post 95', 84);
INSERT INTO write_comments (comment, post_id) VALUES ('Comment 85 for post 95', 85);
INSERT INTO read_comments (comment, post_id) VALUES ('Comment 85 for post 95', 85);
INSERT INTO write_comments (comment, post_id) VALUES ('Comment 86 for post 95', 86);
INSERT INTO read_comments (comment, post_id) VALUES ('Comment 86 for post 95', 86);
INSERT INTO write_comments (comment, post_id) VALUES ('Comment 87 for post 95', 87);
INSERT INTO read_comments (comment, post_id) VALUES ('Comment 87 for post 95', 87);
INSERT INTO write_comments (comment, post_id) VALUES ('Comment 88 for post 95', 88);
INSERT INTO read_comments (comment, post_id) VALUES ('Comment 88 for post 95', 88);
INSERT INTO write_comments (comment, post_id) VALUES ('Comment 89 for post 95', 89);
INSERT INTO read_comments (comment, post_id) VALUES ('Comment 89 for post 95', 89);
INSERT INTO write_comments (comment, post_id) VALUES ('Comment 90 for post 95', 90);
INSERT INTO read_comments (comment, post_id) VALUES ('Comment 90 for post 95', 90);
INSERT INTO write_comments (comment, post_id) VALUES ('Comment 91 for post 95', 91);
INSERT INTO read_comments (comment, post_id) VALUES ('Comment 91 for post 95', 91);
INSERT INTO write_comments (comment, post_id) VALUES ('Comment 92 for post 95', 92);
INSERT INTO read_comments (comment, post_id) VALUES ('Comment 92 for post 95', 92);
INSERT INTO write_comments (comment, post_id) VALUES ('Comment 93 for post 95', 93);
INSERT INTO read_comments (comment, post_id) VALUES ('Comment 93 for post 95', 93);
INSERT INTO write_comments (comment, post_id) VALUES ('Comment 94 for post 95', 94);
INSERT INTO read_comments (comment, post_id) VALUES ('Comment 94 for post 95', 94);
INSERT INTO write_comments (comment, post_id) VALUES ('Comment 95 for post 95', 95);
INSERT INTO read_comments (comment, post_id) VALUES ('Comment 95 for post 95', 95);
INSERT INTO write_comments (comment, post_id) VALUES ('Comment 96 for post 95', 96);
INSERT INTO read_comments (comment, post_id) VALUES ('Comment 96 for post 95', 96);
INSERT INTO write_comments (comment, post_id) VALUES ('Comment 97 for post 95', 97);
INSERT INTO read_comments (comment, post_id) VALUES ('Comment 97 for post 95', 97);
INSERT INTO write_comments (comment, post_id) VALUES ('Comment 98 for post 95', 98);
INSERT INTO read_comments (comment, post_id) VALUES ('Comment 98 for post 95', 98);
INSERT INTO write_comments (comment, post_id) VALUES ('Comment 99 for post 95', 99);
INSERT INTO read_comments (comment, post_id) VALUES ('Comment 99 for post 95', 99);
INSERT INTO write_comments (comment, post_id) VALUES ('Comment 100 for post 95', 100);
INSERT INTO read_comments (comment, post_id) VALUES ('Comment 100 for post 95', 100);
INSERT INTO write_comments (comment, post_id) VALUES ('Comment 1 for post 96', 1);
INSERT INTO read_comments (comment, post_id) VALUES ('Comment 1 for post 96', 1);
INSERT INTO write_comments (comment, post_id) VALUES ('Comment 2 for post 96', 2);
INSERT INTO read_comments (comment, post_id) VALUES ('Comment 2 for post 96', 2);
INSERT INTO write_comments (comment, post_id) VALUES ('Comment 3 for post 96', 3);
INSERT INTO read_comments (comment, post_id) VALUES ('Comment 3 for post 96', 3);
INSERT INTO write_comments (comment, post_id) VALUES ('Comment 4 for post 96', 4);
INSERT INTO read_comments (comment, post_id) VALUES ('Comment 4 for post 96', 4);
INSERT INTO write_comments (comment, post_id) VALUES ('Comment 5 for post 96', 5);
INSERT INTO read_comments (comment, post_id) VALUES ('Comment 5 for post 96', 5);
INSERT INTO write_comments (comment, post_id) VALUES ('Comment 6 for post 96', 6);
INSERT INTO read_comments (comment, post_id) VALUES ('Comment 6 for post 96', 6);
INSERT INTO write_comments (comment, post_id) VALUES ('Comment 7 for post 96', 7);
INSERT INTO read_comments (comment, post_id) VALUES ('Comment 7 for post 96', 7);
INSERT INTO write_comments (comment, post_id) VALUES ('Comment 8 for post 96', 8);
INSERT INTO read_comments (comment, post_id) VALUES ('Comment 8 for post 96', 8);
INSERT INTO write_comments (comment, post_id) VALUES ('Comment 9 for post 96', 9);
INSERT INTO read_comments (comment, post_id) VALUES ('Comment 9 for post 96', 9);
INSERT INTO write_comments (comment, post_id) VALUES ('Comment 10 for post 96', 10);
INSERT INTO read_comments (comment, post_id) VALUES ('Comment 10 for post 96', 10);
INSERT INTO write_comments (comment, post_id) VALUES ('Comment 11 for post 96', 11);
INSERT INTO read_comments (comment, post_id) VALUES ('Comment 11 for post 96', 11);
INSERT INTO write_comments (comment, post_id) VALUES ('Comment 12 for post 96', 12);
INSERT INTO read_comments (comment, post_id) VALUES ('Comment 12 for post 96', 12);
INSERT INTO write_comments (comment, post_id) VALUES ('Comment 13 for post 96', 13);
INSERT INTO read_comments (comment, post_id) VALUES ('Comment 13 for post 96', 13);
INSERT INTO write_comments (comment, post_id) VALUES ('Comment 14 for post 96', 14);
INSERT INTO read_comments (comment, post_id) VALUES ('Comment 14 for post 96', 14);
INSERT INTO write_comments (comment, post_id) VALUES ('Comment 15 for post 96', 15);
INSERT INTO read_comments (comment, post_id) VALUES ('Comment 15 for post 96', 15);
INSERT INTO write_comments (comment, post_id) VALUES ('Comment 16 for post 96', 16);
INSERT INTO read_comments (comment, post_id) VALUES ('Comment 16 for post 96', 16);
INSERT INTO write_comments (comment, post_id) VALUES ('Comment 17 for post 96', 17);
INSERT INTO read_comments (comment, post_id) VALUES ('Comment 17 for post 96', 17);
INSERT INTO write_comments (comment, post_id) VALUES ('Comment 18 for post 96', 18);
INSERT INTO read_comments (comment, post_id) VALUES ('Comment 18 for post 96', 18);
INSERT INTO write_comments (comment, post_id) VALUES ('Comment 19 for post 96', 19);
INSERT INTO read_comments (comment, post_id) VALUES ('Comment 19 for post 96', 19);
INSERT INTO write_comments (comment, post_id) VALUES ('Comment 20 for post 96', 20);
INSERT INTO read_comments (comment, post_id) VALUES ('Comment 20 for post 96', 20);
INSERT INTO write_comments (comment, post_id) VALUES ('Comment 21 for post 96', 21);
INSERT INTO read_comments (comment, post_id) VALUES ('Comment 21 for post 96', 21);
INSERT INTO write_comments (comment, post_id) VALUES ('Comment 22 for post 96', 22);
INSERT INTO read_comments (comment, post_id) VALUES ('Comment 22 for post 96', 22);
INSERT INTO write_comments (comment, post_id) VALUES ('Comment 23 for post 96', 23);
INSERT INTO read_comments (comment, post_id) VALUES ('Comment 23 for post 96', 23);
INSERT INTO write_comments (comment, post_id) VALUES ('Comment 24 for post 96', 24);
INSERT INTO read_comments (comment, post_id) VALUES ('Comment 24 for post 96', 24);
INSERT INTO write_comments (comment, post_id) VALUES ('Comment 25 for post 96', 25);
INSERT INTO read_comments (comment, post_id) VALUES ('Comment 25 for post 96', 25);
INSERT INTO write_comments (comment, post_id) VALUES ('Comment 26 for post 96', 26);
INSERT INTO read_comments (comment, post_id) VALUES ('Comment 26 for post 96', 26);
INSERT INTO write_comments (comment, post_id) VALUES ('Comment 27 for post 96', 27);
INSERT INTO read_comments (comment, post_id) VALUES ('Comment 27 for post 96', 27);
INSERT INTO write_comments (comment, post_id) VALUES ('Comment 28 for post 96', 28);
INSERT INTO read_comments (comment, post_id) VALUES ('Comment 28 for post 96', 28);
INSERT INTO write_comments (comment, post_id) VALUES ('Comment 29 for post 96', 29);
INSERT INTO read_comments (comment, post_id) VALUES ('Comment 29 for post 96', 29);
INSERT INTO write_comments (comment, post_id) VALUES ('Comment 30 for post 96', 30);
INSERT INTO read_comments (comment, post_id) VALUES ('Comment 30 for post 96', 30);
INSERT INTO write_comments (comment, post_id) VALUES ('Comment 31 for post 96', 31);
INSERT INTO read_comments (comment, post_id) VALUES ('Comment 31 for post 96', 31);
INSERT INTO write_comments (comment, post_id) VALUES ('Comment 32 for post 96', 32);
INSERT INTO read_comments (comment, post_id) VALUES ('Comment 32 for post 96', 32);
INSERT INTO write_comments (comment, post_id) VALUES ('Comment 33 for post 96', 33);
INSERT INTO read_comments (comment, post_id) VALUES ('Comment 33 for post 96', 33);
INSERT INTO write_comments (comment, post_id) VALUES ('Comment 34 for post 96', 34);
INSERT INTO read_comments (comment, post_id) VALUES ('Comment 34 for post 96', 34);
INSERT INTO write_comments (comment, post_id) VALUES ('Comment 35 for post 96', 35);
INSERT INTO read_comments (comment, post_id) VALUES ('Comment 35 for post 96', 35);
INSERT INTO write_comments (comment, post_id) VALUES ('Comment 36 for post 96', 36);
INSERT INTO read_comments (comment, post_id) VALUES ('Comment 36 for post 96', 36);
INSERT INTO write_comments (comment, post_id) VALUES ('Comment 37 for post 96', 37);
INSERT INTO read_comments (comment, post_id) VALUES ('Comment 37 for post 96', 37);
INSERT INTO write_comments (comment, post_id) VALUES ('Comment 38 for post 96', 38);
INSERT INTO read_comments (comment, post_id) VALUES ('Comment 38 for post 96', 38);
INSERT INTO write_comments (comment, post_id) VALUES ('Comment 39 for post 96', 39);
INSERT INTO read_comments (comment, post_id) VALUES ('Comment 39 for post 96', 39);
INSERT INTO write_comments (comment, post_id) VALUES ('Comment 40 for post 96', 40);
INSERT INTO read_comments (comment, post_id) VALUES ('Comment 40 for post 96', 40);
INSERT INTO write_comments (comment, post_id) VALUES ('Comment 41 for post 96', 41);
INSERT INTO read_comments (comment, post_id) VALUES ('Comment 41 for post 96', 41);
INSERT INTO write_comments (comment, post_id) VALUES ('Comment 42 for post 96', 42);
INSERT INTO read_comments (comment, post_id) VALUES ('Comment 42 for post 96', 42);
INSERT INTO write_comments (comment, post_id) VALUES ('Comment 43 for post 96', 43);
INSERT INTO read_comments (comment, post_id) VALUES ('Comment 43 for post 96', 43);
INSERT INTO write_comments (comment, post_id) VALUES ('Comment 44 for post 96', 44);
INSERT INTO read_comments (comment, post_id) VALUES ('Comment 44 for post 96', 44);
INSERT INTO write_comments (comment, post_id) VALUES ('Comment 45 for post 96', 45);
INSERT INTO read_comments (comment, post_id) VALUES ('Comment 45 for post 96', 45);
INSERT INTO write_comments (comment, post_id) VALUES ('Comment 46 for post 96', 46);
INSERT INTO read_comments (comment, post_id) VALUES ('Comment 46 for post 96', 46);
INSERT INTO write_comments (comment, post_id) VALUES ('Comment 47 for post 96', 47);
INSERT INTO read_comments (comment, post_id) VALUES ('Comment 47 for post 96', 47);
INSERT INTO write_comments (comment, post_id) VALUES ('Comment 48 for post 96', 48);
INSERT INTO read_comments (comment, post_id) VALUES ('Comment 48 for post 96', 48);
INSERT INTO write_comments (comment, post_id) VALUES ('Comment 49 for post 96', 49);
INSERT INTO read_comments (comment, post_id) VALUES ('Comment 49 for post 96', 49);
INSERT INTO write_comments (comment, post_id) VALUES ('Comment 50 for post 96', 50);
INSERT INTO read_comments (comment, post_id) VALUES ('Comment 50 for post 96', 50);
INSERT INTO write_comments (comment, post_id) VALUES ('Comment 51 for post 96', 51);
INSERT INTO read_comments (comment, post_id) VALUES ('Comment 51 for post 96', 51);
INSERT INTO write_comments (comment, post_id) VALUES ('Comment 52 for post 96', 52);
INSERT INTO read_comments (comment, post_id) VALUES ('Comment 52 for post 96', 52);
INSERT INTO write_comments (comment, post_id) VALUES ('Comment 53 for post 96', 53);
INSERT INTO read_comments (comment, post_id) VALUES ('Comment 53 for post 96', 53);
INSERT INTO write_comments (comment, post_id) VALUES ('Comment 54 for post 96', 54);
INSERT INTO read_comments (comment, post_id) VALUES ('Comment 54 for post 96', 54);
INSERT INTO write_comments (comment, post_id) VALUES ('Comment 55 for post 96', 55);
INSERT INTO read_comments (comment, post_id) VALUES ('Comment 55 for post 96', 55);
INSERT INTO write_comments (comment, post_id) VALUES ('Comment 56 for post 96', 56);
INSERT INTO read_comments (comment, post_id) VALUES ('Comment 56 for post 96', 56);
INSERT INTO write_comments (comment, post_id) VALUES ('Comment 57 for post 96', 57);
INSERT INTO read_comments (comment, post_id) VALUES ('Comment 57 for post 96', 57);
INSERT INTO write_comments (comment, post_id) VALUES ('Comment 58 for post 96', 58);
INSERT INTO read_comments (comment, post_id) VALUES ('Comment 58 for post 96', 58);
INSERT INTO write_comments (comment, post_id) VALUES ('Comment 59 for post 96', 59);
INSERT INTO read_comments (comment, post_id) VALUES ('Comment 59 for post 96', 59);
INSERT INTO write_comments (comment, post_id) VALUES ('Comment 60 for post 96', 60);
INSERT INTO read_comments (comment, post_id) VALUES ('Comment 60 for post 96', 60);
INSERT INTO write_comments (comment, post_id) VALUES ('Comment 61 for post 96', 61);
INSERT INTO read_comments (comment, post_id) VALUES ('Comment 61 for post 96', 61);
INSERT INTO write_comments (comment, post_id) VALUES ('Comment 62 for post 96', 62);
INSERT INTO read_comments (comment, post_id) VALUES ('Comment 62 for post 96', 62);
INSERT INTO write_comments (comment, post_id) VALUES ('Comment 63 for post 96', 63);
INSERT INTO read_comments (comment, post_id) VALUES ('Comment 63 for post 96', 63);
INSERT INTO write_comments (comment, post_id) VALUES ('Comment 64 for post 96', 64);
INSERT INTO read_comments (comment, post_id) VALUES ('Comment 64 for post 96', 64);
INSERT INTO write_comments (comment, post_id) VALUES ('Comment 65 for post 96', 65);
INSERT INTO read_comments (comment, post_id) VALUES ('Comment 65 for post 96', 65);
INSERT INTO write_comments (comment, post_id) VALUES ('Comment 66 for post 96', 66);
INSERT INTO read_comments (comment, post_id) VALUES ('Comment 66 for post 96', 66);
INSERT INTO write_comments (comment, post_id) VALUES ('Comment 67 for post 96', 67);
INSERT INTO read_comments (comment, post_id) VALUES ('Comment 67 for post 96', 67);
INSERT INTO write_comments (comment, post_id) VALUES ('Comment 68 for post 96', 68);
INSERT INTO read_comments (comment, post_id) VALUES ('Comment 68 for post 96', 68);
INSERT INTO write_comments (comment, post_id) VALUES ('Comment 69 for post 96', 69);
INSERT INTO read_comments (comment, post_id) VALUES ('Comment 69 for post 96', 69);
INSERT INTO write_comments (comment, post_id) VALUES ('Comment 70 for post 96', 70);
INSERT INTO read_comments (comment, post_id) VALUES ('Comment 70 for post 96', 70);
INSERT INTO write_comments (comment, post_id) VALUES ('Comment 71 for post 96', 71);
INSERT INTO read_comments (comment, post_id) VALUES ('Comment 71 for post 96', 71);
INSERT INTO write_comments (comment, post_id) VALUES ('Comment 72 for post 96', 72);
INSERT INTO read_comments (comment, post_id) VALUES ('Comment 72 for post 96', 72);
INSERT INTO write_comments (comment, post_id) VALUES ('Comment 73 for post 96', 73);
INSERT INTO read_comments (comment, post_id) VALUES ('Comment 73 for post 96', 73);
INSERT INTO write_comments (comment, post_id) VALUES ('Comment 74 for post 96', 74);
INSERT INTO read_comments (comment, post_id) VALUES ('Comment 74 for post 96', 74);
INSERT INTO write_comments (comment, post_id) VALUES ('Comment 75 for post 96', 75);
INSERT INTO read_comments (comment, post_id) VALUES ('Comment 75 for post 96', 75);
INSERT INTO write_comments (comment, post_id) VALUES ('Comment 76 for post 96', 76);
INSERT INTO read_comments (comment, post_id) VALUES ('Comment 76 for post 96', 76);
INSERT INTO write_comments (comment, post_id) VALUES ('Comment 77 for post 96', 77);
INSERT INTO read_comments (comment, post_id) VALUES ('Comment 77 for post 96', 77);
INSERT INTO write_comments (comment, post_id) VALUES ('Comment 78 for post 96', 78);
INSERT INTO read_comments (comment, post_id) VALUES ('Comment 78 for post 96', 78);
INSERT INTO write_comments (comment, post_id) VALUES ('Comment 79 for post 96', 79);
INSERT INTO read_comments (comment, post_id) VALUES ('Comment 79 for post 96', 79);
INSERT INTO write_comments (comment, post_id) VALUES ('Comment 80 for post 96', 80);
INSERT INTO read_comments (comment, post_id) VALUES ('Comment 80 for post 96', 80);
INSERT INTO write_comments (comment, post_id) VALUES ('Comment 81 for post 96', 81);
INSERT INTO read_comments (comment, post_id) VALUES ('Comment 81 for post 96', 81);
INSERT INTO write_comments (comment, post_id) VALUES ('Comment 82 for post 96', 82);
INSERT INTO read_comments (comment, post_id) VALUES ('Comment 82 for post 96', 82);
INSERT INTO write_comments (comment, post_id) VALUES ('Comment 83 for post 96', 83);
INSERT INTO read_comments (comment, post_id) VALUES ('Comment 83 for post 96', 83);
INSERT INTO write_comments (comment, post_id) VALUES ('Comment 84 for post 96', 84);
INSERT INTO read_comments (comment, post_id) VALUES ('Comment 84 for post 96', 84);
INSERT INTO write_comments (comment, post_id) VALUES ('Comment 85 for post 96', 85);
INSERT INTO read_comments (comment, post_id) VALUES ('Comment 85 for post 96', 85);
INSERT INTO write_comments (comment, post_id) VALUES ('Comment 86 for post 96', 86);
INSERT INTO read_comments (comment, post_id) VALUES ('Comment 86 for post 96', 86);
INSERT INTO write_comments (comment, post_id) VALUES ('Comment 87 for post 96', 87);
INSERT INTO read_comments (comment, post_id) VALUES ('Comment 87 for post 96', 87);
INSERT INTO write_comments (comment, post_id) VALUES ('Comment 88 for post 96', 88);
INSERT INTO read_comments (comment, post_id) VALUES ('Comment 88 for post 96', 88);
INSERT INTO write_comments (comment, post_id) VALUES ('Comment 89 for post 96', 89);
INSERT INTO read_comments (comment, post_id) VALUES ('Comment 89 for post 96', 89);
INSERT INTO write_comments (comment, post_id) VALUES ('Comment 90 for post 96', 90);
INSERT INTO read_comments (comment, post_id) VALUES ('Comment 90 for post 96', 90);
INSERT INTO write_comments (comment, post_id) VALUES ('Comment 91 for post 96', 91);
INSERT INTO read_comments (comment, post_id) VALUES ('Comment 91 for post 96', 91);
INSERT INTO write_comments (comment, post_id) VALUES ('Comment 92 for post 96', 92);
INSERT INTO read_comments (comment, post_id) VALUES ('Comment 92 for post 96', 92);
INSERT INTO write_comments (comment, post_id) VALUES ('Comment 93 for post 96', 93);
INSERT INTO read_comments (comment, post_id) VALUES ('Comment 93 for post 96', 93);
INSERT INTO write_comments (comment, post_id) VALUES ('Comment 94 for post 96', 94);
INSERT INTO read_comments (comment, post_id) VALUES ('Comment 94 for post 96', 94);
INSERT INTO write_comments (comment, post_id) VALUES ('Comment 95 for post 96', 95);
INSERT INTO read_comments (comment, post_id) VALUES ('Comment 95 for post 96', 95);
INSERT INTO write_comments (comment, post_id) VALUES ('Comment 96 for post 96', 96);
INSERT INTO read_comments (comment, post_id) VALUES ('Comment 96 for post 96', 96);
INSERT INTO write_comments (comment, post_id) VALUES ('Comment 97 for post 96', 97);
INSERT INTO read_comments (comment, post_id) VALUES ('Comment 97 for post 96', 97);
INSERT INTO write_comments (comment, post_id) VALUES ('Comment 98 for post 96', 98);
INSERT INTO read_comments (comment, post_id) VALUES ('Comment 98 for post 96', 98);
INSERT INTO write_comments (comment, post_id) VALUES ('Comment 99 for post 96', 99);
INSERT INTO read_comments (comment, post_id) VALUES ('Comment 99 for post 96', 99);
INSERT INTO write_comments (comment, post_id) VALUES ('Comment 100 for post 96', 100);
INSERT INTO read_comments (comment, post_id) VALUES ('Comment 100 for post 96', 100);
INSERT INTO write_comments (comment, post_id) VALUES ('Comment 1 for post 97', 1);
INSERT INTO read_comments (comment, post_id) VALUES ('Comment 1 for post 97', 1);
INSERT INTO write_comments (comment, post_id) VALUES ('Comment 2 for post 97', 2);
INSERT INTO read_comments (comment, post_id) VALUES ('Comment 2 for post 97', 2);
INSERT INTO write_comments (comment, post_id) VALUES ('Comment 3 for post 97', 3);
INSERT INTO read_comments (comment, post_id) VALUES ('Comment 3 for post 97', 3);
INSERT INTO write_comments (comment, post_id) VALUES ('Comment 4 for post 97', 4);
INSERT INTO read_comments (comment, post_id) VALUES ('Comment 4 for post 97', 4);
INSERT INTO write_comments (comment, post_id) VALUES ('Comment 5 for post 97', 5);
INSERT INTO read_comments (comment, post_id) VALUES ('Comment 5 for post 97', 5);
INSERT INTO write_comments (comment, post_id) VALUES ('Comment 6 for post 97', 6);
INSERT INTO read_comments (comment, post_id) VALUES ('Comment 6 for post 97', 6);
INSERT INTO write_comments (comment, post_id) VALUES ('Comment 7 for post 97', 7);
INSERT INTO read_comments (comment, post_id) VALUES ('Comment 7 for post 97', 7);
INSERT INTO write_comments (comment, post_id) VALUES ('Comment 8 for post 97', 8);
INSERT INTO read_comments (comment, post_id) VALUES ('Comment 8 for post 97', 8);
INSERT INTO write_comments (comment, post_id) VALUES ('Comment 9 for post 97', 9);
INSERT INTO read_comments (comment, post_id) VALUES ('Comment 9 for post 97', 9);
INSERT INTO write_comments (comment, post_id) VALUES ('Comment 10 for post 97', 10);
INSERT INTO read_comments (comment, post_id) VALUES ('Comment 10 for post 97', 10);
INSERT INTO write_comments (comment, post_id) VALUES ('Comment 11 for post 97', 11);
INSERT INTO read_comments (comment, post_id) VALUES ('Comment 11 for post 97', 11);
INSERT INTO write_comments (comment, post_id) VALUES ('Comment 12 for post 97', 12);
INSERT INTO read_comments (comment, post_id) VALUES ('Comment 12 for post 97', 12);
INSERT INTO write_comments (comment, post_id) VALUES ('Comment 13 for post 97', 13);
INSERT INTO read_comments (comment, post_id) VALUES ('Comment 13 for post 97', 13);
INSERT INTO write_comments (comment, post_id) VALUES ('Comment 14 for post 97', 14);
INSERT INTO read_comments (comment, post_id) VALUES ('Comment 14 for post 97', 14);
INSERT INTO write_comments (comment, post_id) VALUES ('Comment 15 for post 97', 15);
INSERT INTO read_comments (comment, post_id) VALUES ('Comment 15 for post 97', 15);
INSERT INTO write_comments (comment, post_id) VALUES ('Comment 16 for post 97', 16);
INSERT INTO read_comments (comment, post_id) VALUES ('Comment 16 for post 97', 16);
INSERT INTO write_comments (comment, post_id) VALUES ('Comment 17 for post 97', 17);
INSERT INTO read_comments (comment, post_id) VALUES ('Comment 17 for post 97', 17);
INSERT INTO write_comments (comment, post_id) VALUES ('Comment 18 for post 97', 18);
INSERT INTO read_comments (comment, post_id) VALUES ('Comment 18 for post 97', 18);
INSERT INTO write_comments (comment, post_id) VALUES ('Comment 19 for post 97', 19);
INSERT INTO read_comments (comment, post_id) VALUES ('Comment 19 for post 97', 19);
INSERT INTO write_comments (comment, post_id) VALUES ('Comment 20 for post 97', 20);
INSERT INTO read_comments (comment, post_id) VALUES ('Comment 20 for post 97', 20);
INSERT INTO write_comments (comment, post_id) VALUES ('Comment 21 for post 97', 21);
INSERT INTO read_comments (comment, post_id) VALUES ('Comment 21 for post 97', 21);
INSERT INTO write_comments (comment, post_id) VALUES ('Comment 22 for post 97', 22);
INSERT INTO read_comments (comment, post_id) VALUES ('Comment 22 for post 97', 22);
INSERT INTO write_comments (comment, post_id) VALUES ('Comment 23 for post 97', 23);
INSERT INTO read_comments (comment, post_id) VALUES ('Comment 23 for post 97', 23);
INSERT INTO write_comments (comment, post_id) VALUES ('Comment 24 for post 97', 24);
INSERT INTO read_comments (comment, post_id) VALUES ('Comment 24 for post 97', 24);
INSERT INTO write_comments (comment, post_id) VALUES ('Comment 25 for post 97', 25);
INSERT INTO read_comments (comment, post_id) VALUES ('Comment 25 for post 97', 25);
INSERT INTO write_comments (comment, post_id) VALUES ('Comment 26 for post 97', 26);
INSERT INTO read_comments (comment, post_id) VALUES ('Comment 26 for post 97', 26);
INSERT INTO write_comments (comment, post_id) VALUES ('Comment 27 for post 97', 27);
INSERT INTO read_comments (comment, post_id) VALUES ('Comment 27 for post 97', 27);
INSERT INTO write_comments (comment, post_id) VALUES ('Comment 28 for post 97', 28);
INSERT INTO read_comments (comment, post_id) VALUES ('Comment 28 for post 97', 28);
INSERT INTO write_comments (comment, post_id) VALUES ('Comment 29 for post 97', 29);
INSERT INTO read_comments (comment, post_id) VALUES ('Comment 29 for post 97', 29);
INSERT INTO write_comments (comment, post_id) VALUES ('Comment 30 for post 97', 30);
INSERT INTO read_comments (comment, post_id) VALUES ('Comment 30 for post 97', 30);
INSERT INTO write_comments (comment, post_id) VALUES ('Comment 31 for post 97', 31);
INSERT INTO read_comments (comment, post_id) VALUES ('Comment 31 for post 97', 31);
INSERT INTO write_comments (comment, post_id) VALUES ('Comment 32 for post 97', 32);
INSERT INTO read_comments (comment, post_id) VALUES ('Comment 32 for post 97', 32);
INSERT INTO write_comments (comment, post_id) VALUES ('Comment 33 for post 97', 33);
INSERT INTO read_comments (comment, post_id) VALUES ('Comment 33 for post 97', 33);
INSERT INTO write_comments (comment, post_id) VALUES ('Comment 34 for post 97', 34);
INSERT INTO read_comments (comment, post_id) VALUES ('Comment 34 for post 97', 34);
INSERT INTO write_comments (comment, post_id) VALUES ('Comment 35 for post 97', 35);
INSERT INTO read_comments (comment, post_id) VALUES ('Comment 35 for post 97', 35);
INSERT INTO write_comments (comment, post_id) VALUES ('Comment 36 for post 97', 36);
INSERT INTO read_comments (comment, post_id) VALUES ('Comment 36 for post 97', 36);
INSERT INTO write_comments (comment, post_id) VALUES ('Comment 37 for post 97', 37);
INSERT INTO read_comments (comment, post_id) VALUES ('Comment 37 for post 97', 37);
INSERT INTO write_comments (comment, post_id) VALUES ('Comment 38 for post 97', 38);
INSERT INTO read_comments (comment, post_id) VALUES ('Comment 38 for post 97', 38);
INSERT INTO write_comments (comment, post_id) VALUES ('Comment 39 for post 97', 39);
INSERT INTO read_comments (comment, post_id) VALUES ('Comment 39 for post 97', 39);
INSERT INTO write_comments (comment, post_id) VALUES ('Comment 40 for post 97', 40);
INSERT INTO read_comments (comment, post_id) VALUES ('Comment 40 for post 97', 40);
INSERT INTO write_comments (comment, post_id) VALUES ('Comment 41 for post 97', 41);
INSERT INTO read_comments (comment, post_id) VALUES ('Comment 41 for post 97', 41);
INSERT INTO write_comments (comment, post_id) VALUES ('Comment 42 for post 97', 42);
INSERT INTO read_comments (comment, post_id) VALUES ('Comment 42 for post 97', 42);
INSERT INTO write_comments (comment, post_id) VALUES ('Comment 43 for post 97', 43);
INSERT INTO read_comments (comment, post_id) VALUES ('Comment 43 for post 97', 43);
INSERT INTO write_comments (comment, post_id) VALUES ('Comment 44 for post 97', 44);
INSERT INTO read_comments (comment, post_id) VALUES ('Comment 44 for post 97', 44);
INSERT INTO write_comments (comment, post_id) VALUES ('Comment 45 for post 97', 45);
INSERT INTO read_comments (comment, post_id) VALUES ('Comment 45 for post 97', 45);
INSERT INTO write_comments (comment, post_id) VALUES ('Comment 46 for post 97', 46);
INSERT INTO read_comments (comment, post_id) VALUES ('Comment 46 for post 97', 46);
INSERT INTO write_comments (comment, post_id) VALUES ('Comment 47 for post 97', 47);
INSERT INTO read_comments (comment, post_id) VALUES ('Comment 47 for post 97', 47);
INSERT INTO write_comments (comment, post_id) VALUES ('Comment 48 for post 97', 48);
INSERT INTO read_comments (comment, post_id) VALUES ('Comment 48 for post 97', 48);
INSERT INTO write_comments (comment, post_id) VALUES ('Comment 49 for post 97', 49);
INSERT INTO read_comments (comment, post_id) VALUES ('Comment 49 for post 97', 49);
INSERT INTO write_comments (comment, post_id) VALUES ('Comment 50 for post 97', 50);
INSERT INTO read_comments (comment, post_id) VALUES ('Comment 50 for post 97', 50);
INSERT INTO write_comments (comment, post_id) VALUES ('Comment 51 for post 97', 51);
INSERT INTO read_comments (comment, post_id) VALUES ('Comment 51 for post 97', 51);
INSERT INTO write_comments (comment, post_id) VALUES ('Comment 52 for post 97', 52);
INSERT INTO read_comments (comment, post_id) VALUES ('Comment 52 for post 97', 52);
INSERT INTO write_comments (comment, post_id) VALUES ('Comment 53 for post 97', 53);
INSERT INTO read_comments (comment, post_id) VALUES ('Comment 53 for post 97', 53);
INSERT INTO write_comments (comment, post_id) VALUES ('Comment 54 for post 97', 54);
INSERT INTO read_comments (comment, post_id) VALUES ('Comment 54 for post 97', 54);
INSERT INTO write_comments (comment, post_id) VALUES ('Comment 55 for post 97', 55);
INSERT INTO read_comments (comment, post_id) VALUES ('Comment 55 for post 97', 55);
INSERT INTO write_comments (comment, post_id) VALUES ('Comment 56 for post 97', 56);
INSERT INTO read_comments (comment, post_id) VALUES ('Comment 56 for post 97', 56);
INSERT INTO write_comments (comment, post_id) VALUES ('Comment 57 for post 97', 57);
INSERT INTO read_comments (comment, post_id) VALUES ('Comment 57 for post 97', 57);
INSERT INTO write_comments (comment, post_id) VALUES ('Comment 58 for post 97', 58);
INSERT INTO read_comments (comment, post_id) VALUES ('Comment 58 for post 97', 58);
INSERT INTO write_comments (comment, post_id) VALUES ('Comment 59 for post 97', 59);
INSERT INTO read_comments (comment, post_id) VALUES ('Comment 59 for post 97', 59);
INSERT INTO write_comments (comment, post_id) VALUES ('Comment 60 for post 97', 60);
INSERT INTO read_comments (comment, post_id) VALUES ('Comment 60 for post 97', 60);
INSERT INTO write_comments (comment, post_id) VALUES ('Comment 61 for post 97', 61);
INSERT INTO read_comments (comment, post_id) VALUES ('Comment 61 for post 97', 61);
INSERT INTO write_comments (comment, post_id) VALUES ('Comment 62 for post 97', 62);
INSERT INTO read_comments (comment, post_id) VALUES ('Comment 62 for post 97', 62);
INSERT INTO write_comments (comment, post_id) VALUES ('Comment 63 for post 97', 63);
INSERT INTO read_comments (comment, post_id) VALUES ('Comment 63 for post 97', 63);
INSERT INTO write_comments (comment, post_id) VALUES ('Comment 64 for post 97', 64);
INSERT INTO read_comments (comment, post_id) VALUES ('Comment 64 for post 97', 64);
INSERT INTO write_comments (comment, post_id) VALUES ('Comment 65 for post 97', 65);
INSERT INTO read_comments (comment, post_id) VALUES ('Comment 65 for post 97', 65);
INSERT INTO write_comments (comment, post_id) VALUES ('Comment 66 for post 97', 66);
INSERT INTO read_comments (comment, post_id) VALUES ('Comment 66 for post 97', 66);
INSERT INTO write_comments (comment, post_id) VALUES ('Comment 67 for post 97', 67);
INSERT INTO read_comments (comment, post_id) VALUES ('Comment 67 for post 97', 67);
INSERT INTO write_comments (comment, post_id) VALUES ('Comment 68 for post 97', 68);
INSERT INTO read_comments (comment, post_id) VALUES ('Comment 68 for post 97', 68);
INSERT INTO write_comments (comment, post_id) VALUES ('Comment 69 for post 97', 69);
INSERT INTO read_comments (comment, post_id) VALUES ('Comment 69 for post 97', 69);
INSERT INTO write_comments (comment, post_id) VALUES ('Comment 70 for post 97', 70);
INSERT INTO read_comments (comment, post_id) VALUES ('Comment 70 for post 97', 70);
INSERT INTO write_comments (comment, post_id) VALUES ('Comment 71 for post 97', 71);
INSERT INTO read_comments (comment, post_id) VALUES ('Comment 71 for post 97', 71);
INSERT INTO write_comments (comment, post_id) VALUES ('Comment 72 for post 97', 72);
INSERT INTO read_comments (comment, post_id) VALUES ('Comment 72 for post 97', 72);
INSERT INTO write_comments (comment, post_id) VALUES ('Comment 73 for post 97', 73);
INSERT INTO read_comments (comment, post_id) VALUES ('Comment 73 for post 97', 73);
INSERT INTO write_comments (comment, post_id) VALUES ('Comment 74 for post 97', 74);
INSERT INTO read_comments (comment, post_id) VALUES ('Comment 74 for post 97', 74);
INSERT INTO write_comments (comment, post_id) VALUES ('Comment 75 for post 97', 75);
INSERT INTO read_comments (comment, post_id) VALUES ('Comment 75 for post 97', 75);
INSERT INTO write_comments (comment, post_id) VALUES ('Comment 76 for post 97', 76);
INSERT INTO read_comments (comment, post_id) VALUES ('Comment 76 for post 97', 76);
INSERT INTO write_comments (comment, post_id) VALUES ('Comment 77 for post 97', 77);
INSERT INTO read_comments (comment, post_id) VALUES ('Comment 77 for post 97', 77);
INSERT INTO write_comments (comment, post_id) VALUES ('Comment 78 for post 97', 78);
INSERT INTO read_comments (comment, post_id) VALUES ('Comment 78 for post 97', 78);
INSERT INTO write_comments (comment, post_id) VALUES ('Comment 79 for post 97', 79);
INSERT INTO read_comments (comment, post_id) VALUES ('Comment 79 for post 97', 79);
INSERT INTO write_comments (comment, post_id) VALUES ('Comment 80 for post 97', 80);
INSERT INTO read_comments (comment, post_id) VALUES ('Comment 80 for post 97', 80);
INSERT INTO write_comments (comment, post_id) VALUES ('Comment 81 for post 97', 81);
INSERT INTO read_comments (comment, post_id) VALUES ('Comment 81 for post 97', 81);
INSERT INTO write_comments (comment, post_id) VALUES ('Comment 82 for post 97', 82);
INSERT INTO read_comments (comment, post_id) VALUES ('Comment 82 for post 97', 82);
INSERT INTO write_comments (comment, post_id) VALUES ('Comment 83 for post 97', 83);
INSERT INTO read_comments (comment, post_id) VALUES ('Comment 83 for post 97', 83);
INSERT INTO write_comments (comment, post_id) VALUES ('Comment 84 for post 97', 84);
INSERT INTO read_comments (comment, post_id) VALUES ('Comment 84 for post 97', 84);
INSERT INTO write_comments (comment, post_id) VALUES ('Comment 85 for post 97', 85);
INSERT INTO read_comments (comment, post_id) VALUES ('Comment 85 for post 97', 85);
INSERT INTO write_comments (comment, post_id) VALUES ('Comment 86 for post 97', 86);
INSERT INTO read_comments (comment, post_id) VALUES ('Comment 86 for post 97', 86);
INSERT INTO write_comments (comment, post_id) VALUES ('Comment 87 for post 97', 87);
INSERT INTO read_comments (comment, post_id) VALUES ('Comment 87 for post 97', 87);
INSERT INTO write_comments (comment, post_id) VALUES ('Comment 88 for post 97', 88);
INSERT INTO read_comments (comment, post_id) VALUES ('Comment 88 for post 97', 88);
INSERT INTO write_comments (comment, post_id) VALUES ('Comment 89 for post 97', 89);
INSERT INTO read_comments (comment, post_id) VALUES ('Comment 89 for post 97', 89);
INSERT INTO write_comments (comment, post_id) VALUES ('Comment 90 for post 97', 90);
INSERT INTO read_comments (comment, post_id) VALUES ('Comment 90 for post 97', 90);
INSERT INTO write_comments (comment, post_id) VALUES ('Comment 91 for post 97', 91);
INSERT INTO read_comments (comment, post_id) VALUES ('Comment 91 for post 97', 91);
INSERT INTO write_comments (comment, post_id) VALUES ('Comment 92 for post 97', 92);
INSERT INTO read_comments (comment, post_id) VALUES ('Comment 92 for post 97', 92);
INSERT INTO write_comments (comment, post_id) VALUES ('Comment 93 for post 97', 93);
INSERT INTO read_comments (comment, post_id) VALUES ('Comment 93 for post 97', 93);
INSERT INTO write_comments (comment, post_id) VALUES ('Comment 94 for post 97', 94);
INSERT INTO read_comments (comment, post_id) VALUES ('Comment 94 for post 97', 94);
INSERT INTO write_comments (comment, post_id) VALUES ('Comment 95 for post 97', 95);
INSERT INTO read_comments (comment, post_id) VALUES ('Comment 95 for post 97', 95);
INSERT INTO write_comments (comment, post_id) VALUES ('Comment 96 for post 97', 96);
INSERT INTO read_comments (comment, post_id) VALUES ('Comment 96 for post 97', 96);
INSERT INTO write_comments (comment, post_id) VALUES ('Comment 97 for post 97', 97);
INSERT INTO read_comments (comment, post_id) VALUES ('Comment 97 for post 97', 97);
INSERT INTO write_comments (comment, post_id) VALUES ('Comment 98 for post 97', 98);
INSERT INTO read_comments (comment, post_id) VALUES ('Comment 98 for post 97', 98);
INSERT INTO write_comments (comment, post_id) VALUES ('Comment 99 for post 97', 99);
INSERT INTO read_comments (comment, post_id) VALUES ('Comment 99 for post 97', 99);
INSERT INTO write_comments (comment, post_id) VALUES ('Comment 100 for post 97', 100);
INSERT INTO read_comments (comment, post_id) VALUES ('Comment 100 for post 97', 100);
INSERT INTO write_comments (comment, post_id) VALUES ('Comment 1 for post 98', 1);
INSERT INTO read_comments (comment, post_id) VALUES ('Comment 1 for post 98', 1);
INSERT INTO write_comments (comment, post_id) VALUES ('Comment 2 for post 98', 2);
INSERT INTO read_comments (comment, post_id) VALUES ('Comment 2 for post 98', 2);
INSERT INTO write_comments (comment, post_id) VALUES ('Comment 3 for post 98', 3);
INSERT INTO read_comments (comment, post_id) VALUES ('Comment 3 for post 98', 3);
INSERT INTO write_comments (comment, post_id) VALUES ('Comment 4 for post 98', 4);
INSERT INTO read_comments (comment, post_id) VALUES ('Comment 4 for post 98', 4);
INSERT INTO write_comments (comment, post_id) VALUES ('Comment 5 for post 98', 5);
INSERT INTO read_comments (comment, post_id) VALUES ('Comment 5 for post 98', 5);
INSERT INTO write_comments (comment, post_id) VALUES ('Comment 6 for post 98', 6);
INSERT INTO read_comments (comment, post_id) VALUES ('Comment 6 for post 98', 6);
INSERT INTO write_comments (comment, post_id) VALUES ('Comment 7 for post 98', 7);
INSERT INTO read_comments (comment, post_id) VALUES ('Comment 7 for post 98', 7);
INSERT INTO write_comments (comment, post_id) VALUES ('Comment 8 for post 98', 8);
INSERT INTO read_comments (comment, post_id) VALUES ('Comment 8 for post 98', 8);
INSERT INTO write_comments (comment, post_id) VALUES ('Comment 9 for post 98', 9);
INSERT INTO read_comments (comment, post_id) VALUES ('Comment 9 for post 98', 9);
INSERT INTO write_comments (comment, post_id) VALUES ('Comment 10 for post 98', 10);
INSERT INTO read_comments (comment, post_id) VALUES ('Comment 10 for post 98', 10);
INSERT INTO write_comments (comment, post_id) VALUES ('Comment 11 for post 98', 11);
INSERT INTO read_comments (comment, post_id) VALUES ('Comment 11 for post 98', 11);
INSERT INTO write_comments (comment, post_id) VALUES ('Comment 12 for post 98', 12);
INSERT INTO read_comments (comment, post_id) VALUES ('Comment 12 for post 98', 12);
INSERT INTO write_comments (comment, post_id) VALUES ('Comment 13 for post 98', 13);
INSERT INTO read_comments (comment, post_id) VALUES ('Comment 13 for post 98', 13);
INSERT INTO write_comments (comment, post_id) VALUES ('Comment 14 for post 98', 14);
INSERT INTO read_comments (comment, post_id) VALUES ('Comment 14 for post 98', 14);
INSERT INTO write_comments (comment, post_id) VALUES ('Comment 15 for post 98', 15);
INSERT INTO read_comments (comment, post_id) VALUES ('Comment 15 for post 98', 15);
INSERT INTO write_comments (comment, post_id) VALUES ('Comment 16 for post 98', 16);
INSERT INTO read_comments (comment, post_id) VALUES ('Comment 16 for post 98', 16);
INSERT INTO write_comments (comment, post_id) VALUES ('Comment 17 for post 98', 17);
INSERT INTO read_comments (comment, post_id) VALUES ('Comment 17 for post 98', 17);
INSERT INTO write_comments (comment, post_id) VALUES ('Comment 18 for post 98', 18);
INSERT INTO read_comments (comment, post_id) VALUES ('Comment 18 for post 98', 18);
INSERT INTO write_comments (comment, post_id) VALUES ('Comment 19 for post 98', 19);
INSERT INTO read_comments (comment, post_id) VALUES ('Comment 19 for post 98', 19);
INSERT INTO write_comments (comment, post_id) VALUES ('Comment 20 for post 98', 20);
INSERT INTO read_comments (comment, post_id) VALUES ('Comment 20 for post 98', 20);
INSERT INTO write_comments (comment, post_id) VALUES ('Comment 21 for post 98', 21);
INSERT INTO read_comments (comment, post_id) VALUES ('Comment 21 for post 98', 21);
INSERT INTO write_comments (comment, post_id) VALUES ('Comment 22 for post 98', 22);
INSERT INTO read_comments (comment, post_id) VALUES ('Comment 22 for post 98', 22);
INSERT INTO write_comments (comment, post_id) VALUES ('Comment 23 for post 98', 23);
INSERT INTO read_comments (comment, post_id) VALUES ('Comment 23 for post 98', 23);
INSERT INTO write_comments (comment, post_id) VALUES ('Comment 24 for post 98', 24);
INSERT INTO read_comments (comment, post_id) VALUES ('Comment 24 for post 98', 24);
INSERT INTO write_comments (comment, post_id) VALUES ('Comment 25 for post 98', 25);
INSERT INTO read_comments (comment, post_id) VALUES ('Comment 25 for post 98', 25);
INSERT INTO write_comments (comment, post_id) VALUES ('Comment 26 for post 98', 26);
INSERT INTO read_comments (comment, post_id) VALUES ('Comment 26 for post 98', 26);
INSERT INTO write_comments (comment, post_id) VALUES ('Comment 27 for post 98', 27);
INSERT INTO read_comments (comment, post_id) VALUES ('Comment 27 for post 98', 27);
INSERT INTO write_comments (comment, post_id) VALUES ('Comment 28 for post 98', 28);
INSERT INTO read_comments (comment, post_id) VALUES ('Comment 28 for post 98', 28);
INSERT INTO write_comments (comment, post_id) VALUES ('Comment 29 for post 98', 29);
INSERT INTO read_comments (comment, post_id) VALUES ('Comment 29 for post 98', 29);
INSERT INTO write_comments (comment, post_id) VALUES ('Comment 30 for post 98', 30);
INSERT INTO read_comments (comment, post_id) VALUES ('Comment 30 for post 98', 30);
INSERT INTO write_comments (comment, post_id) VALUES ('Comment 31 for post 98', 31);
INSERT INTO read_comments (comment, post_id) VALUES ('Comment 31 for post 98', 31);
INSERT INTO write_comments (comment, post_id) VALUES ('Comment 32 for post 98', 32);
INSERT INTO read_comments (comment, post_id) VALUES ('Comment 32 for post 98', 32);
INSERT INTO write_comments (comment, post_id) VALUES ('Comment 33 for post 98', 33);
INSERT INTO read_comments (comment, post_id) VALUES ('Comment 33 for post 98', 33);
INSERT INTO write_comments (comment, post_id) VALUES ('Comment 34 for post 98', 34);
INSERT INTO read_comments (comment, post_id) VALUES ('Comment 34 for post 98', 34);
INSERT INTO write_comments (comment, post_id) VALUES ('Comment 35 for post 98', 35);
INSERT INTO read_comments (comment, post_id) VALUES ('Comment 35 for post 98', 35);
INSERT INTO write_comments (comment, post_id) VALUES ('Comment 36 for post 98', 36);
INSERT INTO read_comments (comment, post_id) VALUES ('Comment 36 for post 98', 36);
INSERT INTO write_comments (comment, post_id) VALUES ('Comment 37 for post 98', 37);
INSERT INTO read_comments (comment, post_id) VALUES ('Comment 37 for post 98', 37);
INSERT INTO write_comments (comment, post_id) VALUES ('Comment 38 for post 98', 38);
INSERT INTO read_comments (comment, post_id) VALUES ('Comment 38 for post 98', 38);
INSERT INTO write_comments (comment, post_id) VALUES ('Comment 39 for post 98', 39);
INSERT INTO read_comments (comment, post_id) VALUES ('Comment 39 for post 98', 39);
INSERT INTO write_comments (comment, post_id) VALUES ('Comment 40 for post 98', 40);
INSERT INTO read_comments (comment, post_id) VALUES ('Comment 40 for post 98', 40);
INSERT INTO write_comments (comment, post_id) VALUES ('Comment 41 for post 98', 41);
INSERT INTO read_comments (comment, post_id) VALUES ('Comment 41 for post 98', 41);
INSERT INTO write_comments (comment, post_id) VALUES ('Comment 42 for post 98', 42);
INSERT INTO read_comments (comment, post_id) VALUES ('Comment 42 for post 98', 42);
INSERT INTO write_comments (comment, post_id) VALUES ('Comment 43 for post 98', 43);
INSERT INTO read_comments (comment, post_id) VALUES ('Comment 43 for post 98', 43);
INSERT INTO write_comments (comment, post_id) VALUES ('Comment 44 for post 98', 44);
INSERT INTO read_comments (comment, post_id) VALUES ('Comment 44 for post 98', 44);
INSERT INTO write_comments (comment, post_id) VALUES ('Comment 45 for post 98', 45);
INSERT INTO read_comments (comment, post_id) VALUES ('Comment 45 for post 98', 45);
INSERT INTO write_comments (comment, post_id) VALUES ('Comment 46 for post 98', 46);
INSERT INTO read_comments (comment, post_id) VALUES ('Comment 46 for post 98', 46);
INSERT INTO write_comments (comment, post_id) VALUES ('Comment 47 for post 98', 47);
INSERT INTO read_comments (comment, post_id) VALUES ('Comment 47 for post 98', 47);
INSERT INTO write_comments (comment, post_id) VALUES ('Comment 48 for post 98', 48);
INSERT INTO read_comments (comment, post_id) VALUES ('Comment 48 for post 98', 48);
INSERT INTO write_comments (comment, post_id) VALUES ('Comment 49 for post 98', 49);
INSERT INTO read_comments (comment, post_id) VALUES ('Comment 49 for post 98', 49);
INSERT INTO write_comments (comment, post_id) VALUES ('Comment 50 for post 98', 50);
INSERT INTO read_comments (comment, post_id) VALUES ('Comment 50 for post 98', 50);
INSERT INTO write_comments (comment, post_id) VALUES ('Comment 51 for post 98', 51);
INSERT INTO read_comments (comment, post_id) VALUES ('Comment 51 for post 98', 51);
INSERT INTO write_comments (comment, post_id) VALUES ('Comment 52 for post 98', 52);
INSERT INTO read_comments (comment, post_id) VALUES ('Comment 52 for post 98', 52);
INSERT INTO write_comments (comment, post_id) VALUES ('Comment 53 for post 98', 53);
INSERT INTO read_comments (comment, post_id) VALUES ('Comment 53 for post 98', 53);
INSERT INTO write_comments (comment, post_id) VALUES ('Comment 54 for post 98', 54);
INSERT INTO read_comments (comment, post_id) VALUES ('Comment 54 for post 98', 54);
INSERT INTO write_comments (comment, post_id) VALUES ('Comment 55 for post 98', 55);
INSERT INTO read_comments (comment, post_id) VALUES ('Comment 55 for post 98', 55);
INSERT INTO write_comments (comment, post_id) VALUES ('Comment 56 for post 98', 56);
INSERT INTO read_comments (comment, post_id) VALUES ('Comment 56 for post 98', 56);
INSERT INTO write_comments (comment, post_id) VALUES ('Comment 57 for post 98', 57);
INSERT INTO read_comments (comment, post_id) VALUES ('Comment 57 for post 98', 57);
INSERT INTO write_comments (comment, post_id) VALUES ('Comment 58 for post 98', 58);
INSERT INTO read_comments (comment, post_id) VALUES ('Comment 58 for post 98', 58);
INSERT INTO write_comments (comment, post_id) VALUES ('Comment 59 for post 98', 59);
INSERT INTO read_comments (comment, post_id) VALUES ('Comment 59 for post 98', 59);
INSERT INTO write_comments (comment, post_id) VALUES ('Comment 60 for post 98', 60);
INSERT INTO read_comments (comment, post_id) VALUES ('Comment 60 for post 98', 60);
INSERT INTO write_comments (comment, post_id) VALUES ('Comment 61 for post 98', 61);
INSERT INTO read_comments (comment, post_id) VALUES ('Comment 61 for post 98', 61);
INSERT INTO write_comments (comment, post_id) VALUES ('Comment 62 for post 98', 62);
INSERT INTO read_comments (comment, post_id) VALUES ('Comment 62 for post 98', 62);
INSERT INTO write_comments (comment, post_id) VALUES ('Comment 63 for post 98', 63);
INSERT INTO read_comments (comment, post_id) VALUES ('Comment 63 for post 98', 63);
INSERT INTO write_comments (comment, post_id) VALUES ('Comment 64 for post 98', 64);
INSERT INTO read_comments (comment, post_id) VALUES ('Comment 64 for post 98', 64);
INSERT INTO write_comments (comment, post_id) VALUES ('Comment 65 for post 98', 65);
INSERT INTO read_comments (comment, post_id) VALUES ('Comment 65 for post 98', 65);
INSERT INTO write_comments (comment, post_id) VALUES ('Comment 66 for post 98', 66);
INSERT INTO read_comments (comment, post_id) VALUES ('Comment 66 for post 98', 66);
INSERT INTO write_comments (comment, post_id) VALUES ('Comment 67 for post 98', 67);
INSERT INTO read_comments (comment, post_id) VALUES ('Comment 67 for post 98', 67);
INSERT INTO write_comments (comment, post_id) VALUES ('Comment 68 for post 98', 68);
INSERT INTO read_comments (comment, post_id) VALUES ('Comment 68 for post 98', 68);
INSERT INTO write_comments (comment, post_id) VALUES ('Comment 69 for post 98', 69);
INSERT INTO read_comments (comment, post_id) VALUES ('Comment 69 for post 98', 69);
INSERT INTO write_comments (comment, post_id) VALUES ('Comment 70 for post 98', 70);
INSERT INTO read_comments (comment, post_id) VALUES ('Comment 70 for post 98', 70);
INSERT INTO write_comments (comment, post_id) VALUES ('Comment 71 for post 98', 71);
INSERT INTO read_comments (comment, post_id) VALUES ('Comment 71 for post 98', 71);
INSERT INTO write_comments (comment, post_id) VALUES ('Comment 72 for post 98', 72);
INSERT INTO read_comments (comment, post_id) VALUES ('Comment 72 for post 98', 72);
INSERT INTO write_comments (comment, post_id) VALUES ('Comment 73 for post 98', 73);
INSERT INTO read_comments (comment, post_id) VALUES ('Comment 73 for post 98', 73);
INSERT INTO write_comments (comment, post_id) VALUES ('Comment 74 for post 98', 74);
INSERT INTO read_comments (comment, post_id) VALUES ('Comment 74 for post 98', 74);
INSERT INTO write_comments (comment, post_id) VALUES ('Comment 75 for post 98', 75);
INSERT INTO read_comments (comment, post_id) VALUES ('Comment 75 for post 98', 75);
INSERT INTO write_comments (comment, post_id) VALUES ('Comment 76 for post 98', 76);
INSERT INTO read_comments (comment, post_id) VALUES ('Comment 76 for post 98', 76);
INSERT INTO write_comments (comment, post_id) VALUES ('Comment 77 for post 98', 77);
INSERT INTO read_comments (comment, post_id) VALUES ('Comment 77 for post 98', 77);
INSERT INTO write_comments (comment, post_id) VALUES ('Comment 78 for post 98', 78);
INSERT INTO read_comments (comment, post_id) VALUES ('Comment 78 for post 98', 78);
INSERT INTO write_comments (comment, post_id) VALUES ('Comment 79 for post 98', 79);
INSERT INTO read_comments (comment, post_id) VALUES ('Comment 79 for post 98', 79);
INSERT INTO write_comments (comment, post_id) VALUES ('Comment 80 for post 98', 80);
INSERT INTO read_comments (comment, post_id) VALUES ('Comment 80 for post 98', 80);
INSERT INTO write_comments (comment, post_id) VALUES ('Comment 81 for post 98', 81);
INSERT INTO read_comments (comment, post_id) VALUES ('Comment 81 for post 98', 81);
INSERT INTO write_comments (comment, post_id) VALUES ('Comment 82 for post 98', 82);
INSERT INTO read_comments (comment, post_id) VALUES ('Comment 82 for post 98', 82);
INSERT INTO write_comments (comment, post_id) VALUES ('Comment 83 for post 98', 83);
INSERT INTO read_comments (comment, post_id) VALUES ('Comment 83 for post 98', 83);
INSERT INTO write_comments (comment, post_id) VALUES ('Comment 84 for post 98', 84);
INSERT INTO read_comments (comment, post_id) VALUES ('Comment 84 for post 98', 84);
INSERT INTO write_comments (comment, post_id) VALUES ('Comment 85 for post 98', 85);
INSERT INTO read_comments (comment, post_id) VALUES ('Comment 85 for post 98', 85);
INSERT INTO write_comments (comment, post_id) VALUES ('Comment 86 for post 98', 86);
INSERT INTO read_comments (comment, post_id) VALUES ('Comment 86 for post 98', 86);
INSERT INTO write_comments (comment, post_id) VALUES ('Comment 87 for post 98', 87);
INSERT INTO read_comments (comment, post_id) VALUES ('Comment 87 for post 98', 87);
INSERT INTO write_comments (comment, post_id) VALUES ('Comment 88 for post 98', 88);
INSERT INTO read_comments (comment, post_id) VALUES ('Comment 88 for post 98', 88);
INSERT INTO write_comments (comment, post_id) VALUES ('Comment 89 for post 98', 89);
INSERT INTO read_comments (comment, post_id) VALUES ('Comment 89 for post 98', 89);
INSERT INTO write_comments (comment, post_id) VALUES ('Comment 90 for post 98', 90);
INSERT INTO read_comments (comment, post_id) VALUES ('Comment 90 for post 98', 90);
INSERT INTO write_comments (comment, post_id) VALUES ('Comment 91 for post 98', 91);
INSERT INTO read_comments (comment, post_id) VALUES ('Comment 91 for post 98', 91);
INSERT INTO write_comments (comment, post_id) VALUES ('Comment 92 for post 98', 92);
INSERT INTO read_comments (comment, post_id) VALUES ('Comment 92 for post 98', 92);
INSERT INTO write_comments (comment, post_id) VALUES ('Comment 93 for post 98', 93);
INSERT INTO read_comments (comment, post_id) VALUES ('Comment 93 for post 98', 93);
INSERT INTO write_comments (comment, post_id) VALUES ('Comment 94 for post 98', 94);
INSERT INTO read_comments (comment, post_id) VALUES ('Comment 94 for post 98', 94);
INSERT INTO write_comments (comment, post_id) VALUES ('Comment 95 for post 98', 95);
INSERT INTO read_comments (comment, post_id) VALUES ('Comment 95 for post 98', 95);
INSERT INTO write_comments (comment, post_id) VALUES ('Comment 96 for post 98', 96);
INSERT INTO read_comments (comment, post_id) VALUES ('Comment 96 for post 98', 96);
INSERT INTO write_comments (comment, post_id) VALUES ('Comment 97 for post 98', 97);
INSERT INTO read_comments (comment, post_id) VALUES ('Comment 97 for post 98', 97);
INSERT INTO write_comments (comment, post_id) VALUES ('Comment 98 for post 98', 98);
INSERT INTO read_comments (comment, post_id) VALUES ('Comment 98 for post 98', 98);
INSERT INTO write_comments (comment, post_id) VALUES ('Comment 99 for post 98', 99);
INSERT INTO read_comments (comment, post_id) VALUES ('Comment 99 for post 98', 99);
INSERT INTO write_comments (comment, post_id) VALUES ('Comment 100 for post 98', 100);
INSERT INTO read_comments (comment, post_id) VALUES ('Comment 100 for post 98', 100);
INSERT INTO write_comments (comment, post_id) VALUES ('Comment 1 for post 99', 1);
INSERT INTO read_comments (comment, post_id) VALUES ('Comment 1 for post 99', 1);
INSERT INTO write_comments (comment, post_id) VALUES ('Comment 2 for post 99', 2);
INSERT INTO read_comments (comment, post_id) VALUES ('Comment 2 for post 99', 2);
INSERT INTO write_comments (comment, post_id) VALUES ('Comment 3 for post 99', 3);
INSERT INTO read_comments (comment, post_id) VALUES ('Comment 3 for post 99', 3);
INSERT INTO write_comments (comment, post_id) VALUES ('Comment 4 for post 99', 4);
INSERT INTO read_comments (comment, post_id) VALUES ('Comment 4 for post 99', 4);
INSERT INTO write_comments (comment, post_id) VALUES ('Comment 5 for post 99', 5);
INSERT INTO read_comments (comment, post_id) VALUES ('Comment 5 for post 99', 5);
INSERT INTO write_comments (comment, post_id) VALUES ('Comment 6 for post 99', 6);
INSERT INTO read_comments (comment, post_id) VALUES ('Comment 6 for post 99', 6);
INSERT INTO write_comments (comment, post_id) VALUES ('Comment 7 for post 99', 7);
INSERT INTO read_comments (comment, post_id) VALUES ('Comment 7 for post 99', 7);
INSERT INTO write_comments (comment, post_id) VALUES ('Comment 8 for post 99', 8);
INSERT INTO read_comments (comment, post_id) VALUES ('Comment 8 for post 99', 8);
INSERT INTO write_comments (comment, post_id) VALUES ('Comment 9 for post 99', 9);
INSERT INTO read_comments (comment, post_id) VALUES ('Comment 9 for post 99', 9);
INSERT INTO write_comments (comment, post_id) VALUES ('Comment 10 for post 99', 10);
INSERT INTO read_comments (comment, post_id) VALUES ('Comment 10 for post 99', 10);
INSERT INTO write_comments (comment, post_id) VALUES ('Comment 11 for post 99', 11);
INSERT INTO read_comments (comment, post_id) VALUES ('Comment 11 for post 99', 11);
INSERT INTO write_comments (comment, post_id) VALUES ('Comment 12 for post 99', 12);
INSERT INTO read_comments (comment, post_id) VALUES ('Comment 12 for post 99', 12);
INSERT INTO write_comments (comment, post_id) VALUES ('Comment 13 for post 99', 13);
INSERT INTO read_comments (comment, post_id) VALUES ('Comment 13 for post 99', 13);
INSERT INTO write_comments (comment, post_id) VALUES ('Comment 14 for post 99', 14);
INSERT INTO read_comments (comment, post_id) VALUES ('Comment 14 for post 99', 14);
INSERT INTO write_comments (comment, post_id) VALUES ('Comment 15 for post 99', 15);
INSERT INTO read_comments (comment, post_id) VALUES ('Comment 15 for post 99', 15);
INSERT INTO write_comments (comment, post_id) VALUES ('Comment 16 for post 99', 16);
INSERT INTO read_comments (comment, post_id) VALUES ('Comment 16 for post 99', 16);
INSERT INTO write_comments (comment, post_id) VALUES ('Comment 17 for post 99', 17);
INSERT INTO read_comments (comment, post_id) VALUES ('Comment 17 for post 99', 17);
INSERT INTO write_comments (comment, post_id) VALUES ('Comment 18 for post 99', 18);
INSERT INTO read_comments (comment, post_id) VALUES ('Comment 18 for post 99', 18);
INSERT INTO write_comments (comment, post_id) VALUES ('Comment 19 for post 99', 19);
INSERT INTO read_comments (comment, post_id) VALUES ('Comment 19 for post 99', 19);
INSERT INTO write_comments (comment, post_id) VALUES ('Comment 20 for post 99', 20);
INSERT INTO read_comments (comment, post_id) VALUES ('Comment 20 for post 99', 20);
INSERT INTO write_comments (comment, post_id) VALUES ('Comment 21 for post 99', 21);
INSERT INTO read_comments (comment, post_id) VALUES ('Comment 21 for post 99', 21);
INSERT INTO write_comments (comment, post_id) VALUES ('Comment 22 for post 99', 22);
INSERT INTO read_comments (comment, post_id) VALUES ('Comment 22 for post 99', 22);
INSERT INTO write_comments (comment, post_id) VALUES ('Comment 23 for post 99', 23);
INSERT INTO read_comments (comment, post_id) VALUES ('Comment 23 for post 99', 23);
INSERT INTO write_comments (comment, post_id) VALUES ('Comment 24 for post 99', 24);
INSERT INTO read_comments (comment, post_id) VALUES ('Comment 24 for post 99', 24);
INSERT INTO write_comments (comment, post_id) VALUES ('Comment 25 for post 99', 25);
INSERT INTO read_comments (comment, post_id) VALUES ('Comment 25 for post 99', 25);
INSERT INTO write_comments (comment, post_id) VALUES ('Comment 26 for post 99', 26);
INSERT INTO read_comments (comment, post_id) VALUES ('Comment 26 for post 99', 26);
INSERT INTO write_comments (comment, post_id) VALUES ('Comment 27 for post 99', 27);
INSERT INTO read_comments (comment, post_id) VALUES ('Comment 27 for post 99', 27);
INSERT INTO write_comments (comment, post_id) VALUES ('Comment 28 for post 99', 28);
INSERT INTO read_comments (comment, post_id) VALUES ('Comment 28 for post 99', 28);
INSERT INTO write_comments (comment, post_id) VALUES ('Comment 29 for post 99', 29);
INSERT INTO read_comments (comment, post_id) VALUES ('Comment 29 for post 99', 29);
INSERT INTO write_comments (comment, post_id) VALUES ('Comment 30 for post 99', 30);
INSERT INTO read_comments (comment, post_id) VALUES ('Comment 30 for post 99', 30);
INSERT INTO write_comments (comment, post_id) VALUES ('Comment 31 for post 99', 31);
INSERT INTO read_comments (comment, post_id) VALUES ('Comment 31 for post 99', 31);
INSERT INTO write_comments (comment, post_id) VALUES ('Comment 32 for post 99', 32);
INSERT INTO read_comments (comment, post_id) VALUES ('Comment 32 for post 99', 32);
INSERT INTO write_comments (comment, post_id) VALUES ('Comment 33 for post 99', 33);
INSERT INTO read_comments (comment, post_id) VALUES ('Comment 33 for post 99', 33);
INSERT INTO write_comments (comment, post_id) VALUES ('Comment 34 for post 99', 34);
INSERT INTO read_comments (comment, post_id) VALUES ('Comment 34 for post 99', 34);
INSERT INTO write_comments (comment, post_id) VALUES ('Comment 35 for post 99', 35);
INSERT INTO read_comments (comment, post_id) VALUES ('Comment 35 for post 99', 35);
INSERT INTO write_comments (comment, post_id) VALUES ('Comment 36 for post 99', 36);
INSERT INTO read_comments (comment, post_id) VALUES ('Comment 36 for post 99', 36);
INSERT INTO write_comments (comment, post_id) VALUES ('Comment 37 for post 99', 37);
INSERT INTO read_comments (comment, post_id) VALUES ('Comment 37 for post 99', 37);
INSERT INTO write_comments (comment, post_id) VALUES ('Comment 38 for post 99', 38);
INSERT INTO read_comments (comment, post_id) VALUES ('Comment 38 for post 99', 38);
INSERT INTO write_comments (comment, post_id) VALUES ('Comment 39 for post 99', 39);
INSERT INTO read_comments (comment, post_id) VALUES ('Comment 39 for post 99', 39);
INSERT INTO write_comments (comment, post_id) VALUES ('Comment 40 for post 99', 40);
INSERT INTO read_comments (comment, post_id) VALUES ('Comment 40 for post 99', 40);
INSERT INTO write_comments (comment, post_id) VALUES ('Comment 41 for post 99', 41);
INSERT INTO read_comments (comment, post_id) VALUES ('Comment 41 for post 99', 41);
INSERT INTO write_comments (comment, post_id) VALUES ('Comment 42 for post 99', 42);
INSERT INTO read_comments (comment, post_id) VALUES ('Comment 42 for post 99', 42);
INSERT INTO write_comments (comment, post_id) VALUES ('Comment 43 for post 99', 43);
INSERT INTO read_comments (comment, post_id) VALUES ('Comment 43 for post 99', 43);
INSERT INTO write_comments (comment, post_id) VALUES ('Comment 44 for post 99', 44);
INSERT INTO read_comments (comment, post_id) VALUES ('Comment 44 for post 99', 44);
INSERT INTO write_comments (comment, post_id) VALUES ('Comment 45 for post 99', 45);
INSERT INTO read_comments (comment, post_id) VALUES ('Comment 45 for post 99', 45);
INSERT INTO write_comments (comment, post_id) VALUES ('Comment 46 for post 99', 46);
INSERT INTO read_comments (comment, post_id) VALUES ('Comment 46 for post 99', 46);
INSERT INTO write_comments (comment, post_id) VALUES ('Comment 47 for post 99', 47);
INSERT INTO read_comments (comment, post_id) VALUES ('Comment 47 for post 99', 47);
INSERT INTO write_comments (comment, post_id) VALUES ('Comment 48 for post 99', 48);
INSERT INTO read_comments (comment, post_id) VALUES ('Comment 48 for post 99', 48);
INSERT INTO write_comments (comment, post_id) VALUES ('Comment 49 for post 99', 49);
INSERT INTO read_comments (comment, post_id) VALUES ('Comment 49 for post 99', 49);
INSERT INTO write_comments (comment, post_id) VALUES ('Comment 50 for post 99', 50);
INSERT INTO read_comments (comment, post_id) VALUES ('Comment 50 for post 99', 50);
INSERT INTO write_comments (comment, post_id) VALUES ('Comment 51 for post 99', 51);
INSERT INTO read_comments (comment, post_id) VALUES ('Comment 51 for post 99', 51);
INSERT INTO write_comments (comment, post_id) VALUES ('Comment 52 for post 99', 52);
INSERT INTO read_comments (comment, post_id) VALUES ('Comment 52 for post 99', 52);
INSERT INTO write_comments (comment, post_id) VALUES ('Comment 53 for post 99', 53);
INSERT INTO read_comments (comment, post_id) VALUES ('Comment 53 for post 99', 53);
INSERT INTO write_comments (comment, post_id) VALUES ('Comment 54 for post 99', 54);
INSERT INTO read_comments (comment, post_id) VALUES ('Comment 54 for post 99', 54);
INSERT INTO write_comments (comment, post_id) VALUES ('Comment 55 for post 99', 55);
INSERT INTO read_comments (comment, post_id) VALUES ('Comment 55 for post 99', 55);
INSERT INTO write_comments (comment, post_id) VALUES ('Comment 56 for post 99', 56);
INSERT INTO read_comments (comment, post_id) VALUES ('Comment 56 for post 99', 56);
INSERT INTO write_comments (comment, post_id) VALUES ('Comment 57 for post 99', 57);
INSERT INTO read_comments (comment, post_id) VALUES ('Comment 57 for post 99', 57);
INSERT INTO write_comments (comment, post_id) VALUES ('Comment 58 for post 99', 58);
INSERT INTO read_comments (comment, post_id) VALUES ('Comment 58 for post 99', 58);
INSERT INTO write_comments (comment, post_id) VALUES ('Comment 59 for post 99', 59);
INSERT INTO read_comments (comment, post_id) VALUES ('Comment 59 for post 99', 59);
INSERT INTO write_comments (comment, post_id) VALUES ('Comment 60 for post 99', 60);
INSERT INTO read_comments (comment, post_id) VALUES ('Comment 60 for post 99', 60);
INSERT INTO write_comments (comment, post_id) VALUES ('Comment 61 for post 99', 61);
INSERT INTO read_comments (comment, post_id) VALUES ('Comment 61 for post 99', 61);
INSERT INTO write_comments (comment, post_id) VALUES ('Comment 62 for post 99', 62);
INSERT INTO read_comments (comment, post_id) VALUES ('Comment 62 for post 99', 62);
INSERT INTO write_comments (comment, post_id) VALUES ('Comment 63 for post 99', 63);
INSERT INTO read_comments (comment, post_id) VALUES ('Comment 63 for post 99', 63);
INSERT INTO write_comments (comment, post_id) VALUES ('Comment 64 for post 99', 64);
INSERT INTO read_comments (comment, post_id) VALUES ('Comment 64 for post 99', 64);
INSERT INTO write_comments (comment, post_id) VALUES ('Comment 65 for post 99', 65);
INSERT INTO read_comments (comment, post_id) VALUES ('Comment 65 for post 99', 65);
INSERT INTO write_comments (comment, post_id) VALUES ('Comment 66 for post 99', 66);
INSERT INTO read_comments (comment, post_id) VALUES ('Comment 66 for post 99', 66);
INSERT INTO write_comments (comment, post_id) VALUES ('Comment 67 for post 99', 67);
INSERT INTO read_comments (comment, post_id) VALUES ('Comment 67 for post 99', 67);
INSERT INTO write_comments (comment, post_id) VALUES ('Comment 68 for post 99', 68);
INSERT INTO read_comments (comment, post_id) VALUES ('Comment 68 for post 99', 68);
INSERT INTO write_comments (comment, post_id) VALUES ('Comment 69 for post 99', 69);
INSERT INTO read_comments (comment, post_id) VALUES ('Comment 69 for post 99', 69);
INSERT INTO write_comments (comment, post_id) VALUES ('Comment 70 for post 99', 70);
INSERT INTO read_comments (comment, post_id) VALUES ('Comment 70 for post 99', 70);
INSERT INTO write_comments (comment, post_id) VALUES ('Comment 71 for post 99', 71);
INSERT INTO read_comments (comment, post_id) VALUES ('Comment 71 for post 99', 71);
INSERT INTO write_comments (comment, post_id) VALUES ('Comment 72 for post 99', 72);
INSERT INTO read_comments (comment, post_id) VALUES ('Comment 72 for post 99', 72);
INSERT INTO write_comments (comment, post_id) VALUES ('Comment 73 for post 99', 73);
INSERT INTO read_comments (comment, post_id) VALUES ('Comment 73 for post 99', 73);
INSERT INTO write_comments (comment, post_id) VALUES ('Comment 74 for post 99', 74);
INSERT INTO read_comments (comment, post_id) VALUES ('Comment 74 for post 99', 74);
INSERT INTO write_comments (comment, post_id) VALUES ('Comment 75 for post 99', 75);
INSERT INTO read_comments (comment, post_id) VALUES ('Comment 75 for post 99', 75);
INSERT INTO write_comments (comment, post_id) VALUES ('Comment 76 for post 99', 76);
INSERT INTO read_comments (comment, post_id) VALUES ('Comment 76 for post 99', 76);
INSERT INTO write_comments (comment, post_id) VALUES ('Comment 77 for post 99', 77);
INSERT INTO read_comments (comment, post_id) VALUES ('Comment 77 for post 99', 77);
INSERT INTO write_comments (comment, post_id) VALUES ('Comment 78 for post 99', 78);
INSERT INTO read_comments (comment, post_id) VALUES ('Comment 78 for post 99', 78);
INSERT INTO write_comments (comment, post_id) VALUES ('Comment 79 for post 99', 79);
INSERT INTO read_comments (comment, post_id) VALUES ('Comment 79 for post 99', 79);
INSERT INTO write_comments (comment, post_id) VALUES ('Comment 80 for post 99', 80);
INSERT INTO read_comments (comment, post_id) VALUES ('Comment 80 for post 99', 80);
INSERT INTO write_comments (comment, post_id) VALUES ('Comment 81 for post 99', 81);
INSERT INTO read_comments (comment, post_id) VALUES ('Comment 81 for post 99', 81);
INSERT INTO write_comments (comment, post_id) VALUES ('Comment 82 for post 99', 82);
INSERT INTO read_comments (comment, post_id) VALUES ('Comment 82 for post 99', 82);
INSERT INTO write_comments (comment, post_id) VALUES ('Comment 83 for post 99', 83);
INSERT INTO read_comments (comment, post_id) VALUES ('Comment 83 for post 99', 83);
INSERT INTO write_comments (comment, post_id) VALUES ('Comment 84 for post 99', 84);
INSERT INTO read_comments (comment, post_id) VALUES ('Comment 84 for post 99', 84);
INSERT INTO write_comments (comment, post_id) VALUES ('Comment 85 for post 99', 85);
INSERT INTO read_comments (comment, post_id) VALUES ('Comment 85 for post 99', 85);
INSERT INTO write_comments (comment, post_id) VALUES ('Comment 86 for post 99', 86);
INSERT INTO read_comments (comment, post_id) VALUES ('Comment 86 for post 99', 86);
INSERT INTO write_comments (comment, post_id) VALUES ('Comment 87 for post 99', 87);
INSERT INTO read_comments (comment, post_id) VALUES ('Comment 87 for post 99', 87);
INSERT INTO write_comments (comment, post_id) VALUES ('Comment 88 for post 99', 88);
INSERT INTO read_comments (comment, post_id) VALUES ('Comment 88 for post 99', 88);
INSERT INTO write_comments (comment, post_id) VALUES ('Comment 89 for post 99', 89);
INSERT INTO read_comments (comment, post_id) VALUES ('Comment 89 for post 99', 89);
INSERT INTO write_comments (comment, post_id) VALUES ('Comment 90 for post 99', 90);
INSERT INTO read_comments (comment, post_id) VALUES ('Comment 90 for post 99', 90);
INSERT INTO write_comments (comment, post_id) VALUES ('Comment 91 for post 99', 91);
INSERT INTO read_comments (comment, post_id) VALUES ('Comment 91 for post 99', 91);
INSERT INTO write_comments (comment, post_id) VALUES ('Comment 92 for post 99', 92);
INSERT INTO read_comments (comment, post_id) VALUES ('Comment 92 for post 99', 92);
INSERT INTO write_comments (comment, post_id) VALUES ('Comment 93 for post 99', 93);
INSERT INTO read_comments (comment, post_id) VALUES ('Comment 93 for post 99', 93);
INSERT INTO write_comments (comment, post_id) VALUES ('Comment 94 for post 99', 94);
INSERT INTO read_comments (comment, post_id) VALUES ('Comment 94 for post 99', 94);
INSERT INTO write_comments (comment, post_id) VALUES ('Comment 95 for post 99', 95);
INSERT INTO read_comments (comment, post_id) VALUES ('Comment 95 for post 99', 95);
INSERT INTO write_comments (comment, post_id) VALUES ('Comment 96 for post 99', 96);
INSERT INTO read_comments (comment, post_id) VALUES ('Comment 96 for post 99', 96);
INSERT INTO write_comments (comment, post_id) VALUES ('Comment 97 for post 99', 97);
INSERT INTO read_comments (comment, post_id) VALUES ('Comment 97 for post 99', 97);
INSERT INTO write_comments (comment, post_id) VALUES ('Comment 98 for post 99', 98);
INSERT INTO read_comments (comment, post_id) VALUES ('Comment 98 for post 99', 98);
INSERT INTO write_comments (comment, post_id) VALUES ('Comment 99 for post 99', 99);
INSERT INTO read_comments (comment, post_id) VALUES ('Comment 99 for post 99', 99);
INSERT INTO write_comments (comment, post_id) VALUES ('Comment 100 for post 99', 100);
INSERT INTO read_comments (comment, post_id) VALUES ('Comment 100 for post 99', 100);
INSERT INTO write_comments (comment, post_id) VALUES ('Comment 1 for post 100', 1);
INSERT INTO read_comments (comment, post_id) VALUES ('Comment 1 for post 100', 1);
INSERT INTO write_comments (comment, post_id) VALUES ('Comment 2 for post 100', 2);
INSERT INTO read_comments (comment, post_id) VALUES ('Comment 2 for post 100', 2);
INSERT INTO write_comments (comment, post_id) VALUES ('Comment 3 for post 100', 3);
INSERT INTO read_comments (comment, post_id) VALUES ('Comment 3 for post 100', 3);
INSERT INTO write_comments (comment, post_id) VALUES ('Comment 4 for post 100', 4);
INSERT INTO read_comments (comment, post_id) VALUES ('Comment 4 for post 100', 4);
INSERT INTO write_comments (comment, post_id) VALUES ('Comment 5 for post 100', 5);
INSERT INTO read_comments (comment, post_id) VALUES ('Comment 5 for post 100', 5);
INSERT INTO write_comments (comment, post_id) VALUES ('Comment 6 for post 100', 6);
INSERT INTO read_comments (comment, post_id) VALUES ('Comment 6 for post 100', 6);
INSERT INTO write_comments (comment, post_id) VALUES ('Comment 7 for post 100', 7);
INSERT INTO read_comments (comment, post_id) VALUES ('Comment 7 for post 100', 7);
INSERT INTO write_comments (comment, post_id) VALUES ('Comment 8 for post 100', 8);
INSERT INTO read_comments (comment, post_id) VALUES ('Comment 8 for post 100', 8);
INSERT INTO write_comments (comment, post_id) VALUES ('Comment 9 for post 100', 9);
INSERT INTO read_comments (comment, post_id) VALUES ('Comment 9 for post 100', 9);
INSERT INTO write_comments (comment, post_id) VALUES ('Comment 10 for post 100', 10);
INSERT INTO read_comments (comment, post_id) VALUES ('Comment 10 for post 100', 10);
INSERT INTO write_comments (comment, post_id) VALUES ('Comment 11 for post 100', 11);
INSERT INTO read_comments (comment, post_id) VALUES ('Comment 11 for post 100', 11);
INSERT INTO write_comments (comment, post_id) VALUES ('Comment 12 for post 100', 12);
INSERT INTO read_comments (comment, post_id) VALUES ('Comment 12 for post 100', 12);
INSERT INTO write_comments (comment, post_id) VALUES ('Comment 13 for post 100', 13);
INSERT INTO read_comments (comment, post_id) VALUES ('Comment 13 for post 100', 13);
INSERT INTO write_comments (comment, post_id) VALUES ('Comment 14 for post 100', 14);
INSERT INTO read_comments (comment, post_id) VALUES ('Comment 14 for post 100', 14);
INSERT INTO write_comments (comment, post_id) VALUES ('Comment 15 for post 100', 15);
INSERT INTO read_comments (comment, post_id) VALUES ('Comment 15 for post 100', 15);
INSERT INTO write_comments (comment, post_id) VALUES ('Comment 16 for post 100', 16);
INSERT INTO read_comments (comment, post_id) VALUES ('Comment 16 for post 100', 16);
INSERT INTO write_comments (comment, post_id) VALUES ('Comment 17 for post 100', 17);
INSERT INTO read_comments (comment, post_id) VALUES ('Comment 17 for post 100', 17);
INSERT INTO write_comments (comment, post_id) VALUES ('Comment 18 for post 100', 18);
INSERT INTO read_comments (comment, post_id) VALUES ('Comment 18 for post 100', 18);
INSERT INTO write_comments (comment, post_id) VALUES ('Comment 19 for post 100', 19);
INSERT INTO read_comments (comment, post_id) VALUES ('Comment 19 for post 100', 19);
INSERT INTO write_comments (comment, post_id) VALUES ('Comment 20 for post 100', 20);
INSERT INTO read_comments (comment, post_id) VALUES ('Comment 20 for post 100', 20);
INSERT INTO write_comments (comment, post_id) VALUES ('Comment 21 for post 100', 21);
INSERT INTO read_comments (comment, post_id) VALUES ('Comment 21 for post 100', 21);
INSERT INTO write_comments (comment, post_id) VALUES ('Comment 22 for post 100', 22);
INSERT INTO read_comments (comment, post_id) VALUES ('Comment 22 for post 100', 22);
INSERT INTO write_comments (comment, post_id) VALUES ('Comment 23 for post 100', 23);
INSERT INTO read_comments (comment, post_id) VALUES ('Comment 23 for post 100', 23);
INSERT INTO write_comments (comment, post_id) VALUES ('Comment 24 for post 100', 24);
INSERT INTO read_comments (comment, post_id) VALUES ('Comment 24 for post 100', 24);
INSERT INTO write_comments (comment, post_id) VALUES ('Comment 25 for post 100', 25);
INSERT INTO read_comments (comment, post_id) VALUES ('Comment 25 for post 100', 25);
INSERT INTO write_comments (comment, post_id) VALUES ('Comment 26 for post 100', 26);
INSERT INTO read_comments (comment, post_id) VALUES ('Comment 26 for post 100', 26);
INSERT INTO write_comments (comment, post_id) VALUES ('Comment 27 for post 100', 27);
INSERT INTO read_comments (comment, post_id) VALUES ('Comment 27 for post 100', 27);
INSERT INTO write_comments (comment, post_id) VALUES ('Comment 28 for post 100', 28);
INSERT INTO read_comments (comment, post_id) VALUES ('Comment 28 for post 100', 28);
INSERT INTO write_comments (comment, post_id) VALUES ('Comment 29 for post 100', 29);
INSERT INTO read_comments (comment, post_id) VALUES ('Comment 29 for post 100', 29);
INSERT INTO write_comments (comment, post_id) VALUES ('Comment 30 for post 100', 30);
INSERT INTO read_comments (comment, post_id) VALUES ('Comment 30 for post 100', 30);
INSERT INTO write_comments (comment, post_id) VALUES ('Comment 31 for post 100', 31);
INSERT INTO read_comments (comment, post_id) VALUES ('Comment 31 for post 100', 31);
INSERT INTO write_comments (comment, post_id) VALUES ('Comment 32 for post 100', 32);
INSERT INTO read_comments (comment, post_id) VALUES ('Comment 32 for post 100', 32);
INSERT INTO write_comments (comment, post_id) VALUES ('Comment 33 for post 100', 33);
INSERT INTO read_comments (comment, post_id) VALUES ('Comment 33 for post 100', 33);
INSERT INTO write_comments (comment, post_id) VALUES ('Comment 34 for post 100', 34);
INSERT INTO read_comments (comment, post_id) VALUES ('Comment 34 for post 100', 34);
INSERT INTO write_comments (comment, post_id) VALUES ('Comment 35 for post 100', 35);
INSERT INTO read_comments (comment, post_id) VALUES ('Comment 35 for post 100', 35);
INSERT INTO write_comments (comment, post_id) VALUES ('Comment 36 for post 100', 36);
INSERT INTO read_comments (comment, post_id) VALUES ('Comment 36 for post 100', 36);
INSERT INTO write_comments (comment, post_id) VALUES ('Comment 37 for post 100', 37);
INSERT INTO read_comments (comment, post_id) VALUES ('Comment 37 for post 100', 37);
INSERT INTO write_comments (comment, post_id) VALUES ('Comment 38 for post 100', 38);
INSERT INTO read_comments (comment, post_id) VALUES ('Comment 38 for post 100', 38);
INSERT INTO write_comments (comment, post_id) VALUES ('Comment 39 for post 100', 39);
INSERT INTO read_comments (comment, post_id) VALUES ('Comment 39 for post 100', 39);
INSERT INTO write_comments (comment, post_id) VALUES ('Comment 40 for post 100', 40);
INSERT INTO read_comments (comment, post_id) VALUES ('Comment 40 for post 100', 40);
INSERT INTO write_comments (comment, post_id) VALUES ('Comment 41 for post 100', 41);
INSERT INTO read_comments (comment, post_id) VALUES ('Comment 41 for post 100', 41);
INSERT INTO write_comments (comment, post_id) VALUES ('Comment 42 for post 100', 42);
INSERT INTO read_comments (comment, post_id) VALUES ('Comment 42 for post 100', 42);
INSERT INTO write_comments (comment, post_id) VALUES ('Comment 43 for post 100', 43);
INSERT INTO read_comments (comment, post_id) VALUES ('Comment 43 for post 100', 43);
INSERT INTO write_comments (comment, post_id) VALUES ('Comment 44 for post 100', 44);
INSERT INTO read_comments (comment, post_id) VALUES ('Comment 44 for post 100', 44);
INSERT INTO write_comments (comment, post_id) VALUES ('Comment 45 for post 100', 45);
INSERT INTO read_comments (comment, post_id) VALUES ('Comment 45 for post 100', 45);
INSERT INTO write_comments (comment, post_id) VALUES ('Comment 46 for post 100', 46);
INSERT INTO read_comments (comment, post_id) VALUES ('Comment 46 for post 100', 46);
INSERT INTO write_comments (comment, post_id) VALUES ('Comment 47 for post 100', 47);
INSERT INTO read_comments (comment, post_id) VALUES ('Comment 47 for post 100', 47);
INSERT INTO write_comments (comment, post_id) VALUES ('Comment 48 for post 100', 48);
INSERT INTO read_comments (comment, post_id) VALUES ('Comment 48 for post 100', 48);
INSERT INTO write_comments (comment, post_id) VALUES ('Comment 49 for post 100', 49);
INSERT INTO read_comments (comment, post_id) VALUES ('Comment 49 for post 100', 49);
INSERT INTO write_comments (comment, post_id) VALUES ('Comment 50 for post 100', 50);
INSERT INTO read_comments (comment, post_id) VALUES ('Comment 50 for post 100', 50);
INSERT INTO write_comments (comment, post_id) VALUES ('Comment 51 for post 100', 51);
INSERT INTO read_comments (comment, post_id) VALUES ('Comment 51 for post 100', 51);
INSERT INTO write_comments (comment, post_id) VALUES ('Comment 52 for post 100', 52);
INSERT INTO read_comments (comment, post_id) VALUES ('Comment 52 for post 100', 52);
INSERT INTO write_comments (comment, post_id) VALUES ('Comment 53 for post 100', 53);
INSERT INTO read_comments (comment, post_id) VALUES ('Comment 53 for post 100', 53);
INSERT INTO write_comments (comment, post_id) VALUES ('Comment 54 for post 100', 54);
INSERT INTO read_comments (comment, post_id) VALUES ('Comment 54 for post 100', 54);
INSERT INTO write_comments (comment, post_id) VALUES ('Comment 55 for post 100', 55);
INSERT INTO read_comments (comment, post_id) VALUES ('Comment 55 for post 100', 55);
INSERT INTO write_comments (comment, post_id) VALUES ('Comment 56 for post 100', 56);
INSERT INTO read_comments (comment, post_id) VALUES ('Comment 56 for post 100', 56);
INSERT INTO write_comments (comment, post_id) VALUES ('Comment 57 for post 100', 57);
INSERT INTO read_comments (comment, post_id) VALUES ('Comment 57 for post 100', 57);
INSERT INTO write_comments (comment, post_id) VALUES ('Comment 58 for post 100', 58);
INSERT INTO read_comments (comment, post_id) VALUES ('Comment 58 for post 100', 58);
INSERT INTO write_comments (comment, post_id) VALUES ('Comment 59 for post 100', 59);
INSERT INTO read_comments (comment, post_id) VALUES ('Comment 59 for post 100', 59);
INSERT INTO write_comments (comment, post_id) VALUES ('Comment 60 for post 100', 60);
INSERT INTO read_comments (comment, post_id) VALUES ('Comment 60 for post 100', 60);
INSERT INTO write_comments (comment, post_id) VALUES ('Comment 61 for post 100', 61);
INSERT INTO read_comments (comment, post_id) VALUES ('Comment 61 for post 100', 61);
INSERT INTO write_comments (comment, post_id) VALUES ('Comment 62 for post 100', 62);
INSERT INTO read_comments (comment, post_id) VALUES ('Comment 62 for post 100', 62);
INSERT INTO write_comments (comment, post_id) VALUES ('Comment 63 for post 100', 63);
INSERT INTO read_comments (comment, post_id) VALUES ('Comment 63 for post 100', 63);
INSERT INTO write_comments (comment, post_id) VALUES ('Comment 64 for post 100', 64);
INSERT INTO read_comments (comment, post_id) VALUES ('Comment 64 for post 100', 64);
INSERT INTO write_comments (comment, post_id) VALUES ('Comment 65 for post 100', 65);
INSERT INTO read_comments (comment, post_id) VALUES ('Comment 65 for post 100', 65);
INSERT INTO write_comments (comment, post_id) VALUES ('Comment 66 for post 100', 66);
INSERT INTO read_comments (comment, post_id) VALUES ('Comment 66 for post 100', 66);
INSERT INTO write_comments (comment, post_id) VALUES ('Comment 67 for post 100', 67);
INSERT INTO read_comments (comment, post_id) VALUES ('Comment 67 for post 100', 67);
INSERT INTO write_comments (comment, post_id) VALUES ('Comment 68 for post 100', 68);
INSERT INTO read_comments (comment, post_id) VALUES ('Comment 68 for post 100', 68);
INSERT INTO write_comments (comment, post_id) VALUES ('Comment 69 for post 100', 69);
INSERT INTO read_comments (comment, post_id) VALUES ('Comment 69 for post 100', 69);
INSERT INTO write_comments (comment, post_id) VALUES ('Comment 70 for post 100', 70);
INSERT INTO read_comments (comment, post_id) VALUES ('Comment 70 for post 100', 70);
INSERT INTO write_comments (comment, post_id) VALUES ('Comment 71 for post 100', 71);
INSERT INTO read_comments (comment, post_id) VALUES ('Comment 71 for post 100', 71);
INSERT INTO write_comments (comment, post_id) VALUES ('Comment 72 for post 100', 72);
INSERT INTO read_comments (comment, post_id) VALUES ('Comment 72 for post 100', 72);
INSERT INTO write_comments (comment, post_id) VALUES ('Comment 73 for post 100', 73);
INSERT INTO read_comments (comment, post_id) VALUES ('Comment 73 for post 100', 73);
INSERT INTO write_comments (comment, post_id) VALUES ('Comment 74 for post 100', 74);
INSERT INTO read_comments (comment, post_id) VALUES ('Comment 74 for post 100', 74);
INSERT INTO write_comments (comment, post_id) VALUES ('Comment 75 for post 100', 75);
INSERT INTO read_comments (comment, post_id) VALUES ('Comment 75 for post 100', 75);
INSERT INTO write_comments (comment, post_id) VALUES ('Comment 76 for post 100', 76);
INSERT INTO read_comments (comment, post_id) VALUES ('Comment 76 for post 100', 76);
INSERT INTO write_comments (comment, post_id) VALUES ('Comment 77 for post 100', 77);
INSERT INTO read_comments (comment, post_id) VALUES ('Comment 77 for post 100', 77);
INSERT INTO write_comments (comment, post_id) VALUES ('Comment 78 for post 100', 78);
INSERT INTO read_comments (comment, post_id) VALUES ('Comment 78 for post 100', 78);
INSERT INTO write_comments (comment, post_id) VALUES ('Comment 79 for post 100', 79);
INSERT INTO read_comments (comment, post_id) VALUES ('Comment 79 for post 100', 79);
INSERT INTO write_comments (comment, post_id) VALUES ('Comment 80 for post 100', 80);
INSERT INTO read_comments (comment, post_id) VALUES ('Comment 80 for post 100', 80);
INSERT INTO write_comments (comment, post_id) VALUES ('Comment 81 for post 100', 81);
INSERT INTO read_comments (comment, post_id) VALUES ('Comment 81 for post 100', 81);
INSERT INTO write_comments (comment, post_id) VALUES ('Comment 82 for post 100', 82);
INSERT INTO read_comments (comment, post_id) VALUES ('Comment 82 for post 100', 82);
INSERT INTO write_comments (comment, post_id) VALUES ('Comment 83 for post 100', 83);
INSERT INTO read_comments (comment, post_id) VALUES ('Comment 83 for post 100', 83);
INSERT INTO write_comments (comment, post_id) VALUES ('Comment 84 for post 100', 84);
INSERT INTO read_comments (comment, post_id) VALUES ('Comment 84 for post 100', 84);
INSERT INTO write_comments (comment, post_id) VALUES ('Comment 85 for post 100', 85);
INSERT INTO read_comments (comment, post_id) VALUES ('Comment 85 for post 100', 85);
INSERT INTO write_comments (comment, post_id) VALUES ('Comment 86 for post 100', 86);
INSERT INTO read_comments (comment, post_id) VALUES ('Comment 86 for post 100', 86);
INSERT INTO write_comments (comment, post_id) VALUES ('Comment 87 for post 100', 87);
INSERT INTO read_comments (comment, post_id) VALUES ('Comment 87 for post 100', 87);
INSERT INTO write_comments (comment, post_id) VALUES ('Comment 88 for post 100', 88);
INSERT INTO read_comments (comment, post_id) VALUES ('Comment 88 for post 100', 88);
INSERT INTO write_comments (comment, post_id) VALUES ('Comment 89 for post 100', 89);
INSERT INTO read_comments (comment, post_id) VALUES ('Comment 89 for post 100', 89);
INSERT INTO write_comments (comment, post_id) VALUES ('Comment 90 for post 100', 90);
INSERT INTO read_comments (comment, post_id) VALUES ('Comment 90 for post 100', 90);
INSERT INTO write_comments (comment, post_id) VALUES ('Comment 91 for post 100', 91);
INSERT INTO read_comments (comment, post_id) VALUES ('Comment 91 for post 100', 91);
INSERT INTO write_comments (comment, post_id) VALUES ('Comment 92 for post 100', 92);
INSERT INTO read_comments (comment, post_id) VALUES ('Comment 92 for post 100', 92);
INSERT INTO write_comments (comment, post_id) VALUES ('Comment 93 for post 100', 93);
INSERT INTO read_comments (comment, post_id) VALUES ('Comment 93 for post 100', 93);
INSERT INTO write_comments (comment, post_id) VALUES ('Comment 94 for post 100', 94);
INSERT INTO read_comments (comment, post_id) VALUES ('Comment 94 for post 100', 94);
INSERT INTO write_comments (comment, post_id) VALUES ('Comment 95 for post 100', 95);
INSERT INTO read_comments (comment, post_id) VALUES ('Comment 95 for post 100', 95);
INSERT INTO write_comments (comment, post_id) VALUES ('Comment 96 for post 100', 96);
INSERT INTO read_comments (comment, post_id) VALUES ('Comment 96 for post 100', 96);
INSERT INTO write_comments (comment, post_id) VALUES ('Comment 97 for post 100', 97);
INSERT INTO read_comments (comment, post_id) VALUES ('Comment 97 for post 100', 97);
INSERT INTO write_comments (comment, post_id) VALUES ('Comment 98 for post 100', 98);
INSERT INTO read_comments (comment, post_id) VALUES ('Comment 98 for post 100', 98);
INSERT INTO write_comments (comment, post_id) VALUES ('Comment 99 for post 100', 99);
INSERT INTO read_comments (comment, post_id) VALUES ('Comment 99 for post 100', 99);
INSERT INTO write_comments (comment, post_id) VALUES ('Comment 100 for post 100', 100);
INSERT INTO read_comments (comment, post_id) VALUES ('Comment 100 for post 100', 100);
